left_ear,right_ear,l_pupil_dist,l_pupil_dx,l_pupil_dy,r_pupil_dist,r_pupil_dx,r_pupil_dy,pitch,yaw,roll,label
0.3343714077830552,0.29318202084541606,0.08482283330495416,-0.01808751032077212,-0.08287191937125628,0.23475593914956042,0.208498151929238,-0.10788360212786981,0.0,0.0,0.0,1
0.3044268623326784,0.2847408107734493,0.07305778407503687,-0.043848268639870076,-0.05843602614176033,0.26162452279904747,0.23095178785669163,-0.12291729990374431,0.0,0.0,0.0,1
0.29272420653156356,0.3271761250629925,0.12324366070624834,-0.10074210471435685,-0.07099315630395947,0.20118058932470032,0.17807741976284064,-0.09360588705654566,0.0,0.0,0.0,1
0.3044742984500727,0.3080164702477638,0.15374020771703992,-0.13730040583009495,-0.06917116471312164,0.1857401128805345,0.16036753321692965,-0.09371042536874254,0.0,0.0,0.0,1
0.1032694732275793,0.12930906851695226,0.04238161891198668,0.039702937285191454,-0.014828297020528734,0.334382593027662,0.3304875020628725,-0.050889384945643615,0.0,0.0,0.0,1
0.27153741319934666,0.29348629641830953,0.04993590087375275,-0.005632692051624529,-0.04961720443883176,0.26437617596155155,0.24240220446136307,-0.10552693347352034,0.0,0.0,0.0,1
0.2890700589473322,0.3107932959989961,0.10178321088535887,-0.08067434881835307,-0.06206022446678813,0.18840943820024111,0.15981439644039777,-0.09978714893873786,0.0,0.0,0.0,1
0.2916562482620043,0.3009345576768509,0.14893048759082878,-0.13404660139965213,-0.06489837276268781,0.24227269371479984,0.21773792365872843,-0.10623678609884123,0.0,0.0,0.0,1
0.3062091782020293,0.30057101473164766,0.1347336590387535,-0.11799434735201186,-0.06504223912922932,0.23144426365330711,0.20807047249286548,-0.1013564287779382,0.0,0.0,0.0,1
0.3004237756917326,0.3034620851526262,0.16170022943708642,-0.15026052952637248,-0.059738910824190125,0.2038952282434544,0.16982905313017332,-0.11283331428864052,0.0,0.0,0.0,1
0.3000293215709852,0.3064399363338749,0.18092552435583592,-0.16886630543485534,-0.06494779636151116,0.21586574040750534,0.18889334536560595,-0.10448598929172469,0.0,0.0,0.0,1
0.30858395984778186,0.29631210880038317,0.16168535235225664,-0.144418569696556,-0.07270096211243961,0.216377038052366,0.19423711372062558,-0.0953465586678188,0.0,0.0,0.0,1
0.301531700875544,0.326315688417271,0.18536974292655514,-0.17306917088916016,-0.06640032891782854,0.2038775884347788,0.17021053343788906,-0.11222497659955333,0.0,0.0,0.0,1
0.3035096577606187,0.31445845388096116,0.18485354254599268,-0.17221241134881013,-0.06718420624842825,0.19416697622200663,0.16270296817222887,-0.10596489420154186,0.0,0.0,0.0,1
0.29637636059035927,0.31033729574982943,0.1530282411373125,-0.1357509731678176,-0.07063508950634897,0.23003461821637095,0.2056463432889241,-0.1030801002611344,0.0,0.0,0.0,1
0.30802952153243895,0.30527275531554837,0.09796766081429373,-0.05358034962642137,-0.08201712442737157,0.2733735395526277,0.251159440283205,-0.10794455838141753,0.0,0.0,0.0,1
0.2854739931238987,0.3037650786482192,0.07298269177447127,0.024360832686698936,-0.06879697035086746,0.30655419572215076,0.28555237681812373,-0.11151374358515197,0.0,0.0,0.0,1
0.2896992974579387,0.30234679200094955,0.08183099435247916,0.050292138343602695,-0.06455240086583461,0.2973971532330334,0.27472447564518276,-0.11389262150197306,0.0,0.0,0.0,1
0.28811906638268536,0.30415049394459875,0.08492800547921452,0.06048322979611082,-0.05962000526759741,0.3286099859768001,0.3124827007938197,-0.10168128927326264,0.0,0.0,0.0,1
0.2950057193283899,0.308628581433921,0.07204617479140521,0.0388007835558697,-0.06070544042772659,0.3114638671808926,0.2948057113842071,-0.10049543817770167,0.0,0.0,0.0,1
0.30106193124236424,0.3131317738574132,0.07948293242916325,0.04328045787908769,-0.0666658721784651,0.3218795551059367,0.30191704436867745,-0.1115909777485517,0.0,0.0,0.0,1
0.28207959071852584,0.32495746764033584,0.06326058657560134,0.035641330879118326,-0.05226468546786021,0.3210579609299766,0.3060378293547881,-0.0970518484127118,0.0,0.0,0.0,1
0.2753921160813902,0.2735239607303149,0.21187773684031588,-0.20504325765823306,-0.05338012605336936,0.14417444035521132,0.1208952876651756,-0.07855315825664061,0.0,0.0,0.0,1
0.0576489755970662,0.016502022318221825,0.11889653681351973,-0.11861939162228914,0.008113346868380125,0.2213274240745592,0.2211047177772851,-0.00992634998913891,0.0,0.0,0.0,0
0.05555440387087755,0.027209224230745406,0.11766127913636155,-0.11649768935983375,-0.016506513315187852,0.20969046579258407,0.20903449529351936,-0.0165732079482068,0.0,0.0,0.0,0
0.04266525044225752,0.02079376356334251,0.10121255669086493,-0.10117398551786748,-0.002793973216029756,0.2051157773229421,0.20227490324726863,-0.03401978281974884,0.0,0.0,0.0,0
0.04333882587526355,0.03349055967562841,0.11935561353226314,-0.11738491803809213,-0.021599618025635325,0.1576606297324355,0.1569377862761529,-0.015079967054628655,0.0,0.0,0.0,0
0.035454940869962565,0.025079313409783283,0.1161078832020123,-0.115606632110597,-0.010777158888000677,0.20071937656474365,0.20056705111547388,-0.007818320496261405,0.0,0.0,0.0,0
0.05968064581811414,0.03658558728491225,0.12999607895683435,-0.1289734562340326,-0.016273540831656275,0.12343352706769749,0.12190125022609373,-0.01938867704840357,0.0,0.0,0.0,0
0.03412038455686431,0.026666679105412983,0.11645016252270392,-0.11490110943166912,-0.018930805659975312,0.21377146843217312,0.21061795879658335,-0.036583003540008915,0.0,0.0,0.0,0
0.04944187034621753,0.03446770712277393,0.12635881555047576,-0.12429489195854534,-0.022744891741503067,0.17515824797266918,0.1706106611287421,-0.039653677535237436,0.0,0.0,0.0,0
0.019954556538477126,0.044723240418486625,0.12718176144359214,-0.12665920480494197,-0.011517216767715192,0.17305715324058993,0.16817944287640757,-0.04079771171914168,0.0,0.0,0.0,0
0.010680484478131648,0.03059678120221865,0.14867352848739374,-0.14862744110520726,-0.003701597413283079,0.0863727500125386,0.08448692452521957,-0.01795025150237004,0.0,0.0,0.0,0
0.2451054900372901,0.25175943580385557,0.31179275547384483,-0.3095539215912284,-0.03729734566245151,0.055766700346305306,0.0014865015374026641,-0.05574688494161722,0.0,0.0,0.0,0
0.2618349681548093,0.26662374828452734,0.3976162469630538,-0.3955942186552505,-0.04004864561412873,0.08143411125878745,-0.06279492845943042,-0.05184892897913697,0.0,0.0,0.0,0
0.24523836930437498,0.27022396578730834,0.3881398088392069,-0.3860553339785503,-0.04017200906658867,0.0853436394218243,-0.05735071901212074,-0.06320151753364103,0.0,0.0,0.0,0
0.2823245200576203,0.2924889944605918,0.34896154096389553,-0.34460132100357577,-0.05499169605028615,0.08896504538263363,-0.05513646348173941,-0.06981940772207164,0.0,0.0,0.0,0
0.32393931422229544,0.3035013915354545,0.0885317068728043,0.0393013395968503,-0.0793301192971824,0.3153467062589498,0.2927772033858881,-0.11715397699569005,0.0,0.0,0.0,0
0.3393453058220848,0.32801593316624506,0.0929276521517498,0.03955354148462004,-0.08408963010063163,0.3575703429800013,0.33548794236971136,-0.12371091586183082,0.0,0.0,0.0,0
0.3342980256868629,0.3299400928751401,0.0983920364549454,0.04696952015612159,-0.08645725541592789,0.3465129250610675,0.3314621711955408,-0.10101503007332627,0.0,0.0,0.0,0
0.35049751129717077,0.31165745735741174,0.08884912237629827,0.024556458877909963,-0.0853882127369811,0.36669224500787556,0.35854942761946434,-0.07684731942410461,0.0,0.0,0.0,0
0.3159171494029714,0.29413461513083056,0.08241261525453099,0.0043681427365852106,-0.08229677078794874,0.3186744627945795,0.29785578304818094,-0.11329318488845132,0.0,0.0,0.0,0
0.32485145195034554,0.3306368113734009,0.10595965662775149,0.05229743809384718,-0.09215436398506162,0.33362352503052317,0.3221763776864136,-0.08664316542378561,0.0,0.0,0.0,0
0.2482631952043393,0.25075094367237427,0.239650101809837,-0.23769730485849275,-0.03053133735154773,0.04951956079908187,0.023975901445415778,-0.04332831697185659,0.0,0.0,0.0,0
0.21521331566532884,0.203903679753779,0.26178971825992914,-0.2580863147728564,-0.043878362703947266,0.09015465288291265,0.06815367455717718,-0.059016422128021696,0.0,0.0,0.0,0
0.22351109243453046,0.24064675957070628,0.2406692872642096,-0.23569861980379125,-0.04866072805508042,0.0751433440933752,0.0512091966341234,-0.05499218436853615,0.0,0.0,0.0,0
0.22072901115000781,0.2560873295720026,0.23966505696036217,-0.23268163281478935,-0.057433416043773576,0.11506707404490292,0.09474999195618625,-0.06529066207014457,0.0,0.0,0.0,0
0.24199161213501855,0.22463980088137298,0.17989313728014392,-0.17197310376552366,-0.05279007881927381,0.17933117156579792,0.1584361937989532,-0.08400977079877188,0.0,0.0,0.0,1
0.26472093703855337,0.2555213164890892,0.1417847303854484,-0.12820854823093303,-0.06054319062446921,0.19158146042539764,0.16541453276523616,-0.09665137520380565,0.0,0.0,0.0,1
0.26207808679142125,0.267784423877847,0.13004770250906258,-0.11900744299840266,-0.05243694726876833,0.20397679851137426,0.17254690815390175,-0.10878464421727344,0.0,0.0,0.0,1
0.27290820984013875,0.2567198038969937,0.15714006531029134,-0.14450524464785616,-0.06173519575562923,0.21733610576311158,0.18411093444285304,-0.1154908943893582,0.0,0.0,0.0,1
0.2715317432704189,0.2737090359007046,0.16477444837771085,-0.14771959109681787,-0.07300370705907902,0.20137659143185835,0.16257940695020145,-0.11882957549547332,0.0,0.0,0.0,1
0.281389696525769,0.27782527181331995,0.18228110839701578,-0.17004440870049387,-0.0656605021922923,0.2115497995139971,0.177072477257815,-0.1157525614066184,0.0,0.0,0.0,1
0.2865981719847094,0.2791973841021696,0.16304521266289987,-0.1455660859644852,-0.07344559884207048,0.16756082925719343,0.12795182379406994,-0.10818947402187334,0.0,0.0,0.0,1
0.27897765052631973,0.27523047924558103,0.16422352221054037,-0.15385279573219549,-0.057434157890781226,0.17121202927432352,0.13803934212428745,-0.10128523581512629,0.0,0.0,0.0,1
0.28435918545394745,0.2971733846669718,0.13653205185838604,-0.11763855655252722,-0.069297699795151,0.21655035322313776,0.1805602059623394,-0.11954943539767679,0.0,0.0,0.0,1
0.2833708564083785,0.2916552975605921,0.1126153558882222,-0.09862249561526534,-0.05436746950565119,0.1904108976717417,0.15868556207476064,-0.10523878724679307,0.0,0.0,0.0,1
0.29688262761863643,0.289579987729327,0.12385692166821247,-0.10116944810847939,-0.07145124081883683,0.18765923607993124,0.16198870348500222,-0.09473990093593831,0.0,0.0,0.0,1
0.2899901950783037,0.27612128000969255,0.0825259049796194,-0.04440319719029024,-0.06956206632918095,0.27453646378228996,0.2525875001073023,-0.10756311977452206,0.0,0.0,0.0,1
0.29253164599420484,0.2774077423467635,0.08006051293194569,-0.006738873867677299,-0.07977639569397567,0.2819311250911593,0.26347699538951097,-0.1003246340421063,0.0,0.0,0.0,1
0.28754259369104634,0.2929084273923781,0.0643774403855559,-0.012144535453079851,-0.06322155557422397,0.3093417073035396,0.29228864979677477,-0.10128986660790462,0.0,0.0,0.0,1
0.2999279346810309,0.27822585700632446,0.07801797251559023,0.0016138419528385942,-0.0780012791535796,0.29797545775234685,0.2783106367823243,-0.10645451083226957,0.0,0.0,0.0,1
0.2815468003382621,0.27925933360945,0.21654759208080357,-0.2024973305921495,-0.07673128917884679,0.11659841607253928,0.08032850911117315,-0.08451343830776946,0.0,0.0,0.0,1
0.2946574410051321,0.2942013522727566,0.20537696596093488,-0.1963419589847313,-0.06024560805035586,0.1449054938301569,0.10171867658627369,-0.10320326048967007,0.0,0.0,0.0,1
0.2916526958818958,0.2854556203328614,0.24143473259010526,-0.23638647498343907,-0.04911379180799995,0.08478106865317281,0.040808980838178334,-0.07431323357870517,0.0,0.0,0.0,1
0.28923903939828155,0.28731457313863834,0.2184443707201385,-0.20875567245471646,-0.06433515615350939,0.08571389710562155,0.044699235930576973,-0.07313583570491072,0.0,0.0,0.0,1
0.29037790094512794,0.3010766091996909,0.22990319711000617,-0.22430946065133714,-0.05040581220165589,0.07736162718924834,0.019483407362274167,-0.07486800517526782,0.0,0.0,0.0,1
0.28941661977862404,0.3071776926297471,0.2473665210981612,-0.2423420684982669,-0.049603604669301596,0.07179029987272188,0.004647715850721341,-0.07163969495458704,0.0,0.0,0.0,1
0.2739305524350912,0.27637387119466406,0.22816188176944557,-0.22307031774148983,-0.0479320105491646,0.08828902868804882,0.06439616403709193,-0.06039939274518458,0.0,0.0,0.0,1
0.264658869756223,0.2544807250699623,0.24882736515810033,-0.2441651188834013,-0.04794217738252098,0.1066773835812189,0.08050009473085604,-0.06999856367139054,0.0,0.0,0.0,1
0.2680718786598907,0.2555473297780661,0.23078445699621936,-0.22643675474164457,-0.04458544261428987,0.11635297668365051,0.07570377944214544,-0.08835696328711798,0.0,0.0,0.0,1
0.2615495985224231,0.25877765115738494,0.254519917739188,-0.24901887741023435,-0.052630668049243524,0.07742676602483421,0.05402682240864992,-0.05546175761268862,0.0,0.0,0.0,1
0.27067866899025317,0.2741257116737576,0.2419047580654542,-0.23808081154051167,-0.04284202552304577,0.058121838500029534,0.02752245364317582,-0.051192408187960385,0.0,0.0,0.0,1
0.24086468753974496,0.24742519708575914,0.11230679031920561,-0.08603345710263885,-0.07218766799648273,0.21555848740165667,0.1834207889165197,-0.11323548774183693,0.0,0.0,0.0,1
0.2557399392810766,0.26636658334465557,0.11916830723005713,-0.10681212977152668,-0.052841786322453434,0.2431760037937397,0.22526448131295632,-0.09159957576265106,0.0,0.0,0.0,1
0.264223175212466,0.255577885069034,0.0893263375479964,-0.07438701475383809,-0.049454692555417505,0.2379986036222074,0.21541742569275632,-0.10118630358910448,0.0,0.0,0.0,1
0.2785564500494607,0.26174030716635605,0.14428809157818592,-0.13287546175154705,-0.05624202197279297,0.18141372091298125,0.15918939709962268,-0.08700387339970383,0.0,0.0,0.0,1
0.25944026654925284,0.2571276448402516,0.039516282838672555,-0.005258402971292555,-0.039164854239195995,0.27388913314823765,0.2603343115009638,-0.08509584897051209,0.0,0.0,0.0,1
0.28084096106020734,0.251514544566426,0.045183798846439985,0.02247377862294692,-0.03919827741881428,0.29988917082548583,0.27986569612154405,-0.1077437093885345,0.0,0.0,0.0,1
0.25733935149374926,0.2747083027163287,0.05017509008402728,0.006369533491090811,-0.04976915418254689,0.28639716927740827,0.2687195976927048,-0.09906117496771043,0.0,0.0,0.0,1
0.27202716582364994,0.2650418966629907,0.06241530128012494,0.006043455092866343,-0.06212202897869058,0.2986681053323846,0.2785947201821471,-0.1076458035850331,0.0,0.0,0.0,1
0.28188816828710206,0.2652150104371003,0.07012690398246173,-0.0451647294652371,-0.05364634073725206,0.306913521589536,0.2875482698945912,-0.10729353296036973,0.0,0.0,0.0,1
0.28802875177256554,0.27583927038982825,0.0650942386572527,-0.006599298128148517,-0.06475885399374504,0.32600841308726347,0.30506214323434727,-0.1149720582095598,0.0,0.0,0.0,1
0.07241748728404772,0.1440085486734679,0.11030209046967085,-0.10794262219583199,-0.02269232194966677,0.23332297604586624,0.21868902298194193,-0.08133094354612859,0.0,0.0,0.0,1
0.2865582519078057,0.30270163015647655,0.1760757366594042,-0.15237056309882438,-0.08823761409455172,0.2080194304158402,0.16740572700352266,-0.12348038709427753,0.0,0.0,0.0,1
0.29861511293304216,0.3003102412114406,0.23755332760426032,-0.22419514965877094,-0.07853736897387345,0.1150964223493382,0.0687350070260527,-0.09231839062042686,0.0,0.0,0.0,1
0.2695001734482497,0.3046556210581292,0.25650906647738886,-0.24850708838038274,-0.06356986872572677,0.07798887176260269,-0.011729900433056467,-0.07710170915507819,0.0,0.0,0.0,1
0.29453953891417745,0.29582292678718974,0.2787350168638223,-0.2730357282156032,-0.05607763140371167,0.06869807801213981,0.0178609393108822,-0.0663356071012773,0.0,0.0,0.0,1
0.30614775809287664,0.2914281979797323,0.27067258699042235,-0.26199290045900936,-0.06799536349754567,0.07091613770413387,0.001533617838700834,-0.07089955291252897,0.0,0.0,0.0,1
0.29640143568989535,0.2843422932886931,0.17414036478748707,-0.15965061755362714,-0.06954528713769574,0.2157009391948672,0.18982056772325662,-0.10244533780884484,0.0,0.0,0.0,1
0.2996492820102387,0.27442710302460127,0.07356938762428523,0.019700632568209024,-0.0708825780557166,0.33559821709418175,0.31553287147920245,-0.11430297604560717,0.0,0.0,0.0,1
0.30800073812729073,0.30400258309336675,0.07993947189138306,0.013989517432571524,-0.07870586107957273,0.3167486623624355,0.29665212412318903,-0.11102807015161609,0.0,0.0,0.0,1
0.30032671836203056,0.2831454803799769,0.13178709622553397,-0.11264312478203437,-0.06840588549896265,0.24510769723043524,0.22420370674585388,-0.09904787288491294,0.0,0.0,0.0,1
0.3044126149654963,0.2800584656749277,0.13540413143969887,-0.12344384839070269,-0.05564076837564753,0.24803011189537183,0.22350537412133697,-0.10753736162707293,0.0,0.0,0.0,1
0.2952731819722029,0.2884379475807618,0.1298507982143984,-0.11209638401194544,-0.06554105956088042,0.23775031554415393,0.21150361646592028,-0.10858836384798175,0.0,0.0,0.0,1
0.2673214171799383,0.2959558749455382,0.20849396582770183,-0.20302615694256768,-0.04743536005655254,0.1077540432538797,0.08319976952431543,-0.06847431773051685,0.0,0.0,0.0,1
0.05462244945494903,0.03366112122644492,0.12262612971514715,-0.08542314778991021,0.08797757390710008,0.23108156154892973,0.2285821496860004,0.03389526416505273,0.0,0.0,0.0,0
0.08175336113334822,0.05173810663202304,0.17692055346868088,-0.15718746385610124,0.08119718865916008,0.24513746003405917,0.23370127996914336,0.07400058143510789,0.0,0.0,0.0,0
0.08177422048803776,0.05085286997342689,0.2002325862477872,-0.19564152089250597,0.04263195865010989,0.13181895275501318,0.11803679596804494,0.058681778287868254,0.0,0.0,0.0,0
0.06787366854910043,0.04573498959233951,0.14859201139262623,-0.13555846176180933,0.060856300367985276,0.18813352138071485,0.1881329727602774,0.0004543429196251806,0.0,0.0,0.0,0
0.0929335352891723,0.05655562595117559,0.23725183533473224,-0.23704284345166002,-0.009956090500326894,0.1684251784345168,0.15442926350115607,0.06722085468951826,0.0,0.0,0.0,0
0.18686280398332503,0.14389730294587152,0.277737368895193,-0.2718746587374273,-0.05676456656429265,0.30307180466122313,0.30300653544932654,-0.006289535404669892,0.0,0.0,0.0,0
0.08604834904537645,0.05749033207097128,0.25477821472009,-0.25145647035240265,-0.041007099554437376,0.05548547227867356,0.05544452591586313,-0.0021312390651059684,0.0,0.0,0.0,0
0.0948019777937895,0.11785008713691242,0.20479628915197703,-0.2036230504743234,-0.021890028916182674,0.13921192632481583,0.12942526363401893,-0.051274375318775434,0.0,0.0,0.0,0
0.08347787767238458,0.1293384678875985,0.18123935301146765,-0.17893148364623795,0.028831011778490782,0.2522629374228742,0.25001282492407434,-0.03361810480531433,0.0,0.0,0.0,0
0.22879181662775913,0.30976762682775455,0.053911811368728094,-0.027509476339612527,-0.046364988046775316,0.40738827306182795,0.39567918221992154,-0.09697004581865781,0.0,0.0,0.0,0
0.2907256617709028,0.3657254364257343,0.08413069043589311,0.06473424998241896,-0.0537349974637923,0.36514595292839913,0.3552309375707889,-0.08451359614030736,0.0,0.0,0.0,0
0.16960902825629298,0.23211945043530777,0.1368489716815006,0.1321618370840743,-0.03550901109361894,0.2707643557340328,0.2672869666336068,-0.04325521707113545,0.0,0.0,0.0,0
0.3367815688942661,0.4179310027098022,0.09680639805709094,0.08839071555050716,-0.03947860318270232,0.2634584217766481,0.2622633430414641,-0.025065492250452924,0.0,0.0,0.0,0
0.31822063327151096,0.36118109342802085,0.04863517542446234,0.037379499874248774,-0.031115161540947553,0.276257302635784,0.273157478935985,-0.04126849840902928,0.0,0.0,0.0,0
0.026215040222185723,0.1716642214200122,0.12180306280660239,0.07299047991841234,0.09751090170000978,0.15618620758898957,0.1548452066073185,-0.02042286541521033,0.0,0.0,0.0,0
0.04232410204194841,0.05427758584232624,0.06837930952130354,0.0002741594159870806,0.06837875991289151,0.06622929798471501,0.06237223620010624,0.022271597673861027,0.0,0.0,0.0,0
0.26926800914826554,0.2583851892818834,0.19527281057181017,-0.1600390586147207,-0.11188820432167125,0.08455368455108105,0.06922804142486866,-0.0485469242243048,0.0,0.0,0.0,0
0.3124319168629784,0.2687022803911514,0.13570823703411072,-0.09030136990767978,-0.10130344609983795,0.16135062521957108,0.15623528473231382,-0.04030583162967012,0.0,0.0,0.0,0
0.28953129341002537,0.2414248208335501,0.12606320058464254,-0.09009804260001265,-0.08817183938928642,0.14755311859770853,0.13581418392886732,-0.057675213494578735,0.0,0.0,0.0,0
0.28688685108188694,0.2529344858902528,0.16815865516220194,-0.12224959083977709,-0.115465886067996,0.1520976131993037,0.1407839425480732,-0.05756357756034481,0.0,0.0,0.0,0
0.30411384480570547,0.29476787816737005,0.19505156477401034,-0.1561741036965012,-0.11685359324977748,0.10145116195534584,0.07755546877419654,-0.06540250396815427,0.0,0.0,0.0,0
0.3261204367391546,0.3379471673413408,0.20736001973726628,-0.16011004331336237,-0.1317685539710924,0.1257678028667179,0.07662804252178822,-0.09972804689354262,0.0,0.0,0.0,0
0.3240122401310876,0.3314114863122706,0.1917542007883976,-0.1531457373943075,-0.11539521930284158,0.1350553898372244,0.07938992343337073,-0.10925748661454823,0.0,0.0,0.0,0
0.3157838433541718,0.2964293613893826,0.17224861738276734,-0.1343297507343614,-0.10781977674767886,0.18518523890870425,0.1480985483612368,-0.11117730291281704,0.0,0.0,0.0,0
0.32339491089868627,0.3061657449493517,0.13370210473898958,-0.10617959723250324,-0.08125359034023746,0.20454880003193926,0.168784736932906,-0.11555052649380698,0.0,0.0,0.0,0
0.2803342935212528,0.31180526275475684,0.35095198468185174,-0.3450008391432374,-0.06435616942137501,0.10416859332422851,-0.08146054384433826,-0.06492515407554417,0.0,0.0,0.0,0
0.2827226751808904,0.2683734534611855,0.4266833106075642,-0.4200203219358194,-0.07511043011434403,0.11588003841445035,-0.1073333931319774,-0.04367752307206618,0.0,0.0,0.0,0
0.24824648533043275,0.2579995275284968,0.39333097022738106,-0.39212345420275635,-0.030796896014237747,0.10478450378954036,-0.09386827002527778,-0.046567586547745135,0.0,0.0,0.0,0
0.151167225230564,0.12060747439753793,0.09851939931216684,-0.09191457842380607,-0.03546522682860191,0.013757576863314988,0.012976131736570242,-0.004570659285616723,0.0,0.0,0.0,0
0.23891847093188495,0.22909019791107166,0.10581000582943433,-0.09248352387121178,-0.051405789031858336,0.12546146518818532,0.11458885144824847,-0.05108790826543476,0.0,0.0,0.0,0
0.07094093814235253,0.03525687063000255,0.11331727919781946,-0.10613493076929056,0.039701161637847183,0.04910030651499121,0.04885973543222475,0.004854518859690471,0.0,0.0,0.0,0
0.36213586408498516,0.2236722236238975,0.33354192219537504,-0.33335491406673495,-0.011167592817854888,0.2451692485010073,0.24516781709493315,0.0008377776877309922,0.0,0.0,0.0,0
0.4905416730718148,0.2011854166781324,0.5029304562677822,-0.500559715520965,-0.04877514776287301,0.42371658079623564,0.4217735387252205,0.04053175141611566,0.0,0.0,0.0,0
0.45913638306531185,0.24013188813692507,0.2932730471179673,-0.27456859145124113,-0.10305905469360228,0.49381156797283715,0.4910326705322771,0.05231425363829776,0.0,0.0,0.0,0
0.4395872744642428,0.26366029622375253,0.2658603990469574,-0.26522787747304466,-0.018328251213659705,0.1643036255390593,-0.16405208996899434,0.009088076918931712,0.0,0.0,0.0,0
0.39959595837888623,0.26473439709836477,0.23452947753794265,-0.229748200187492,-0.04711518168094489,0.31645714851530427,-0.3155584258884211,-0.02383289108058827,0.0,0.0,0.0,0
0.3967578263957343,0.25205589140634227,0.2101681084238208,-0.19220579208699928,-0.08501510034491586,0.24139690907924785,0.23616137986163058,-0.05000270367555419,0.0,0.0,0.0,0
0.2629290196364861,0.24655850483398487,0.12613386852893702,-0.10106628765865543,-0.07546759760965684,0.23502574101429247,0.20778694227062405,-0.10982570537511523,0.0,0.0,0.0,0
0.3303880144681454,0.31406692379522233,0.1763236479890269,-0.1155277228828495,-0.13320425701028402,0.18757126222156986,0.1061795227811516,-0.15462498942072664,0.0,0.0,0.0,0
0.33674785715383504,0.29227385376961323,0.13953203229402464,-0.05280672837570847,-0.1291535422447053,0.20362504295378978,0.15134865683894128,-0.13622313383189041,0.0,0.0,0.0,0
0.33573397171661706,0.30458161719578364,0.13640905291965158,-0.06214120565487846,-0.1214326985543614,0.21621284913000102,0.1672762838112064,-0.13699139025218085,0.0,0.0,0.0,0
0.3400393382527223,0.33178512442054403,0.1596988852463453,-0.07900880641012092,-0.13878523861914638,0.21878909769933166,0.171043781633149,-0.13642834762878034,0.0,0.0,0.0,0
0.1759293014359506,0.23248020270452027,0.06552922672696042,-0.040136048709768744,-0.05179939333042863,0.23204444995781795,0.23031105204465055,-0.028309822717787248,0.0,0.0,0.0,0
0.19344895473900597,0.2368492974099484,0.05294359044891087,-0.023753241114999015,-0.04731603645863342,0.22974490568825728,0.22822763329803164,-0.02636036966518943,0.0,0.0,0.0,0
0.2115740533231083,0.2242842003458481,0.09054285056062503,-0.054289974528558015,-0.07246106853567783,0.1705383816987233,0.15989433381115836,-0.05930549424383293,0.0,0.0,0.0,0
0.2269615420977371,0.22602834917719847,0.06355046640899045,-0.03249830325155746,-0.05461247171269612,0.18255292900208117,0.1746099182773411,-0.05326301086513187,0.0,0.0,0.0,0
0.2254409902041632,0.2507904877280039,0.05758409584553917,0.010997679272489092,-0.05652414656558474,0.22544977941260755,0.21347436912733378,-0.07250032250190513,0.0,0.0,0.0,0
0.19739236948468558,0.2426882504976816,0.05840905792775304,0.029894322979113718,-0.0501791540545279,0.28005073608089637,0.2736345273741511,-0.059603357356585375,0.0,0.0,0.0,0
0.21201513536872013,0.24716264649294775,0.055883624752145054,0.024952624121559446,-0.050003460529114675,0.30916686492513173,0.3046041719502841,-0.05291926679496259,0.0,0.0,0.0,0
0.06203451713575548,0.07329593674252734,0.1315070770706206,-0.1308440702411604,0.013188654305289128,0.11467982772117388,0.11467574641232244,0.0009675075890356525,0.0,0.0,0.0,0
0.2925768526780486,0.2902274742893663,0.23563202288878202,-0.2306652033283988,-0.0481249850298982,0.07011708617068889,0.048826308711491656,-0.05032293066463761,0.0,0.0,0.0,1
0.3094647290769379,0.31122737267791006,0.23493586516494597,-0.22813675018226387,-0.05611135319235311,0.10958460320867247,0.10141669299622169,-0.041514330563220035,0.0,0.0,0.0,1
0.29582293125417597,0.3039545239730627,0.21711375748908507,-0.20751584719899255,-0.06384008812896193,0.07220965695943664,0.05452421750471373,-0.04734283751211143,0.0,0.0,0.0,1
0.31094546404949647,0.29626455879435354,0.20207518522526446,-0.19095744943775092,-0.06610319952962743,0.11850080149070556,0.10700843077806713,-0.05090811032001895,0.0,0.0,0.0,1
0.3130116284225351,0.30356324072182794,0.15721595612579659,-0.15075888845523008,-0.04459388312640971,0.15062141913939603,0.14495968149847954,-0.04090846664719891,0.0,0.0,0.0,1
0.3115267020124021,0.3125761181969321,0.1443684771552863,-0.1199771697294758,-0.08029779536102456,0.12596645109686833,0.1015481595217163,-0.07453534798799681,0.0,0.0,0.0,1
0.30750808323563905,0.31119303601993686,0.19058633391972396,-0.1796100920160246,-0.06374453327898563,0.14459942257580757,0.11705194165806297,-0.08489897504289666,0.0,0.0,0.0,1
0.3039803951677082,0.31825641839883634,0.14377482859650903,-0.13076416079644615,-0.05976567233083493,0.13045419950226317,0.09281752401214238,-0.09166899914383081,0.0,0.0,0.0,1
0.31687646819131454,0.3021917524400116,0.06326790116098624,-0.0023121745217328047,-0.06322563693864518,0.2152538956706858,0.19415688980356838,-0.09293730006413738,0.0,0.0,0.0,1
0.304427767343315,0.3085808494628193,0.057589057986053446,-0.029454383769040016,-0.04948675455621573,0.19459638936101442,0.17534439209564956,-0.08439252877447521,0.0,0.0,0.0,1
0.30180540648356313,0.31205094305179615,0.0737171803954223,-0.03982186991370861,-0.06203580709579672,0.17913026642725938,0.1498838988513312,-0.09809418543127241,0.0,0.0,0.0,1
0.31959328614659827,0.30672460544938374,0.06095722250805341,-0.0024393128878735246,-0.06090839620718467,0.20188917965840586,0.17464252260145527,-0.10128785792257754,0.0,0.0,0.0,1
0.29444618211024925,0.3021691881730818,0.07922368059679227,0.006332886553680725,-0.0789701596503437,0.23656311247078507,0.21355262862904126,-0.1017712188562764,0.0,0.0,0.0,1
0.321098156367533,0.29448717910519634,0.09225912779566853,0.04248627365956649,-0.08189421965036313,0.2599197862910596,0.23042279623166328,-0.12026483393898439,0.0,0.0,0.0,1
0.31069498688093655,0.304289340630108,0.09478105883951607,0.04985208909480851,-0.08061152726268796,0.26604381680317524,0.24165315723870676,-0.11127921663889588,0.0,0.0,0.0,1
0.3149893713911569,0.3420234171955379,0.17919281500612771,-0.1602687601549002,-0.08014979393754783,0.09763967257782036,0.06628542525663642,-0.07169203623590861,0.0,0.0,0.0,1
0.2999294258960672,0.31387365014831625,0.26567412578964433,-0.26218099112938276,-0.04294029581298063,0.07284765898958395,-0.028561321415681046,-0.06701516499459559,0.0,0.0,0.0,1
0.29052203114164776,0.3179966549999603,0.2283502641577647,-0.22467661715032713,-0.04079535325017101,0.07549221906404563,-0.04445032904666482,-0.06101838564610736,0.0,0.0,0.0,1
0.25022260269113417,0.26161753990917186,0.22721841869369333,-0.22574485465796293,-0.02583544830494947,0.047330534545876324,0.01556593254242804,-0.044697664866108745,0.0,0.0,0.0,1
0.24417452251536306,0.26309432674635314,0.24508650946039295,-0.24211600657254456,-0.038042561439036136,0.05200413958803215,0.027142220606765764,-0.04435910723656634,0.0,0.0,0.0,1
0.2428991653562151,0.2463258554306928,0.14245199876893722,-0.13699242868291006,-0.03905952427799262,0.1911481484643765,0.18336469833287344,-0.053990759085732795,0.0,0.0,0.0,1
0.26039683364941196,0.2519366787064036,0.056340697242078686,0.03401970189866863,-0.04491028889296187,0.27940318899346556,0.26694711011649147,-0.0824947417728669,0.0,0.0,0.0,1
0.24955682996140985,0.24935940109386584,0.05612896961088668,-0.012019988080549276,-0.054826828433927256,0.2898357721757202,0.274196557505984,-0.09392029964051223,0.0,0.0,0.0,1
0.24854171519809035,0.25124865617952646,0.05073738320359225,-0.004343832455893518,-0.05055109468590459,0.2671852124117548,0.2541219182852172,-0.0825226537294817,0.0,0.0,0.0,1
0.34997996902099043,0.36977941062803404,0.15542318833739285,-0.1326181843212427,-0.0810480392131579,0.17276673514993401,0.11723237447666279,-0.12690514232658556,0.0,0.0,0.0,1
0.3286098570118684,0.3639873468381991,0.11668704948234863,-0.08838685590867014,-0.07618156745221288,0.14337548412900428,0.1067523753248039,-0.09571029104405943,0.0,0.0,0.0,1
0.32185434641098365,0.3514756804199548,0.1859626202106106,-0.17395333804789712,-0.06574444689545901,0.17061889543565797,0.15162513433105623,-0.07823443051990055,0.0,0.0,0.0,1
0.30247652025775085,0.34570500690023276,0.16273163084785183,-0.1501204599731385,-0.0628126673200147,0.12902229347297528,0.09330205559924237,-0.08911497424104683,0.0,0.0,0.0,1
0.31370786994481237,0.3396859685016877,0.16482762412401378,-0.1484014577701229,-0.07172972191546263,0.17260980586754232,0.13494163632682277,-0.10763317270744253,0.0,0.0,0.0,1
0.31445769129232265,0.3333400788729303,0.15705687852446265,-0.14572348703592952,-0.058579249038692056,0.16510326832191574,0.13180512470580877,-0.09943087202606994,0.0,0.0,0.0,1
0.29613531113819586,0.33870073393074723,0.1806783518695173,-0.16934590346111592,-0.06298120207826705,0.12368871418367781,0.09225461872597068,-0.08238921859161746,0.0,0.0,0.0,1
0.30150953999253893,0.35092735967702055,0.19782394516354948,-0.18205569936241053,-0.07739532033485379,0.12862313003103404,0.09620853171223137,-0.08536877652137734,0.0,0.0,0.0,1
0.3291906368529231,0.3333729837386836,0.09679290743739874,-0.06660136805118143,-0.07023620650274266,0.21019463781604816,0.18303667944575763,-0.10334098772554204,0.0,0.0,0.0,1
0.3325013623403246,0.3420854953292964,0.10016851862995227,-0.06080461868550178,-0.07960232704531837,0.21540279164556392,0.19024125211094456,-0.1010278607313955,0.0,0.0,0.0,1
0.2781623886235738,0.2663886686203413,0.27994432080554277,-0.2772994473686188,-0.038390613961426394,0.032197310579409624,0.00531627187226983,-0.031755378472426925,0.0,0.0,0.0,0
0.24626013230921562,0.259404687983926,0.3421454363641226,-0.33716345618249444,-0.05817476634994763,0.039664478816986856,-0.01955109806542672,-0.03451123649276083,0.0,0.0,0.0,0
0.26168636665280465,0.24769986672832442,0.3045940461908834,-0.30297413519295036,-0.03137206367164684,0.05484875771195417,-0.03786918028671731,-0.0396775932606396,0.0,0.0,0.0,0
0.2691550540120923,0.26244890994858533,0.35541798527725316,-0.34963214080669563,-0.06386947920148338,0.06872803028158718,-0.04851091331816025,-0.04868504324147928,0.0,0.0,0.0,0
0.04428243755496387,0.04799590935577812,0.15486882002461932,-0.15320830228184393,-0.022617858601845245,0.19166512227344362,0.15437740525456428,0.1135919708560518,0.0,0.0,0.0,0
0.13631073887554968,0.1869229826633057,0.5115387165103493,-0.5096849118004292,-0.04351033408334436,0.11420074265621463,-0.0993957822690401,-0.056234225257902615,0.0,0.0,0.0,0
0.14303210377532868,0.2218796189260932,0.4695290713943739,-0.46943021473279695,-0.009634437211543207,0.181123387977936,-0.1752058642031704,-0.04591935127401238,0.0,0.0,0.0,0
0.2630475206572757,0.22170745656201313,0.4578387759675352,-0.4548604002208791,-0.05213790454508666,0.13571782184351824,-0.12865942789696885,-0.043198133977911946,0.0,0.0,0.0,0
0.2218765801575205,0.24971484986103468,0.4611623841831777,-0.45802419908650177,-0.05370826413766663,0.16719426650641475,-0.1572524414663135,-0.05679429905810691,0.0,0.0,0.0,0
0.20085165102862998,0.21220382279865202,0.5819686348944314,-0.5810560175507289,-0.032579080235253965,0.18417591539395972,-0.17911194309345305,-0.04289148694660347,0.0,0.0,0.0,0
0.1511797433101862,0.2316642795311145,0.5439531296952183,-0.5436014734412598,-0.019556210719722935,0.2097843179685355,-0.20235976702599442,-0.055317128944919705,0.0,0.0,0.0,0
0.14936700887755014,0.21773628609861725,0.3064702521359621,-0.3052570816953375,-0.027242054238368455,0.2657520222684904,-0.2614220492343138,-0.04777708147139412,0.0,0.0,0.0,0
0.19555892436647657,0.20941014933380814,0.18385889535150968,-0.18384228597991176,0.002471292284966214,0.19994273091535214,0.19809625808776177,-0.027110296522092927,0.0,0.0,0.0,0
0.23724776077878,0.18067530802347465,0.15357353478574315,0.15278300630390215,-0.01556224827361562,0.4523093462368646,0.45180738205525645,-0.021303385026689756,0.0,0.0,0.0,0
0.27552654465584875,0.1860871350243716,0.07991494381403484,0.07971603308154997,-0.005634919213402921,0.4539712048645724,0.4530330214674979,-0.029170812573892393,0.0,0.0,0.0,0
0.25798210269486627,0.19071308961516706,0.09013533415668717,0.08947252640578789,-0.010910796584266816,0.49905564273166597,0.49902044900529746,-0.005926720582877528,0.0,0.0,0.0,0
0.28972385137645773,0.23221285118171286,0.10727659461081406,0.10717606063293883,-0.004643250854472643,0.49484845356926105,0.4944775969643487,-0.01915458431426492,0.0,0.0,0.0,0
0.28422740156316695,0.29171396444647174,0.22267213861305094,0.22226430955465035,0.013470635200477536,0.45221668117722674,0.45163244558012045,0.022979574283808014,0.0,0.0,0.0,0
0.272364041055099,0.28062989589911835,0.19331279082049216,0.19265927928673013,0.015881977191932614,0.4871311577619181,0.4869425357996098,0.013554766376167537,0.0,0.0,0.0,0
0.3462878608813425,0.3382002848456966,0.1369667296161744,0.13639684156432924,-0.012481451559233558,0.4503697014292032,0.44990452016709287,0.02046437633175123,0.0,0.0,0.0,0
0.3317478188453838,0.3399384699660775,0.1986416062509304,0.19775637109706315,0.018732469790989102,0.41282716802597297,0.41229840543175095,0.02088768868928443,0.0,0.0,0.0,0
0.3266419854717662,0.3129885038689729,0.17673951856264067,0.176018301998548,0.01595038505183976,0.4276198968100711,0.42761056186528207,0.002825513955654972,0.0,0.0,0.0,0
0.3391183171589288,0.35074927031513103,0.22357730866346803,0.2235681245892901,-0.002026478923481308,0.3978839089349711,0.39712622678958565,0.02454312500964373,0.0,0.0,0.0,0
0.32268177665324127,0.3354792443561808,0.23008496804204506,0.22936654542828622,-0.018168113749171082,0.38428513916697093,0.3841534747857389,0.01005862786968788,0.0,0.0,0.0,0
0.26358285730950803,0.33245237748240053,0.0939021126643694,0.08541418215255572,-0.03901312920084667,0.2926212155148564,0.2905225578906812,-0.034983126304660536,0.0,0.0,0.0,0
0.25217930935279476,0.27667303659887543,0.0898359172718714,-0.06026868082021171,-0.06661965283810752,0.22348583792543686,0.20951534228967766,-0.07777686737374956,0.0,0.0,0.0,0
0.2771199682181598,0.31113945992254616,0.10007976533043551,-0.07719383835240326,-0.06369513913178995,0.1438542214607283,0.11213658739098771,-0.0901078398385825,0.0,0.0,0.0,1
0.2971384945665308,0.3188039610392961,0.06060826542354729,-0.013312487111965058,-0.059128161856639196,0.15899025865786756,0.13447345346216694,-0.0848221236591849,0.0,0.0,0.0,1
0.1672036586900286,0.20208377884337642,0.15054540423264887,-0.14945145770273446,-0.01811575353385619,0.04460721440598312,0.031536213426385025,-0.03154791308132507,0.0,0.0,0.0,1
0.25740993949184193,0.2753302617040924,0.0818733835442468,-0.048546821939282225,-0.06592766500171963,0.1643045289637253,0.12963061330083542,-0.10095485294546724,0.0,0.0,0.0,1
0.28725440294060656,0.29678236231970023,0.10864453059529634,-0.08989469958326333,-0.061012924984032,0.129123694928433,0.08543451302795273,-0.0968187614858175,0.0,0.0,0.0,1
0.2844582674093866,0.3019473010524594,0.12197135799270088,-0.09994757743405112,-0.06991061389837706,0.13987969607301845,0.10397875242650985,-0.09356681258494695,0.0,0.0,0.0,1
0.2531778603066745,0.28282806514603587,0.22782698772049922,-0.2233021009179175,-0.04518083730344861,0.14840921720127243,-0.1463617763173333,-0.024566769904270137,0.0,0.0,0.0,0
0.22056176701456823,0.2702214185350006,0.2584319707334613,-0.2560264491354601,-0.03517869867218336,0.13809125375780035,-0.1336230149312538,-0.034843711700723416,0.0,0.0,0.0,0
0.042133168870416134,0.03810758230722622,0.09587876261184673,-0.08114445923932229,0.05107165412180051,0.12996683466133277,0.12972254856465332,-0.007964829299951773,0.0,0.0,0.0,0
0.07744103676883798,0.03463718114319622,0.06677592515951232,-0.050204166340213525,0.044029147879478245,0.16375563795572184,0.1621480552432882,-0.022889236402838006,0.0,0.0,0.0,0
0.0572508947019983,0.03495307287145121,0.05780068682574517,-0.04221823044540222,0.03947835375983635,0.16106918730746836,0.16046979829435398,-0.013882612695659102,0.0,0.0,0.0,0
0.024776676949495573,0.04215386621601093,0.1023162788335377,-0.09973758763875622,0.02282618072178647,0.15077860870410265,0.14959425305535096,-0.018861290930276154,0.0,0.0,0.0,0
0.34820349935155237,0.25210635104839785,0.3151097156227499,-0.3127072599956377,-0.038836869413882986,0.4685924778171563,0.44184939433241943,-0.15603853048172509,0.0,0.0,0.0,0
0.29039895645361397,0.4177421786278634,0.47985674095518493,-0.4649141884338786,0.11881619937112743,0.284426086108897,-0.03064371427096261,-0.28277050983952573,0.0,0.0,0.0,0
0.22970005177958683,0.32590857763985603,0.49765697209652776,-0.4973040830577098,0.018737952140366086,0.3604202406632028,0.3191846363088592,0.1674034582202598,0.0,0.0,0.0,0
0.37663407073232896,0.2952453013129222,0.1310110263952723,-0.049264950727052434,-0.12139544335354532,0.17462427771294403,0.12051694488314829,-0.12636971299642807,0.0,0.0,0.0,0
0.32680239874659694,0.2995580332487114,0.16900532225461867,0.12716846192507694,-0.11131478447177523,0.28857196915216654,0.24710746941567988,-0.14903583441353224,0.0,0.0,0.0,0
0.10972576878115206,0.19602569088550262,0.15709866912653866,-0.1568328881285154,0.009134387915905925,0.294638138731239,0.2901611476405923,0.05116777496533541,0.0,0.0,0.0,0
0.20974435784114695,0.3487091805078331,0.07644178223106134,0.007356462358092011,-0.07608698004412436,0.23241980712457758,0.22689587214191337,-0.05037092364436393,0.0,0.0,0.0,0
0.2749079579197332,0.40575151058113057,0.10919482100825395,0.07218168702543526,-0.08193480941081593,0.27581517578405323,0.2694989699707489,-0.05868829847161655,0.0,0.0,0.0,0
0.23790402003477337,0.37466596250253287,0.08924473363487699,0.07127726378050174,-0.053704507720720426,0.4318036686604095,0.4193092486446298,0.10312207459930536,0.0,0.0,0.0,0
0.08726544914043109,0.1487333803089584,0.07810856164906778,-0.0649538578142012,-0.043381375703621425,0.16791287699467086,0.07614949119800907,0.1496528958988492,0.0,0.0,0.0,0
0.042968562035568585,0.1777693391697099,0.05789429841027812,0.05788724330972314,0.0009037977756358134,0.1101077014779072,0.110066043200711,-0.003028540719083466,0.0,0.0,0.0,0
0.16147599742260507,0.21884766005910308,0.1943837772593775,0.19283275225426447,0.024506785176125295,0.29333169060756237,0.29330326196354894,0.0040837772016207325,0.0,0.0,0.0,0
0.19219332488624358,0.22077495935183797,0.13731747175333506,0.13673660481655725,0.01261701042119829,0.29966136282361827,0.2980037184020787,-0.03147564435945312,0.0,0.0,0.0,0
0.2055807610731403,0.10890612839828821,0.36263611990490857,-0.3304257452170067,-0.14941145323392394,0.07942692173592998,-0.03401557271895613,-0.0717744850838162,0.0,0.0,0.0,0
0.06428301888467526,0.06199838877071066,0.03005952725520935,-0.014288329390751135,0.026446527598686202,0.1046659578794415,0.011267029679426718,0.10405775694787936,0.0,0.0,0.0,0
0.07102782746351174,0.11705429545086896,0.14405672378679416,0.1439277369718962,0.006094768111533577,0.27352238632638337,0.13747412369237352,-0.23646429146214293,0.0,0.0,0.0,0
0.08789481655379042,0.07624385167016277,0.1279285023904905,-0.02304092149670016,0.1258364719008628,0.11477291263327191,-0.01632450971166406,0.11360603794252512,0.0,0.0,0.0,0
0.3335627483414216,0.2689321280162161,0.10017816806414699,-0.08509787721881568,-0.052858458637571444,0.10567865493637388,0.08000867438996,-0.06904049631573152,0.0,0.0,0.0,1
0.3034915895042172,0.29821779314718083,0.16593551704871665,-0.15994112574291922,-0.04419764828939035,0.09231106534794238,0.04952789935975084,-0.07789942214601134,0.0,0.0,0.0,1
0.3113313107929754,0.2868767527188342,0.127395681404432,-0.12118381198236995,-0.039295589497056166,0.13095607364785294,0.0893006741446197,-0.09578560864022492,0.0,0.0,0.0,1
0.33113621893256845,0.3118530057703218,0.15850053243484943,-0.14543722710396126,-0.06301136210590562,0.1383458852329811,0.08103742585387828,-0.11212724723221541,0.0,0.0,0.0,1
0.29603734604054016,0.28427271109711244,0.1524748852971399,-0.14387798674508695,-0.050474900461086165,0.1436085982420749,0.1004900265688336,-0.10259231964064754,0.0,0.0,0.0,1
0.3335692395423835,0.30548539758598847,0.1285504211782929,-0.1143259574202296,-0.05877742972488968,0.14255725864449825,0.11833813149526519,-0.07948999073118387,0.0,0.0,0.0,1
0.3141525762341384,0.29752837283178174,0.11755700435939774,-0.0999461663840575,-0.061890331224560065,0.13629901058447708,0.08160380463250783,-0.10917068908735021,0.0,0.0,0.0,1
0.30086838996902204,0.311925159719342,0.1278491480849464,-0.11294590823069137,-0.05990514568875369,0.1578871894533404,0.11165192155163638,-0.11163428240151965,0.0,0.0,0.0,1
0.32520680069316754,0.30210504679124095,0.24082211015718288,-0.23814463915174783,-0.03581088638727251,0.09519922545475845,-0.08679001028497772,-0.03912015646593698,0.0,0.0,0.0,0
0.31054190645979884,0.2758972325925824,0.22915408646716348,-0.22583434791593496,-0.038864413619462815,0.0956188987121913,-0.07846233139729099,-0.054650126647922626,0.0,0.0,0.0,0
0.3168131764495159,0.2950972628590444,0.267945405223978,-0.2655516145471182,-0.035736258786567554,0.08394726809925689,-0.06501635916177038,-0.05310383096045132,0.0,0.0,0.0,0
0.3021532508071224,0.30143262495359047,0.23787249684081058,-0.2352710854581616,-0.035083345060296825,0.09613760262580318,-0.0792704572877102,-0.05439331981074652,0.0,0.0,0.0,0
0.3103985849697421,0.2639999507154965,0.25203502717616605,-0.25028585283173227,-0.02964197692434205,0.0931411959227927,-0.06594975145136271,-0.0657716706601827,0.0,0.0,0.0,0
0.3744916743280759,0.29699569298414025,0.10494090343544275,-0.09082793095299684,-0.05256310657338054,0.127157532609969,0.06525097970253058,-0.10913912106717408,0.0,0.0,0.0,0
0.3177595970025695,0.2931233332883703,0.20629778312127725,-0.19788211555948207,-0.058321896938091145,0.09553189215847004,-0.0710005558709923,-0.06391606594110473,0.0,0.0,0.0,0
0.3627222303237671,0.29932367427047474,0.174862122866343,-0.1673514452767803,-0.05069769005681467,0.08644867614441276,-0.02837498747662204,-0.08165925356518453,0.0,0.0,0.0,0
0.3669439994259558,0.31229064799089035,0.16242090866202832,-0.15864919937916558,-0.03479918256150163,0.11476715549651915,0.014953762678913605,-0.11378877344670228,0.0,0.0,0.0,0
0.3725524347237613,0.30592302933853605,0.10146397813032283,-0.006169296100209059,-0.10127624915871725,0.17604397453512724,0.132258196288771,-0.11618627494056882,0.0,0.0,0.0,0
0.3927664353348087,0.3378189213642627,0.09804169257874346,-0.026487501408151638,-0.09439589902563567,0.17386895719089718,0.11996972312454568,-0.1258478438753318,0.0,0.0,0.0,0
0.3504006756747068,0.33859703170765365,0.09210011059397055,0.04321316603073115,-0.08133297395904117,0.21342945038105368,0.20133853141994348,-0.07081614262030295,0.0,0.0,0.0,0
0.34681064606634815,0.35751579238948367,0.10861246949467619,0.04493119312516552,-0.09888304411819573,0.21715757306136937,0.2048631795375874,-0.07203116830688094,0.0,0.0,0.0,0
0.32031700564085275,0.38023630114932044,0.1034684992868003,0.0675937134375597,-0.07833785961068668,0.19163090246296333,0.17786384215432957,-0.07132220154250357,0.0,0.0,0.0,0
0.3103795986941992,0.37455177372950504,0.05766632744466945,0.0005073198728747675,-0.057664095826627015,0.1725857247407158,0.15957403939654757,-0.06574160277135926,0.0,0.0,0.0,0
0.3235504530818965,0.3882583836514521,0.08566826907309108,0.0560324876196331,-0.0648028753770633,0.26173550558518544,0.23851849376123166,-0.1077701397317733,0.0,0.0,0.0,0
0.31272880957234483,0.4044981183064094,0.05612081589711278,0.01764725826964301,-0.05327401104217837,0.17853296836589502,0.1720589151160363,-0.0476418988142821,0.0,0.0,0.0,0
0.3049358282993515,0.38665749136669775,0.053544296645934894,0.03870470453374635,-0.03699915607501432,0.1697561432523222,0.16322456834797375,-0.04663569941065095,0.0,0.0,0.0,0
0.24627526832406202,0.336275672869934,0.04675022094978031,0.00738612405059372,-0.04616306240234197,0.15309662287675502,0.1396101156577258,-0.06282986186761647,0.0,0.0,0.0,0
0.2793974970438294,0.32903870719366485,0.1223794915472246,-0.11400068825259564,-0.04450374174484343,0.0645616790591411,0.042198288433906536,-0.04886220273569715,0.0,0.0,0.0,0
0.2455297775853539,0.2833438680634664,0.2739480100024765,-0.2720838535659739,-0.03190436981052342,0.05727348954666016,-0.023949402547534793,-0.05202575057091944,0.0,0.0,0.0,0
0.2540725228681383,0.30671976302415677,0.19672217459648592,-0.19174918463426355,-0.04395297680550663,0.04387342985012045,0.023744669754078962,-0.03689266194086797,0.0,0.0,0.0,0
0.3308408324603435,0.2798314622325271,0.25855147393044725,-0.25669906570676637,-0.030894244397298,0.1403504239516856,-0.1386376352579111,-0.021859725375957755,0.0,0.0,0.0,0
0.3105621999881558,0.2904674096738613,0.24890292053937874,-0.24782503617059753,-0.02313904276486653,0.09365152635190394,-0.08151286613482862,-0.046111398184471325,0.0,0.0,0.0,0
0.32485864067509657,0.28822194459435263,0.23444512740188864,-0.23127875447185733,-0.03840124337093957,0.09124886339831739,-0.08298189888762798,-0.03795206883014777,0.0,0.0,0.0,0
0.3307244543775378,0.3036975219934818,0.06001760540135065,-0.04737711188521438,-0.03684456849425859,0.15112341684914243,0.12331464815986772,-0.08736008624862784,0.0,0.0,0.0,0
0.06963641020469447,0.16206845671003106,0.06978913755603419,-0.06904172072904112,0.010186487107347405,0.16943492121548734,0.16276332312166025,-0.04707752301993403,0.0,0.0,0.0,0
0.3380843641825147,0.3276185647910183,0.11765335860747474,-0.09569470257821262,-0.06844586685904765,0.1337406200815209,0.03888688730125015,-0.12796235171256265,0.0,0.0,0.0,0
0.3407763628067258,0.33867871455347426,0.12997775013522464,-0.10656922072294511,-0.07441247694250668,0.11578222460834293,0.03683170053891379,-0.1097677064107133,0.0,0.0,0.0,0
0.3283772066346376,0.3209452719708892,0.09279245102074708,-0.07835911035126658,-0.04970199987320202,0.13047625771957222,0.07889049929207949,-0.10392469845975323,0.0,0.0,0.0,1
0.30936363717307935,0.32235951578260713,0.14538579847389152,-0.13036153511930995,-0.06436536770055712,0.11318882581920912,0.0847042919856744,-0.07507924619718072,0.0,0.0,0.0,1
0.3096363728325599,0.3195849971682074,0.059861112215487226,0.026783110423196324,-0.05353520105252269,0.19260212919370137,0.1374165092812458,-0.13495289232507954,0.0,0.0,0.0,1
0.3064087354101882,0.2952120420116636,0.05546829159100692,-0.01927751128330277,-0.052010661702646156,0.17310393007473246,0.1403039105595951,-0.10138926614293549,0.0,0.0,0.0,1
0.2972225835068069,0.2913068783283083,0.07523107632688283,-0.03912955825129857,-0.06425412450854423,0.16223531847474756,0.13179346727748864,-0.09460856485319023,0.0,0.0,0.0,1
0.2683909529999804,0.29430766057107455,0.05657984147732545,-0.027200410364522445,-0.0496126610614756,0.1872234130659427,0.14959512348580933,-0.11257844122799913,0.0,0.0,0.0,1
0.2808468285936025,0.30559118497701815,0.11364374345513358,-0.1089717317663536,-0.032249993834698634,0.1396016441300817,0.11464719341517786,-0.07965324906019075,0.0,0.0,0.0,1
0.25915851833435366,0.2858304000955861,0.23526994002662888,-0.23026537804464686,-0.048268005491105784,0.06517894943692934,-0.01665035355529627,-0.0630163564178811,0.0,0.0,0.0,1
0.26811759373960614,0.26851000144767323,0.24376344485253523,-0.23942579601818187,-0.04578105773608727,0.06758221056607325,-0.019720214153053767,-0.06464107315596454,0.0,0.0,0.0,1
0.2667191091303481,0.2772955804055475,0.2555003900020142,-0.2510198679728808,-0.0476390089533654,0.0526846307682535,0.005327403226093813,-0.05241458856133289,0.0,0.0,0.0,1
0.2597762253947092,0.2668225348379994,0.24799458552327827,-0.24240992050791427,-0.05233301910084367,0.06584951232824486,-0.0329809498358814,-0.056994870135747715,0.0,0.0,0.0,1
0.2596653770137908,0.3020774068090099,0.24646144315588983,-0.23752150104501454,-0.06577826011538362,0.10083756182932523,-0.019108765092886955,-0.09901044880368864,0.0,0.0,0.0,1
0.3096226198688143,0.2941289455551648,0.19106449191178304,-0.17773016691154625,-0.07012580009598259,0.09381075573072144,0.010023503464519135,-0.09327372228589283,0.0,0.0,0.0,1
0.2903857537893588,0.31266588016115887,0.11480968493310709,-0.08337857082490802,-0.07892577324065386,0.13554464736883517,0.0855210443488161,-0.10515941424251901,0.0,0.0,0.0,1
0.3033801576456091,0.3130642877897735,0.0969965571791954,-0.07233030893198061,-0.06462707261218914,0.195303841945039,0.15989872317851536,-0.11214271712587175,0.0,0.0,0.0,1
0.3456687298176773,0.30303445199900403,0.0791417251536748,-0.041558050047585324,-0.0673523654858699,0.20322805427317667,0.16543904885169944,-0.11803204293202015,0.0,0.0,0.0,1
0.3045573176146629,0.3047007990385699,0.11900137966548918,-0.09917463703101917,-0.06577020398368477,0.1376277762615448,0.08955202723703123,-0.10450760362976391,0.0,0.0,0.0,1
0.2855511897260761,0.27820789700167037,0.09059894843163352,-0.06163976923183961,-0.06639810468652964,0.14810791855140787,0.1110244699964478,-0.09802817247933539,0.0,0.0,0.0,1
0.3182786307333111,0.2883416399385569,0.1340922857918684,-0.12660047510278075,-0.044193447621093236,0.10005062599724361,0.04714915129091168,-0.08824446325400274,0.0,0.0,0.0,1
0.3134907676486527,0.28874745749857944,0.13617909784817833,-0.12347070992810188,-0.05744328055216069,0.12222134499876779,0.07864225713749638,-0.09355988758879373,0.0,0.0,0.0,1
0.30740003902109053,0.31083817557695853,0.14074989480142666,-0.1284641425368766,-0.0575108421854325,0.11440007634763828,0.07475810959427892,-0.08659447163783177,0.0,0.0,0.0,1
0.3175649746632591,0.29490559101849817,0.16859873487179555,-0.15846641098168582,-0.05756674379321319,0.08757192232423555,0.0318477558303496,-0.08157549894504096,0.0,0.0,0.0,1
0.25426277869010644,0.2779960592541946,0.1525521058994965,-0.142022586149891,-0.05569317765820152,0.16093249647315158,0.12811900030186588,-0.09738988747673674,0.0,0.0,0.0,1
0.34545699953250497,0.29257451726033673,0.14273924994875392,-0.13002993003314064,-0.058878780316081625,0.13568094522875707,0.09007302413789865,-0.10147004100138378,0.0,0.0,0.0,1
0.2970731142075147,0.30551868425920764,0.14940768328776544,-0.12898679761200718,-0.07539934924928944,0.13852728288375885,0.10254800396822461,-0.09313278147510644,0.0,0.0,0.0,1
0.30582363633548876,0.32208119924785894,0.13689125673371672,-0.12615485263543672,-0.053142914171765095,0.12157582624416086,0.07085981796115902,-0.09879052447204537,0.0,0.0,0.0,1
0.3045331740064679,0.30931705909507,0.12731087851455394,-0.1179690606552218,-0.04786815764443118,0.1188658431750259,0.07599781240974832,-0.0913970523739281,0.0,0.0,0.0,1
0.3023689788402768,0.31652557317888935,0.1462119492102369,-0.1297677522999566,-0.06736664274605052,0.14665532740207343,0.10942464067984725,-0.0976423733196591,0.0,0.0,0.0,1
0.030394393745125526,0.06927842537104942,0.05066879460731976,-0.04590521731474059,0.021448491094834536,0.14073636318281338,0.135973628020681,-0.03630284293024751,0.0,0.0,0.0,0
0.14152316028027986,0.1674868678638171,0.03183063246482401,-0.031467197334431235,0.004796316818838417,0.15893418279442956,0.14504813144948825,-0.0649701009968826,0.0,0.0,0.0,0
0.22824647887632163,0.23839955029487186,0.09970321749921653,-0.09680879252087787,-0.023849303351370577,0.16700772468395678,0.15079805669336577,-0.07177413323486918,0.0,0.0,0.0,0
0.20986906177327513,0.2161733722331148,0.1052488710464513,-0.10468170082841452,-0.010911753673120066,0.16831977170948553,0.14859846702147653,-0.07905720174152685,0.0,0.0,0.0,0
0.192103277892655,0.24876815027937066,0.08197151542613475,-0.08179840600426198,-0.005324482737221016,0.1472214573823363,0.12761308383873696,-0.07341020601351392,0.0,0.0,0.0,0
0.20207631798741904,0.24515751114523074,0.14521156500303797,-0.14432804606852848,-0.015994177961753776,0.1504939612755119,0.1336929415189072,-0.06909869585178385,0.0,0.0,0.0,0
0.049727153143041755,0.06556567072841203,0.10205667162445131,-0.09950227507670291,0.022690559217904523,0.09807593530987214,0.09324169268346329,-0.030411771280686926,0.0,0.0,0.0,0
0.04611356418040321,0.04238276368940516,0.11892210631549847,-0.11457258755457779,0.03186831579427014,0.1676143539200778,0.16654076844740276,-0.01894054077880803,0.0,0.0,0.0,0
0.03247264918042487,0.05060148449197258,0.08985668745734522,-0.08537040240151281,0.02803780794945997,0.10083214026185117,0.09900253600284407,-0.019121149933808673,0.0,0.0,0.0,0
0.03699972819536871,0.08225409355974844,0.11615727044735862,-0.11308597910331379,0.026534370315228623,0.028394261032156125,0.025620956713386694,-0.012239307033201892,0.0,0.0,0.0,0
0.07248449920139603,0.1255678922404073,0.1364080157050936,-0.13572339016426427,0.013649472917294611,0.05075181499447966,0.03896275439827312,-0.03252153893858251,0.0,0.0,0.0,0
0.3010348996204477,0.31714656792336177,0.1538542134952116,-0.15008134956560643,-0.03386307019152868,0.09659359440882209,0.039586312053519465,-0.08810928656400191,0.0,0.0,0.0,1
0.31682464726702286,0.3085176033089636,0.15667035385168945,-0.15085245036168013,-0.04229820322295522,0.0957830549016962,0.0584813220773893,-0.07585729084525764,0.0,0.0,0.0,1
0.24141758976141614,0.23390855286459594,0.15164285843641592,-0.14010944053392116,-0.05800776834216679,0.11303112409818028,0.08567427289686162,-0.07372892226590805,0.0,0.0,0.0,1
0.33239703127205267,0.31052805288962193,0.10519327563029839,-0.07295273154418638,-0.07578604223782769,0.14130567802037264,0.087579377251181,-0.11089250344857644,0.0,0.0,0.0,1
0.32927027067426523,0.2980719397003081,0.08877367043798937,0.03316515725233639,-0.0823458372199867,0.2193510735151116,0.19769127105817924,-0.09504238422742449,0.0,0.0,0.0,1
0.288640724150593,0.31631453467595144,0.07988485587089422,-0.062400361317480814,-0.04987770148033474,0.12059508421198108,0.0802010232303633,-0.09006092498357729,0.0,0.0,0.0,1
0.3071506942660344,0.295741056300955,0.20101549605133986,-0.19309274212594818,-0.05587864163567608,0.05520716949729421,-0.005655677705357269,-0.05491670851021661,0.0,0.0,0.0,1
0.30814234240179283,0.30110489400571455,0.20388804486392823,-0.19897997909675286,-0.044466872580506446,0.08566844631957685,0.01119588437654262,-0.08493370866644943,0.0,0.0,0.0,1
0.3110331079753591,0.29143575788470005,0.13479855349962125,-0.11092666422778687,-0.0765893281657835,0.12721068422956183,0.09307271141380238,-0.08671809829693193,0.0,0.0,0.0,1
0.3482144033598068,0.31482455490053074,0.0777036005909626,-0.0032175463875835897,-0.07763695601994962,0.18572080298566418,0.16745871104742488,-0.0803106266690464,0.0,0.0,0.0,1
0.34651816576672867,0.32007862028051587,0.07633364606751314,-0.029818889352289487,-0.07026848055676371,0.11487297895653296,0.09340815578677945,-0.06686342592823677,0.0,0.0,0.0,1
0.3303007819008323,0.3064893823153153,0.10079004267814337,-0.06631274849247207,-0.075902912265842,0.1447834774969805,0.11137988790585736,-0.0925028428006259,0.0,0.0,0.0,1
0.30861508977154095,0.29743674350637817,0.08069055014456354,-0.047527234222829416,-0.06520833451147666,0.12967957914335335,0.09506210966938106,-0.08820424339000824,0.0,0.0,0.0,1
0.32833747798978613,0.31424474816647896,0.13140209205062933,-0.1240083776037292,-0.043456093696661036,0.10478866627868572,0.057928743869383834,-0.08732081775946152,0.0,0.0,0.0,1
0.21954209920820206,0.1983018386074494,0.3256452942823998,-0.3054785896527525,0.11281705966756994,0.6268023333930821,0.6267909489060449,-0.003777766069007414,0.0,0.0,0.0,1
0.18063627117954753,0.2510155573713371,0.5511462628519562,-0.5503521041871124,0.029576417506103184,0.4403611038827173,0.2324698939648136,-0.3739995323697527,0.0,0.0,0.0,1
0.23381818515305922,0.23597929233864023,0.19375104001485594,-0.17454608561271515,-0.0841018995274008,0.6785518696694255,-0.6468528513721495,-0.20497323850589103,0.0,0.0,0.0,1
0.07977952692364082,0.07921974562816453,0.09470559195458712,-0.08476655126639221,-0.0422348308138065,0.28342578069980356,0.2727069651842767,0.07720805855139003,0.0,0.0,0.0,1
0.0646034787069737,0.17556483097900857,0.06429969447887122,0.05569896527390121,0.03212593932467861,0.1889546422684843,0.17837374826261151,0.06234310519662435,0.0,0.0,0.0,1
0.10466193742620782,0.2196041556098486,0.11797849748625043,0.11667420577549378,0.0174944441400958,0.3095728601696181,0.3036002207800666,0.06051662330213674,0.0,0.0,0.0,1
0.04022581486451569,0.20675295134543265,0.07969971673992972,-0.07967290389143994,-0.0020671801881812116,0.03388328101901281,0.03136759045554291,-0.012812142741428043,0.0,0.0,0.0,1
0.26196109057465816,0.25467189622604364,0.1289883561046371,-0.12861887033572159,0.009756136742559016,0.07305835445612462,0.06048483662969689,-0.04097691659600097,0.0,0.0,0.0,1
0.3252213324337491,0.27268297113908857,0.09096198072950942,-0.08384464794644422,-0.03527260904685772,0.14520035169335813,0.11219135333528334,-0.09217506370311056,0.0,0.0,0.0,1
0.27641817475811864,0.40856292049673054,0.09422457834424136,-0.07346089474324154,-0.05900650902800865,0.1400551415775305,0.12747043922491116,-0.05802352803915272,0.0,0.0,0.0,0
0.2696573044182947,0.3816519106330553,0.06649250835396596,-0.04990130148733519,-0.04394443966046572,0.1767137647404402,0.16562178294067176,-0.061621259840193655,0.0,0.0,0.0,0
0.28895343261119416,0.4496700239044475,0.2301452507868396,0.22409594844827915,-0.052419865974680846,0.4605402408681764,0.4396208999091185,-0.13722528127868688,0.0,0.0,0.0,0
0.28365114087116505,0.4463296483880465,0.08046989897738097,0.06528641905935591,-0.047043470618525464,0.23893277970113064,0.2017360103437677,-0.1280291191342355,0.0,0.0,0.0,0
0.3138218911827746,0.4522958752668121,0.1334494050141685,-0.08382720181610044,-0.10383517676740547,0.10733754661364833,0.0830987303015603,-0.0679407825632416,0.0,0.0,0.0,0
0.2807746372827416,0.4047838788043863,0.17611077866415573,-0.13916075021821997,-0.10793188574465584,0.06459458600900672,0.039463714729711184,-0.051137811464775695,0.0,0.0,0.0,0
0.2720405049384032,0.3614341936289129,0.1900047890014491,-0.15801798983277385,-0.1055089320043312,0.0813201882088795,-0.04432607662117092,-0.06817750319351441,0.0,0.0,0.0,0
0.2541629177499676,0.2870551582746579,0.4464565983822539,-0.44070212373042594,-0.07145020908678659,0.30902637359638924,-0.2560554759439135,-0.173011250551145,0.0,0.0,0.0,0
0.30147497066759255,0.27835751323408464,0.3280030844608773,-0.3237024565282528,-0.052940939294878406,0.2360110089488473,-0.17027749855431715,-0.16342206041761131,0.0,0.0,0.0,0
0.3105886231206591,0.26922856295289055,0.5022266988704266,-0.4308458334226225,0.258076587238463,0.40940231084323003,-0.404863794532249,-0.06079111777822158,0.0,0.0,0.0,0
0.16554707867633542,0.22792971556019745,0.44597801849086766,-0.3960978708414613,0.20494601653094335,0.3935669121387367,0.3784321957662147,-0.1080924952898278,0.0,0.0,0.0,0
0.14213162356672535,0.12836770952557053,0.18283925296582215,-0.14389042798528529,0.11280840908066801,0.13394458337741783,0.11951903923110412,-0.06046776560634462,0.0,0.0,0.0,0
0.1678134180548757,0.20645900120683847,0.09893358560611434,-0.06759485754096733,0.07224119043107392,0.2810407005369632,0.2805515504515097,0.01657416355539577,0.0,0.0,0.0,0
0.16093910633629482,0.21475822232116548,0.09797535589021354,0.0940787828642056,0.027356040952660875,0.21991774099582634,0.05068585014951522,-0.2139970967077083,0.0,0.0,0.0,0
0.09936743349952028,0.21837436051250927,0.1037910562376094,0.10350389581464792,-0.007715368177158415,0.6536017515431674,-0.07786406265568988,-0.6489471760991391,0.0,0.0,0.0,0
0.20489567039779719,0.35863402276480916,0.3233033665663148,-0.3224688210361025,-0.023214786079114178,1.6782883516860854,1.6558956417791524,0.2732424105844584,0.0,0.0,0.0,0
0.15787054776730702,0.43075735293308126,0.05224008733304697,0.012087536683353727,0.05082241809962364,1.7064177500648807,1.5534285810339052,0.7062019409230454,0.0,0.0,0.0,0
0.16304194737015146,0.4057219421833835,0.47152814753788447,-0.47099442020392274,-0.022428777436132915,1.3360884279761986,1.2782573152541272,0.38883225608380323,0.0,0.0,0.0,0
0.22035880758719145,0.372132787783926,0.3357852326025035,-0.33546645982278606,-0.014627944759412394,1.1374948456800944,1.0466387686467467,0.4454680818132811,0.0,0.0,0.0,0
0.1305106897681993,0.3989502440952321,0.3180059291586321,-0.31662552157226764,0.029598143001451326,1.4634910458505888,1.4326899248999037,0.29867309951711135,0.0,0.0,0.0,0
0.2660819380094427,0.5936041263972288,0.46051683468599924,-0.4603704964623216,0.011608661259916256,1.4515237762755733,1.3647588501835133,0.4943223178646459,0.0,0.0,0.0,0
0.20769359722135924,0.5563700685116778,0.15454870862618042,-0.13463393884173946,0.07588811402307197,1.494287903672214,1.3321517684480464,0.6769549504079597,0.0,0.0,0.0,0
0.162869221134408,0.511894175799589,0.27889816307345533,-0.2779958244226697,0.022416667221241436,1.6603966015447829,1.3546336008950013,0.9601482602951,0.0,0.0,0.0,0
0.22199223704904347,0.768314144127875,0.09497980633624527,-0.08896147256271801,-0.033271910241875605,1.4331425722281,1.211829114016353,0.7650933477392908,0.0,0.0,0.0,0
0.21669642583337853,0.6405493453711212,0.050736033619991565,-0.047919446599254144,0.0166694854482718,1.9410036596211393,1.60256341793723,1.0951190337821726,0.0,0.0,0.0,0
0.3025250279478449,0.5838143779434799,0.13334360631342443,-0.13259397699128575,-0.01411929921433461,1.506976706102968,1.5057119830765355,0.061726953243115626,0.0,0.0,0.0,0
0.2857255384515624,0.49677463375286246,0.35187018371203677,-0.34574839878973757,-0.06535037046471201,1.510615789359434,1.509441270145777,0.05955766149480985,0.0,0.0,0.0,0
0.2617328811057385,0.41599248945377015,0.47914903201666115,-0.4714500382206397,-0.08554914578334905,1.475523260957121,1.4300377568061151,0.36353941702994175,0.0,0.0,0.0,0
0.15494696763997404,0.22855649602247274,0.22846677375784263,-0.22688669657030192,0.02682337843622616,0.6152988568760761,0.6000390021081817,0.13618325602666242,0.0,0.0,0.0,0
0.2333173447497048,0.264747370169158,0.11397700867482906,-0.11300564092447941,0.014848691043646872,0.8393018571111894,0.8335897167271362,-0.09775372891641623,0.0,0.0,0.0,0
0.07438002382469705,0.19183062450004593,0.10126059175779169,-0.10019250778362822,0.014668634127475806,0.1966866186382236,0.19555417340303466,0.02107584437202574,0.0,0.0,0.0,0
0.30470575180926085,0.28942648905795315,0.073974889516383,-0.06259330358762352,-0.03942540583112198,0.12709185738707648,0.11309784211990885,-0.05797601505723865,0.0,0.0,0.0,1
0.291458248307333,0.2841553992844926,0.07604645005089726,-0.016137151255894606,-0.07431456731144973,0.17895932510338003,0.1602737028029529,-0.07961645703802703,0.0,0.0,0.0,1
0.2854452440571801,0.29077852785841185,0.09383168997137491,-0.06763092269535124,-0.06504186604226268,0.1530578485066104,0.12738410853476861,-0.0848527776933365,0.0,0.0,0.0,1
0.32323188205581155,0.3181970077809209,0.09170796536443648,-0.0879690629371484,-0.025919006100634003,0.13065500782718362,0.11492204842131766,-0.0621582967669621,0.0,0.0,0.0,1
0.3142821253449537,0.30626274088946664,0.08857618016607566,-0.06738245724462696,-0.0574921224907301,0.13422861841682915,0.12093543053187751,-0.058240395295363116,0.0,0.0,0.0,1
0.3076904771781175,0.3086457870420445,0.09752845235662935,-0.0722851255648307,-0.06547258694412479,0.13621381831054752,0.11203171023948684,-0.07747967604187894,0.0,0.0,0.0,1
0.295739377377455,0.3063362443542759,0.15322222985380773,-0.13904725568983467,-0.06436545973189992,0.0604881577633171,0.016997436668734628,-0.05805087748081242,0.0,0.0,0.0,1
0.3006035830954961,0.27851015046850314,0.21513725241381804,-0.20821006888728866,-0.05415352795633323,0.07134806863033402,-0.06414312331621656,-0.031244305537481403,0.0,0.0,0.0,1
0.30801429933404445,0.2623197531773615,0.2068730482152759,-0.20191650562566565,-0.04501314067914394,0.03202100572181103,-0.012307721324160066,-0.029561204360497056,0.0,0.0,0.0,1
0.28908741037067165,0.2746751713116338,0.19976140881607216,-0.19435468707365067,-0.04616141315736826,0.04212205671435208,0.023857709523777818,-0.034714224146970854,0.0,0.0,0.0,1
0.2706378425084292,0.29273929065430954,0.0933262730685507,-0.07668911254311346,-0.05318433286425025,0.11444794256588108,0.10262909990562648,-0.05065174636796004,0.0,0.0,0.0,1
0.2694562955628916,0.30616319039271256,0.08119700978410957,-0.06798540041215968,-0.044395266962584015,0.14173264817009248,0.13247616428530057,-0.05038064562469674,0.0,0.0,0.0,1
0.25120883518247045,0.30438921168253175,0.06579923600064552,-0.05565681757346654,-0.03509783634161105,0.14018251267559803,0.13108087632567084,-0.04968843649923379,0.0,0.0,0.0,1
0.26551955528192855,0.30887357351026007,0.16268125028700905,-0.1539358074444948,-0.052620874007905806,0.08206193124325245,0.06646598869435859,-0.04812933519438729,0.0,0.0,0.0,1
0.27437343500614925,0.2651006079950833,0.19590542283809304,-0.1912071140385248,-0.042647089448526194,0.04210253777628591,-0.027715688730632144,-0.03169328454720798,0.0,0.0,0.0,1
0.236784836677322,0.24000694908977185,0.21841447711348036,-0.21507255618825896,-0.03806152108630487,0.023051954410282044,-0.00955282746681375,-0.020979420619335765,0.0,0.0,0.0,1
0.24856687139686706,0.25149888978399326,0.2449712150025189,-0.2358536260288406,-0.06621150405222741,0.05850228119354889,-0.04605978386259812,-0.036069560787176345,0.0,0.0,0.0,1
0.2843421465322111,0.2778709899155701,0.23088427100373266,-0.22431654305097354,-0.05467755582124897,0.07248035463128687,-0.053423771098034416,-0.048982675397960154,0.0,0.0,0.0,1
0.2703527064149125,0.3010812662482109,0.10663567784103269,-0.08851745094884897,-0.05946283432644821,0.09427027598819587,0.08240324147933681,-0.045788543639088644,0.0,0.0,0.0,1
0.28814578671591295,0.30276087956369624,0.11792890237002887,-0.09669316729296562,-0.06751042447692328,0.06779920972425679,0.0550863755408406,-0.03952498031634216,0.0,0.0,0.0,1
0.2925684743780253,0.3036276211951689,0.07340860076554227,-0.04481137258925622,-0.05814433379979196,0.09664012239788385,0.08875589978878767,-0.03823223129455889,0.0,0.0,0.0,1
0.2783952479477733,0.2972992249052424,0.12740098675078573,-0.10560989072870426,-0.07125701653412823,0.12306305805269621,0.09805637050907619,-0.0743603688793167,0.0,0.0,0.0,1
0.25167663916884464,0.2670392042604149,0.21358023128060602,-0.21067719785732697,-0.035094636297614785,0.06788188905776446,0.06247339879630924,-0.02655231260903555,0.0,0.0,0.0,1
0.25086917821999083,0.24075507675901778,0.10947682601826984,-0.10348636170273741,-0.03571761997340711,0.10603147881663832,0.09536847819519591,-0.04634142711198766,0.0,0.0,0.0,1
0.1180084146956805,0.2028216573321588,0.08925435234294933,-0.08821078556277534,-0.013608700252316945,0.11869530319480705,0.1093577455576337,-0.046146056029297035,0.0,0.0,0.0,0
0.021733307451566476,0.07492499858675235,0.0989574626390099,-0.0805924604670114,0.05742329429616734,0.20656778098454764,0.20650065091432335,0.0052658629720885265,0.0,0.0,0.0,0
0.11999550730126186,0.13789540578383702,0.066338986641218,0.027280018503448394,0.060470337679189565,0.11127572557131608,0.09625252395514833,0.05583671492563335,0.0,0.0,0.0,0
0.010786076030616756,0.05502769433972924,0.02514419768471403,-0.000685753853776133,0.02513484471525554,0.08524357235004244,0.08442710395963231,0.011769908410279103,0.0,0.0,0.0,0
0.019209673447174697,0.061189783244259145,0.11002689628085792,-0.10418640778120111,0.0353710381364181,0.09236454825077013,0.09223772983550386,-0.00483848823099183,0.0,0.0,0.0,0
0.04378303825194633,0.06994428658285068,0.030422732636135177,-0.030375643148380094,0.001692029660506482,0.09817836492768768,0.09785773700253617,0.007928092369333133,0.0,0.0,0.0,0
0.036682805261528846,0.07832508601949438,0.05843333833008358,-0.056560761566397666,0.014674306778418085,0.060349185520855754,0.060097038983052915,0.0055109072302193815,0.0,0.0,0.0,0
0.061045858624422994,0.06421950054469913,0.05143232787604507,-0.05118768355030336,0.005010529263760985,0.11695208461534566,0.1158276711924074,-0.016178401713968213,0.0,0.0,0.0,0
0.015021480432527195,0.0768455465077349,0.05574793650217123,-0.04476717139655482,0.033222474161350476,0.14911957655734145,0.14907667922405782,0.003576565974253511,0.0,0.0,0.0,0
0.03246326530002451,0.0793073272516146,0.16888011494028526,-0.16255789100060886,0.04577581562002062,0.11231734546678095,0.11063150613573336,0.019387004483504163,0.0,0.0,0.0,0
0.017050204242705525,0.07552649446361291,0.12528134066519964,-0.12291052467765562,0.024257313172179804,0.12614096252805382,0.1247347546991198,0.018782529053732133,0.0,0.0,0.0,0
0.025774301339169386,0.06562639622013294,0.068555527863896,-0.06834349655841768,0.005387659869272827,0.0487269700106372,0.013520715002935403,0.046813543683713314,0.0,0.0,0.0,0
0.02908140324043206,0.03793002483537618,0.0717004767847527,-0.07118943969429395,0.008545293861146478,0.02711293514499658,0.024005252850982088,0.012603931439721768,0.0,0.0,0.0,0
0.029730369968491367,0.06371419074069938,0.1281982658646604,-0.1161687740771337,0.05421818237567563,0.11887823365735622,0.11734561127498315,0.01902740003241458,0.0,0.0,0.0,0
0.024169637782229064,0.051119363657325625,0.06942182475340616,-0.061128796776784386,-0.03290379851499263,0.20522980000554472,0.20511177906418712,-0.006959087543634847,0.0,0.0,0.0,0
0.04195343666423058,0.05240052727377221,0.058743860840329884,-0.05863722741404066,0.0035379015845724646,0.17198021436675578,0.17191147277534138,0.004862063538080167,0.0,0.0,0.0,0
0.026961909870187626,0.041321062139146984,0.07091850923603338,-0.029321460780337618,0.06457311274801979,0.17319708172853737,0.17279510274819063,0.011793285611901898,0.0,0.0,0.0,0
0.020988827974893126,0.04049760453788768,0.0987147771547528,-0.09733690500275444,0.016435758370007256,0.131511931758671,0.1294144724651347,0.023394070006482973,0.0,0.0,0.0,0
0.039177837780289555,0.026492609968389768,0.11241495672240379,-0.10983078020778124,0.023965020631119157,0.09820791740457355,0.09166293331156018,0.03525197437965722,0.0,0.0,0.0,0
0.01528817388689686,0.03683887888831278,0.10853200285430993,-0.10367286524215454,0.032111254351862475,0.18148145674904506,0.18140098702873156,0.005403799474211124,0.0,0.0,0.0,0
0.014434910790647296,0.038609326833650995,0.0547496437613179,-0.04284683578831013,0.03408331197112161,0.15342694467977994,0.1525707317888148,0.016186387960190198,0.0,0.0,0.0,0
0.0164230984564245,0.05433923312905337,0.09885827058552642,-0.08399052126693278,0.0521397161525652,0.13190890157345153,0.13000669114837324,0.022320810266789327,0.0,0.0,0.0,0
0.019496518791860477,0.04585970450297073,0.0984810771703194,-0.08364243204855781,0.05198524907729878,0.14532745752704712,0.14317153321475565,0.02493956672061109,0.0,0.0,0.0,0
0.05391274442803019,0.11329578722890148,0.14215188817367566,-0.14167206734584983,0.011669817706124555,0.11108163178496691,0.10775668489461007,-0.026974539486980777,0.0,0.0,0.0,0
0.1091033657897998,0.19767410275159042,0.13377351935486786,-0.13298463870799523,-0.014506562249243562,0.07719635027911198,-0.06299608143272241,-0.04461804814799902,0.0,0.0,0.0,1
0.2799254548123468,0.29129939192740406,0.15689599527127843,-0.1525973131219728,-0.036474831872396744,0.0616156686626573,0.035410097778599034,-0.050424355226977614,0.0,0.0,0.0,1
0.3044020127675653,0.29930412683310953,0.1185684585882308,-0.09031429424398688,-0.07682322322839336,0.13191204914162222,0.10369257112759252,-0.08153918936125697,0.0,0.0,0.0,1
0.30218745008237463,0.3040486960685536,0.10925116985277483,-0.08389661726083703,-0.06997982370932695,0.12395029886046802,0.08926438067202258,-0.08599736583663233,0.0,0.0,0.0,1
0.30519937025141974,0.3182261202553448,0.1563731529843242,-0.154051327693481,-0.026846813779936477,0.12659708002618114,0.08317006512097824,-0.09544401992229554,0.0,0.0,0.0,1
0.3079650975275043,0.29628402847229707,0.07023111080696064,-0.006688018288455946,-0.06991193987118983,0.14156966443798177,0.11354282896583259,-0.08455764826151711,0.0,0.0,0.0,1
0.3115561909263888,0.31982603822160427,0.08715653113860769,-0.041471515527105,-0.07665751313472269,0.1354599034716207,0.1006328044009463,-0.09067758337616683,0.0,0.0,0.0,1
0.3122145924847916,0.320167509329117,0.10578643559308004,-0.07868473458917104,-0.07070701873308323,0.14244296258418712,0.11473154216830844,-0.08441961159257842,0.0,0.0,0.0,1
0.30669424356467684,0.28600882237334707,0.08427801094510182,-0.0069488687808866465,-0.08399104923459834,0.20619666574377266,0.18228511638504555,-0.09638050273960759,0.0,0.0,0.0,1
0.2938401922570534,0.30767457956732036,0.06631918995532175,0.018165812489993667,-0.06378274228118794,0.20058570831538794,0.1816440580144096,-0.08508855721214037,0.0,0.0,0.0,1
0.2612188617780938,0.2715682662192274,0.048566890160954106,0.029232146152168115,-0.038784332548652475,0.2003692468828106,0.188366947223361,-0.06830613654816257,0.0,0.0,0.0,1
0.2753928081778427,0.2898742487141892,0.05947322199564016,0.017844754101782018,-0.056732961191794225,0.18310567787692167,0.17639771918992864,-0.049107371497139646,0.0,0.0,0.0,1
0.2707835899943135,0.28904567873182885,0.04019324317951463,-0.007484902784070378,-0.03949016368161336,0.19856891393337464,0.18484795732061257,-0.07253169138436615,0.0,0.0,0.0,1
0.26644497565477415,0.29822207130507594,0.04564297423564569,-0.003925014285676519,-0.04547389756698949,0.163452239952874,0.15447831990258412,-0.05341426238081719,0.0,0.0,0.0,1
0.27450010870078034,0.28693036725445714,0.033157313913370484,0.00450138728303733,-0.03285034213639033,0.18596377078178272,0.17410668776307728,-0.06534053351136443,0.0,0.0,0.0,1
0.2750711510325628,0.28784340792131236,0.18226243651616464,-0.17568764141501905,-0.04851235326014015,0.09306362881019711,0.06945139718651952,-0.06194628670196835,0.0,0.0,0.0,1
0.26548402565384305,0.2853717722402871,0.22711654101100778,-0.22151495814697628,-0.05013029541054121,0.054066015229154565,-0.03471063660849273,-0.04145245118195469,0.0,0.0,0.0,1
0.2664541808868096,0.29804856119322054,0.24427792234312995,-0.24072963635755343,-0.04148428043773091,0.08407671576959945,-0.06988465449184135,-0.046744295921085054,0.0,0.0,0.0,1
0.24675083770150544,0.30362983574196767,0.24121243949500407,-0.23590409511833266,-0.05032592645477745,0.09556341064105907,-0.08626478282590054,-0.04111876332469029,0.0,0.0,0.0,1
0.2685532306039684,0.29039656386588975,0.2506373541601851,-0.24734853853321564,-0.04046954145898372,0.07806718400548399,-0.06942911855350699,-0.03569429527850587,0.0,0.0,0.0,1
0.28266534039649455,0.2608089593083429,0.22707402236662838,-0.21934368010431224,-0.0587448860076958,0.10370759424734823,-0.07606458029754219,-0.0704942886249047,0.0,0.0,0.0,1
0.3034390342972067,0.2779579512436867,0.19720584983663184,-0.1931049391374377,-0.04000787035715178,0.0841837705264403,-0.0108281960701701,-0.08348447394524512,0.0,0.0,0.0,1
0.3084273329811191,0.2967290327015485,0.1953077579425105,-0.19054895590583762,-0.042851087684275105,0.07940948606042647,-0.032936641355587576,-0.07225679298581182,0.0,0.0,0.0,1
0.28692202220386304,0.28513547264833733,0.1511891859640903,-0.13626530165065506,-0.0654976146019095,0.11798507467977365,0.07040007746224249,-0.09468002397814453,0.0,0.0,0.0,1
0.3117095626459506,0.2987883040562316,0.0981576048925291,-0.041464073389075685,-0.08896991635504217,0.19795875482608472,0.16487018978209012,-0.10956956298859416,0.0,0.0,0.0,1
0.26965655738320393,0.26732876909094266,0.08713210831809391,0.02389169213162077,-0.08379254947215713,0.22386148780218895,0.20545288845280868,-0.08889924829495104,0.0,0.0,0.0,1
0.22440106211304708,0.19915540589032638,0.02264460148216068,0.010201043748290383,-0.02021674263404813,0.21385243186670116,0.19423865960470785,-0.08946622675774638,0.0,0.0,0.0,1
0.28352115869239247,0.2878468943968316,0.08388465015704828,-0.0007902587748815845,-0.08388092764770251,0.19013631717193655,0.17557721007270077,-0.07296891400311477,0.0,0.0,0.0,1
0.3085046313455532,0.2878562744583368,0.08001946783525414,-0.009199778310159248,-0.07948886281537304,0.1785529987964563,0.15102186842388585,-0.09525528141245415,0.0,0.0,0.0,1
0.2759108957538461,0.3159713323932762,0.08150893164522864,-0.018925704567050457,-0.07928129441796017,0.1812214356613755,0.15379986927525413,-0.0958478427200362,0.0,0.0,0.0,1
0.29617509304126666,0.2976394134536104,0.09587684269050507,-0.05091420399132542,-0.08124107825619721,0.14592988536083334,0.11395138359001594,-0.09116256698528738,0.0,0.0,0.0,1
0.2884826088161216,0.3162758511029242,0.1963569142884813,-0.19284784194794014,-0.03695602312095121,0.06082228241745579,-0.016086997261150565,-0.05865627466510711,0.0,0.0,0.0,1
0.29789119295247846,0.308492975635718,0.2033666300089026,-0.19804879956666036,-0.046202372140212375,0.061055529262849004,0.008968701120398517,-0.060393211984291525,0.0,0.0,0.0,1
0.303517132602626,0.31239261517775413,0.21453718573668348,-0.20674846379366818,-0.057282429965692765,0.07215322802596824,0.017212238277628265,-0.07007015889836071,0.0,0.0,0.0,1
0.2874765402626456,0.3020320144715856,0.21578460850809003,-0.209886777274441,-0.05010526912749673,0.06635753183388302,0.01285949902116924,-0.06509957999871693,0.0,0.0,0.0,1
0.2941977507723851,0.31080747280803545,0.22170402290456429,-0.21531431484297425,-0.052843349588837726,0.09137288953186663,0.043001284522201436,-0.0806219230162825,0.0,0.0,0.0,1
0.2854109023975866,0.3085455459619994,0.23413301371485096,-0.22796541702349435,-0.0533857354777744,0.06630562384087943,-0.04952445984837165,-0.044088134794468485,0.0,0.0,0.0,1
0.3178114837822645,0.32687520132359843,0.24059146289379868,-0.2325367427048731,-0.06173261139451147,0.11482346483499176,-0.08374229887669694,-0.07855988451849041,0.0,0.0,0.0,0
0.3372934070806956,0.33337043328457255,0.23605946526484858,-0.2306180717172588,-0.050392222996604716,0.16636537850586633,-0.1355564843105329,-0.09644624786257067,0.0,0.0,0.0,0
0.34171693109307427,0.3357552417274446,0.13726834818545028,-0.12829388924139326,-0.048818822157843285,0.1074385868729652,0.02583440220232467,-0.10428630596635502,0.0,0.0,0.0,0
0.36833063406223,0.3676916991230457,0.07068498428959057,-0.03709585736549677,-0.06016863277770555,0.15379861075943452,0.10509327081762114,-0.1122916608675203,0.0,0.0,0.0,0
0.3350514256245573,0.39235223429377963,0.11951332601284688,0.07896251575237573,-0.08971263122163366,0.16591192537189942,0.13508687702977107,-0.09632394632153642,0.0,0.0,0.0,0
0.3207627524512653,0.3868457629230902,0.12751508448321133,0.0967590769909784,-0.08305286142339972,0.21097310268173594,0.1913167832673408,-0.08892434141108749,0.0,0.0,0.0,0
0.28866279756945096,0.443357273057322,0.03270266024763179,0.022728864258914187,-0.023513032913086526,0.13994458526089934,0.1394477157487619,-0.0117822542960853,0.0,0.0,0.0,0
0.24134984366830448,0.37713939848965666,0.06687618497618932,-0.05696471286430598,-0.03503491979806234,0.11676604244950584,0.11598162133552463,-0.013511927386675036,0.0,0.0,0.0,0
0.053578567699070774,0.0775458920774626,0.05328808899454998,-0.010359532311975629,0.05227141206212256,0.11931819912021918,0.11634340302784288,0.026477258415349463,0.0,0.0,0.0,0
0.06335682387449465,0.04608093926569813,0.14940563797944434,-0.14878449200200014,0.013609540761963183,0.14548265885172104,0.12049255227051224,0.0815275957814538,0.0,0.0,0.0,0
0.04769518651115026,0.07850329441517853,0.02779779689310727,-0.02530885767536291,0.011496922861299368,0.10032560822531178,-0.012906312066024094,0.09949198346918785,0.0,0.0,0.0,0
0.05188164934073113,0.06438038535916271,0.03873207283105273,0.0333495667726013,0.019697204417626898,0.14036058870859522,0.12846281332340945,0.056554402619586434,0.0,0.0,0.0,0
0.0568594426663312,0.06474945596992365,0.007966819769573398,-0.007951872324942086,-0.00048779480182315686,0.0778215373653862,0.05885828412645636,0.0509106478803947,0.0,0.0,0.0,0
0.05198420098509835,0.06284019819400688,0.03994948243969061,0.03983153253284053,-0.0030675989445191143,0.12013587939164484,0.017174245730638388,0.11890195457092992,0.0,0.0,0.0,0
0.05300866891810592,0.0629031138420647,0.07148226322640588,0.06287455169355506,0.03400742132687585,0.12806639193200753,0.03136971781868938,0.12416497713308035,0.0,0.0,0.0,0
0.057802674695797654,0.06942533900968781,0.057947509874870747,0.05593254917364667,0.015148064022700736,0.14250885161998464,-0.10311872263827457,0.09836311214829165,0.0,0.0,0.0,0
0.03993612080238764,0.06339524879989598,0.029698155931567247,0.026911829610826384,0.012559215450557859,0.13138272869927373,-0.06375279294809522,0.11487820851573315,0.0,0.0,0.0,0
0.039983397824971005,0.06722023689020441,0.027179144060346338,0.0007123209423623898,0.027169808073082367,0.022338870260189173,-0.003767548108432495,0.022018871582172667,0.0,0.0,0.0,0
0.04382833318382055,0.04184299501506138,0.06503996838320485,-0.0637298472471559,0.01298861259497959,0.21771877712111137,0.2149570395081495,0.03456786190964112,0.0,0.0,0.0,0
0.1313018414088112,0.07384374917464404,0.16604494048670088,-0.16098918180829544,0.040662090476605225,0.12448274072619712,0.10205187381090858,0.07128371335998153,0.0,0.0,0.0,0
0.3343395484920783,0.2700640291341917,0.11562011778110845,-0.11082418229301982,0.03295470004113068,0.343469211808497,-0.34279769163058,-0.02146723254394794,0.0,0.0,0.0,0
0.3444704761899148,0.31949075510220665,0.3614029255984567,-0.3610418164108071,0.01615182447615989,0.18471569538699736,-0.1610097705731081,-0.09053033691695339,0.0,0.0,0.0,0
0.26942210333872635,0.44023125245431777,0.18688478494560615,-0.18486266376593585,0.027417483282168788,0.9740081620716895,0.9050981297008728,0.3598461829646834,0.0,0.0,0.0,0
0.2659018890413244,0.46971787673791915,0.40052607566994053,-0.395012241600097,-0.06623040297046005,0.8113191600209174,0.7536246213189105,0.3004807973215187,0.0,0.0,0.0,0
0.09598409443313267,0.2983425853306153,0.2025661933163458,0.20067267032883704,-0.027632264796231695,0.3088038179028321,0.29306166740668566,0.09733785002854052,0.0,0.0,0.0,0
0.25083471996075185,0.2906855470724589,0.11010279070032761,0.10388323784789127,-0.03648146672268807,0.37260041402322785,0.36173225112938057,-0.08933558654394982,0.0,0.0,0.0,0
0.306781179466185,0.3398042114766361,0.07868815527111453,-0.04468799931969786,-0.06476734128226752,0.12609448709226176,0.11759932609062286,-0.045499650307358565,0.0,0.0,0.0,1
0.3043076654070309,0.32364962309428136,0.08496322899594709,-0.07727245199082877,-0.03532305825863336,0.16089476141920428,0.13256692177609353,-0.09117639772964148,0.0,0.0,0.0,1
0.2935626287009245,0.32238099901154027,0.07856045509296951,-0.06519949435150647,-0.043826601975539406,0.14252011848043478,0.1158003434161914,-0.08307986901993344,0.0,0.0,0.0,1
0.28911311658066713,0.34912114968076896,0.0599482328206949,-0.019079866465200688,-0.05683088345252387,0.13816319008554923,0.12695992966291988,-0.05449993903301215,0.0,0.0,0.0,1
0.3281658450180956,0.32291972493805254,0.10234927302641829,-0.06716987190120632,-0.07722423193410112,0.11388718083180184,0.09750815125375509,-0.058842589991351946,0.0,0.0,0.0,1
0.32523762680779134,0.3193736628916049,0.10446976015540722,-0.08231771864517687,-0.06432514270471393,0.09604656200068352,0.04423086237576348,-0.08525592580957299,0.0,0.0,0.0,1
0.07594247519396446,0.14128191436652318,0.06451668186122217,-0.06451659072848505,-0.00010843963901874213,0.13981878270865175,0.13453415285091888,-0.038076944662285686,0.0,0.0,0.0,1
0.285366334061671,0.31528827162190204,0.12873342208562302,-0.11404384202945293,-0.059718473331427,0.1309673507417269,0.10037443477795711,-0.08412740221421405,0.0,0.0,0.0,1
0.2970866998588891,0.35010700504262715,0.12138910471332494,-0.10728514266715293,-0.05679095795979509,0.11018270148195512,0.08606492229884752,-0.06879721546367247,0.0,0.0,0.0,1
0.21239873086790553,0.25477208150494984,0.12273711922192937,-0.11283222588084864,-0.048304132718342635,0.13647185680809396,0.10249675577764511,-0.09010539803866735,0.0,0.0,0.0,1
0.059455439143869866,0.11077836760398664,0.10060375859093004,-0.09971088551592798,0.01337368880494958,0.1301127774879433,0.12271298369240266,-0.04325342181764549,0.0,0.0,0.0,1
0.04153921032545815,0.08612428977214157,0.06546912840115171,-0.056092503303362344,0.03376148466475926,0.14498482322466585,0.14251396754500684,-0.026652730067824974,0.0,0.0,0.0,1
0.019424089698008545,0.06688332929192822,0.06638522366181933,-0.047306263637161276,0.04657376237025703,0.13633479966485185,0.13435676854801584,-0.023139497509457426,0.0,0.0,0.0,1
0.030558379082467977,0.050604204315783524,0.0989400349826842,-0.09209927373691114,0.03615043982454822,0.06272370263156718,0.040924667761527554,-0.04753350860626485,0.0,0.0,0.0,0
0.057286679139013606,0.05717506234821924,0.04121011202042115,-0.005675359807186283,0.04081744264153052,0.10340044466736208,0.10214189137012475,-0.01608371800119117,0.0,0.0,0.0,0
0.03004261979787106,0.06300473156406985,0.08190150881066387,-0.0718699241130455,0.03927557960677769,0.030728428048932537,0.030546976293990728,0.003334445928905212,0.0,0.0,0.0,0
0.019711340503454147,0.031529656133130156,0.09916013807337944,-0.059026919126818594,0.07967782502759278,0.11080867102197026,0.1091312968075162,-0.01920733273427194,0.0,0.0,0.0,0
0.036879976793402575,0.07600385685594985,0.11599506667818113,-0.09555406163230734,0.06575923356643458,0.10332655852626667,0.10314068768033009,-0.006194856068595562,0.0,0.0,0.0,0
0.04025277992925386,0.03706691431770386,0.08642711941586136,-0.07774317415194126,0.03775772561085336,0.1536554037341551,0.15314815176514635,-0.012475043391744566,0.0,0.0,0.0,0
0.021416160325696054,0.034570494821787846,0.06426672180080101,-0.055321591740319496,0.03270677327923017,0.0850988205234643,0.08506540474564232,0.0023845691319067408,0.0,0.0,0.0,0
0.037594129395325464,0.03991024232781164,0.07504594730446931,-0.06055895323313386,0.04432276379167135,0.1255343284587852,0.12409042003399524,-0.01898513306207781,0.0,0.0,0.0,0
0.022969710319428793,0.040455585689945374,0.13492586203028292,-0.12173194269479062,0.05819211606710279,0.11623218150849696,0.11623143568424939,0.0004163856414175513,0.0,0.0,0.0,0
0.02590422401627732,0.04943881420313475,0.13126458810497438,-0.12161228821994469,0.049404892918391,0.06467214648970572,0.05983206976260571,0.024548115192589443,0.0,0.0,0.0,0
0.03336767760950611,0.031173420121087685,0.10422832080399728,-0.08366787471659823,0.062154883943489087,0.12327232808547896,0.12263654338707682,-0.012503803328731198,0.0,0.0,0.0,0
0.022582872950054043,0.056142305514413834,0.09104992285485371,-0.07159197466232764,0.056255467430494685,0.11037127975092277,0.10734554441177539,-0.025666193500322832,0.0,0.0,0.0,0
0.024028857639331862,0.05039198472870866,0.11197437889927944,-0.09710940766972657,0.05574965893989167,0.15469755516931688,0.1512326223456298,-0.032558063729711324,0.0,0.0,0.0,0
0.027887313127831354,0.018876865331029086,0.1181960216611916,-0.10439390726507242,0.055427535237139454,0.12321728950846682,0.11903206035192695,-0.03184131030891394,0.0,0.0,0.0,0
0.03100578502755746,0.0441620943187565,0.08943050218484842,-0.07344533506720016,0.05102545911504252,0.13816937959274053,0.1326387653429136,-0.03870058636959295,0.0,0.0,0.0,0
0.020155538973066836,0.05814595711538426,0.12595449785397664,-0.11751369339913743,0.04533285114948019,0.16637644703119914,0.16526963637463468,-0.019159055804539197,0.0,0.0,0.0,0
0.06694935194401261,0.05639323601117454,0.08681344888494129,-0.08355211499917366,0.023571571573893266,0.1998930939707359,0.19969986265518827,0.008787142464555519,0.0,0.0,0.0,0
0.06453896510550274,0.03168270761750306,0.09666234873176943,-0.08912172403081532,0.03742897230912711,0.1418535330623916,0.1034625553742145,0.09704599155926343,0.0,0.0,0.0,0
0.5149254131943372,0.2762082468959583,0.03179150068040992,0.02429684779482323,-0.02050274866323289,0.33811313436816026,-0.33748006480012943,-0.020680848501984275,0.0,0.0,0.0,1
0.7160499589143994,0.2733352756414273,0.1428701134136671,-0.12793446293419802,-0.06359750388633512,0.34631421568854653,-0.3461541015792974,-0.010529669880989566,0.0,0.0,0.0,1
0.6497903182882997,0.28691268283037347,0.6293276836875014,-0.6275002626003078,0.04792446026843298,0.5049958536101553,-0.5032028390704703,-0.04251723079961736,0.0,0.0,0.0,1
0.5496172750872828,0.29121529788240536,0.512605218669984,-0.5050509652290993,-0.08767914648796087,0.5034736775659738,-0.501119208909238,-0.04863416971621594,0.0,0.0,0.0,1
0.5190064924094059,0.2813280581856706,0.5329313179656402,-0.5183288568774501,-0.1238990952215152,0.5655648250196663,-0.5653699582030737,-0.014845257188088132,0.0,0.0,0.0,1
0.5300956147157255,0.27963016199783797,0.6018056306041314,-0.5930859075288302,-0.10207410698869816,0.5183482238210144,-0.5176542513373197,-0.02681337745976071,0.0,0.0,0.0,1
0.32157693287114775,0.35497461541231434,0.048332005776564324,-0.01001278132724753,-0.04728347483506866,0.11754308882664331,0.11586630846936989,-0.01978323261221441,0.0,0.0,0.0,1
0.3380556752457929,0.3940387633714992,0.12251855834451847,-0.1137304062628264,-0.045565248052782836,0.06897252028145023,0.05724993389189317,-0.03846626604375483,0.0,0.0,0.0,1
0.3151658815413377,0.37241827741576017,0.10177360020352456,-0.0856877745992373,-0.05491330424056777,0.09888663988770809,0.05386393673280561,-0.08292914968770375,0.0,0.0,0.0,1
0.3141406368766849,0.3711243464069044,0.10784835612743883,-0.09153797612664032,-0.05702689581267334,0.11113583544275957,0.06525899733878184,-0.08995797455421614,0.0,0.0,0.0,1
0.3153616132853195,0.3540624130844866,0.10134892863253744,-0.08178021670144658,-0.05986318978493884,0.11270526994585645,0.05736126134321527,-0.09701630569488684,0.0,0.0,0.0,1
0.3064030375221231,0.3610948377094115,0.09546131264830006,-0.07686525541076622,-0.056609139926112335,0.11832135063832457,0.06506808321809014,-0.0988235121982671,0.0,0.0,0.0,1
0.32400313966017236,0.34591940770012725,0.08233542868970097,-0.0495804585558396,-0.06573356027866971,0.14352474580363628,0.08308222588653416,-0.11703288597542709,0.0,0.0,0.0,1
0.3240313377080238,0.3432184422098656,0.0824724328791047,-0.06656284312466619,-0.04869384047453549,0.11139242241336478,0.06099937956813605,-0.09320594113799803,0.0,0.0,0.0,1
0.33154601922286864,0.3362647751880095,0.08551000778081752,-0.0717177698185131,-0.04656740193455335,0.1274870850219133,0.09201731345798828,-0.08823701531306963,0.0,0.0,0.0,1
0.3123377790265982,0.34502589612248274,0.0936458353894324,-0.08340276704967946,-0.042585454491429024,0.13042104240163965,0.09224420176849095,-0.09219899967583281,0.0,0.0,0.0,1
0.2819691185953597,0.31559168721357084,0.1199103432357735,-0.11113159801456685,-0.045036189199906033,0.13818321806209496,0.0870124678527273,-0.10734725051054912,0.0,0.0,0.0,1
0.21589307060774018,0.21747964344883786,0.0913655940078422,-0.08279635809016786,-0.03863204441147976,0.13329715180621446,0.1026802803215145,-0.08499935713135827,0.0,0.0,0.0,1
0.2601291733230493,0.2897286327599911,0.12453886280374316,-0.10336675386022777,-0.06946396580133221,0.14810747599012397,0.088752950370656,-0.11856955024233255,0.0,0.0,0.0,1
0.30734107795381177,0.3268323884662319,0.12103036924827416,-0.11109062552834607,-0.048033563266682296,0.12372286238741793,0.0660907807503712,-0.10459137333997638,0.0,0.0,0.0,1
0.31647687470815644,0.34818259436478005,0.05301144526940888,-0.0034236788942815202,-0.05290077270116557,0.19640860018027453,0.14579037139537437,-0.13161119189937362,0.0,0.0,0.0,1
0.31678168582096083,0.326505893856736,0.07090957400072508,0.0052210847373686,-0.07071709806779068,0.20808623363845377,0.16125223945604772,-0.13152032504615635,0.0,0.0,0.0,1
0.306987325953844,0.33223097648669925,0.09700331495764773,-0.07434370785504818,-0.0623109638437398,0.13159750101653436,0.062374441401381396,-0.11587636227316771,0.0,0.0,0.0,1
0.31892289537211266,0.32835687299063704,0.17475206298131024,-0.17158895638454982,-0.03309854321695857,0.08285040596087818,-0.025856856546218387,-0.07871221466475584,0.0,0.0,0.0,1
0.3175011445533369,0.31568880741333455,0.21491927019087678,-0.21131303471095683,-0.03920579116183023,0.07964594643463277,-0.051447552534443455,-0.060799885869005324,0.0,0.0,0.0,1
0.30410637691856623,0.3203786033381796,0.2351292325083002,-0.23058986352784314,-0.045979025850413406,0.07344668775822033,-0.02531991845618919,-0.06894430848174084,0.0,0.0,0.0,1
0.31818321211840933,0.3156377006918857,0.23438497013715492,-0.23065766079652206,-0.04163361312775516,0.09295876714146403,-0.06507341173661095,-0.06638360846939881,0.0,0.0,0.0,1
0.2747598313328641,0.3029717263668766,0.21676280748581092,-0.2156762216049959,-0.02167676505670137,0.10592699052738463,-0.09372725729431353,-0.049353100837477154,0.0,0.0,0.0,1
0.27137472910340865,0.2974007947287846,0.2319972833072987,-0.229515964534588,-0.03384023471734155,0.10269674907976374,-0.09225239269255105,-0.04512336771619898,0.0,0.0,0.0,1
0.26539257096780233,0.29838948942726373,0.20336899615554957,-0.1999902382303024,-0.03691684181918644,0.0409080390507545,-0.025453731070751648,-0.03202460356594454,0.0,0.0,0.0,1
0.2666121066231265,0.2828185822081824,0.05664568120860018,-0.03280930630798615,-0.046176645819884975,0.12952352611544699,0.10820474432652197,-0.07119042858847592,0.0,0.0,0.0,1
0.24763186915985347,0.2720742895882503,0.044179663825287686,-0.016099795584175385,-0.04114169755689719,0.1765489027116148,0.16810560975548364,-0.05394459210534704,0.0,0.0,0.0,1
0.25374860536512667,0.30370173896262004,0.04455648139383805,-0.03451333045297034,-0.028179958396766788,0.18219565195788853,0.15773392730918007,-0.0911880681228764,0.0,0.0,0.0,1
0.2523342553316606,0.2887071529995079,0.04423483940365361,-0.021977651360434596,-0.038388850695823304,0.18619372719767077,0.16268395018751472,-0.09056509481663935,0.0,0.0,0.0,1
0.248157825722422,0.2964677466115361,0.04143456143213671,-0.01986104288992017,-0.03636429370135301,0.14846019570168767,0.1324426188233575,-0.0670774360496451,0.0,0.0,0.0,1
0.24660149203781956,0.28560372321586486,0.052912599591869953,-0.028139564274460124,-0.044809687769645126,0.1861684769383108,0.16483583288502923,-0.08653236390292983,0.0,0.0,0.0,1
0.27362186495618745,0.29418754317606227,0.07215220664475679,0.01781661811844411,-0.06991787355554524,0.1984364696770555,0.1640049296096104,-0.1117113045382592,0.0,0.0,0.0,1
0.24323545981106937,0.3129287363558701,0.06211598953898209,-0.031457610144354796,-0.05356131925571587,0.1964042620414436,0.15545972500173552,-0.1200287800922296,0.0,0.0,0.0,1
0.2851490894492579,0.31703176040048126,0.06656232656105093,-1.594688008513784e-05,-0.06656232465078876,0.2135063650491158,0.16740361169789628,-0.13251791843741836,0.0,0.0,0.0,1
0.28787986714209857,0.34929251287486734,0.10490559254393778,-0.09270472303301548,-0.049102114764708264,0.12443039513184276,0.07528325613821354,-0.09907247134242009,0.0,0.0,0.0,1
0.1369001842834137,0.2176736965978947,0.259753374948419,-0.25966319471713717,-0.00684405628147742,0.06099159680818271,-0.05694486513991021,-0.02184621741650856,0.0,0.0,0.0,1
0.2606645104833212,0.3077876920193956,0.23005973024684395,-0.22378290987245347,-0.05337310868094502,0.11745465701453696,-0.08756918150112221,-0.07827665619855023,0.0,0.0,0.0,1
0.2946032933238588,0.3395273536881107,0.22316897448064893,-0.21909123121259497,-0.04246673494034814,0.10693389527870782,-0.07476634791567682,-0.07645162639754384,0.0,0.0,0.0,1
0.2872408744954593,0.3259731928046751,0.21795360776946368,-0.21529800489676268,-0.033919673158784705,0.09622226432066605,-0.08038734150727986,-0.05288288453165242,0.0,0.0,0.0,1
0.27933000309997685,0.29807693922169815,0.21480343048822678,-0.21143548561077743,-0.0378886417550853,0.05860116219440959,-0.049815285359915966,-0.030863142339133936,0.0,0.0,0.0,1
0.26833809067955144,0.29344705734728976,0.2121066549449575,-0.2089211148834138,-0.03662240882042948,0.046879343684791415,0.0168013757124929,-0.0437651303949211,0.0,0.0,0.0,1
0.2565999309846105,0.29347940726556127,0.10073168975392971,-0.08536617331339968,-0.05347419727783257,0.10629901897314863,0.09397479063229942,-0.04968118517375871,0.0,0.0,0.0,1
0.2526137574220918,0.2998812060302499,0.04133394875813964,0.00044048580427053397,-0.041331601616641345,0.167719773579431,0.14235033892847124,-0.08869218373952105,0.0,0.0,0.0,1
0.25674217340705974,0.31771045148579885,0.0778982202672793,-0.045383829511360635,-0.06331224794376927,0.1579837388643905,0.1339058424393936,-0.0838336871798457,0.0,0.0,0.0,1
0.2771000432573414,0.30755481431157716,0.05846614288102935,0.007365731265726514,-0.0580003091914693,0.2009095755465454,0.17055658927150316,-0.106184308644756,0.0,0.0,0.0,1
0.2847782428324247,0.31754835105433377,0.06202445965157539,-0.0001350266898221593,-0.06202431267545767,0.18724413091976966,0.1542537052366588,-0.10614216402854157,0.0,0.0,0.0,1
0.3119871079039862,0.3248327470133704,0.08483095504106589,-0.04867494856736661,-0.06947690490474914,0.15590732734883977,0.10948464826205123,-0.110996425690169,0.0,0.0,0.0,1
0.28377976444334313,0.3571503670700082,0.15913491996198612,-0.15238811179532688,-0.045845241135396855,0.09918332753215181,-0.03682892016873547,-0.09209214461372377,0.0,0.0,0.0,1
0.3121337636632603,0.3309164607489914,0.19443159012245156,-0.190000153397954,-0.04127450722054653,0.08932280135291666,-0.03985499984498485,-0.0799383626858148,0.0,0.0,0.0,1
0.30426886268922815,0.2993726190431988,0.2236887432577275,-0.2186240600497169,-0.04733047884396798,0.08003828738668912,-0.02648382878788777,-0.07552969125137536,0.0,0.0,0.0,1
0.3112016257897351,0.3070949300922722,0.13691214232030494,-0.12646896807093067,-0.0524455415627425,0.09675250107924192,0.04954749571121582,-0.08310290087497402,0.0,0.0,0.0,1
0.2664573750844826,0.28161862555421857,0.10371785020831376,-0.08982492753192245,-0.051854361877464956,0.11034811409755566,0.08508891539540739,-0.07026081953493257,0.0,0.0,0.0,1
0.2824635579584957,0.31903619344834094,0.0890228646524616,-0.08351950221316681,-0.03081498306011743,0.13046176746733681,0.11015900255440872,-0.06989468453980771,0.0,0.0,0.0,1
0.27671340163925456,0.32242692775445775,0.1238822289830419,-0.11639362228487486,-0.042418526014145114,0.09292027577340486,0.046988248801352606,-0.0801640949826529,0.0,0.0,0.0,1
0.27229844944894366,0.3247853829914668,0.12874012968573484,-0.12017801151518473,-0.04616564241680112,0.08867177703646385,0.05639778446054306,-0.06842495122940524,0.0,0.0,0.0,1
0.13085308734571743,0.2110507191009804,0.03934875571247341,-0.031052411663676612,-0.024167587922452455,0.09074562545849085,0.06593977378447909,-0.06234352230267736,0.0,0.0,0.0,1
0.18180212923514522,0.1870362095802613,0.01059356609777343,-0.009721953664139478,-0.004207999479588793,0.16431899565124672,0.1544468759742794,-0.05609719096015409,0.0,0.0,0.0,1
0.27903138670840916,0.31921671906496013,0.1298694528500415,-0.12275691937168555,-0.04238883732709171,0.13244387657875342,0.10057485867921809,-0.0861746960822223,0.0,0.0,0.0,1
0.30527600559859736,0.3444549051325567,0.1250218653675094,-0.11057671213895184,-0.05833744554324455,0.1283890194054534,0.08365759780530425,-0.09739171747812973,0.0,0.0,0.0,1
0.2829040478831392,0.34168260148493834,0.11280101934510915,-0.10270260478865563,-0.04665024045941135,0.13782689141429164,0.10427759411179653,-0.09012455471835827,0.0,0.0,0.0,1
0.2984146916133185,0.34685615288391886,0.1253955776719772,-0.11318326208954024,-0.05397777396724795,0.12474496317460819,0.09530550889217783,-0.08048705369335722,0.0,0.0,0.0,1
0.3086559509927648,0.32613318317276085,0.12662600052067785,-0.1160718595062339,-0.050610941886392535,0.1225996912883552,0.08526686951505105,-0.08809225429686345,0.0,0.0,0.0,1
0.2948661152883744,0.3171268934445896,0.09798131796842927,-0.09081463514978516,-0.03678370173652788,0.11513242198427015,0.07555170519601505,-0.0868758564501006,0.0,0.0,0.0,1
0.3244507734806102,0.33193632159962316,0.1017414964873571,-0.08775073862095753,-0.05148922196890618,0.12744928496844207,0.08397459290293616,-0.09587276978242203,0.0,0.0,0.0,1
0.21883576718898168,0.21579085337349266,0.15458482851453886,-0.14607983603858682,-0.050568277702616966,0.13591402008352876,0.1127413592755894,-0.07590788341113411,0.0,0.0,0.0,1
0.28883345198529453,0.31381384646594973,0.11247446792183283,-0.08929745503273714,-0.06838472387145896,0.13017927075313082,0.06349906787586089,-0.11364202969286386,0.0,0.0,0.0,1
0.30732743269760515,0.29513403976362357,0.0909751883013376,-0.06449867503927334,-0.06415922228831994,0.13950494136537114,0.10013520997556728,-0.09713170640169304,0.0,0.0,0.0,1
0.30791133155387396,0.325126043221702,0.09364087354536682,-0.07406607020882654,-0.05729598975635695,0.1504151608501282,0.11840806202753791,-0.09275910446124781,0.0,0.0,0.0,1
0.2793607587870108,0.2776533392876677,0.09462674507545847,-0.08110009192200776,-0.04875444568260105,0.16545947986137025,0.13458019615099218,-0.09625492340631545,0.0,0.0,0.0,1
0.282835550689139,0.31523378930461327,0.11312862784471282,-0.09888360092695914,-0.054955617599526795,0.14964954916349876,0.11689914987895017,-0.09343220174231781,0.0,0.0,0.0,1
0.32498636967759137,0.32688993390127086,0.09980271161016588,-0.08983829334264391,-0.04347024607732284,0.1235377889438278,0.08979861293524166,-0.08483981619520632,0.0,0.0,0.0,1
0.31831586279733504,0.3305773791090297,0.07062165813823874,-0.06341886421816847,-0.03107195293945606,0.16540338524908438,0.10665772482717653,-0.12642155507091074,0.0,0.0,0.0,1
0.3240680639541894,0.30925078363645025,0.18315579337194574,-0.17776793874152702,-0.04409767115501196,0.08582495219425941,-0.0006500590952921372,-0.08582249030597713,0.0,0.0,0.0,1
0.04477215139117954,0.04897716177947554,0.05256913469745099,-0.04993851361096665,0.016421290484186814,0.09463553891649625,0.09265713611535394,-0.019249424742481314,0.0,0.0,0.0,0
0.04230508552316233,0.05510313345467732,0.11295456796471352,-0.10637062730421046,0.038000316722414926,0.12323401266312257,0.1230479731120542,-0.006768913507339099,0.0,0.0,0.0,0
0.02354756033850849,0.05928878771846263,0.12078668189516995,-0.10939665946515593,0.05120345126170386,0.16412305681052286,0.16243094943308078,-0.023506689326616627,0.0,0.0,0.0,0
0.06462554394776315,0.08714741788636444,0.09589238289274886,-0.0883794282953787,0.037207872164792884,0.0776887635260538,0.07428786837822034,-0.022734480201388328,0.0,0.0,0.0,0
0.052882193507151516,0.09239993511873452,0.061490766545581235,-0.050801472844831885,0.03464570286715195,0.1349162470806575,0.1252931186846426,-0.05004026515322524,0.0,0.0,0.0,0
0.11841495217716345,0.1407213309795041,0.07556714178954133,-0.06580743350541245,0.03714531752013116,0.07916116310353126,0.07005623954927329,-0.036859368471512326,0.0,0.0,0.0,0
0.10794089873438033,0.16327448846712928,0.038406190750007244,-0.016324895371772664,0.03476396523739226,0.10131978562441056,0.09331010587596408,-0.039483200229881145,0.0,0.0,0.0,0
0.10179739867581673,0.13374003137820706,0.08174875724473261,-0.08137044140935673,0.007855607927122364,0.07198641257039448,0.048553326987164185,-0.053147135701113395,0.0,0.0,0.0,0
0.10381900293048668,0.1709404793325797,0.07164012169875016,-0.06993232162760336,0.015549193830715891,0.11631546177422745,0.09654579012588246,-0.06487061782286974,0.0,0.0,0.0,0
0.14470507916924732,0.18433591052501466,0.08055779168828234,-0.08053545042951075,-0.0018971098567315942,0.06816335422893884,0.0581303246244656,-0.03559646357145666,0.0,0.0,0.0,0
0.10109085548489272,0.1713572590947903,0.0944482522979893,-0.09432124634109211,0.004896412034097906,0.059292201479196,0.019229834369087952,-0.056087241208558444,0.0,0.0,0.0,0
0.12767175152296786,0.19290044203185974,0.13949480118811203,-0.13892069735740797,0.012642760942229566,0.0632239872435915,0.03883025238874714,-0.04989472980590254,0.0,0.0,0.0,0
0.06851740526330086,0.18325991704438074,0.1124835096300721,-0.11176548916363858,0.01268918321686261,0.03674234499421203,0.01578072559629043,-0.03318084711589326,0.0,0.0,0.0,0
0.10803120477386259,0.15554600887175937,0.12350909968296496,-0.12349463312051402,-0.0018903160916147555,0.08744063248852837,0.06985467568175194,-0.05259456716611649,0.0,0.0,0.0,0
0.0972027041196142,0.15040302014957932,0.12733515774767878,-0.12658639999684074,0.013788608866237098,0.07498004655187075,0.05841050674879302,-0.04701297780687701,0.0,0.0,0.0,0
0.07257716996571986,0.11947644449513473,0.133677351437848,-0.12976379309383695,0.03210906864637775,0.12530779569385606,0.11181277325098433,-0.05656807756656696,0.0,0.0,0.0,0
0.09850131025854005,0.18077194003953623,0.10901234792924575,-0.10631389276764233,0.02410494151905736,0.07912182184543827,0.06296208918205781,-0.04791699091107321,0.0,0.0,0.0,0
0.12435316159766581,0.15138348259217163,0.10697421029939645,-0.1052757865355396,0.018986585751603675,0.1105119808238938,0.0969988922607457,-0.05295387432293238,0.0,0.0,0.0,0
0.12880998107656932,0.12025417413500776,0.09760737455566192,-0.09520301195083396,0.021531049280948705,0.03385371199123685,0.025872119720100457,-0.02183362628548916,0.0,0.0,0.0,0