left_ear,right_ear,l_pupil_dist,l_pupil_dx,l_pupil_dy,r_pupil_dist,r_pupil_dx,r_pupil_dy,pitch,yaw,roll,label
0.35990704178174304,0.3478612665658498,0.2244615892971452,-0.2180820096049822,-0.05313419008936466,0.13499994457066275,0.11379087707233794,-0.0726403560645877,90,33.85042189438167,-9.66760782646139,1
0.3676877447257184,0.31353460254401694,0.1548249391085579,-0.14321213525637178,-0.05883065599905665,0.13879818854193843,0.12916756527614537,-0.05080036636832662,90,31.8847092500817,-10.241554214046896,1
0.32819467593286356,0.3140917944148019,0.2873969153080303,-0.2837215595027365,-0.04581553886953966,0.08927021204382271,0.006174082553604342,-0.08905645099020254,90,32.58873394520548,-9.786535145584795,1
0.29115066396647005,0.29818038669968183,0.25638120008260573,-0.2525526224222747,-0.04414173380633168,0.06350582442238561,0.035146726793271604,-0.05289326357189537,90,32.69182695246517,-9.7940410133339,1
0.26214672275373396,0.25139265670804656,0.24462001475601486,-0.24226098884223474,-0.033890483980249714,0.33167824324586576,0.330613342474736,-0.026557010756984436,90,31.133015642359993,-10.117984430769855,1
0.30811480744512204,0.2534148536464317,0.21806672753386502,-0.21366253789858014,-0.043605246886891144,0.36362388111805183,0.36029492406575997,-0.049090677442905364,90,30.078493724076182,-10.89948359916344,1
0.27543927129885465,0.2357637482230773,0.22182790416700865,-0.21821241275394807,-0.0398868648458131,0.46357623694019984,0.4609858652457506,-0.04893832342104643,90,29.959098667830006,-10.628181547439675,1
0.3075551163913458,0.2529141400189121,0.2753679654324071,-0.2687469250269641,-0.060021718360396006,0.42529683429538634,0.42442736665866515,-0.027181017141900694,90,30.576550835934935,-10.431526409212402,1
0.3099787698706423,0.3258046553496094,0.20957351128373297,-0.20342774194465013,-0.05038065540556005,0.2221699184713107,0.21453403178149033,-0.05774618499197459,90,32.68371691982348,-10.412752921208691,1
0.29008431156560877,0.33217628356491286,0.16661448272395504,-0.15330352553362775,-0.06525653156835304,0.23600513615816726,0.23507923406370873,-0.020884875030871185,90,32.299618823300946,-10.295805816143394,1
0.3005126927253668,0.3204638302635647,0.12302459244449541,-0.11246818450920118,-0.04985938045481992,0.2199673661300162,0.21812292846115705,-0.028425872751870904,90,33.08633569473009,-9.208298017273728,1
0.281124910838673,0.3101684821256058,0.13643601256289048,-0.10982603694423754,-0.08095076981217768,0.2691942922000367,0.26766512162250056,-0.02865221841133333,90,33.116543871771285,-9.514360326732211,1
0.3210677093626122,0.3129111422548761,0.11235594224429943,-0.08617233142225088,-0.07209845390060803,0.28825113492063414,0.2850619415071429,-0.0427598677174268,90,32.715437740769204,-9.841785689021084,1
0.3386252938574162,0.3337461675136471,0.16932887740331373,-0.15294132040768263,-0.07267201135664962,0.18502070134882273,0.17883557089766872,-0.047439419361066784,90,33.11715099934481,-9.712881030023862,1
0.31231217275996315,0.31402559997573753,0.27336037533519403,-0.2640038922302575,-0.07090726119850313,0.11385481381079103,0.09720799100514152,-0.05927499567806158,90,33.88513229086246,-8.92012431483603,1
0.3162749711708529,0.2941883404704788,0.2864440168872234,-0.27906226524866773,-0.06460980517514436,0.101054302219526,-0.020164788152840337,-0.09902198400267673,90,31.485179617299732,-10.036955623549215,1
0.29019437464978776,0.2921736823178948,0.2553583907490413,-0.24890439409396667,-0.05704831572146023,0.10083308492356224,0.07081978147065829,-0.07177652518512247,90,31.53781838719109,-10.14593448043264,1
0.3073080935231744,0.3078153031181509,0.2878581005975747,-0.2852250733701522,-0.03884512325421009,0.08486830996721496,0.03263283233356892,-0.07834365507544601,90,32.46162479308609,-10.480478831533542,1
0.3272363616546888,0.29769800193127366,0.29940357298261466,-0.29732198164945195,-0.03524398874700203,0.10277638186475285,0.07012093096236055,-0.07514013381796285,90,31.439635793226206,-10.098657423878251,1
0.302277487722251,0.3071235915188373,0.2774332559717064,-0.27075917552397244,-0.06048702661431678,0.11057621018593788,0.06884791401476,-0.08652781630724843,90,31.541641064737867,-10.208620231736411,1
0.3222329139206949,0.3019291429391908,0.13213932151846053,-0.12089601810740155,-0.05333810173913131,0.20507062240473936,0.1953626419183769,-0.06234900413109441,90,31.438665770710273,-9.984592699749372,1
0.3411090459621323,0.30731118381989486,0.10292823625396613,-0.09172417315223877,-0.04670008434564531,0.20685860098024478,0.1972854118374444,-0.062200860730652764,90,31.95238641324883,-9.726676270146335,1
0.31214748635359646,0.3075924932273198,0.11630768341266672,-0.10744455651742542,-0.044532510546732955,0.24042331319151647,0.23520678808282103,-0.04981100647195307,90,31.603212271821523,-9.985989062571493,1
0.3189035809306471,0.30134923768787825,0.25739013060184895,-0.2543042734939035,-0.03973683195694893,0.1571981941207312,0.13203035169007257,-0.08531857047217115,90,33.13262303773788,-9.808389341328027,1
0.29003381782446325,0.3234945356656757,0.3166951189058704,-0.3126302507215614,-0.05057790696121246,0.08883638927056266,0.03519544550529033,-0.08156705630531899,90,32.67173760688387,-10.018580860663455,1
0.29691505295811327,0.30276471664516297,0.31225674390342156,-0.3069849788687081,-0.057135775676416964,0.10010706974776264,0.06187044280409338,-0.07869862591372752,90,32.688105271843035,-9.903499978533441,1
0.32279490652348536,0.2687674843511677,0.1621195535288349,-0.15481561373111566,-0.04811315185525419,0.25877897075720874,0.25571851053254635,-0.03968121819168689,90,32.119199221233934,-9.661520493661794,1
0.2868102856646568,0.25651694456632546,0.22612326005266148,-0.22102710354092772,-0.04773623610164087,0.306749447041936,0.3005130307556999,-0.06153975630888755,90,31.2460805036011,-9.521555304295058,1
0.2890917406934994,0.13052652235130577,0.5510366995726872,-0.4832804787550947,-0.26472896163851484,0.42208397722663177,0.4190594711966059,-0.05043851139628165,90,36.06280040676006,-2.4774474321906808,0
0.6033860851584898,0.22529146432816152,0.9145115495212177,0.10358360689442883,-0.9086263316624932,0.4267409368808021,0.35735934349000825,-0.23324263510408008,90,41.14447808074721,-7.667037034691075,0
0.5070003393966499,0.24623070402892996,0.8339793269519559,0.14173678570274842,-0.821846823539454,0.16198418665757547,0.13509331586113332,-0.08937937534331016,90,40.45823518609631,-8.494486354633693,0
0.5326416913318005,0.2032156778771289,1.6647602759041102,-0.14816047176892008,-1.6581541698025368,0.11237884345142357,0.09763978786035807,-0.05563700461081491,90,41.80442873731124,-6.260804110993918,0
0.49433240538948253,0.19795666002005263,1.6027540847240844,0.3053963890599152,-1.5733892403499214,0.3032779380828858,0.2985499726944284,-0.05334249274230387,90,41.069805489328736,-7.9455913155782545,0
0.575855944060263,0.2156754694149242,0.13570960271400298,0.11488671972418746,0.07223667973964835,0.40025506065893734,0.3969983141022466,-0.05095539405267641,90,53.77132552312009,90,0
0.5777454960411867,0.14625908837622184,1.6692294076520153,-0.772322582397616,-1.4798123678659316,0.4143858499742911,0.4093606229071004,-0.06433904780167704,90,45.02613772412267,-6.3304193037050025,0
0.40268634964078026,0.2091670144187362,0.545479560512311,-0.35604422893452525,0.413255923102287,0.5570139400307988,0.5405890044438952,-0.1342686026701424,90,59.45000530954915,90,0
0.6064198273769603,0.12771222021897333,1.129657162368757,-0.8944995091712001,-0.6899245847072812,0.38699519422886636,0.3738045940753212,-0.10017687260252414,-90,-0.9755099113650104,2.6291380011317096,0
0.43800202888889195,0.09175284858429136,1.0583617646639607,-1.0128294544103964,-0.30709301714847176,0.35279929209516603,0.34224063705257135,-0.08566613597390986,90,-28.041021009874044,12.424707049505567,0
0.5405817043658374,0.12266435704734742,0.6985122640800722,-0.4375940744980539,-0.5444545977714397,0.27155942995000637,0.263174479969479,-0.06696056367420102,90,45.18699414077083,-6.522532645720294,0
0.5186186985346373,0.15906388034082586,1.0931871259972352,-1.092872516177655,-0.026225099229870926,0.4567919429597972,0.4280005672649254,-0.15960699725854335,-90,22.138895161622468,-90,0
0.4090584504504311,0.2780841010363586,0.7112832291104761,-0.7038809194573227,0.10234980819591269,0.11339491878238928,0.0829696975603753,-0.07729448164264066,90,42.58282729857916,-13.39573199046977,0
0.20658139062230993,0.21644743152233775,1.3692518604524249,0.09435817307531247,-1.3659967761771312,0.5270277808809015,0.41824212365085045,-0.32067398994036656,90,-70.92240831173699,37.711378018736255,0
0.20365523280052786,0.28123660240066495,0.5197887700424758,-0.37452510176180487,0.36043212067264424,0.2597031406850773,0.23292934511774066,0.11484616434480316,90,36.13593368007334,-26.097316139556458,0
0.15593430436801936,0.28421817877614114,0.19957074832224977,-0.19353281894255042,0.048718903703313776,0.4534544192807385,0.44413303075462424,-0.09147000250324577,90,31.691553230956465,-24.490922518635802,0
0.14986205055251933,0.2122058779296073,0.4352781766127869,-0.405991245016125,0.15696560134503762,0.24403799526990094,0.20421439534223196,-0.133607723842444,90,23.783525923035974,-21.604868909880615,0
0.16653008130647373,0.19728033236485534,0.40528165635950336,-0.36902370567781706,0.16755514205572575,0.1935090283445769,0.017269037980310906,-0.19273693049879373,90,24.329503416176802,-20.098215970413772,0
0.28641510491503297,0.3939732217046498,0.2452323775973387,-0.18832787934148015,-0.157071731653995,0.638910522950881,-0.28179888010505205,-0.5734074009889537,-90,63.55596906056634,28.124355702799043,0
0.1385021099487374,0.430206110456613,0.35797535987492024,-0.29992225790391003,-0.19543028806047222,0.07885636421008675,0.07007936363512561,0.0361553449565854,-90,56.56980608941243,25.618263533781924,0
0.10247251464716438,0.24112549091199564,0.2209770841219426,-0.2095067561979283,-0.07026941592512298,0.3410227084958827,0.3295950247879335,-0.08754203187560393,90,43.78303450897756,11.560897646239386,0
0.10022190112179853,0.1017767615860833,0.18116610782736814,-0.18110641171453812,0.004650404412713373,0.2554541931459591,0.25527606180283013,-0.00953818988543459,90,28.354879915030114,-9.08212463589066,0
0.08920631580752697,0.0687815273803272,0.1482505537395896,-0.1441540634799343,-0.03460971924644879,0.14546304307189878,0.14545848068274891,0.0011520838526086167,90,24.519831839598513,-12.664564517926387,0
0.07673718419056023,0.06813648163190496,0.21160176141039994,-0.20814250297612033,0.038105168767761134,0.17399725143981512,0.17388765184259664,-0.006174791112106349,90,19.67713894027782,-16.343472948168866,0
0.08908227491760747,0.081214438802437,0.1239551070168505,-0.12391308393452877,0.0032274115624268103,0.06181417117069833,-0.04516830331952115,0.042199717211802816,90,20.643746928913874,-21.410750489959312,0
0.08667282740652246,0.10107088642111552,0.1303864143159488,-0.1279205899750951,0.02523766428562399,0.028695490164140414,0.009751121557987815,0.026987900698676518,90,22.533664300798502,-23.79110277389141,0
0.08781780608866095,0.10782212797666965,0.14093742274042814,-0.1388846843305104,0.023966676597489092,0.034055255417217045,-0.009101525142106819,0.032816499838031,90,22.479051620353864,-25.57007545526652,0
0.11033815191442292,0.09562433181603147,0.24463211224672948,-0.2373891981431089,0.05908670702677742,0.06609667308401711,0.06607305523586766,0.0017667950003922973,90,25.572415351214516,-26.623730482727442,0
0.2842538244914592,0.22382020803569394,0.0635103905579585,-0.05737854611617068,-0.02722631363991273,0.016714424476833325,0.007931614177566975,-0.01471263002083528,90,29.872483958794547,-25.032211102817,0
0.31674912267543803,0.24967724743271205,0.15026167267417265,-0.14952394141054062,-0.014871490170706493,0.14296818436364636,0.1197579059836947,-0.07808934430918289,90,30.988869765683674,-23.871665418893137,0
0.2746665232029837,0.32727819695510924,0.21087878535257898,-0.20987512126324676,-0.020549831788035232,0.16266851624205417,0.15741921341888768,-0.04099069922519163,90,30.740355835297837,-15.834972495193025,0
0.24870071934688265,0.29979869016393557,0.2505036817638291,-0.24447241594697303,-0.054638195598719706,0.08719495884040328,0.05068073793520217,-0.07095367255838828,90,30.72570160363883,-14.68567205032816,0
0.29759942707462367,0.31261353055397945,0.28657567710377796,-0.2794809634684222,-0.06337199512601145,0.04682233627692491,-0.014985888348223972,-0.04435937696636422,90,29.98524348239808,-14.275221508710738,0
0.33559556187680845,0.3124371147962311,0.2634357603984934,-0.2604717049132966,-0.03940673541785665,0.05836154877632392,0.01955228123500662,-0.05498889591616151,90,30.179072569969108,-13.201419465742193,0
0.3310469835488708,0.27673378944216975,0.24011341162704877,-0.23704495850803828,-0.03826405740512848,0.07215023542780365,0.0029446212727830593,-0.07209012191588642,90,30.73291577251834,-11.344742112613268,0
0.3827019044484228,0.2667643491451642,0.211565946554484,-0.18846476974203907,-0.09613105797594751,0.19286341666869594,-0.11592929524418825,-0.15413207321420436,90,30.250892140639827,-12.02535303049808,0
0.39059395236057626,0.3046907487629922,0.16875754809567514,-0.1430966448376412,-0.08945647140075495,0.19045797552092777,-0.11613321490948744,-0.150954684704772,90,31.716868324483638,-11.600746804386365,0
0.4008246363359179,0.3236138872760163,0.14831580096396935,-0.115942660823801,-0.09249257384612458,0.12837439151720026,-0.03363656437618112,-0.12388932938061471,90,31.949717061637696,-13.265076461228658,0
0.4148479470370349,0.3335157139778088,0.14374468122086248,-0.11931605906703338,-0.08016365403348064,0.1037971313038133,-0.04748491304711642,-0.0922985779945111,90,31.397580318494153,-13.332086052179093,0
0.3981228454075407,0.3527025619503688,0.16699681563755972,-0.14180283843522065,-0.08820369292042035,0.1164807752211112,0.05788702224394284,-0.10107850242183199,90,32.046794156120875,-14.322245939445217,0
0.38315745998790995,0.36353022916818045,0.14492141505561407,-0.1147547608123259,-0.0885074088007746,0.13129491258343,0.03521532062723787,-0.1264841304805127,90,32.891578360018805,-14.168177269244174,0
0.4494933255330962,0.3139800492461212,0.08644475400152925,-0.03237122605535525,-0.08015484525627878,0.1748209940276686,0.14905002594920191,-0.09135901552317856,90,32.72768322836472,-13.719309582551979,0
0.4271874235905725,0.30675960417721215,0.12393739372371915,0.02213494655801603,-0.12194474857041591,0.21400682022364592,0.1882584834144679,-0.10177260203375177,90,33.406548025292864,-14.718201662643,0
0.40221849558600153,0.3179349221861823,0.13153104969813417,-0.08715537161436078,-0.09851070111138037,0.15831030250796568,0.12954256513087145,-0.09099931702753346,90,33.79432707491814,-13.894084689814857,0
0.47818847072408976,0.2944670687434429,0.13945393045237164,-0.09637007994315014,-0.1007978492348213,0.2273774783972573,0.20377164412575688,-0.10088426404836935,90,32.82740781193413,-14.862428662927812,0
0.4474936452107738,0.3117661733833619,0.1855050060723759,-0.1741773294167455,-0.06383075430513689,0.15638155746616744,0.137476702717988,-0.07453420506944564,90,33.698000999323675,-13.72630257060235,0
0.3908448077544651,0.286175345123055,0.14892398840761145,-0.11321353764877623,-0.09675251529691364,0.1751134223629282,0.15934978093557328,-0.0726110047268463,90,34.49400879843475,-13.449568045052628,0
0.4059249994684701,0.32335756613624084,0.10556519486737599,0.05620052521394035,-0.08936168828454576,0.3594332385244363,0.3504922318211747,-0.07967087541364333,90,33.00903923684258,-13.59156867744936,0
0.2594401119638459,0.33889018220247485,0.0961557652644229,-0.06307743360222397,-0.07257526137564937,0.18310757897359697,0.16565856193065012,-0.07801042453826931,90,33.231850924650786,-13.50423627334765,1
0.2491183995819066,0.38397828955270374,0.2595842419878726,-0.2549064281297982,-0.049058043036044725,0.1698344279233962,0.1324749799070912,-0.10627376255070227,90,35.21266455970854,-12.274743330865254,1
0.2691183804297378,0.3924647672510913,0.2101081614195766,-0.20516811641695792,-0.04529330525621269,0.1416939497485411,0.10554201869347993,-0.0945413014795503,90,33.995165929004926,-12.172514321818234,1
0.23716721564126297,0.3297071385847451,0.24327657588948362,-0.23037676116944958,-0.07816674669951452,0.10286915851257479,0.07208689869494085,-0.07338625763472731,90,32.07006579358652,-13.842896019082838,1
0.25330750827705223,0.29181819811116305,0.2769523332200469,-0.2569213323850248,-0.10341191344101268,0.29073463551488815,0.29015128132097406,-0.018408211096460667,90,29.44814158802561,-13.075344487065403,1
0.2988762587616676,0.33706802024297505,0.036966663567059535,-0.012770066289597651,-0.03469091555781497,0.29413972644900693,0.28721160115780764,-0.06346396486089635,90,35.13922695208758,-14.087024690419538,0
0.31633650574075206,0.3136915441744532,0.05854114904467837,-0.028153071476755512,-0.051327095163236566,0.26891434741765774,0.25515800831131863,-0.08490769718739168,90,36.69279930027357,-13.074395597058679,0
0.32048778785499793,0.34656170197305747,0.08036243247529694,-0.06867647278877867,-0.0417332318259538,0.29059238840053847,0.2788212233152575,-0.08186978456862289,90,37.33282947793227,-13.413865505154048,0
0.30913965804894045,0.29921471943460676,0.07501478812411198,-0.06464895955218236,-0.03804905341957539,0.28803232941207174,0.27401223089088306,-0.08876891409015658,90,38.46158167590353,-13.06198697116428,0
0.33977745541735166,0.32714469019676945,0.052990871457740785,-0.017197605962648334,-0.050122597767915916,0.31106011275256296,0.28373199070669736,-0.12749333784653916,90,39.11138093653818,-12.839517833662766,0
0.3438323236151847,0.33558900211325143,0.07243391362031779,-0.02371150117375083,-0.06844294378855187,0.2173872899188547,0.20335666931143626,-0.07683292825880941,90,39.88702275805681,-12.210805700196177,0
0.3154306579856795,0.34039416874603295,0.24702073495525123,-0.24350565843981942,-0.04152394255875134,0.13330283054542846,0.10039346421786119,-0.08769718908699549,90,37.745484313402635,-12.210202080439636,0
0.31993288988550206,0.34516939813900654,0.26213062667927706,-0.2563339547107205,-0.0548212468449304,0.09882289560371457,0.06376916997702356,-0.07549475250601294,90,37.083831306608204,-12.797289676604835,0
0.34430556240984794,0.36764731802340916,0.2699916747888389,-0.26245151460985494,-0.06336171505156159,0.11419764180364247,0.020100933065940973,-0.11241465155126174,90,33.9938623793133,-12.554888341412669,0
0.3520459835975063,0.3590976971844923,0.25354193869621205,-0.248325152771759,-0.05116769663289834,0.09410367969278291,0.07704507340898228,-0.05403294546039863,90,33.52720533719796,-13.460153769461428,0
0.37152363439851566,0.3309469114834989,0.18096534750668325,-0.16290153856549894,-0.07881336010606257,0.10228152487898573,0.06931829232457407,-0.07520960497686098,90,32.324394181538125,-12.33507494324777,0
0.29835442777333443,0.28921821561659083,0.21340134085204698,-0.2113253204298826,-0.02969412774706432,0.06515323017263033,0.058239715869857996,-0.029207514398283844,90,32.02698094029028,-12.724164151782288,0
0.3215071199374878,0.3277370246665262,0.17858699551154675,-0.17701183417181657,-0.02366697126737037,0.07351422097640578,0.022701805687067127,-0.06992116063334809,90,31.701266211651017,-12.699033145222597,0
0.2507061240592798,0.14551197961171156,0.20661628167790427,-0.19536685333859088,-0.06724641604561983,0.04905376036195253,-0.023061599341022858,-0.0432947345699451,90,31.281522546067297,-13.193640687079101,0
0.26260515681335844,0.07764767206847514,0.14990810883638564,-0.1482001892705697,-0.022564241513265398,0.12437014157684802,-0.12428373464985298,0.004635236491286435,90,31.419097024212384,-14.176340180219027,0
0.242865545920043,0.13109924102661272,0.162736318553782,-0.15768633167893303,-0.04022598883905203,0.04815597481273546,-0.0008727945128523049,-0.04814806475761146,90,30.34783231410427,-15.56882865370917,0
0.27201365309417014,0.20934470772087138,0.15913618969080354,-0.15697176871595872,-0.026157039119345304,0.12411211707476329,0.10440569426482908,-0.06710639768203015,90,45.98119564342404,90,0
0.30992088897094466,0.20726706551567992,0.08472511901679805,-0.08022273482971792,-0.027251763408105492,0.25433010132377654,0.25395371544409356,-0.013831516601688706,90,32.16498705230986,-17.88287664784394,0
0.27356009512462853,0.10938346066029764,0.07540002762823562,-0.06848926726016208,-0.0315338617442391,0.11629858560895312,0.05413899838216384,-0.10292876113516114,90,26.760566222871397,-13.87782528467667,0
0.22052954097844385,0.2592368757001914,0.15814161103855084,-0.14500359932996806,-0.06310883712462456,0.44060728426113294,0.43784869130030396,-0.04922705019175927,90,29.80236014830094,-14.945073875747845,0
0.21506662217440306,0.31738298319339087,0.15564798873609695,-0.1524449260633911,-0.03141402417900932,0.16797757507301098,0.15591640916062677,-0.06250231261213507,90,31.95443973746072,-15.140694336853914,0
0.1514356679631602,0.21632093572625918,0.2846015440845105,-0.19434201838618972,-0.20791637449914682,0.23035340643134553,0.20692861370764393,-0.10120889626686647,90,30.735530113508997,90,0
0.16542011543102259,0.2402731727422668,0.43179922471414617,-0.40950410348514943,-0.1369560502225502,0.15878596863558958,0.15789479200347822,0.016799359919972823,90,23.793775611097917,-21.665146859923667,0
0.2422088997895617,0.37176629857964494,0.316872996697132,-0.2718178384417298,0.16286054998275762,0.4031563499332851,-0.11168589669922216,-0.38737746833033554,90,42.470192032295685,-20.847156240156295,0
0.21897615023555667,0.23927606721322,0.17775590714107298,-0.17283668420665274,-0.041528822713815916,0.26340657596581557,0.2603818677547985,-0.039803356724748856,90,11.638141359658924,-17.239663808342684,0
0.27186241516603626,0.28950177132716454,0.22013559375296357,-0.21572966160063523,-0.04382228591305155,0.10498256454847452,0.034530782694606396,-0.09914113125072,90,10.001605549650591,-17.82954270989799,0
0.21028042960649623,0.30722079094246996,0.3383753679458707,-0.33826163520642216,-0.008772444356092557,0.530085596753791,0.5186690019826807,-0.10942214706407723,90,13.569353356534448,-15.054103194579975,0
0.23519692399510417,0.3320770726080813,0.3734666019303486,-0.3727628093379226,0.02291704020812898,0.7256052189322856,0.7126019098374019,-0.13675325165368984,90,16.698662157033343,-17.426293552497555,0
0.22211848633569894,0.29004926162292505,0.2932758499671497,-0.2913761219231415,-0.03332686224331161,0.1937733252444784,0.19224745725416648,0.024269667398006383,90,14.00674608067085,-15.35718198930204,0
0.24187400812277365,0.2599881656338714,0.4900025448218091,-0.4872831179131982,0.05155246772600878,0.351768251374088,0.3410475228130326,-0.08618288610784403,90,16.73804426725761,-17.02125329187439,0
0.20945367319696487,0.27808165066688845,0.4909255209945762,-0.4689428365325813,0.14526005379516033,0.13976923554319376,-0.037698915414392055,-0.13458911910294716,90,19.94784451780545,-19.380276996438983,0
0.2546992972156801,0.283173758268535,0.24114891898568647,-0.2399874881565278,0.023639091697559147,0.4090713612809256,0.36877041663811755,-0.1770529819934664,90,23.011313052418696,-17.621832968594894,0
0.30504437507675586,0.2984368017099145,0.25067717927469113,-0.23778344931287107,-0.0793604400314724,0.2833477957783665,0.2613264349846734,-0.10951925744205963,90,25.457514442286875,-18.654093066817335,0
0.35998500867855393,0.3904265295920239,0.22202369765578955,-0.21529255352948218,-0.05425531048205787,0.14065356986334748,0.10117905779713833,-0.09770478482954105,90,35.793070568497775,-14.253075692129245,1
0.3073472714200067,0.38015615921901197,0.20923491581804513,-0.20233298761451773,-0.05329739318548188,0.12347233024788022,0.07608142552947712,-0.09724727773179168,90,33.83078502885867,-15.840153852429056,1
0.3397010898427958,0.4026108477130755,0.27986577451801176,-0.26273343609545086,-0.09641573162116347,0.15680126794850263,0.12909879318354667,-0.08899516407541459,90,35.46627482082366,-15.522852052091475,1
0.3390739546454951,0.37600304339665075,0.19338305947017967,-0.16754414373734264,-0.09657104943702188,0.16632302309041017,0.1429968914903307,-0.08494255137465381,90,33.47053201062492,-14.925087842353904,1
0.32057653570133576,0.37737337732378684,0.28891813727210164,-0.26829222732083075,-0.10720527414268687,0.13705441293410783,0.09966020820407438,-0.09408376589738257,90,33.70675239102304,-12.912470887422916,1
0.27603484155343305,0.4015402846351612,0.19222664401424816,-0.17550635851472293,-0.07841301416143896,0.14962003051284328,0.12540108858961016,-0.08161323735280263,90,33.04841871248103,-13.088985366912029,1
0.20498921407830512,0.34849777561152845,0.18020755504183428,-0.17100847062752939,-0.05684070608102217,0.18287253935918674,0.16909467442157752,-0.06963732285160022,90,32.65187490846474,-12.987785334773893,1
0.2827715373421938,0.3959971218322239,0.11250148370156964,-0.09581544175187304,-0.05895748431664944,0.1897425323206141,0.15818191288888545,-0.10478888779948166,90,32.865938771521776,-12.43239772668627,1
0.2819603824161178,0.4058489568397807,0.1687907438116083,-0.15434279144591734,-0.06832728536359428,0.19013565823079448,0.15927477253695763,-0.10384178043618998,90,33.916848457825914,-12.152186748048633,1
0.27515634151471763,0.3870105427092965,0.13299626296786318,-0.10871212349354041,-0.07661383797292913,0.1878828983447843,0.15812673746440498,-0.10146880500577354,90,33.51044442716638,-12.69015510677555,1
0.319062364975387,0.3885000509671778,0.1565103614087762,-0.12387371060187742,-0.09565979850505679,0.22298908338034187,0.19910549319977613,-0.10040484990516621,90,33.42446589200973,-13.392751497105781,1
0.2567118035512833,0.3792621438775755,0.16466119500919618,-0.13998667905182874,-0.08670085829965486,0.19925996641139102,0.17965666467866956,-0.08618594462442676,90,32.80380701965616,-13.412613458545417,1
0.2686561030003532,0.36419495937567486,0.13662858665254796,-0.1099047066956393,-0.08116850458655932,0.22186175739754166,0.2046100337482087,-0.08577513325598823,90,32.687459549304556,-13.795705650794062,1
0.26531056259129193,0.36400923724050555,0.1475493337734901,-0.12944760798367863,-0.0708104701601723,0.2110611389561557,0.1922783461631419,-0.08703931280884884,90,33.76417708266506,-13.349212112393841,1
0.26551231420400123,0.39940714466701444,0.16130417482634324,-0.14483228125201006,-0.07101159851563796,0.20200889509979128,0.18287882538442113,-0.08580751089183791,90,32.77764030804469,-14.21132884235634,1
0.27465294993996064,0.3675122219894819,0.1949887572260081,-0.18230265703764953,-0.06918350006725785,0.2265762028948356,0.21339591240133468,-0.07615090471323109,90,34.15486364680239,-12.883571120715741,1
0.26392354364983306,0.3410088439804378,0.15392094814560936,-0.14195677177422153,-0.059497337969735706,0.2215340635828395,0.20907011429741204,-0.07326000706519649,90,31.860139206400866,-13.564049217875656,1
0.31319059723458226,0.39620616544654647,0.09230172547388905,-0.08157998173751967,-0.0431777153768369,0.19083867625630638,0.17490415666393905,-0.07634092177158705,90,31.2654011204948,-14.283901503761358,1
0.22959538574600877,0.3682543238517914,0.29503758491653587,-0.27265891161811734,-0.11271332853130453,0.09326883186602572,0.019207437178580346,-0.0912696518821227,90,31.660266813227423,-14.061953774392288,1
0.24335665449729918,0.3826182924493162,0.3124443868487556,-0.2855945780573771,-0.1267171332437867,0.11751852387743476,0.014381769789227374,-0.11663519259666386,90,30.9644560436323,-13.733115987368805,1
0.25331844450116714,0.36922777459125516,0.3165701428751419,-0.29818743949931964,-0.10630572084712717,0.10080658458145875,-0.03184830770290973,-0.09564336250592392,90,29.876433811668807,-14.233438828156501,1
0.22022298621260442,0.3630322824439752,0.2863589841949464,-0.2823932984605216,-0.04749202894958644,0.10298811138215744,0.03583609388858271,-0.09655219034735749,90,28.783527273341914,-14.438978423795358,1
0.22080263514442083,0.36189047206557295,0.3124890132466281,-0.30869312651865555,-0.048558593883972885,0.08790752925884328,0.01649478708484142,-0.08634613887962875,90,30.005165255173367,-14.151318476540379,1
0.21819554654500747,0.3726011745444923,0.2755922637768397,-0.2751814096755772,-0.015042859522223213,0.09895936223210183,0.02559145491499213,-0.09559305837098354,90,30.44370004542443,-14.423726285601244,1
0.254867826768096,0.352202540279488,0.24331113582582728,-0.2419232361945873,-0.02595104248372471,0.273713905118267,0.2735791954157844,-0.00858636656238849,90,27.889518337464676,-14.641057050822317,1
0.23243087186521152,0.36013487565426755,0.23015773581921595,-0.22878106656007452,-0.025135770150579287,0.11742279078090401,0.06590906897159203,-0.09718079245444483,90,29.179471459944057,-14.409405651459172,1
0.24140823560351152,0.3751562021967374,0.16172376417510984,-0.1574613362342491,-0.03688500359619466,0.1603241768877675,0.12834477448444764,-0.09608048999290358,90,29.059810231866752,-14.368751685197223,1
0.2491348061963908,0.35537701842195607,0.18243376467276448,-0.1722086318202906,-0.06021848237261717,0.15218932356033235,0.1385819999057042,-0.06290166538245974,90,29.358369177791523,-14.407620751349915,1
0.24150081025911024,0.37242389390123604,0.19101613071214688,-0.1793364387520398,-0.06576932360892775,0.1683913077522265,0.14861412470567592,-0.07918001303656662,90,30.62690007111743,-14.105364168525346,1
0.26149663624752034,0.38226394540052083,0.17287439896136564,-0.16017699240045705,-0.06502990790242083,0.21589584243442167,0.1841772991263662,-0.11264873397861894,90,31.766695196342262,-14.44805047581526,1
0.2973701270648254,0.3503908114112275,0.07608434387317496,-0.02470414482251302,-0.07196202200605427,0.26879843531679065,0.2622373064803193,-0.05902706090177606,90,31.189434553410567,-14.938122542547182,1
0.29252800128381046,0.36488744032632253,0.07834292119289944,-0.02957235146378949,-0.0725471524592038,0.27781688823505096,0.2641721406863375,-0.08599595033374939,90,30.755687078930436,-14.848974156145223,1
0.2896530870711974,0.32015465000548576,0.08085839429079734,-0.05767952545341023,-0.056667029838835294,0.2724399779120957,0.25876035584320833,-0.0852444708391072,90,30.896806631444555,-14.696921348997485,1
0.2753047668098596,0.32635670261826755,0.10484434957263684,-0.0891383301851265,-0.05519688151622915,0.22394518536816846,0.21039420496174255,-0.07671847605433521,90,30.641092080760835,-14.157887271633525,1
0.31794543229571043,0.32977013721435927,0.08359063879167516,-0.010740038511351965,-0.08289780736771622,0.22353398072224093,0.20433952688111648,-0.09062449057254146,90,29.685733073875184,-14.876526637574225,1
0.2761637431609305,0.3430969644028744,0.050360212353899377,-0.013540804045203867,-0.04850564517805355,0.22093237351809752,0.20964947059823444,-0.06970088339626836,90,30.46884685778777,-14.506797067484552,1
0.27849921973766845,0.3600441277272837,0.22429749156804957,-0.22102181379135652,-0.038193226521180304,0.1483044384407353,0.09459096824674129,-0.11422239354594976,90,31.754016829803554,-14.172046751664691,1
0.2769751982212706,0.3540586419052602,0.22884419183712879,-0.2210818323989698,-0.05909727168577609,0.1425640539619189,0.08886704904807866,-0.11147715943431329,90,31.25944241268047,-13.806075863934232,1
0.27233267673359524,0.36494695633838364,0.25032207365592146,-0.2442545480694128,-0.054780072168695265,0.15641904468032813,0.07129737898566273,-0.13922500238276625,90,30.399692281635588,-14.017713898801862,1
0.2812195892107973,0.3646339896394839,0.23129660430356871,-0.22230913133241992,-0.06384958330785338,0.11109054872586975,0.03882566518459463,-0.10408495443237029,90,30.60094735970711,-14.121555802599453,1
0.305551673033923,0.3995142163876479,0.16998377050307062,-0.15935286899711404,-0.05917047724016759,0.23162985061696997,0.19559300519631517,-0.12407966801661766,90,33.334390018410446,-14.116342934334531,0
0.3175144577880224,0.3942237140277736,0.14839995843952594,-0.13242884356629392,-0.06697125544998452,0.2221810094683745,0.17478968604863496,-0.13716036825338992,90,33.51927982233501,-13.85321841365415,0
0.3102947257357518,0.3846228134524144,0.17294490022186054,-0.16002485020071688,-0.06558952531454558,0.2361326624431576,0.19510994531133935,-0.13300655439902345,90,33.2618295614205,-14.165285257907723,0
0.3236961159382861,0.3845145996299618,0.16958812220407696,-0.14997850958436304,-0.07916171963492241,0.23038568881260332,0.19119065336272284,-0.1285445435496694,90,32.72168129674838,-14.368335498766328,0
0.3108413554527213,0.3886569258527631,0.19520926220594867,-0.18002297995561392,-0.07548763301953135,0.23344167006979402,0.19131499034104305,-0.13376691592386059,90,32.692280491194246,-14.580466008564681,0
0.3117224349843384,0.37057023582788146,0.18011184582118747,-0.15636794812736673,-0.08938311811271944,0.21995405615730843,0.17464220877621314,-0.13371568993135385,90,33.03303408353657,-14.807257657921237,0
0.3043135621980431,0.4021734707374569,0.16444277402207488,-0.1394868750239051,-0.08709097326440131,0.20887700562084868,0.15410841922084484,-0.14099715813584465,90,31.884888454133417,-14.811380216096655,0
0.32507777218146827,0.4002210718471153,0.22546448146765366,-0.20140054513279693,-0.10135113627231898,0.24382046202488106,0.2065509287730244,-0.12955744488460508,90,33.19089561830734,-14.712767376124004,0
0.3063958691845581,0.393062584865677,0.24966558037290085,-0.23942744311452616,-0.07076299531943066,0.18453605920897587,0.09501190321429687,-0.15819701449766913,90,30.796832432898935,-14.56457913079012,0
0.3144875683581344,0.4153816762641862,0.2654450574008027,-0.2523706551008052,-0.08228080543180084,0.19124227848535075,0.12569258074079323,-0.14413529833801167,90,31.822817924619393,-14.79245441552381,0
0.31230892244066616,0.4080970763696239,0.26837123654574296,-0.2564203766163694,-0.07919413526903624,0.1772804773861604,0.1294418883110568,-0.12113284118162519,90,31.19857087304425,-15.160584169271212,0
0.29326393682344404,0.3866392002706325,0.31485682731761544,-0.29641964399416565,-0.10616127525085031,0.17793127078721874,0.13740925712829732,-0.11304084739333849,90,32.02026704736563,-14.697519619247219,0
0.2935479149804507,0.4009992388000185,0.29704063393550195,-0.2727238063972026,-0.11770668474231198,0.16241356980758279,0.11275912319120408,-0.11689117928566478,90,30.877296156311942,-14.678742025143023,0
0.2862879125615323,0.40391619384438726,0.29113636024319534,-0.25896204897013886,-0.1330377294185488,0.15024980938307508,0.09987800293230173,-0.11224700330033549,90,30.95164658079942,-14.647269202362967,0
0.31159189247348207,0.40245796699720243,0.2389096940450855,-0.20392211216366507,-0.12447334686359958,0.20984114631078013,0.1541099737841521,-0.14241988156598848,90,30.891918057670996,-14.254621169587315,0
0.3632528228453986,0.35735596584704876,0.10645218919389862,-0.002843167702314172,-0.10641421418960019,0.3128561384005871,0.301556104657332,-0.08332394061026843,90,31.74208086305568,-14.895665789781889,0
0.3148777188280569,0.3437716189080042,0.11137284617750516,0.044791549750938894,-0.10196875961090922,0.3232073211799742,0.3158204031056592,-0.06870549793512862,90,31.765009650116955,-14.422722712011552,0
0.30514660987698977,0.34338784648433623,0.08248560912457019,-0.0026445243319949386,-0.08244320592813492,0.3142487692515242,0.310209017729446,-0.050226032049426036,90,30.62908922645323,-15.393365514834453,0
0.2702779765839632,0.34717593227769805,0.060386122575814584,-0.045490419454388045,-0.03971278808652368,0.3146396218386573,0.30833697435554697,-0.062661007620689,90,30.554821699296458,-16.165081665210494,0
0.354397831522256,0.3725045718810529,0.10715871568647448,0.028416174134022993,-0.10332236638385492,0.29918289909317775,0.2945126935220739,-0.05265624810192552,90,31.47713632683955,-15.200511600648055,0
0.3544141718368488,0.39641120474488056,0.11300098640606095,-0.036329887275752266,-0.10700169260004211,0.30735726968431754,0.29686667901494385,-0.07961574039369745,90,31.80433602500528,-14.788465941078563,0
0.34434507665993597,0.4151411523340714,0.26481867168033946,-0.23117032519336989,-0.12918672385555344,0.22097694811560092,0.17357520321777042,-0.13675693922574705,90,32.42216345466103,-14.753113348983817,0
0.31731868810908354,0.3864390556592116,0.29411485168350543,-0.25641672011375755,-0.14406252679622594,0.21437326476589946,0.1573858911063373,-0.1455526637580178,90,32.7842729595854,-14.802570982128199,0
0.33796196245242066,0.41622936998834753,0.2044533783612957,-0.1250852615825595,-0.16172464641534948,0.22404663626171137,0.17705621181577277,-0.13728799320274085,90,32.68054220896006,-14.49846605641115,0
0.3215069595861885,0.4221297247244073,0.20828518833104653,-0.11819146315724992,-0.17150363761404,0.22619320811547095,0.18115776795110086,-0.13544456618315792,90,33.16053609846985,-14.20873303492561,0
0.32598107641229623,0.366940863854223,0.1577811256616445,-0.08469423711915292,-0.1331231377855118,0.3105632107330981,0.28181411717555244,-0.1305002345645965,90,32.82150249755794,-14.808425810068657,0
0.27191135094771174,0.36229659365909433,0.41424893081548514,-0.3540810043987494,-0.21500888122527734,0.1313841470808559,0.08514464264951807,-0.10006090111651926,90,34.001504959834726,-14.352830565183583,0
0.28087303072962166,0.36413480222849043,0.18801076385545762,-0.17302687038198483,-0.07355099898253223,0.21287645011640172,0.20679436955505814,-0.05052199258230932,90,30.2290401121993,-12.442068461891905,1
0.4220614954727746,0.28032798656068136,0.19832620718935015,-0.18023919642326272,-0.08274730527823586,0.01953376485754652,0.01640352089376886,-0.010606246828996954,90,30.829925498274587,-13.236823126133004,0
0.23164157525846563,0.38351343089816503,0.2682427943928451,-0.26251274686791015,-0.055147569987686024,0.1379278213492617,0.1299026028605232,-0.04636159695496957,90,31.564998066664756,-12.62743880630464,1
0.2472229552211789,0.33433985262965726,0.5460633805969078,0.5213107080430661,-0.1625434136117503,0.6259111277049453,0.5420139132045835,-0.31302660857749864,90,45.59455461577264,-16.52330811812444,0
0.34141186400012963,0.27071133419180504,0.20722779712326256,-0.1983413990632715,-0.0600337348345424,0.4668247471290232,0.46655871931790793,0.01575772700963154,90,31.023008203528747,-11.753013990495095,1
0.29572372927268664,0.28540335429386926,0.1689382664126196,-0.15262118327372953,-0.0724355732677522,0.480979954787432,0.4784645903072486,-0.04912588655115523,90,31.454931418948874,-12.746808665660952,1
0.3182377132916426,0.2878765901158378,0.15117436787185462,-0.12713086973447332,-0.08180117029732036,0.257253484124773,0.25559385076998087,-0.02917427878984474,90,32.11097889426332,-12.370654428265679,1
0.3021195569366677,0.2976411761120125,0.19259263837756466,-0.17861039381683927,-0.07204340065422349,0.3552466228523174,0.3539183739780211,-0.030691164994672636,90,32.530952112093004,-12.015252438388734,1
0.29945426516361817,0.29914120087955964,0.18975386567023236,-0.1753396908324767,-0.07254324472732165,0.29065789805108516,0.28952666761306595,-0.025618790766706073,90,31.279816317710267,-12.534922462112624,1
0.23443633174699616,0.2952414641321343,0.22011634872027486,-0.20577146191166745,-0.07816209079010644,0.2811496894091366,0.2778205143310824,-0.04313826226990125,90,31.086460491017323,-12.959184553122313,1
0.2705102068545475,0.30736750133501134,0.1967766940769819,-0.18503706673881334,-0.06695036418543267,0.20810016870366765,0.20536978249717958,-0.03359959302664385,90,28.781810434146614,-12.263347640246783,1
0.2318088959100923,0.2971873897904238,0.21746880815531228,-0.20422706080344186,-0.07472610090242414,0.264797467971679,0.26390359163691174,-0.021739212620298237,90,28.858764741853282,-12.652658931850409,1
0.42452095983395094,0.20909332636196776,0.2601695554497553,-0.24911411030044792,-0.07503570904669019,0.5200278815040394,0.5174039046898565,-0.05217467731830369,90,25.149074211460974,-8.94180697301866,0
0.20863988414566173,0.17063028893004692,0.22831919021690186,-0.227902474437044,-0.013788211152078893,0.16129793316861563,-0.15310917046010752,-0.05074056725623907,90,25.110770163586356,-10.330902005200809,0
0.34139199435488154,0.18488084243379113,0.25531917150433703,-0.2523624083052867,-0.03874395710322854,0.37130407364544105,-0.37005732341960024,0.030402179020926894,90,24.72870448525923,-8.061162958187222,0
0.3560910979450442,0.20590944387320034,1.1793451078890114,-1.1729535948709058,0.12261626230301839,0.3862622648743542,0.337200928793356,0.18839870192430688,90,46.10136817004893,-90,0
0.1915938521551679,0.16735350908580623,0.256803726859345,0.2152534895913949,-0.1400503100588368,0.19355762381224734,0.11446080765783058,-0.15608740258637327,90,19.435605122064135,2.4226558633958617,0
0.2938451869617094,0.518773875081274,0.46348073415671803,-0.46347634753529887,-0.002016484512508552,1.0042208914788378,1.002872693903751,0.0520188302904363,90,-25.527137346371692,-19.93504573051206,0
0.24548225621613737,0.5226356202402929,0.5255519238066197,-0.5203917061764038,0.07346629676014971,0.4943802920283275,0.35485743167326184,0.3442209702099376,-90,64.31258992824148,-12.344613984195849,0
0.21679398754894386,0.5094923545845256,0.3628629139576453,-0.3625512972193822,0.015034999513691317,0.3469848166291527,0.2629926983672573,-0.22634774921937156,-90,55.99396826276773,-16.026903392622014,0
0.2273200039566806,0.6191057724554113,0.36980721680519407,-0.3698070888632596,0.0003076161325749735,0.39863070230941555,0.37557334091702294,-0.13360801778382755,-90,62.62732258405073,-14.486269042059176,0
0.20816009311430403,0.5064942676666094,0.2598201256172853,-0.25974779668353254,0.0061302360339675985,0.25157724022858646,-0.03204468301867264,0.24952804670269974,-90,60.65191345560446,-18.967423901348678,0
0.2427194380519413,0.5053505765958773,0.3335552516587084,-0.3329402404037741,0.020246042304149118,0.18091247149996176,0.1241193089733602,0.13161960144370605,-90,64.18753874061537,-15.595674026966508,0
0.26618367947127947,0.5514817313172052,0.45388449670347636,-0.4531595978355177,0.025642059927391294,0.5798209112548343,0.5255638921434006,0.24489770191544544,-90,65.9487990176281,-11.16614033123734,0
0.22890553651942455,0.3714452496268268,0.2837319061435066,-0.28326643298461984,0.016245691982722854,0.8764791520937764,0.33019791493827844,0.8119021129578605,-90,62.08593547563287,-10.330763026394845,0
0.31656335175104905,0.34879020457693244,0.17030954021874023,-0.14412177201359844,-0.09074279211694472,0.1971963701203498,0.16375988142003656,-0.10985949947973345,90,31.42973379336479,-13.272767820816846,1
0.32382686639370045,0.3982048478011592,0.17697118795969635,-0.1562044333387387,-0.08318038454581528,0.20020552231615726,0.18237499931055745,-0.08259304324432841,90,30.963735395713858,-13.95485607144566,1
0.34616644637051686,0.3885053491953575,0.16509418673902634,-0.15035221076375496,-0.06819313171773168,0.18060971973683185,0.15533250084709982,-0.09215033935912924,90,31.211177493601383,-13.657127281953617,1
0.30989416474864584,0.4170875712810872,0.18376225782384206,-0.1775858495962615,-0.04724228427680223,0.19698477506476672,0.16859727560607363,-0.10187227427286773,90,31.47510977713537,-14.493213775883417,1
0.2986479144611398,0.42285316672961526,0.22015381865920142,-0.20237828854455456,-0.08666448059040995,0.17224547330943815,0.1480055648451238,-0.0881070703772871,90,31.45683723275844,-14.369191510023025,1
0.2948321945832083,0.40056307167446276,0.1952982568054503,-0.1816932914782175,-0.07161673647311154,0.21302390145699315,0.19410710898742908,-0.0877588333588195,90,30.4065803294812,-14.238655472452741,1
0.05741733308431366,0.26389474149826603,0.2492599637118554,-0.24925731169875845,0.0011498149170453493,0.30075430929289926,0.2985393332668022,-0.0364337899601743,90,27.517463008798615,-15.235706043008758,1
0.28894915151332,0.4180107043643435,0.22246814329365303,-0.1993837466007785,-0.0986823001959413,0.20499797548985899,0.19055359771257427,-0.07558767329224542,90,31.106320188454653,-14.22868796601073,1
0.30708534958305067,0.4149814760932656,0.21000724586975114,-0.18799882653894873,-0.0935921179254769,0.19611087867337867,0.16395966932764844,-0.10759509081743844,90,30.52869658665642,-14.773319438800561,1
0.30391605481289163,0.43651656866209126,0.20468994604356455,-0.18917678833011678,-0.07816723590110865,0.18208024361421593,0.1424870010623026,-0.11336079411720616,90,30.15546868363784,-14.4394661481324,1
0.30644286296400225,0.4127694381570064,0.22705871123345006,-0.21744202130421225,-0.06538062188549272,0.13171122953604794,0.10397876189096206,-0.08084717101742099,90,30.084300711857505,-14.39098249843343,1
0.30455144948748575,0.4079293759819657,0.1911691163999381,-0.17250281920843757,-0.0823917983192149,0.14402439079242219,0.12890056232027802,-0.06424694682741322,90,30.98391069520859,-14.58446195465194,1
0.2863105804815518,0.42621238116797033,0.17402911388017844,-0.16103724795347504,-0.06597830893173234,0.1981066545308999,0.17361169767995135,-0.0954213026431231,90,31.169725469918593,-14.835401199337733,1
0.30148779454716573,0.3936358436351245,0.15307731060027002,-0.132017162461907,-0.07748633322153002,0.20750054290053532,0.17133946253674043,-0.11704385452315653,90,31.339322667984078,-14.407876661316283,1
0.3017588005500833,0.3964378747486657,0.16659322348760972,-0.14698625345979524,-0.07841137293687384,0.20013327986180396,0.17849844418554972,-0.09050765233714404,90,30.898101780592082,-14.696253918955213,1
0.2836007996800455,0.39778196182863884,0.17425180808803142,-0.15411948812279191,-0.08130729366247978,0.20315459213856463,0.18882464867857507,-0.07494691693725127,90,31.529041870732446,-14.613132840618388,1
0.2745574198145536,0.41225554286502214,0.13114110764424952,-0.11765378346117338,-0.057927345454732895,0.1784400250115959,0.1523667119940704,-0.09287210346629912,90,30.047021896942912,-15.213254981213593,1
0.1351791827390693,0.2703128709047937,0.6330857795455208,-0.6221902297038067,0.11694837460984275,0.616952135488465,0.6074425936827074,-0.10790473976523235,90,37.54718111681953,-12.695685146723607,0
0.14920668168493884,0.16604956536908608,0.4248367536993305,-0.41585591853521287,0.08689143981440295,0.4961346895264534,0.49155264608936805,0.06727277513266988,90,20.682527148946587,-17.888374136973916,0
0.2655563019921882,0.21812215743903837,0.19194786138569875,-0.14895472825661588,-0.12106391047930488,0.28807650625148845,0.2876082671143551,-0.016418225895072136,90,22.663272720119988,-13.299792794231264,0
0.3023034741523607,0.19280269537018047,0.23431827671203195,-0.21556397843836625,-0.09185437388126894,0.30158958814916836,0.20755753930053517,-0.21880618720569078,90,16.285029563521412,-12.257112982457803,0
0.2639259497780806,0.23966991010460104,0.11847393951162984,-0.056011971901275034,-0.10439699874582653,0.2461734400163498,0.18224625829930824,-0.16549218684090553,90,22.61624232887205,-12.541736117659509,0
0.21308044140677804,0.1373191116905665,0.4624310617637418,-0.45255036495845496,0.0950823540932323,0.21447506382414958,0.21403067184276714,0.013799438862024754,90,16.817227965272973,-12.815216590525912,0
0.35729617796926394,0.3292475200455703,0.19860778538390253,-0.1778381150955334,-0.0884231713656896,0.3373372990877101,0.31305750544271477,-0.12566404275597612,90,30.994996782373516,-12.678859839720456,1
0.31208586801307153,0.3760419198241296,0.16702251928902115,-0.14512642729525807,-0.08267310354743929,0.17528037018191475,0.14495224549562788,-0.09854975746740476,90,28.31524122525933,-13.427341531358575,1
0.29274130317235936,0.38004426343473685,0.22462645037224596,-0.2084102757495487,-0.0837985630475377,0.15679089812415067,0.1368419217743006,-0.07653544394392703,90,28.622046849274767,-13.592514781915364,1
0.28798277330466776,0.37887543601774254,0.24612180674011078,-0.2310904413204216,-0.08469446075953964,0.17027560618751253,0.15234674076661103,-0.07605427430668098,90,27.584440186249427,-13.924412059106785,1
0.278243790484382,0.37732733191853024,0.28407190205701566,-0.264675091464803,-0.10316947948104054,0.1757938004803881,0.14672766764646594,-0.09682175289864733,90,29.8942433209258,-13.618934783338187,1
0.276546038035171,0.39831341014217087,0.2448343452101055,-0.23464380034687918,-0.0699009553098883,0.21853214387944964,0.20217233482039157,-0.08296170768384628,90,30.767579772004893,-13.441565391730231,1
0.2806521362886935,0.40374325618607154,0.27679238296223274,-0.26257164615553713,-0.08757941482496169,0.19741804537245805,0.17759134930816528,-0.08622759007178114,90,30.92458545229145,-13.592437315258614,1
0.2833420200112575,0.41436090060347464,0.2062417120261601,-0.18559139525994825,-0.08995264190087589,0.15067383150020797,0.11425502689832905,-0.09822623034309712,90,29.70100701441208,-13.3476865320693,1
0.28797285246990595,0.4100569315980339,0.2194308034081485,-0.19701686826827775,-0.09661382459102637,0.2073929383359235,0.19483293973329197,-0.07107711633494707,90,29.546659747072926,-13.72129306725627,1
0.2799946186927092,0.3966350937558599,0.19055533392504861,-0.18136365460727594,-0.05846845367186907,0.21428770609222153,0.1899189970054906,-0.09924714383142105,90,29.78870144477066,-14.710220221448212,1
0.28559919559927643,0.40434990124708464,0.2255518848334117,-0.21799746667157063,-0.05788572601844149,0.18349138661079573,0.15835111337362856,-0.09270390419871616,90,28.556436037887146,-14.318359117325405,1
0.3008848307357599,0.4197796153037295,0.25100344434371735,-0.23238488239590693,-0.09486830612090695,0.17567953301726452,0.12335493799759104,-0.12508739981618694,90,29.420044827265947,-13.677204597346563,1
0.292249395237812,0.37839872346579423,0.06330769341973916,0.023069228022493827,-0.05895485361336987,0.27861027378948333,0.2687753398667482,-0.07337234724720798,90,29.976184432052996,-14.051891524985024,1
0.29990438229394545,0.34069611552425644,0.04808399256473893,0.004919272142868352,-0.047831695585148014,0.23187718565190293,0.21928116488994517,-0.07538434817888746,90,30.98187537904451,-13.113102060116061,1
0.2740708187630793,0.34632180443486427,0.08767617935809888,-0.05581324085543676,-0.06761652587974723,0.24825299924851826,0.2382058951992895,-0.06991067964331292,90,31.082468318404626,-12.893336473715424,1
0.3565772525156268,0.36272404452472995,0.1747375687334143,-0.1661994863768266,-0.053953208013460326,0.1783220403945131,0.16805496006536438,-0.05963455783261197,90,31.748938386924657,-9.616588266046213,1
0.15481469250489205,0.19316527206680825,0.1374636978905469,-0.13373891239187852,0.031783196031566756,0.2384412429402113,0.2284244366934535,-0.06838496220772027,90,26.623725016378593,-10.571155543932397,1
0.2924789416792068,0.33783390116544765,0.23683308651509669,-0.22540447671596733,-0.07268241014625343,0.139722561551403,0.12390149084209284,-0.06458184554185786,90,29.993356971157244,-9.97809591973785,1
0.3038349214448021,0.33801058654719207,0.21868284343439537,-0.21149256658937785,-0.05561546808208879,0.18514666088645138,0.16517016531433829,-0.08365466231739138,90,31.831844999823453,-9.604509551623675,1
0.30806029070433905,0.303347015618369,0.24142791834402602,-0.23098480094603516,-0.07023860397139328,0.1975082414294743,0.18470960620238405,-0.06994188165272443,90,31.920772196336383,-9.82289873044808,1
0.3189104346948982,0.31501753735899235,0.23964642187300725,-0.23171360050689344,-0.061149119835588434,0.15085475428737224,0.13222404355623535,-0.07262202969307759,90,30.602248078866428,-10.352348507432527,1
0.3290762603217024,0.27018845634901323,0.2767768876998787,-0.27249515372142946,-0.04849573963933106,0.14931893898929663,0.14024847508666927,-0.051249495380473735,90,30.797751260674705,-9.848746270403533,1
0.3263680713632529,0.2257817204726398,0.3092158000001644,-0.3049516241501674,-0.05117536416984944,0.21300287545620492,0.21291931145510307,-0.0059658831782356874,90,31.723206976581253,-9.533697916681694,1
0.33403082900770226,0.2881881149536878,0.2294697906629167,-0.22279251834494582,-0.054953422062686726,0.10944872814934088,0.09123831617074682,-0.060453236107218956,90,30.357602248206653,-10.312802527813163,1
0.3370892874313006,0.2797238961659438,0.2550401904377926,-0.24988142344775555,-0.05103697634332382,0.1326313465528239,0.12100565679195553,-0.05430198074437747,90,31.517075255771225,-10.378472799885408,1
0.3162448383921071,0.25617175434477496,0.26653738289871937,-0.2603679274907392,-0.05701507534569868,0.38944525720241385,0.388230421594298,-0.030736754971335826,90,30.47043074152205,-10.047535985451342,1
0.34791928453544996,0.24925350030695198,0.242139814408363,-0.23798251282989138,-0.04467676475403151,0.5088409244791979,0.5082751243753956,-0.02398925522022158,90,29.662525120047945,-10.840757883387038,1
0.3131490081935645,0.23276699180633215,0.24317161135065885,-0.2398480419000395,-0.04006681124812367,0.47057063639776214,0.47045000417029065,-0.010654455216874123,90,29.05883046651891,-10.54702731092061,1
0.30582164934745587,0.34168343369642123,0.12605470412237674,-0.0797525373322131,-0.09761824225242895,0.28315306986907074,0.2788965317581484,-0.04891201845717479,90,29.655764172438925,-10.341648626395045,1
0.3111769424784998,0.3185118325346898,0.09575550233745435,-0.04913162938664556,-0.0821900189908211,0.2886870219842352,0.28310113161454725,-0.05651500633185021,90,29.647408314376285,-10.386216527402167,1
0.3455557830640979,0.3239963533789474,0.0865195092103128,-0.05697631460576272,-0.06511009943118312,0.3072592568500218,0.3017403129600362,-0.05797442931851143,90,30.052301477511968,-10.295721070536045,1
0.3144763220136948,0.2955837205728224,0.1655892738113936,-0.14115972307393057,-0.08656639176421708,0.2734342709768353,0.2695965679228797,-0.04565075145972419,90,30.424816524653085,-10.592931099145733,1
0.31388983398834197,0.32466859103943607,0.17414948473588354,-0.1647169379326565,-0.056536478417594405,0.27046948039646307,0.2680153466554387,-0.03635263103404958,90,30.552650177010168,-10.104206489997287,1
0.3208741144566634,0.306982468168553,0.10158539818681893,-0.07110611436418178,-0.07255007666985927,0.2799342289388298,0.2762803146469,-0.045081706602424436,90,30.55949190183589,-10.257633390465356,1
0.33365405990524644,0.31199181181388924,0.06376975496900918,-0.04311007349534843,-0.04699045873401458,0.26308733842264753,0.2586236282249001,-0.04825729542878823,90,31.294466044877797,-9.879233783813559,1
0.3220514642318858,0.2799109961242311,0.14401786114473067,-0.12406396487136308,-0.07313875135043059,0.2714190267383784,0.2676776882554624,-0.04491039173532218,90,31.124774674165366,-10.1036779624015,1
0.32886734180996546,0.309195436559893,0.15960360967808776,-0.14831735595840015,-0.05895145582413219,0.28236842780151855,0.2753007843277636,-0.06278062732738154,90,31.609119117990875,-9.484038493087024,1
0.32190899857612587,0.30262384604844766,0.0849844119361549,-0.05961977823383946,-0.06056263134542512,0.2978859136888283,0.2924936579487184,-0.05642231503586294,90,31.134815683297756,-9.704539196853737,1
0.3141944083271275,0.313015605439533,0.1529440399673553,-0.13396828839183902,-0.07378602216475037,0.2785845348546271,0.2718900158182187,-0.060705538120814716,90,31.867921524765087,-9.581685835306596,1
0.3184647286948144,0.2773081053895762,0.060502514257639535,-0.040691676068821264,-0.04477434232019488,0.22752618219312482,0.2201382314482423,-0.05750932653247762,90,31.8652846594312,-10.629933770294311,1
0.32410391600945904,0.302166383349797,0.12560791078948,-0.09737108691567661,-0.07934871571586848,0.23018493976864005,0.21444869030292232,-0.08364726967243917,90,31.0718946906193,-10.613901085474554,1
0.2884285671942655,0.28773495703393215,0.21462584782020427,-0.20976779450769187,-0.04540624340242463,0.13108474551847749,0.09561253790983411,-0.0896741495754743,90,28.773265823994265,-9.666229051936334,1
0.30817895713587723,0.3117294165346481,0.20172231254191764,-0.19441730618078631,-0.05379407434527987,0.1081258943048784,0.08446382300107998,-0.06750608582396085,90,27.603516998970505,-9.77064010415562,1
0.27524052013211464,0.31702428160700336,0.24806956111172226,-0.24374671786429333,-0.04610905204563508,0.075831943334884,0.0332787458513117,-0.06813962653631776,90,28.24701645243757,-10.20424929872823,1
0.32477010386851163,0.30602577750897914,0.21641027491015666,-0.21148160110544312,-0.04592319109739459,0.07930668190909124,0.04373627819370749,-0.06615653985202374,90,28.019051783425965,-10.519421746187401,1
0.33132850120227847,0.3017491165722572,0.20773253604689793,-0.190745757711828,-0.08227309674137924,0.11111155935761864,0.09351815582961549,-0.06000110959898462,90,29.239444070022657,-10.327327119943668,1
0.313885891371696,0.330650988048018,0.21327095866828394,-0.19924021154806493,-0.07607785429131925,0.09009813146627857,0.07297647264607213,-0.05284039869126561,90,29.882576682722316,-9.835051888383793,1
0.3362451889212119,0.30048748472535963,0.20534525286918784,-0.19141301824654758,-0.07434870087404045,0.08190211437300278,0.0699633359734343,-0.04258037057420686,90,30.482421792501857,-9.409168213771641,1
0.3502966185979505,0.3255235911029581,0.191620773657072,-0.17630426326359538,-0.07506881943933627,0.09330127199108947,0.08633078922354408,-0.035385338590937114,90,29.979100651383366,-10.250848531915342,1
0.3470167484007028,0.3169117756347773,0.21021789287739243,-0.19728766367755515,-0.07258884381544269,0.12140898945006139,0.11030327071478711,-0.05072801187613706,90,29.536749986588312,-10.38520103563549,1
0.29306339971113443,0.2762908779926361,0.1594060298304571,-0.13057706821203552,-0.09143255220903548,0.1819806058970559,0.1729455420798028,-0.056628441594155886,90,30.21995900251502,-10.262070613772506,1
0.34563181685714717,0.30416062404723243,0.11272377305401282,0.025272740684816032,-0.1098541650999662,0.29782691288272695,0.2970486372570978,-0.021516903609873083,90,29.974494607282523,-10.99800577288615,1
0.36631283189183744,0.3040059038446229,0.08581740053657286,0.019689368752902926,-0.08352816885917459,0.19318104223316054,0.1729996924449164,-0.08596523420694265,90,28.09733472596272,-9.86716589462866,1
0.3107376644682309,0.2816260272778469,0.07938630592047241,-0.05764913750212048,-0.05457804057457942,0.23210631125065778,0.2283860240510518,-0.04139038222268093,90,28.828840786700226,-10.564557102522897,1
0.36965437621983493,0.27773104951705435,0.06036402854318994,-0.03896656861976845,-0.04610230441055985,0.25572299648164676,0.25387149338238735,-0.03071670192824708,90,28.73873588315525,-9.924662341282655,1
0.34077472527756025,0.3107872028041486,0.11196270939314959,-0.09372490192493825,-0.06124778407269585,0.2832778897486034,0.2731609305529764,-0.07502978635084802,90,28.17097747701386,-10.767413376616044,1
0.351413419079034,0.3586621787903185,0.12819831664050504,-0.10580000726076949,-0.07239590356560456,0.2101807039532733,0.1950894660637281,-0.07820504168698457,90,28.173539747743312,-10.69957626914636,1
0.3418261989740847,0.33444964759430107,0.14439014081380086,-0.1273294128343695,-0.06808622027608777,0.25157378282385046,0.23965579873291495,-0.07651448449797217,90,27.825562894452567,-10.71656912486879,1
0.37598219769934604,0.27444968151063365,0.18649017778942686,-0.17801859083558141,-0.055569485590977845,0.23252580210084461,0.2256111825286592,-0.056283594063111904,90,29.331165809083547,-10.526040159506048,1
0.32194756114153217,0.2991975347559061,0.2248314796053626,-0.21610049852715604,-0.06204650479963563,0.18349429351109153,0.1678364563275347,-0.07416926370505615,90,27.792743830121477,-10.675274607124784,1
0.3382139635148331,0.3395921143266407,0.2691035744862739,-0.26183457099668445,-0.06212399884321531,0.7416881739977946,0.7394904149747253,-0.05705500511516359,90,26.891313259675375,-11.0264474324181,1
0.33815909195608684,0.3116702694153217,0.2624765522924008,-0.25634178446529443,-0.05641657593698809,0.20590971013684004,0.19935396044978423,-0.05154422549251621,90,26.97273230606109,-10.528136816935795,1
0.35043067979412745,0.31136796407909995,0.20699602881714058,-0.1980609834335405,-0.060159810400343426,0.1500667074802867,0.1421513741332608,-0.04809369528326602,90,28.01395583317964,-10.594971585493703,1
0.3387209207902933,0.30152143267094156,0.22302251291562916,-0.21375385190696894,-0.06362650439978271,0.0868616044000517,0.045273885373237455,-0.0741297080944073,90,27.061183120362617,-11.188919616503805,1
0.31557307329095546,0.2688020119712176,0.09642108978531261,-0.06561490863974206,-0.07065203691037943,0.21445218270554983,0.21061778551089885,-0.04037186017091033,90,27.48440623870813,-11.074298537473345,1
0.30506300171512835,0.2551656648982067,0.058828285249390454,-0.005114361048560263,-0.058605549706905916,0.37357409092147675,0.3729803890957753,-0.021053046282469626,90,26.876320229862387,-11.345581382866094,1
0.24780534238693727,0.22242449602224723,0.6091257065256543,-0.605585734124081,-0.0655747281791962,0.2941082915221843,0.25655723611162323,-0.1437987195383289,90,45.77797871368761,90,0
0.21178694235240125,0.2531288444738617,0.3616652187038263,0.012062959522132722,-0.36146398911600286,0.49845614552352363,0.49672700303372985,-0.04148268876648518,90,34.267145280967306,-9.740983787764037,0
0.1079955092405252,0.16069249782558764,0.27225408084792735,-0.2677235000886889,0.04946121752051387,0.34206486672504066,0.32160321397169345,-0.11653216642067976,90,21.59726978512403,-10.110001696634244,0
0.05539778396148884,0.12034813965296479,0.2162474685822577,-0.18372727156724633,0.11404936365754025,0.3725264365763798,0.3566738981424412,0.10751593524762273,90,19.949337498174657,-2.4079855685813873,0
0.15779680097692322,0.19021413003080215,0.23901023707846492,-0.23505605776153518,-0.043295994478817997,0.4511686092832597,0.4069377265002126,-0.19481991877995639,90,20.587398319509067,-4.092843637323599,0
0.1996787638040249,0.1729445764517142,0.39212133053905357,-0.38735387675407373,0.06095992148377158,0.3715683400101113,0.3705938748600369,0.02689258660101215,90,18.486257396539163,-3.7249110696733565,0
0.13328792382061033,0.20005682792192928,0.19554576712140287,-0.1947707263505473,-0.01739284898968942,0.24828715001484233,0.2135688124443819,0.12662887195892272,90,20.543952031923602,1.6174386523719493,0
0.22356149744663648,0.22607533714546782,0.1706344228864346,-0.1560061385238886,-0.0691244603353392,0.3070970343172026,0.30180277757729784,0.05677738927644667,90,22.445774775158146,5.5530462693458205,0
0.2530017054147068,0.22205110497863517,0.32411958733699425,-0.19251560865216355,-0.26075131317174693,0.42803409533469833,0.4176517857090846,-0.09370257554094506,90,22.763520247388392,7.055027348268846,0
0.2094415934089508,0.22086463639537354,0.45135986231336517,-0.21501182685963607,-0.39685720305674416,0.302362658673194,0.281437227143365,-0.11052721175247482,90,23.339663927654094,4.901473519485447,0
0.19971905706609122,0.2025853776629725,0.3239810595937509,-0.27702308277327803,-0.16799386472808808,0.26657724113436926,0.1862987280741512,0.19067304321472686,90,23.33143662066243,4.003844546552841,0
0.4654648062819741,0.2029027077165416,0.6065617734034677,-0.4737056996229978,0.3788404612749883,0.07508635961009323,0.07226763797622553,-0.020380134956212773,90,39.78260725410328,-23.859570784839313,0
0.21796678149904725,0.17249050191562898,0.40016801539885494,0.3356048502438851,0.21795372224634665,0.2748037926870532,0.17961471592928763,-0.20797999494381716,90,53.1447889127802,90,0
0.19215271775454887,0.20892879233112427,0.39119722824247266,-0.36807250800153124,-0.1325062271670883,0.41948045322233174,0.3207016237357061,-0.27039659607490335,90,35.29618716962859,-25.971527737836837,0
0.23872674006995756,0.3650121749825833,0.22027264237435404,-0.16731064684853159,-0.14327311132835086,1.1033690680102397,0.767327180495564,0.7928633541251058,90,-24.493968206621762,7.130840218294094,0
0.27624193809040887,0.16766752011018782,0.3049876858605865,-0.26376871104361216,-0.15311288515662955,0.2559581841070278,0.194202246820166,0.16673355793410774,90,-25.138177125667085,13.82992976939425,0
0.2759991754859476,0.16245288134785155,0.5171697030112034,-0.4582465692976578,-0.2397385731158489,0.42961907646186753,0.12741615336767156,0.41028974484007513,90,-15.796462503910798,14.771205805776933,0
0.1971506807804269,0.2116816306412613,0.26707944372169096,-0.2670441264419126,0.004343246661620215,0.3660910836225378,0.31654459586005707,-0.18390813016209237,90,24.46755634793615,-12.842526771149974,0
0.10928787520534765,0.11125639709718105,0.18814946635331983,-0.18789952669696472,-0.009694821096630326,0.11899269733430397,0.07353169902255753,0.09355400182648138,90,23.641011918763613,90,0
0.13726806355737864,0.13429866725221903,0.22554136641811973,-0.2210268777240126,-0.04490019253106748,0.2420573982724677,0.23653254794499026,-0.0514211806660148,90,3.4400276040284976,-20.958319552747305,0
0.14330533122950342,0.12867496009850235,0.2187946563456181,-0.2165052869579352,-0.031568376021887064,0.33560982600962447,0.328673232637617,-0.06788123055564975,90,4.942819384727328,-21.045104013793235,0
0.128235552286414,0.09676164157765844,0.16128955031182426,-0.15955898992260395,-0.023563696116459715,0.4321499974919887,0.4096912961200918,-0.137501498958248,90,6.035725792690817,-20.254607171515627,0
0.13107124469884748,0.10770258682219701,0.02229473039815646,-0.02163677332971493,0.005376341079676613,0.2310916007852507,0.22245850187833255,-0.0625742990015677,90,6.680157917296981,-20.25580322513507,0
0.12703586579590823,0.10325163796112434,0.11961378608324376,-0.11959692159401665,0.0020085234384078945,0.3034408389856905,0.29282331335669337,-0.07956663822952131,90,6.8677523931026965,-19.837601911428425,0
0.13782228852733708,0.10770182605059261,0.13220599841550953,-0.1299775819437695,0.024171350998494046,0.32020087143185894,0.30953442190379404,-0.08195754829425941,90,6.164017937666298,-19.836041734507287,0
0.13103322275020024,0.11763841532825534,0.025011298063128483,-0.022714107595048622,0.010470642146650281,0.5859335015637582,0.5589725370070564,-0.17569226256913426,90,7.956555858600257,-20.408672471845332,0
0.12736523191618002,0.1018143878558223,0.058532210610671966,-0.058135452492279055,-0.006803590411688887,0.04443408523471582,0.04133325015312293,-0.01630798462181499,90,7.386569199730461,-20.476158657352588,0
0.12712360292722466,0.09402703371992577,0.11069389618581794,-0.10257629777987287,0.041608193743197866,0.42775725572767787,0.4096412265147307,-0.12316791533179844,90,6.523666472018343,-20.267297058399247,0
0.12366711895172806,0.10925791043188557,0.23297421445763888,-0.23131192772717238,0.027780869196144788,0.3581299035541041,0.3384032513428702,-0.11721888627796354,90,6.348886126317937,-20.04622547949981,0
0.13014053183390006,0.11639553259868034,0.23290096285407433,-0.23288610909230742,0.002630340320340291,0.2359855271408667,0.23000085340262477,-0.052808867191192876,90,6.680375560203226,-20.331922419500604,0
0.17322600759191342,0.11163305231805984,0.3442756141895723,-0.34390274256924286,0.016018807039237835,0.2998111033927155,0.28628794174269073,-0.08902759196053353,90,5.979143558624882,-20.21827215803213,0
0.13458181565297753,0.11073811561863241,0.12483206292856139,-0.12272392009815544,0.022844766813033376,0.2990255287338505,0.2912541437521872,-0.06772953994926546,90,5.523656456427151,-19.838047531781285,0
0.12779256771416267,0.09771355442716886,0.14550626199784558,-0.12906592079627893,0.06718675739752834,0.38901876502288646,0.37911776491657395,-0.08720848504929517,90,5.454389888278708,-19.820680072185496,0
0.13010761948370195,0.10698956173532442,0.15306762295997767,-0.14372263259189336,0.05266404921266047,0.3816407228224191,0.3756492781728188,-0.06735919480411487,90,6.522872289767737,-20.662655304850542,0
0.24317821394633504,0.24149512719071822,0.1444656912771417,-0.1407346646804161,-0.03262039413424144,0.24398743814647866,0.24081957750088837,-0.03918929784488844,90,23.670806000850344,-22.196416782862837,0
0.2013466801554591,0.18000981727746793,0.1513830434596384,-0.1511696064815713,0.008035914590738854,0.06632177567013985,0.05842284471878089,0.031390271470721126,90,23.981661488910227,-13.382973782096716,1
0.3549256055357849,0.3153389207616248,0.1875241121732224,-0.17702381051793484,-0.0618697272991049,0.060649306663724596,0.040144134524177345,-0.04546192761086206,90,27.11146156569817,-11.451005607704541,1
0.2820964511618992,0.22542339342004353,0.12384316975945338,-0.1080036876078334,-0.06059978679152527,0.10489315697527206,0.05118844847022175,-0.09155499507645945,90,24.120052671697554,-11.86790053220769,1
0.29033847657774847,0.2992783910609995,0.2019898487123644,-0.1917817176588041,-0.06340088133995139,0.09731314972009668,0.025875158671716993,-0.09381004888688323,90,26.075400217205832,-12.004655900458502,1
0.3344096120038021,0.28610898107689275,0.23552159367296488,-0.22238665381190376,-0.07755383480265594,0.09512746706069143,0.0752738479662561,-0.05816427427326756,90,25.642439946835477,-12.521881857546035,1
0.31182001561106304,0.2903906083535944,0.2618515992663338,-0.2528431542790725,-0.06809257942350098,0.5675899977915423,0.560127089148328,-0.09173902983585534,90,25.330653817939236,-12.102293515246025,1
0.23964102862004197,0.257776185271868,0.20898034090337392,-0.1886092142185014,-0.089996373237869,0.5538012487325059,0.5433737439037303,-0.10696166385077514,90,25.41083611140911,-12.425211789087232,1
0.2927812226772955,0.297853074388938,0.16719677763379298,-0.14616144185728883,-0.08118864061752974,0.18811773565750967,0.15895659579199922,-0.10060359398713181,90,27.857541973920497,-13.60697604467166,1
0.3171562294445689,0.37113498778956955,0.1386762175045413,-0.1068916657591178,-0.08834741135204752,0.23948707388520382,0.21276986584000518,-0.1099228945603384,90,26.88325977944824,-14.22376736469627,1
0.33051659628670793,0.3264476456860815,0.19411947704559118,-0.167293001882592,-0.09846533851851048,0.18615191869598524,0.17363330027662363,-0.06711195027150195,90,25.388157770979443,-12.880627724121323,1
0.3650787855474899,0.30046832515502675,0.14530385188614944,-0.11699431554645531,-0.08617157015378386,0.1930169599275561,0.16557114992143648,-0.09920554991213447,90,25.583048854035297,-10.433899534325413,1
0.3372244736261809,0.3480708291818605,0.19008307678329178,-0.1757789939975462,-0.07234169854664323,0.21523861191278393,0.18424452380661147,-0.11127270781919975,90,23.425438651121663,-12.162042552984385,1
0.09498323975311927,0.23844392461195357,0.2802135353940584,-0.27888384074716643,-0.02726589056213531,0.1712775555574635,0.1669771579262011,-0.03813960892075957,90,19.837540430826397,-13.67322707495595,1
0.2944172162024671,0.35717561189578256,0.18481510266490347,-0.16506498737932826,-0.0831274450136717,0.2404452631590238,0.2237056627218003,-0.0881459076861332,90,23.17580371440053,-12.901235031255624,1
0.30769265244897237,0.3463338520477803,0.08020652584236962,-0.0188244393150294,-0.07796619313636828,0.2954141168009036,0.2820414473729136,-0.08787560736091639,90,22.93772223150691,-13.295030239752343,1
0.29543413987146855,0.363959606331004,0.09232535186321418,-0.05091385024007256,-0.07701785799668652,0.281946140626665,0.2654519192290916,-0.09502054931362461,90,22.35114093338118,-13.480170200278733,1
0.3181433683252121,0.3593598669933117,0.08776379405362016,-0.03360860462776283,-0.08107370252838446,0.2847553277471681,0.27494783992202615,-0.07408968890884232,90,23.107921494382087,-13.305560128966775,1
0.31423093150755854,0.3840669509852207,0.10951408915289768,-0.09344587933057882,-0.05710694668009945,0.26406442391492746,0.2510023165278045,-0.0820235153794225,90,23.08262498410055,-13.303466453490067,1
0.361694962249687,0.378811316510462,0.22649355029821158,-0.2019449193637754,-0.10255524301490758,0.20930960009026622,0.15446739847903168,-0.14124564240027804,90,24.19487072249568,-12.239753133476647,0
0.3438157502770444,0.3681521340413866,0.2088645987051361,-0.19061492874400454,-0.08538366080331532,0.20022050034974145,0.15122410844282863,-0.13122316024990566,90,24.056857250792106,-12.6971668750528,0
0.33467234536685525,0.40969283743389395,0.21117642720417765,-0.19445552628792775,-0.08235612729364085,0.22525289940530704,0.17685361408544673,-0.13950508189816327,90,22.747801033376778,-12.352555988138032,0
0.332039768589806,0.37701726892826953,0.1739915323633771,-0.16092409055539814,-0.06615504828109588,0.19866646304697416,0.13852824731753913,-0.14240185474468178,90,23.163434416589038,-12.702653791659168,0
0.34675963094695383,0.38502689284382874,0.24553325453302632,-0.21724771592235803,-0.11441157724679053,0.19957769740155104,0.13333645985103063,-0.1485013325680937,90,23.763445887729016,-12.860243939921164,0
0.3364368092877856,0.3816815796103234,0.20473827371249612,-0.17762378705334095,-0.10182117164716949,0.20141532263271156,0.1300291865603849,-0.15381983888199827,90,23.409690280337447,-13.134303344694185,0
0.34530619727752715,0.3482187418938168,0.25294183418472305,-0.23025419801843025,-0.10470231981967469,0.17606317022948706,0.09540456385950871,-0.14797367707141112,90,22.46425304963797,-12.92494351792835,0
0.32095412304210547,0.3357567565754841,0.3501130448829337,-0.3431974116541353,-0.06924363386695673,0.17495626683117194,0.12007875999119808,-0.1272430222152731,90,22.009906830517494,-13.654005755125006,0
0.31170136894921785,0.3203836609204425,0.3600938992445722,-0.3532339567410965,-0.06995275604427074,0.24059837225176384,0.22188808797277343,-0.09302286356581961,90,22.04177250488159,-13.322856125445197,0
0.23555697539792683,0.2882051631470374,0.39202861641986436,-0.3910156066431952,-0.02816436495870643,0.38864900107643596,0.3796213801778961,-0.08328057246165385,90,21.143455540017133,-12.646450665631766,0
0.20852170272793782,0.2969031584426219,0.22461026346419927,-0.2214048389168876,-0.037810947589872135,0.45252644971292755,0.449472450814479,-0.0524852707777386,90,21.68922825103919,-13.653240923306058,0
0.25760647723548885,0.3041910864352887,0.3354574773707886,-0.325819551593128,-0.07983319437192896,0.43491615513335535,0.4337364137438928,-0.03201226934422824,90,21.72365048320888,-12.600232514380346,0
0.22629582184235483,0.31266473088327323,0.3758292282281854,-0.3757901677491786,-0.005418358943229735,0.32551191257389395,0.3204530447817585,-0.05716512326248096,90,22.5330963347398,-12.671502550062392,0
0.21579326981027802,0.30089533753392267,0.29058868293352785,-0.2890856424128611,-0.029517350826010227,0.3872006415085964,0.3852340353074317,-0.03897531045958513,90,22.029024340832752,-13.04352084751335,0
0.30186415847725134,0.36274169398892775,0.044538199553991034,-0.01917751188821766,-0.04019793847062803,0.37972789345013735,0.3685126959692196,-0.09160603677474731,90,22.296617511742546,-12.901438708373751,0
0.32537967631047965,0.3667496935102245,0.10408683257206638,0.05857782565183582,-0.08603898567968189,0.4053667048079252,0.3919513779355147,-0.10342283452548988,90,22.878350081697004,-13.285856940820018,0
0.3479215014635813,0.36315077092436665,0.1015545647842322,0.05665765407740805,-0.08428072058875377,0.40053064566482616,0.3838714554110536,-0.11431318312986471,90,22.255009315557974,-13.071066107532436,0
0.2471251579641932,0.2671311658201741,0.13730118424550003,-0.11828538071952169,-0.06971501920859345,0.3001587795076479,0.2915339359323986,-0.07143708501391188,90,21.877181527178813,-11.903901462839055,0
0.5480039019678439,0.1656659203934535,0.614984700653429,-0.29447150187926674,0.5399006543974147,0.516227186670428,0.4861874688394896,-0.17352882585067905,90,40.18943497756305,-5.357379053570018,0
0.63805392450527,0.2537528850914681,0.36966643534698845,0.03453125250599374,0.36805008629603186,0.03286613147079258,0.024414818298646824,-0.022002255459372396,90,44.06277749757047,-6.1607423133590995,0
0.9352704675798919,0.2657990155178255,0.10394554622764375,-0.10122603639743631,0.023621306818805036,0.07414979997522292,0.06402960618192839,-0.03739521852527039,90,67.07736928700403,90,0
0.827536538929654,0.1870764415805959,0.07044624518515162,-0.05370833143495487,0.04558605702580051,0.09397718030363868,-0.09338723222702693,-0.010513575737966454,90,42.268856987619024,-7.049577626942289,0
0.6010173573078863,0.22837568500101424,0.3486679370392821,-0.2817336133737378,-0.2054154361643886,0.21310140242436498,0.1808226942391941,-0.11276240935396016,90,59.34849203718753,90,0
0.5993751361796419,0.17775126305168523,0.4591796033262657,-0.360241881533824,0.2847309166561246,0.09929531115429148,0.05375983793868466,-0.08348316382381493,90,38.12637172874959,-10.625653958413205,0
0.5468953068167107,0.09950458900264157,1.3506172523492657,0.0125065094865405,-1.3505593469240598,0.10335548264891035,-0.0613450240137176,-0.08318139108205407,90,36.20652881492666,-11.873545710008916,0
0.5411086511041234,0.16601160213531235,0.9444255376424012,-0.8786423882315176,-0.3463049952772174,0.11999187846749511,0.0962017516352861,-0.07171662206532627,90,19.87896975940271,90,0
0.4583768327943296,0.13822907911398258,0.826211336583734,-0.7628052130176686,-0.3174167287534632,0.10709353091820564,0.0672273718652686,-0.0833636901571515,90,58.0759152167574,90,0
0.30642343771852315,0.6897254228259436,0.29112274061138793,-0.2911125309721772,0.002438116498162922,0.10101230657780844,0.022923765882435318,-0.09837676065990614,-90,60.17699916476866,-8.754612338057427,0
0.2894016272676433,0.8123245879549494,0.08218152106897518,0.07343706535658767,0.03688902054843261,0.7081625082418663,0.6122099546038218,0.35593975552528256,-90,62.055754607393794,-4.860986876094741,0
0.23553223655784644,0.6117460239946004,0.26631648580280337,-0.23875408346793597,-0.11798711047288447,0.8709036369611166,0.8206214235320943,0.2916395448361891,90,55.901394221882114,-17.512352745281024,0
0.25457507531161416,0.5821668022985272,0.34403305632834597,-0.3268326915690007,-0.10742036849864804,0.7626736138452408,0.3852192210452707,-0.6582379455736614,90,54.99574657129098,-19.392656644394727,0
0.1862100230399388,0.610580134043337,0.6907551986567354,-0.6898503632414367,-0.03534431788794017,0.9811730920232345,0.8450701301973702,-0.49855502360184323,90,54.342563718023314,-18.67243892524111,0
0.16877960394795632,0.6426642946120175,0.31445411069792745,-0.3135598793419847,0.023697886021001573,0.7583234395883954,0.5573939845459888,-0.5141657174696898,90,52.39608633450161,-19.4045224436582,0
0.27498180789474735,0.30921339867461667,0.2009104890565087,-0.1912712114770499,-0.06148453686112599,0.21373823296752648,0.191872372967987,-0.09417549959365389,90,19.707449677646668,-18.004633423261136,1
0.30399819067497247,0.3086787083631408,0.149990611826304,-0.14164235649475912,-0.049341934322040655,0.23769437416357891,0.20908010793872592,-0.1130669004322051,90,20.571409379696867,-17.412289968002273,1
0.3180480530648701,0.32674253493344274,0.1508408733394249,-0.14072577637062955,-0.05430676693271279,0.2779297777948347,0.25194046381834373,-0.11734975106954433,90,21.26371203662765,-17.476257964352083,1
0.32486413261347963,0.3620061578269542,0.22135024640993353,-0.21895684470597554,-0.03246277471414933,0.21263483201123762,0.1849936666884564,-0.10483756516443683,90,23.836134370556213,-17.688679525428114,1
0.3413162749239212,0.3856811232984561,0.19814607751841412,-0.1800223819875765,-0.08278774075581768,0.18771118790480076,0.1559065975832243,-0.10454005402071484,90,24.807728450663877,-13.210821822924112,1
0.34385475255845926,0.35909262762523375,0.18454780246187844,-0.1759909739782241,-0.05554339269170141,0.1877252516602228,0.16282787032214358,-0.09342298837678646,90,25.36915791351987,-12.247804283933439,1
0.3475814362782463,0.3557367792308457,0.21475069650657472,-0.1989665130697813,-0.08080958066288628,0.18451428015872515,0.1547027717363727,-0.10056128479477715,90,24.220586943618457,-12.006172291934583,1
0.33973036019950187,0.36827616897843485,0.18155798674099635,-0.15218893025789415,-0.09900420221587383,0.21502618322026656,0.17560971525867936,-0.12408661240053742,90,23.528859394563625,-13.662516489203279,1
0.30977359345889854,0.3604295005390621,0.22659961291140263,-0.205012576676279,-0.0965257891765218,0.18194357637775366,0.13187472683902596,-0.12534959675347887,90,21.517159259463178,-14.9015012928493,1
0.3359275414319082,0.3809347725729482,0.20274834352195667,-0.19457352440576658,-0.05699152920580309,0.18009225756478683,0.11385815343497692,-0.13953330115480952,90,23.32083060016083,-18.822047209474487,1
0.34011252556308436,0.3536019997488735,0.22433227709185877,-0.2140448106710875,-0.067154966830435,0.1469927753087806,0.08891259782508239,-0.1170530902666513,90,22.962969537555605,-16.464149856051797,1
0.3345024322671343,0.3220599489178785,0.16400152699947163,-0.13877777896622964,-0.08739124054136505,0.20896828935583825,0.17591948337120747,-0.11278333798355498,90,25.570586282857025,-10.432575601406484,1
0.3497618630641559,0.3168048076770399,0.1579699169769859,-0.1334124892709177,-0.08459079368496955,0.15629168301372368,0.11523248905846341,-0.10558675885097238,90,24.398155787471186,-8.961495948931685,1
0.3182534999220198,0.33357794487254017,0.1713565836462567,-0.15447145621053252,-0.07417309468475816,0.179076094808609,0.16834742635189473,-0.06105236909895712,90,23.664381124213534,-9.732372453852237,1
0.3246825010250061,0.3692142717320002,0.1913946546677729,-0.17557883300720153,-0.07618390404294909,0.16298035348551818,0.14107966275381445,-0.08160345813465529,90,24.923055797837996,-8.704845702794188,1
0.314475867476869,0.3719888131434001,0.20114163695517684,-0.1818617591748116,-0.08593170932112887,0.17224571056902796,0.14272236991851395,-0.09643085571678923,90,25.541117654825353,-8.762118665405954,1
0.3141395383146669,0.38974879159686676,0.21008969313824866,-0.19220829853100713,-0.08481538267754697,0.16713455487616774,0.1380498943223703,-0.09421351342157407,90,26.334830548569013,-8.791008106947439,1
0.3182565203489578,0.3679889197418368,0.19309301118949043,-0.1748309802115067,-0.0819697464221308,0.17775482149448346,0.1485262161356057,-0.09765623218707045,90,26.029387108821222,-9.078945252884496,1
0.2927585580963162,0.29690454482127293,0.5199831286531483,-0.5185398257998898,0.03871567051384451,0.1745971545152934,0.15821510618898083,-0.07383865206276964,90,34.68258263896156,-12.52482672351176,0
0.2650873965412464,0.26373695532241853,1.4799717602996745,-1.460777851521603,0.23758047013264036,0.9303884391230645,0.8481742123481817,-0.3823913612536163,90,48.887279571372005,-11.237981119554448,0
0.23965905455221487,0.2190820382369539,0.1485888273791714,-0.14710288036672783,-0.020961445792915888,0.057324290057369484,0.05674837558179419,-0.008105313035845954,90,23.402377612194016,-22.05332550286947,0
0.22449474638908032,0.21718958840653343,0.1591373846053959,-0.15745341318942713,-0.02308960489149246,0.05822577713706806,0.057027874507488134,0.011750006483985533,90,24.64983123903432,-20.929889500701478,0
0.23731187313140292,0.1991532697496668,0.05486287262130954,-0.033085717382862395,-0.04376379893843075,0.19114375900572375,0.1854831045326767,-0.04617309324442457,90,27.187662400638914,-19.469885721882683,0
0.2563155497123605,0.18249686100995993,0.10144413258624514,-0.03778749988134583,-0.0941435971741731,0.22909663534916075,0.2265625568696626,-0.033980526084615666,90,28.809439628743718,-19.019443603069284,0
0.2534685598885943,0.22395551609943873,0.08442138077619218,-0.05783081242609694,-0.06150257446884989,0.255734073264627,0.2506805907593125,-0.050588117627360964,90,25.670158346910863,-19.73397567839226,0
0.2906164859237088,0.23358958948759512,0.11261422855267617,0.015237862697596307,-0.11157854638291173,0.28233547081613336,0.27654746406916575,-0.05687546217729741,90,28.154764637591313,-17.389656924437432,0
0.28208787952185277,0.22090943283098652,0.09164554682653384,0.0056801881148733175,-0.09146934850601078,0.23012922196116292,0.22690820007157256,0.038368314280528226,90,27.726918285212147,-10.582860393390062,0
0.324856219789524,0.24389195114197826,0.13594750116762302,0.10351634574747405,-0.08812541765467143,0.18130138705081025,0.1786864833416282,-0.030681160629117653,90,26.82683258019023,-1.718151357143549,0
0.24521755604912843,0.26023787653323993,0.1545713325259085,-0.10920065737150453,-0.10939613004337151,0.055786407465999575,0.04562022789450047,-0.03210791280691371,90,26.289688059793978,-0.7162181945751727,0
0.2583739852585777,0.266664410069736,0.1411079279422911,-0.10638845755557817,-0.09269813065597254,0.13605714763954121,0.12984117802523953,-0.04065483873816222,-90,-0.30775468737539646,-12.70671300545338,0
0.2621821075260941,0.22304203408399056,0.16371879401124168,-0.13330063709845136,-0.09505147900817931,0.1271736896274325,0.11982207972105186,-0.04261239895589569,90,27.082894295861625,-4.231896820944318,0
0.2555625632479492,0.28656885103629187,0.18321543120469908,-0.16322363765296677,-0.08322222265030436,0.08502896654034009,0.03516589962255353,-0.07741630742068989,90,27.302446682190073,-4.484909780038116,0
0.23998377430031634,0.27893679328309773,0.25499897921645825,-0.2456248204550687,-0.06850494126594785,0.07476010210213148,-0.020461948926613415,-0.07190536497679284,90,27.007816558362492,-5.17021607949396,0
0.2524502234778897,0.27016715497959853,0.24656526220465924,-0.2374178219838587,-0.06653725520708795,0.100262294955202,-0.019611175301783048,-0.09832563039699599,90,26.861886747246864,-4.836613597208698,0
0.27454859596548076,0.2639142094723752,0.19680450246037504,-0.18068691700727213,-0.07800160390070776,0.11402645877627111,0.015908312816427142,-0.11291128767484389,90,26.258777484055994,-5.622665185156773,0
0.26812852018821653,0.2697757394146725,0.19926541582440543,-0.18894391820703768,-0.06330009254531509,0.08229918230518951,0.047755591516465974,-0.06702655359643118,90,27.010408631751176,-5.4422273587508725,0
0.2641699445312386,0.24667965371065192,0.10872949151701938,0.07074320520552646,-0.08256816119303108,0.2564755566185381,0.2546617082549323,-0.030448735465840017,90,27.365965063942827,-5.805361593462205,0
0.2590133325149591,0.24758314050327415,0.12309998983174478,0.07711994832225885,-0.0959485334298956,0.28314191723015286,0.282868087520536,-0.012449512249125048,90,27.347816810704977,-5.818996393475869,0
0.2373321722353443,0.24752152434763625,0.21004859601652698,-0.19929930098949353,-0.06633401324820787,0.07136290186007005,0.019024260126431984,-0.06878038447502194,90,25.94931243822808,-6.30712932867657,0
0.23127142637164078,0.24000173816031012,0.1636970641161546,-0.15154215290250708,-0.061900764889632774,0.09963752858371577,-0.043336456626695774,-0.08971949971613359,90,26.04462727487456,-6.473206863203054,0
0.23634964701536232,0.22565425450329726,0.16797195561410985,-0.14336620029954036,-0.0875254847715828,0.061822006784277225,-0.02310732280805928,-0.05734119073998518,90,26.576874680578015,-6.521768242885294,0
0.31361512331960456,0.26196152850574717,0.19681980077954497,-0.1571754186632908,-0.11846485447979509,0.12043019325350203,0.002724832173137627,-0.12039936352283628,90,26.512214800623003,-6.34238568491315,0
0.31723299036268865,0.28193781591353007,0.1858162989592951,-0.1319510086876642,-0.1308305326184912,0.10797535494133034,0.003915218486682547,-0.10790434810010119,90,27.07422719226619,-6.379943639747323,0
0.2742341134032558,0.2839533577490768,0.15944662235963283,-0.0997141730084641,-0.1244198902231209,0.14652896942735916,0.12121045854896699,-0.08233324735362446,90,28.477100002576076,-5.932417492544826,0
0.30722745437061794,0.26623272999512726,0.13797114459320567,0.0720662259658792,-0.11765413641429741,0.2510594578255051,0.2454353653930535,-0.05284252811907166,90,28.722673355699996,-6.203704063737334,0
0.3091041480649876,0.263542490553194,0.1242208908737579,0.07465610120163305,-0.09928391754378747,0.2364752690435976,0.23142938544928957,-0.048590044451574874,90,28.83859727467183,-6.936642243333141,0
0.2974487480896056,0.23515073977120296,0.13372209057389725,0.09094840908860063,-0.09803052785589866,0.27491725642806975,0.26741830356457774,-0.06377263363371785,90,27.80121734046108,-6.946062395765587,0
0.2778967315586624,0.22865257016649335,0.09735733099705851,0.07420671721849112,-0.06302232158946307,0.20090176847773736,0.1879515328683182,-0.07096296125396599,90,27.154620101172853,-7.3899718665668646,0
0.13731237261271215,0.08876547956582082,0.2110030380220784,-0.208298325817154,-0.03367624557930142,0.38564712328815554,0.27134621546694154,-0.27403455083656514,90,23.854849983950885,-9.894140121913383,0
0.127280615942294,0.15456057025411066,0.5888863980425297,-0.5750646441161744,0.12683786850559478,0.18052176824130578,-0.17656219569626658,-0.037601859792847706,90,20.785759191123162,-11.78939615263892,0
0.13781699204544345,0.2579048322758821,0.4858658716044108,-0.48240236899318467,0.05791027179764512,0.36887906781024343,0.2816395811236632,-0.23822450128616426,90,19.9813569436714,-11.766843727576541,0
0.18597114073614945,0.17105426529408843,0.41172858989914457,-0.4076590087120402,-0.057745686906077405,0.3213244062071222,0.21618988747789786,-0.23772106885308578,90,15.543140052794163,-8.895527824856462,0
0.18233947445208112,0.17719929742791737,0.3836037594274657,-0.383188272976441,-0.017849137240145054,0.36872235230729133,0.3140569435210125,-0.19319526215014138,90,14.04056830678581,-9.862843989836767,0
0.23484998447591796,0.14648456173198268,0.41532278597076006,-0.4137059043246177,-0.036612037275520024,0.30638990234534974,0.29028575302047677,0.09802527149938267,90,13.419581804401105,-7.9218991956741736,0
0.24289755280907335,0.17104735509746194,0.26499265951786066,-0.2649208798619092,0.006167415304703483,0.30164837064175914,0.30138581361178496,0.01258295928589466,90,11.185050705208115,-10.027286608367302,0
0.1880971176712669,0.20413092110117936,0.24127848568163393,-0.24121980514307167,-0.005321020537542828,0.2973502466352273,0.2834054919257456,0.08999164583647,90,25.09509257998945,90,0
0.2318937027946196,0.20224633681657622,0.2075412890619668,-0.1873220143196853,0.0893523901007605,0.28771836604276585,0.27895010983509766,0.07048896637989467,90,12.66671593310954,-8.017120794676707,0
0.20364619002695863,0.19428094962735604,0.2992453753182755,-0.29002843704910275,-0.07369735648061056,0.5042944724768409,0.502822917251074,0.03849712791644275,90,12.59646416998142,-11.158041729996386,0
0.23361684558065354,0.18325430696985187,0.2447417665767442,-0.24173334594355117,0.03825600300659957,0.49110720945933073,0.4793342346328101,0.10688771066829501,90,15.579553719235829,-8.506525938084051,0
0.22002560643183702,0.17153399859674054,0.20615850895007407,-0.20615043763676072,0.0018242463347379772,0.5115786551347801,0.5094810274276086,0.046279618416950434,90,14.460939783102054,-7.9038701736530665,0
0.13800357362250673,0.1803460860689537,0.06653022894509364,-0.06310810589448543,-0.021062723800519944,0.22571578491703279,0.2141419337136319,0.0713501771973881,90,14.577561238625027,-8.04119708072257,0
0.12673916242458963,0.20206282155400446,0.1693107210905627,-0.1491597140442404,0.08010930022442307,0.3034266489772069,0.29523985680109166,0.07000827283691549,90,14.964522947898205,-7.166899789069843,0
0.22526591186100298,0.21316670598431375,0.2833772557957356,-0.281314133758796,-0.03413249551175566,0.2814867932755299,0.281218804528721,0.012280014982805497,90,14.121101783517526,-9.067915714340865,0
0.20549986548682547,0.20046503705184016,0.24997499665667125,-0.24693072032228805,-0.03889367962302818,0.350476591244274,0.34633394212225027,0.05372747476168696,90,14.831648456306445,-9.862436211862294,0
0.19835694335710594,0.2183650143289808,0.15146963332005184,-0.15095829545988249,0.012435547835048863,0.17966503896453662,0.1749772817128057,0.04077348538604347,90,14.607721376871643,-10.609672333659548,0
0.22370150379513226,0.21014829130850896,0.15963256308159934,-0.14743559304793755,0.06119886517414965,0.2902776016125592,0.28794785631452247,0.03670310670516534,90,14.435522828427356,-11.095910700816033,0
0.21915348019592387,0.21080209462713018,0.4196239496190003,-0.3255906448157351,0.26471681303295247,0.503700700969585,0.3235253373189109,-0.38606444056651495,90,16.960699191876284,-13.734523877815061,0
0.30043537170151985,0.33001297733049273,0.2577511074107581,-0.24284324899105014,-0.08638744000688385,0.17248902749174844,0.1435071244945194,-0.09569832717641233,90,23.86732273615836,-11.115325523848034,1
0.29174954889039345,0.3495294121317713,0.23026494020311886,-0.20162544285610048,-0.11121656117605533,0.23587956035508584,0.21545636357495013,-0.09600897035364708,90,24.627188623150428,-12.369017625129043,1
0.2193243706994107,0.3176812251571998,0.13383382256892348,-0.1158758177667908,-0.06696481852650375,0.20135142944569745,0.19565022225682682,-0.0475750845577802,90,26.50434916960175,-11.046978477332361,1
0.2902900141043121,0.394286585024145,0.18505674734895186,-0.17417867687011807,-0.0625123048939071,0.21638739671339757,0.20340302150607328,-0.07382896652805863,90,26.593139725983146,-11.313766344461126,1
0.2697922584812929,0.35389544956899854,0.18728506966093866,-0.18333834467461882,-0.03824589768685416,0.21426541613515232,0.20033749854804542,-0.07599049432055235,90,25.931847093408695,-11.634297217261022,1
0.2840277862527439,0.3504003825449884,0.2171724451516007,-0.2102080604801888,-0.054556779984547325,0.1828574293290517,0.16570155798616884,-0.07732938084444657,90,27.044558372861633,-10.374213553527573,1
0.283478676733314,0.40214833510285297,0.22114531737229348,-0.21180779296472038,-0.06358231070908454,0.2001652766102889,0.19297927229461703,-0.053152031241651826,90,26.367242903013516,-10.98884779785551,1
0.26773263307826695,0.37478710022648704,0.2180890360307965,-0.2110649415101459,-0.05490371665161432,0.15744068698803426,0.1374479713496328,-0.07678297396646407,90,26.982101839847036,-11.714199079337236,1
0.2921910170966794,0.3827525188063769,0.14801206443158924,-0.13823265322083214,-0.052908456798796265,0.18799078634379804,0.1696309306488624,-0.08103013709330845,90,27.227769923583047,-12.125071674297617,1
0.2784493005963113,0.3940810531285587,0.1605879499584341,-0.15199390100577306,-0.05182995011477227,0.14392949572656616,0.13640622388138643,-0.04592430540056868,90,27.538845219498057,-11.837236797915015,1
0.2417515728012586,0.3982267915234313,0.21585519928793348,-0.20802860720984495,-0.05759831283957482,0.13565651184705882,0.11675689452884562,-0.06906892779312003,90,26.859491272721208,-12.141675945443573,1
0.2069811448441859,0.36364734261703907,0.20401554385207918,-0.2004696542859544,-0.03787162319903333,0.10571821620609059,0.09459351300252591,-0.04720602223910288,90,26.26671814421607,-12.114197725479746,1
0.26419885683845623,0.3834814397505999,0.19131873249190187,-0.17644037419356134,-0.07397061414334725,0.180636053550711,0.16501728192894985,-0.07347571372335768,90,26.744622382940765,-12.280964949980927,1
0.22539134433552094,0.34592386170976813,0.22466483480065447,-0.21255379917374703,-0.0727679218667937,0.14999872100390427,0.12648129861133453,-0.08063558398373225,90,26.1540668037306,-12.165579441868704,1
0.2719134659868328,0.35857467807088245,0.17375286240004603,-0.1572575298302144,-0.07389266881029913,0.2134200354484666,0.19277719874486207,-0.09156999058047724,90,26.74717940114431,-12.156914088874863,1
0.31078485466974703,0.372947018489262,0.19659318608575557,-0.17511854720492992,-0.08934413937233517,0.1902854808997348,0.1671126949465607,-0.09100500771353785,90,26.620096099966037,-12.045075411101035,1
0.271687632800903,0.4023932330115077,0.2537916191414692,-0.2470694798654158,-0.058024633264514854,0.17604687024999416,0.15144394886655332,-0.08976207927918707,90,26.84700748263277,-11.551641717383987,1
0.299235209180706,0.3929753222433972,0.09601792675117524,-0.05857129438682092,-0.07608446445527767,0.265794536593269,0.2568977708405154,-0.06819289567106437,90,27.037900159462964,-12.075227564912753,1
0.296559554646258,0.36124312470646863,0.05983111113472561,0.0019697916715780174,-0.05979867707889924,0.261960355555346,0.2542151990105088,-0.06322863650855291,90,26.192017913558114,-12.194535210249585,1
0.2998746274540735,0.36984452222451725,0.11935580622912641,-0.10023504150085007,-0.06479772323104906,0.27182374281088956,0.26213279087871794,-0.07193432492110409,90,26.24600750127986,-11.831668203420731,1
0.28631037812761656,0.37533239970849225,0.11765396164714202,-0.0961675161150924,-0.06778099686136674,0.2692642356429064,0.2624955682926118,-0.05999420991310265,90,25.394739915355302,-12.325766115252488,1
0.27634166247956743,0.34804741416761054,0.25292455793817703,-0.2456874820465023,-0.06007073475388724,0.19375412432116562,0.17628079105002242,-0.08040984640104744,90,25.83993446086045,-12.192719152214725,1
0.27811840464726606,0.32598681057444345,0.2628056478175794,-0.24995513246029338,-0.08117413554559583,0.19556170078628546,0.1805696084505571,-0.07509324415975874,90,27.403445623492146,-11.767319479917294,1
0.29618275841686353,0.37124173369450075,0.22083786508798015,-0.20627978469940422,-0.07885437895884005,0.16469471767881175,0.14813315830416784,-0.07197859016496404,90,26.66255825302301,-11.516151922216228,1
0.31190005980670654,0.3413478718310305,0.21536364186771692,-0.20046415177128263,-0.07871227409461876,0.18881303913272887,0.1611258989814406,-0.09843174500109202,90,26.411145269802446,-11.855664491052313,1
0.3192224061167887,0.33606883893879785,0.2350813148962175,-0.21755883522533606,-0.08905828332462769,0.21911791794881214,0.18880138266683225,-0.11120566473572625,90,26.42874607534225,-11.738296291882468,1
0.311592013068482,0.3103007143760933,0.20575031992692266,-0.18855245285678218,-0.08234783950852606,0.1853080533703972,0.1712893033051413,-0.07070395474911771,90,26.313452504891785,-11.623453526687188,1
0.3000438164975546,0.30018195143877396,0.24059602623919765,-0.21904330767417088,-0.0995312875695437,0.3341811184953285,0.3276783324038823,-0.06560434765927957,90,25.865661188470717,-11.71011763666362,1
0.3344620083354299,0.25608425735576434,0.23008366359742638,-0.2165220816065486,-0.07782467752057041,0.3768289696077846,0.3713825742272751,-0.06383616448367761,90,26.809117159157548,-11.100224313054898,1
0.2950014942370824,0.289320443869968,0.2533717079944128,-0.24448561829430016,-0.066513193121814,0.31126852816618966,0.30858465006554614,-0.04078738004175403,90,26.93067085534388,-11.57267478402447,1
0.31008247234526315,0.2931256954014818,0.2510404629509796,-0.24118363432849627,-0.06965463782649614,0.40882241842817146,0.402940725270049,-0.06909805878826006,90,27.58581693323521,-10.874900007197493,1
0.2951554571314403,0.2937663151871226,0.21208600713642806,-0.1948383373047768,-0.08377646888824475,0.20112915575886647,0.19236939122429342,-0.0587107708710175,90,26.666586816283182,-11.110110914796579,1
0.3263076054578729,0.32920933276813463,0.21162277691998058,-0.19255326167165018,-0.08779203341381762,0.2896699635192207,0.2738892853148829,-0.09430454472043923,90,26.038608068380814,-11.336457926343815,1
0.2905091988710497,0.31633080183295603,0.22468550159790412,-0.2139277268984378,-0.06869135529576627,0.527268265265827,0.5218323238019633,-0.07551721255367881,90,24.15143305076831,-11.358666520802585,1
0.29731605563528557,0.30462986734304065,0.1832367468306735,-0.16768242627421506,-0.07388037160085732,0.4735707832884765,0.47149228436854973,-0.04432056594164706,90,24.763708244189075,-11.782141309198137,1
0.2760944829346203,0.30515697274563813,0.2174054766439832,-0.2045842798508287,-0.07355551449561976,0.4440906071174143,0.43983118118711023,-0.061359590818918355,90,24.49180713256141,-11.619375369160267,1
0.13777282078552452,0.2303406605111268,0.21630196419665657,-0.2057997459186594,-0.0665808102620188,0.22673528817045815,0.2263300370047462,-0.013550101518842176,90,23.47431268947756,-12.027930946045995,1
0.26151233390181317,0.27947774803577907,0.23300841550539558,-0.21942576018221785,-0.07839169257511203,0.1972915001121538,0.18967841312636924,-0.05427739502192777,90,25.852156136393006,-11.2487018733983,1
0.30781492277613814,0.2778919990228802,0.240499498414346,-0.23001171514483798,-0.07024684785584275,0.320854442155525,0.31251154079071825,-0.07269188347776104,90,25.648390121830264,-10.746195643897748,1
0.31657357500661587,0.29269870208038845,0.24255094527564788,-0.22826834474538568,-0.08200319409213325,0.24925022741584452,0.24072505726049584,-0.06463066357218697,90,25.758816300451763,-10.810541316040533,1
0.32389395044100994,0.2890282640914695,0.23985036766668855,-0.2263149591870413,-0.07943386002211837,0.4599066715248095,0.4541110765229112,-0.07278239273499956,90,25.43998641130182,-11.02969325855815,1
0.29797151340103367,0.28089699368833543,0.22212463559330978,-0.20860885234984616,-0.07630006853693348,0.5422369062473632,0.5361583506565835,-0.08096348261978295,90,24.8281474418117,-11.336365648419381,1
0.29064052289891296,0.2795849114485916,0.23539294272950437,-0.22782953241031523,-0.05919072265611261,0.5895597200853527,0.586991927784702,-0.054964900279346904,90,24.871379510551776,-11.213448463918184,1
0.30630934332129917,0.2681455820074013,0.20607665816068946,-0.19731945180801533,-0.05943587281147621,0.14527261896326846,0.13820551051081495,-0.04475902908790586,90,25.08559304770368,-11.496134436275563,1
0.3138108285669388,0.29687452864445135,0.21466950547853758,-0.2064226052450339,-0.058929658290650104,0.1213410441781364,0.08641815709502132,-0.08517952292975506,90,26.22107783759812,-11.596584495896947,1
0.29814782241879106,0.2926857994778435,0.2092979483911916,-0.19351473064687746,-0.0797350626978393,0.11979726691410751,0.09588925612291262,-0.07180971884281669,90,25.311544252123852,-11.672165051082365,1
0.30079865211229134,0.306403277566689,0.23037334711551635,-0.21698229268523733,-0.07739873204558442,0.1814694129421615,0.15736346759998068,-0.09037636249862334,90,25.24081004906826,-11.464099537065463,1
0.3149532837078707,0.2776938585116275,0.20995918160751514,-0.1921991760239852,-0.08451233446662489,0.09628816156937053,0.05212955815761765,-0.08095627971134024,90,25.58869394810324,-11.76133409916355,1
0.3235831243282406,0.2836289746656875,0.2226791935795036,-0.20107739115348847,-0.09567604726432334,0.08463857571678657,0.04230958489315447,-0.07330475786424212,90,25.586039753617406,-11.579901938870972,1
0.33364033270992666,0.27907703853402815,0.215627491936686,-0.19979718334617033,-0.08109439441689172,0.09629116038116678,0.04997560178573865,-0.0823069061118498,90,25.93859137402932,-11.6512510330783,1
0.30279779371235643,0.2838130725220284,0.2166015555034171,-0.19808174422206382,-0.0876347901945612,0.09815218769391287,-0.007774479983412427,-0.09784380108156378,90,26.0431900666081,-11.763189736028217,1
0.29663113110504635,0.27616138097140586,0.21187112889584117,-0.19678344090922442,-0.07852166989770355,0.09183443698022759,0.030426169695662263,-0.08664763131861225,90,25.72736599506479,-11.555613493781932,1
0.3102609843481706,0.2603170235514291,0.22795109982561684,-0.20885748719733516,-0.09132499084764982,0.04939503484945809,0.03835592670997824,-0.031123822933533683,90,25.531623840990587,-11.95676400269913,1
0.3233319230406422,0.26351952583026184,0.21153716093970498,-0.1923486309846241,-0.08803394014112707,0.13657494229938322,0.11190074015864203,-0.07830031427796398,90,25.78841673457096,-11.608277887296888,1
0.29603947050696117,0.2724740731965087,0.21023759866557057,-0.19594116014339405,-0.07620308165898756,0.10139880183432608,0.011607523402493668,-0.10073223125642304,90,25.351324073225598,-11.588423269892743,1
0.29640794038998436,0.2814009169546861,0.19904966946827424,-0.18983697756289863,-0.05985560011571798,0.14900520816935922,0.1452009549940265,-0.033454965706405555,90,24.89049984440886,-11.403171663661428,1
0.3139305193739491,0.2846543970688982,0.20470337317800225,-0.19308431269526807,-0.067984698141923,0.1072573541775478,0.08569542932478558,-0.06450142182935667,90,26.35147739628169,-11.58532495072102,1
0.29031797814866817,0.3051004492423983,0.19851925741751664,-0.18562832320412076,-0.07037059890343919,0.12082875755181324,0.02677169757609931,-0.11782556963753134,90,26.242873859565115,-11.984812971425278,1
0.2977479235343371,0.30119250841266637,0.19477220539463772,-0.1855409382899061,-0.05925176970177516,0.16333992496621874,0.13439109160465382,-0.09283838422376549,90,26.400847745715843,-11.747487123727892,1
0.29331542653945497,0.27575680798323104,0.10739956441653975,-0.06308757537283333,-0.08691734159786264,0.11723237341424829,0.09896500261711971,-0.06284391484727252,90,25.141198943555654,-12.045336530447889,1
0.04964523767894861,0.10459530722220546,0.17754398940926597,-0.17740588251695816,-0.007001501534441661,0.015347505188173332,0.00977211922981889,0.011834339916497717,90,23.74378668092394,-12.702921689966285,0
0.08131585661277156,0.0990627144634993,0.2037990574039648,-0.20345334986436608,0.0118655057925227,0.019773676687763943,0.01974216664188245,0.0011158611187612989,90,23.15066915370739,-13.043675883464012,0
0.09266958217114,0.08525618473848703,0.23958782617530347,-0.23837431743043433,0.024083422534639076,0.0457013052969937,0.03196609806948273,-0.03266156579316486,90,23.41102301587193,-12.815109849179288,0
0.06866147867709899,0.11573591808286608,0.20567522808745464,-0.20518501441043663,0.014191874795650117,0.07444433054874132,0.07366147007521491,-0.01076783066399534,90,22.47937895757866,-13.391635459438238,0
0.06678837515682459,0.1094456682767862,0.19676206356922898,-0.19665118412153437,0.006604653179364832,0.04120682146815034,0.0064592588827209856,0.04069742141947086,90,22.651955119539352,-13.197823731073264,0
0.05702031036385189,0.0996968537510471,0.14045338638217478,-0.139343555354336,-0.01762178559152213,0.02708585605159174,0.011964144442735143,0.024300264315453825,90,22.70377484706017,-13.460872637762924,0
0.06589037660266882,0.09691732940082141,0.16080525826442502,-0.16050538937390285,0.009815857956401866,0.1541315465028147,0.14168612812330225,-0.06067598144881142,90,22.84991107911113,-13.175137870021937,0
0.06857488532089095,0.12228010607499692,0.17960483815716632,-0.17815964014374377,0.022738524871099886,0.11550284723074078,0.11476871561367807,-0.01300190889041041,90,23.128427358802863,-13.072331276167096,0
0.060769053528641905,0.11665258270929214,0.2224326422412888,-0.22089141419743324,0.026139308871872498,0.051650109653375714,0.04989654415926009,0.013344238763179504,90,22.00385995969137,-13.296464689541228,0
0.051626903949575566,0.08371280761404874,0.109955701667259,-0.10901855316766691,-0.014325201372680613,0.042956890561602734,0.03796334914544792,-0.02010170560878686,90,22.96829228667571,-13.269333753798591,0
0.06569230175676896,0.10414604251035908,0.22178689446441513,-0.22175317736428574,0.0038671546404611735,0.07143497236356441,0.06510191750740246,-0.02940570715766885,90,22.402343031587705,-13.134320762384334,0
0.0636912976013434,0.07690625038920446,0.15958056852098354,-0.15866866496999393,-0.0170356275528712,0.12019952917278182,0.10583436891077751,-0.056982569006810146,90,22.970261621075995,-13.169471261438723,0
0.06019235165789186,0.08247450750311915,0.1831977466389797,-0.1830264746180568,0.007919846115021122,0.06558746124418302,0.055466812169078304,-0.035002111654261606,90,23.155206925003444,-13.161857547299944,0
0.055415585469213255,0.07620861768554221,0.2323904602563358,-0.23194007894630797,0.0144611824043546,0.09039828384095715,0.09038143728121706,0.0017451407884984998,90,22.785139522186842,-13.107096074454423,0
0.06331080942814689,0.08910722254103992,0.1608043124477554,-0.1594716220002949,-0.02065983248698784,0.06820198674507473,0.06696300004878565,-0.01294092811361235,90,23.23133018397314,-13.280182278736909,0
0.05793713888260829,0.08257208865838639,0.1834620988247055,-0.1834362911965623,0.0030771378285671604,0.06527784770776357,0.05282093454521211,-0.038355524701513224,90,23.702244584407417,-12.983318640247573,0
0.04984390212762471,0.08672837780380864,0.20566549336879633,-0.2053771745271919,0.010886291648571526,0.06558162562947965,0.06551371835495798,-0.002983676844509927,90,22.287653092347853,-13.260223984711608,0
0.05548288914098248,0.0853855809939681,0.15497067018573546,-0.15328741415816138,-0.02277887790301153,0.017887957633009495,0.006985961886945682,-0.016467403098074842,90,22.04854237920218,-13.454891161855139,0
0.05957028493527233,0.10055502137659342,0.21637292750271922,-0.21631179379432347,0.005143113996312318,0.06121297048828354,0.05550272982962338,-0.025816172014055564,90,22.656616607468393,-13.145540308775669,0
0.06360785917592468,0.0935330470781127,0.23359024551833352,-0.23359017783188168,0.00017782515351444936,0.07971563430854825,0.07643343033423682,-0.02263875174464263,90,22.3242244962365,-13.316909796488224,0
0.061441444473008804,0.16403273794910242,0.19237000911506108,-0.18931997671370762,-0.03411988898062083,0.06963411771555901,0.04906738787065269,-0.04940953144460342,90,23.86903136833279,-13.043172892102104,0
0.05883293223120849,0.22232436375031278,0.2499583837631483,-0.2497180663632789,-0.010958145156474362,0.14722230023398727,0.14462768591423128,-0.02751796055816554,90,23.524472062712515,-12.585381303780492,0
0.06275592457926613,0.20899286755609284,0.26778525440977574,-0.2663086585266156,-0.028082750454020408,0.09399234964293159,0.08025875257777472,-0.048919264365468965,90,23.73396024103731,-12.92684988652233,0
0.06387795206552763,0.18353633559104426,0.2200206307343204,-0.21786054788386028,-0.030754830912758907,0.07044969434926987,0.05857342934280571,-0.03914476732500647,90,22.300615130292442,-13.461561060746284,0
0.07564040369529897,0.17962861606466188,0.24694687693715953,-0.24690986313470642,-0.004275455042116799,0.15002763045458178,0.1158090435912165,-0.09537586341577345,90,22.908361021393198,-13.518160340455804,0
0.0687433972827559,0.14582465182290497,0.2791604852328798,-0.27915425204402067,-0.0018654975744453461,0.0898012634209647,0.06985049928840958,-0.05643735164907532,90,23.05973402461168,-13.423535664645032,0
0.08613319518031803,0.13963947162932222,0.25152280196607857,-0.2514921816218155,-0.0039246008672117775,0.08651542516317308,0.07714075458806123,-0.03916915588507253,90,22.741970987641285,-13.472853406769367,0
0.052354856701737944,0.1693586445435681,0.2290387188146761,-0.22815088032484765,-0.020147221229373246,0.026049230347971016,0.022927624466294948,-0.012364725555151137,90,22.680420365410633,-13.408667718307115,0
0.06783720444357755,0.21949178210695441,0.20031506223785867,-0.19637933108487096,-0.03951306723118097,0.11452892093696539,0.10940848269032023,-0.03386233374101035,90,22.17519090850871,-13.426702920118675,0
0.059546403810845125,0.19569559240921908,0.21015655649891793,-0.2096743298133416,-0.014228621043830592,0.10850924822524198,0.08171074438157068,-0.07139755740231449,90,22.60512200127097,-13.423108538764367,0
0.07447583277370327,0.21560090213359215,0.24736022424699847,-0.24673004483690228,-0.017645552252778758,0.05760101187555744,0.05350331228367767,-0.02133710720232185,90,23.242135305090898,-13.212398655297386,0
0.04766569744569474,0.20586374302904617,0.18399227768575158,-0.18182328772765893,-0.02816824964202915,0.079941744756782,0.04142865771679411,-0.0683692099891698,90,22.513571666836576,-13.109510847622426,0
0.056745471746641296,0.17400241314661247,0.1715258210679262,-0.1696760443191357,-0.0251226447102398,0.0856721104227027,0.05165780552982446,-0.0683460432806655,90,23.835936494609115,-13.157402497990391,0
0.06516536603602939,0.177225768551313,0.19244174606914474,-0.18988975434375593,-0.031236306206227592,0.1023763180794073,0.08387464976567127,-0.05870224552929775,90,23.10587407141212,-13.493601617912748,0
0.06543679741654009,0.20625939313361472,0.2904685240571031,-0.2903822465933887,-0.007079147638542248,0.03477723235591515,0.034282190734695274,-0.005846989718417946,90,23.472171435038433,-13.306540785526183,0
0.09031199653178777,0.18731400020044942,0.2732614641470622,-0.2732570987864471,-0.0015445875210054064,0.10843616177927316,0.09378676325258904,-0.05442834022844637,90,23.020778381122906,-13.391302807227625,0
0.40990385239892707,0.28922992567571537,0.5313649245295937,-0.5268079122955485,-0.06944138940967835,0.22237847988678205,-0.22082063225397447,-0.02627616196690248,90,28.37045838637826,-9.729070704223908,1
0.3891616464799098,0.16932543338709435,0.39178934188839926,-0.3914787177687333,-0.01559813935998486,0.19107311636519225,0.17879400067070902,-0.06739169920449259,90,25.531713855142698,-9.328424777224093,1
0.4523560885228891,0.20638724829928462,0.3595321633351947,-0.3594309264048465,-0.008531448660044844,0.4225185361661577,0.4153666993961541,-0.0774107126742657,90,25.41981656276974,-9.28320290696034,1
0.4661043194721394,0.21634741920234324,0.42620926956329513,-0.4259881091313242,-0.013728522877448003,0.38131690435054433,0.3760872542967755,-0.06293614779278073,90,27.055054614235875,-8.942267848507324,1
0.2747962923763418,0.32719015979323335,0.08328511280521862,-0.05997126680394193,-0.057791497410158904,0.2639405010848053,0.24974301935283477,-0.08539913581194901,90,29.075680851250247,-14.621302809541772,1
0.2598135019824133,0.33802663883864537,0.20641760821144112,-0.1988732283423674,-0.05529618457377156,0.2213410431030298,0.2036981899782168,-0.08659621678535148,90,28.010293005466906,-14.023237488107105,1
0.2573832859848048,0.3202831513772465,0.13611922415688937,-0.12880066633038748,-0.04403216481075721,0.2418268093093265,0.22816471543177386,-0.08013156888933987,90,27.619719275216355,-14.021728207625182,1
0.2562970847172648,0.36536408879025456,0.1722044755608433,-0.16812502754750983,-0.037260656399668364,0.16581184350449718,0.13627215176508636,-0.09446411011422874,90,26.984429954254587,-14.413693452419585,1
0.2546116990477998,0.3775449009240625,0.21147192670652631,-0.20510792808423728,-0.051488966021486525,0.15733135847499813,0.1389062763491849,-0.07387965044849797,90,27.302660853267085,-14.284444414418553,1
0.26122087354273077,0.35074204897216543,0.15172443789487838,-0.1419873551646905,-0.05347799573518849,0.2204920268414482,0.2007935432474691,-0.09109712888327856,90,26.623194865129157,-14.575439278449632,1
0.2785836473964764,0.3447676462251164,0.11268585676534573,-0.10169146855561279,-0.048548404072047836,0.23956489207170634,0.21693133148132632,-0.10164710982151548,90,26.875507950344094,-14.368076547360879,1
0.27151213913224526,0.35590523014899145,0.11524952376294413,-0.10527238237775959,-0.046906057562922515,0.22443809920646168,0.20424416312648386,-0.0930418303999431,90,27.18408228602193,-14.482516697929656,1
0.2702731948773873,0.3715391943492423,0.09132844789705308,-0.08113973928146803,-0.04191930467720251,0.25408519429414983,0.23571710384598377,-0.09485110918675424,90,26.787191557164434,-15.073015715539597,1
0.25009086145180875,0.35520305249701156,0.1799550863363002,-0.1758442836436168,-0.038244228429509516,0.249405779134262,0.22795254837981857,-0.10119722502477402,90,27.70193272158945,-14.76809424116049,1
0.27335947835215907,0.3306752411586072,0.20483301718458363,-0.19568398363769388,-0.060533820931960865,0.20253557645379436,0.1791819775224322,-0.09441651688460753,90,27.337968031882607,-14.525695609857276,1
0.05654198645393571,0.20456828040936056,0.08357222531123806,-0.08210081904918508,-0.01561321091016535,0.25221671399485307,0.24578998094314666,-0.05657345743658516,90,24.021501289893187,-14.885530436245128,1
0.25037130935008595,0.3090354554197305,0.21509445458608434,-0.20825610521968313,-0.053805381073024315,0.16259095997550194,0.13136024232507046,-0.09581391862383061,90,27.771085213003474,-13.88242849385634,1
0.05064562253531096,0.06669848314635503,0.1365606562663178,-0.1364950181562414,0.004233539702747495,0.010648551304686166,-0.007942955012306218,0.007092327584158316,90,23.043836310310297,-15.418375556962742,0
0.040546823588258736,0.07338757348637286,0.07278359683318945,-0.07111751960036675,-0.015483874640015554,0.022811327964327655,0.022783617985424394,0.0011240262409583078,90,23.265960142772293,-15.322746639847056,0
0.051375453490121334,0.08066010807161825,0.0880738603515526,-0.08773128546357746,-0.007760568802160661,0.09491390055327228,0.0949130336142384,0.00040567028349636046,90,24.129213239154936,-14.694358350499929,0
0.042970782498077884,0.06713603957521644,0.08192265868222291,-0.08181521218537316,-0.004194408256996414,0.04539340708233736,0.04467447498158068,0.008046905719773146,90,23.50661271650842,-14.85132215070996,0
0.04314705799845171,0.07445094869054264,0.07174886124031618,-0.07114974545460735,-0.009252719115304672,0.01970506631125529,0.007739062093392683,-0.018121715047025228,90,24.495058014022845,-14.576236497132884,0
0.05776279068609356,0.06299264949694733,0.10929279756003268,-0.10888213954615424,-0.009465478664604515,0.11546843728706367,0.11493707755650415,-0.011064728297012513,90,23.206642211157067,-15.016352880930219,0
0.04593951498026394,0.05361048349047642,0.10210429887958046,-0.09501364098225737,-0.03738577104976439,0.06987488294906925,0.06796115855930565,-0.016241311351705735,90,22.553767003759045,-15.003130654019023,0
0.0343627338711647,0.06301109199527234,0.11786364664784145,-0.11494667392194201,-0.026059573200840562,0.05402495365300576,0.053177134332290175,-0.009533519885907114,90,23.255317286954522,-14.873755055261302,0
0.035271385980794254,0.07258738414277546,0.07266879631472077,-0.07240452936679428,-0.006191775593753262,0.07658017528951926,0.07624533915809675,0.007153426035145276,90,23.424216671156138,-15.184431004853462,0
0.04388106476706027,0.07282434441020418,0.10825859291583852,-0.1082506094686026,-0.0013147204240181185,0.06326556155476014,0.0631445307326522,-0.003911459752098462,90,21.988309080648147,-15.481474126995053,0
0.0887602004058753,0.07621694380924991,0.08533663869106095,-0.08173704606454571,0.024523401145253344,0.07305942417562372,-0.034159271333579995,0.06458191420848854,90,20.62640776905361,-14.033062259394862,0
0.0742212332470881,0.06777731013099349,0.16969348660187186,-0.16739039628141603,0.027862782126883322,0.1923765770703367,-0.16979486967048124,0.09043478113471329,90,35.89792901740369,90,0
0.06759928852448024,0.06892647496362068,0.10710430166747777,-0.10557191587887259,-0.01805275639181816,0.10120551449290209,-0.06443746884696405,0.07804081478540285,90,17.905853201341714,-13.53204183670853,0
0.08570472852741137,0.07955090334346952,0.09525141554218532,-0.0951404219447886,-0.004596985420648031,0.03499044752276011,-0.03411963403827912,0.00775770526231399,90,17.462839344078358,-13.390161881145834,0
0.06170880047663297,0.0757662365274164,0.1435533879926692,-0.14222200683835987,-0.019505793371286786,0.04270721525375464,-0.04178769678639538,-0.008814455854947272,90,17.955152889741846,-12.606405309135702,0
0.06913479891173673,0.0861554905874202,0.15715802582027671,-0.15705935414434358,-0.005568155483499546,0.08696580397536248,-0.08579308282567569,0.014233692435482916,90,20.575551830779993,-12.314784064342703,0
0.0644526762988934,0.09896703248856481,0.16169676220487975,-0.16160080052719764,-0.005569935054406454,0.019017456541038893,0.016049490390757617,0.01020183863268195,90,20.667836760134467,-10.99237169523719,0
0.0560209339994141,0.08513385913197405,0.13435389969168676,-0.12781613086256705,-0.04140056827734334,0.05345427601540472,0.0525626113280716,0.009722731854018831,90,23.647902635913344,-10.830108736409613,0
0.09042187368722851,0.22213323997280035,0.2692077040585343,-0.2691275916008242,-0.006567142727804111,0.21762219743557387,0.2175347039078587,-0.00617036566243392,90,23.40201155794696,-10.730456764584584,0
0.12183753709667264,0.19989138402691844,0.16315773880541995,-0.15141065444239749,-0.06078866221116015,0.42561776090566555,0.4252572902913914,0.01751329359017005,90,25.73865357657176,-9.835262353558308,0
0.16291988579652472,0.1953316209593994,0.19661089321547096,-0.193422929355767,-0.03526207212316501,0.2387611192424609,0.2385940140582846,-0.00893132226872025,90,27.046694145692353,-9.889350750627154,0
0.08797241747502425,0.19384936791440227,0.24158667087854066,-0.24069883231363526,-0.020692792683173616,0.28035048674254576,0.2781867363845056,-0.03476399166551398,90,25.291767633719022,-10.953853924703608,0
0.1121483491881845,0.2378187476019771,0.11811144466341826,-0.10970798545710785,-0.043754671606843584,0.26387390585143716,0.2637828875219009,0.0069301111030987215,90,25.919199631741556,-11.862657967757727,0
0.07051477167932688,0.20239472267267272,0.19674372970422166,-0.1871321182816636,-0.06074261671466995,0.18806243512474982,0.18785261303151563,-0.008881175726354369,90,23.641865489103562,-12.2647906543867,0
0.08000173549920295,0.20742237760164492,0.27625328988856823,-0.2762528311923064,0.0005034207905505027,0.2730332755724293,0.27158477657920077,0.02808698453440128,90,24.239088261765968,-11.967830608444986,0
0.09083967986585693,0.22710494413328453,0.25816696058974453,-0.2573648985261346,-0.02033441778805407,0.2533261492890014,0.2530507911697686,0.011808259903456145,90,24.175384683438274,-11.676446661514634,0
0.1254767723068242,0.2149400832310224,0.2800195083730641,-0.2792797935115508,-0.020340157463452684,0.2598856749408308,0.25707408772783236,0.03812449945053603,90,23.53192292620961,-12.269124062803169,0
0.066861052825542,0.22693138881109137,0.3130157204874343,-0.31230586022045487,-0.021068719567864456,0.24597349422375217,0.24575465291605075,0.010373544753538941,90,24.334218909503274,-11.756007544256763,0
0.11633154602891088,0.2026615487583354,0.3049263543741211,-0.30482985194378587,-0.007670916230910952,0.3577535250200105,0.3574082206854113,0.015714593559225186,90,24.341822285428485,-11.743637491541909,0
0.09131949102885441,0.22133467574206117,0.33717410944836174,-0.3371688675012327,-0.001880125057552884,0.37072020427864105,0.3706342606619214,0.007982147830518963,90,24.38994072894239,-11.458068250117023,0
0.09849906711061039,0.19166980082020657,0.29362699504487016,-0.2928127359647933,-0.02185209088148035,0.2979008237047495,0.29767784937117875,0.0115238343322886,90,23.698310195457537,-11.942218849159795,0
0.09581687311237194,0.21876192062366473,0.27277902744650806,-0.272064100413451,-0.0197363390952429,0.22222427882718226,0.22207639562431608,-0.008105837820576398,90,24.293637173894734,-11.867147828572284,0
0.29548065293761416,0.36275124143786047,0.14398843192395086,-0.12647993308258682,-0.0688149333745415,0.2401086703633124,0.22826468279281287,-0.07448092489446102,90,30.007231339832874,-12.521294061980557,1
0.27724007463189304,0.3792810208694217,0.19512311318252068,-0.18179713214937435,-0.07087194113541478,0.15613417964876647,0.12216744648789726,-0.09722652453533469,90,29.187390464519467,-12.554135726191646,1
0.25419619282274125,0.31479277768937547,0.28863445316039654,-0.2832432361518186,-0.05552582034915145,0.27714984585538405,0.27373261854990955,-0.043387677968207444,90,27.921474313960626,-11.507116286826875,1
0.09629208441835024,0.23819316366822257,0.35389345512333037,-0.3535029810757073,-0.016619866116089763,0.30656490652515017,0.3036808026648105,-0.04195249701305619,90,25.07478251424363,-13.658442742508447,1
0.2586659783607828,0.3261838420204056,0.2135599937231636,-0.1965418005927827,-0.08354155575990015,0.19182745172250665,0.16901937031760708,-0.09072058031003895,90,27.822651876614394,-12.415000529723464,1
0.31178246681821375,0.38062425044107345,0.20576884859969694,-0.1798171954524661,-0.10003297093286097,0.18641557806937106,0.15134033394529403,-0.10884333267713124,90,28.033843083837372,-12.155884172891161,1
0.2848023109490611,0.3737184168213191,0.22794887165387867,-0.2162267107747133,-0.07215745031405232,0.17775397279030575,0.12934967744577888,-0.12192266314106545,90,28.710941541643827,-11.853945297397283,1
0.2677519708683906,0.34421461521608115,0.1915328910343969,-0.18284044523787563,-0.05704577051113931,0.1802787744093017,0.15529548339718238,-0.09156281635552366,90,27.850691454218907,-11.448593333395277,1
0.28373171683236326,0.381902248739752,0.16533979359610346,-0.1532627619354547,-0.06203042116831248,0.23079853995063074,0.21302663409141703,-0.08881226948470805,90,28.900950103247666,-11.595962294003657,1
0.310887430072006,0.38595204024528396,0.10499851578275608,-0.08693955444418723,-0.0588744612682603,0.2500395938377008,0.2319236704795719,-0.09344094155029328,90,29.099730120847813,-11.600511946509839,1
0.3144325954673659,0.36195044252467035,0.09512769114233896,-0.06970040491436622,-0.0647389463680529,0.26991044607762205,0.2586373045979887,-0.07719063137523954,90,28.88129105859003,-11.921763178194963,1
0.3281406058457191,0.39940284672466364,0.149421492508693,-0.12602267749286986,-0.08028117575779209,0.25353550147858556,0.23762518151927098,-0.08839979421882953,90,29.490278248775358,-11.84961855876472,1
0.3151205581169375,0.3787765709132655,0.15568276004674447,-0.14005023435897157,-0.06799304105398846,0.23047566456175836,0.21034970745795342,-0.09419146738180466,90,28.106942823839518,-12.113523662880446,1
0.20573230644036258,0.3465337061522811,0.1953820763368913,-0.1858209590277761,-0.060371573937676906,0.14100329596042854,0.12368020656368177,-0.06771363212876129,90,27.775779887628172,-12.253038235746127,1
0.24976469286137162,0.3843199312830023,0.2389117720493579,-0.2289729615340619,-0.06819250479404132,0.14985884319654783,0.13185280852849066,-0.07122155409254062,90,27.21071210597792,-12.120569593200312,1
0.27864381988990583,0.396255041673728,0.25516516914629606,-0.23804163989628963,-0.09189908171980306,0.17684611013361806,0.1326724165519028,-0.11692979327643643,90,27.85786870797295,-11.850961770174528,1
0.30027538628758177,0.403977175485612,0.21939771332055108,-0.2009657345668706,-0.08802346357809838,0.17618857240622443,0.12158583661813675,-0.127511949951411,90,27.12593467680986,-11.954451099574316,1
0.310809360849071,0.3909687263676885,0.21301907526312833,-0.19492921851249695,-0.08590533275685247,0.16541408941430635,0.1270804268440062,-0.10588855504684784,90,26.39571473712137,-12.029422970223841,1
0.30178271138506113,0.4110476052104854,0.25866865262070193,-0.23951290626094449,-0.09768848234590097,0.15719351001447363,0.10377984673097017,-0.11806584181365395,90,26.12708955363513,-11.658077174070382,1
0.2394999634352944,0.36101929747543854,0.270465930418753,-0.25835091370275703,-0.08004139495431287,0.16683654123062502,0.14782646687532375,-0.07734188503622637,90,25.745110507622158,-12.40529576800085,1
0.30424364394251807,0.392031062925364,0.28206921678541047,-0.2633964686709676,-0.10092246206667199,0.19103180027543584,0.16371063301077018,-0.09844784078732727,90,26.58494699194689,-12.742305852794411,1
0.3007792155526519,0.4040063099762898,0.2649875172223494,-0.2478986645258554,-0.09361963688223926,0.18631928745612916,0.14850122329605925,-0.11252672374922165,90,26.303606223517974,-12.723757402955812,1
0.28316964089348307,0.38043596268600405,0.2563116098591002,-0.2393314554012543,-0.09173928168500682,0.1943763593079736,0.14104422677578052,-0.13374862672582716,90,26.66400086426232,-12.323241302395587,1
0.25155922669693925,0.3382369086382079,0.11559082172063596,-0.08845755460218059,-0.07440765484715994,0.23659033640520902,0.23064125163566251,-0.052721915028429836,90,25.365657232587242,-13.198419694872577,1
0.2795522020103768,0.3737575174323985,0.1121064924859579,-0.07492219784458717,-0.0833938242775847,0.23286653046219405,0.2189125704648868,-0.07939840994601804,90,26.142186830832216,-13.121326305024487,1
0.2927562413383717,0.3626082968060341,0.08084510956576775,-0.030767971830550123,-0.07476137806471646,0.23897332108314687,0.2254059889566462,-0.07937498555581031,90,26.63614669126969,-13.149114464853419,1
0.2615159196025882,0.3781682359379588,0.16757006194572158,-0.14478212563118412,-0.08436742118975185,0.21182611785182848,0.19128183687472536,-0.09100309382657101,90,25.960115232661526,-12.988578882268264,1
0.23915062817284882,0.32816791337774714,0.22629337917107445,-0.21770971163034428,-0.06173471404725235,0.16393164752919293,0.1404652976609485,-0.08451677475304344,90,25.735985247537993,-13.133355555561394,1
0.2301744448527369,0.3436654344010176,0.2961846469176035,-0.2903055957124992,-0.058719725541903064,0.23304607065675756,0.21672204769647432,-0.08568561775935053,90,26.151304997431094,-12.417132958277492,1
0.249016652669213,0.3198827538296118,0.2994477886977334,-0.29150170427773514,-0.06852543001790092,0.2253800361889857,0.20018953898170336,-0.10353892598844928,90,25.069701205619126,-13.303398495588016,1
0.2563895660327636,0.2928930607841981,0.3343591931460407,-0.3229020390696745,-0.08677755012627242,0.603241921314468,0.5909688345044901,-0.12106466154735399,90,24.68375751596094,-12.243463798268365,1
0.31397649018729534,0.31723358466715784,0.3104757131434099,-0.2876800993849256,-0.1167704109343983,0.46256619099534924,0.45298107339661964,-0.09367832298025085,90,24.774299242410514,-12.400156942125784,1
0.3179477817432774,0.37143721295765036,0.23371574844009213,-0.216754264980246,-0.08741075266685283,0.2101223028205481,0.1899904462151235,-0.08974972139003211,90,26.576476264838647,-12.186485321535448,1
0.3022386831565288,0.3703634455341585,0.20288069061476702,-0.18076730140187058,-0.09210731441210357,0.19170553063771223,0.16712285506072577,-0.09391997547613856,90,26.48332115350693,-12.36682157450125,1
0.2552494522676494,0.3601892130797714,0.19321488010215987,-0.1762434913070225,-0.0791847312605372,0.20323505278269918,0.17644632276838562,-0.1008522774214901,90,26.84724034733779,-12.60965259545576,1
0.29873190053505816,0.33332031466174816,0.21809247935016804,-0.20948137786963583,-0.06067851246481177,0.15252488094082287,0.129458679191765,-0.08064917661040233,90,24.445737289787296,-12.67786989282911,1
0.29851337539970213,0.3521725613572036,0.1680075610465232,-0.15192736397652687,-0.07172598304620957,0.19426452676026792,0.1779525417055203,-0.07792046751615331,90,25.37090677712478,-12.902845033540611,1
0.3069663841982643,0.3419329344185794,0.06648505929609051,0.010932162283195821,-0.06558011083719317,0.281599324489539,0.26777604988076575,-0.08714451596754855,90,25.64744569692365,-13.12734836828478,1
0.31034796517271684,0.3685986573409318,0.08258031575311116,-0.04921048723322152,-0.06631618577807744,0.24854223026298497,0.23846326413253036,-0.07006077278590145,90,25.88374243342941,-12.601785185014858,1
0.27270338838231706,0.38774510991545713,0.21025569539694206,-0.2000562182220196,-0.06469132088275328,0.18799865050065476,0.16241750823101725,-0.09467864389657665,90,26.049719076780637,-12.533952969011274,1
0.26941198006068307,0.32697374058640805,0.31792822626294137,-0.31407960739387125,-0.04931893423434568,0.592601876678368,0.5863093819807441,-0.08612951203903056,90,24.59390849898769,-12.475098832594355,1
0.3121158197972039,0.2898638165230436,0.3111332768796475,-0.30286014320013344,-0.0712716608664483,0.5495135174029298,0.5450753592597724,-0.06969905692597377,90,24.52958334269818,-12.207086856554618,1
0.30165277393938716,0.288056086964275,0.30491086787378296,-0.2950590130592385,-0.07688183244467897,0.5070202513002772,0.5037391275469585,-0.057588424243291615,90,23.896953428310766,-12.061955642021067,1
0.3135363683096414,0.3047466482197691,0.3163632712878789,-0.3068812360877014,-0.0768740941881758,0.3899092761211477,0.38398635496403427,-0.06770319642935661,90,24.502139463434798,-11.75117999589903,1
0.3240562841910332,0.2656269481623554,0.17969788522028918,-0.16280663779510676,-0.07606134788772248,0.2593274046303445,0.24488954334295052,-0.0853218281191371,90,26.360679481246635,-11.888766935151562,1
0.32159170072008186,0.2895287627532565,0.18455091326752568,-0.1692252106155254,-0.07363333266944296,0.22449003610932738,0.21725952362051393,-0.056516154403448725,90,26.103404836377212,-11.888766049152562,1
0.29770313183090313,0.29957749423323443,0.0802062607502555,-0.04554920655173597,-0.06601752832426605,0.2134560349147358,0.20793430991614542,-0.048236931921685204,90,24.959459672012468,-12.169423549710205,1
0.3071448996875168,0.3389691653434292,0.0887074712389753,-0.036979010891438194,-0.08063230250404936,0.23203179575541433,0.20138118718607587,-0.11525784870892294,90,25.001594556734258,-12.290554297779376,1
0.2903555835519379,0.3570792467239095,0.12366530255005863,-0.10392066393548938,-0.06703433942394461,0.24229633016959193,0.22599838639128886,-0.08736269777305183,90,26.29221956756213,-12.539955040071554,1
0.28781890492420314,0.36575089755065626,0.13571475005876538,-0.1233685967244417,-0.056556898127065186,0.20780997287881126,0.18954615640908185,-0.08518943255143883,90,26.424662942447473,-12.447620173376155,1
0.28726908579370586,0.3401769810689123,0.11178449137766763,-0.08672114381094861,-0.07053520914185071,0.23997230031176037,0.22894903574712086,-0.07189606350407009,90,26.985252443481727,-12.41230600698304,1
0.2965923735182463,0.35523106249986625,0.08415718190160282,-0.06269218278450761,-0.05614375729618879,0.26360092352751774,0.24670996153832384,-0.092842025841313,90,26.885490440227546,-12.609155269020347,1
0.2766155613091515,0.3382985539599158,0.2838421913598594,-0.27569431965776103,-0.06752060207382136,0.2994229063130027,0.2908998493125321,-0.0709320413837872,90,24.91626224341289,-12.2140764293636,1
0.277485046260514,0.2773983926819641,0.3137968301524518,-0.30974696545289343,-0.050252044798701774,0.43527187250351634,0.4302375740946917,-0.06600933895921145,90,25.179566287430664,-12.118273676433217,1
0.2756494283872321,0.2732501568465725,0.3174372503873852,-0.30542709102702464,-0.0864910399999509,0.5318051737681903,0.5221422441430004,-0.10091689515599638,90,24.740620095130303,-12.154209212749544,1
0.29481115771881267,0.2657918510495354,0.30794825682053967,-0.2921715949491361,-0.09730307283784519,0.5420037344875855,0.5330992134222142,-0.09784312365774911,90,24.177827927009062,-12.34851460163503,1
0.25313629575975005,0.30364079433580315,0.27726234211675493,-0.2679207420047684,-0.07136443343629077,0.6005410454416062,0.5996161494176176,-0.033316971916528305,90,25.210980750846264,-12.425331335725522,1
0.26649045575167424,0.28159837283174505,0.29868496298701475,-0.28793483792853874,-0.0794118141186845,0.4312715337586095,0.4230487499832324,-0.08381462263906,90,25.462399750612008,-12.106601520936923,1
0.3034207794412366,0.346500424639997,0.07086547254953152,-0.03971948322723163,-0.05868797024799946,0.292618453823294,0.2779744495537881,-0.09140987317135794,90,25.774560614480418,-12.822401970096044,1
0.2847385526164033,0.3532311339692874,0.057723817930959306,0.023841515854522703,-0.052570155775735365,0.2582241021620067,0.24220833751869464,-0.0895254610365374,90,26.68465803757686,-12.20781942002364,1
0.31306549283700513,0.35544170711028605,0.05678212173314878,0.030126795577514194,-0.04813092079681001,0.2349979088579441,0.2228956943533866,-0.07444143071118581,90,26.442480258743362,-12.516407952474724,1
0.29497178085257625,0.3298857409911324,0.06213342624875642,-0.03351980330536163,-0.05231620632059937,0.27899621238591626,0.27050262287315907,-0.0683170369997762,90,27.087324619617043,-12.2212095985232,1
0.2629548697318431,0.3501316437335178,0.06274029069803673,-0.035193092431116665,-0.05194025723857203,0.24220338722556986,0.23298071346429158,-0.06620021100577402,90,25.933608328740036,-13.10203663895302,1
0.2326010729687422,0.34387086364067987,0.09162010920703868,-0.08110943392110076,-0.042608733143667664,0.22005446496675274,0.21019104642011316,-0.06514362253222979,90,25.419982913121633,-12.669812953483081,1
0.23859291918309886,0.24012546887266686,0.5823108452355783,-0.5823000886144579,0.003539389575627215,0.4152377506874689,0.36707099247624003,0.19411665585028154,90,40.97749776911074,-8.7930803373926,0
0.18441556867578449,0.19413020392794378,0.45417647179435616,-0.44546230398151665,-0.08854153411280186,0.4808832431550432,0.42781750223265685,-0.21959252794829576,90,27.948708168447364,-9.357997186634856,0
0.14635295963627581,0.16287519644516632,0.40077514264286923,-0.3996591559229658,0.029887690565760912,0.15113583426109062,0.14657699371471927,0.036840538966619395,90,21.9346019646937,-12.277452237394252,0
0.23600179457993561,0.21100733046421127,0.11195977350429352,0.008742541792867346,-0.11161791453943526,0.10356224869871772,0.09934232155225044,-0.029261621693685,90,22.210951772812614,-10.208903089693528,0
0.28409618880009024,0.2522361955485485,0.25856351410632655,-0.21167314951763966,-0.148490971443706,0.25109655503502204,0.1895089117093341,-0.16472963404682125,90,22.209232628788246,-10.973035311940428,0
0.29211481088984315,0.23145568798420602,0.13925914816630722,-0.08703102599702839,-0.10871389452094005,0.2473226237289951,0.22962039112016816,-0.09188556029113121,90,23.083977518164787,-10.759831890581996,0
0.2285560076036188,0.17883401552118508,0.42235680161127553,-0.42038429048972487,-0.04077151182819959,0.1409440811592868,-0.08293491400676885,-0.11396066888416144,90,15.973116160873099,-12.841001815072177,0
0.18809121452094985,0.19920034421153138,0.2434671393468278,-0.24310525111462142,-0.013269695634208217,0.14188422870812392,-0.13474640747181502,-0.0444357967132222,90,16.661959838719316,-12.145557993193687,0
0.17676952430609766,0.15380620887169844,0.26395579851338724,-0.26394552650694897,0.002328648923591146,0.2184607435119899,0.21664746454657097,-0.028088655385292444,90,17.543221088806458,-12.803057271954346,0
0.17213972972337668,0.17202456646345168,0.2667325142988888,-0.2646993221828244,0.03287100576739654,0.08589356133452672,0.0261755434117784,0.08180797519695869,90,18.594510145953908,-12.44729723018471,0
0.11733793914635002,0.1938795187088868,0.34785519207038323,-0.3430756439314595,0.057465965504267205,0.08754859387340619,0.0722361537650471,0.04946407159184418,90,17.231168188677405,-12.860210163900572,0
0.15283333588834327,0.17077993830719726,0.3090221064772662,-0.3090176127752355,-0.001666519229252187,0.16514169768357884,-0.046351078880780994,-0.15850349459996826,90,19.228961906253023,-12.614804980422681,0
0.1222010314119624,0.1859583625697314,0.05606072759542227,0.042266140084858905,-0.03682904534270775,0.09741803171482147,0.09698701698895659,-0.009153766370942992,90,22.98133627143007,-12.026071069836195,0
0.2350725761697053,0.18402265527928985,0.48115475422415155,-0.3480302074514321,-0.3322421890937646,0.026405644690007102,0.017124272036738237,-0.020100183549079477,90,44.6770026621014,90,0
0.1905868675052279,0.10802578991756295,0.4004208490384697,-0.031166679608125147,-0.399206080147702,0.4635338313354929,0.37619038172708646,-0.2708217300893526,-90,-66.70937089747567,-55.055495167589186,0
0.2125806249364463,0.2072806838102186,0.25267863211233454,-0.2505865989353296,-0.0324476125498436,0.6545037120307665,0.11703661909917448,-0.6439546093102272,90,35.08388505850766,-8.216793613937314,0
0.3860372095914142,0.2827657852198547,0.557277791300417,-0.44753286643511114,-0.3320735914478056,0.35635279814866433,0.2841493605725477,-0.2150498956860825,90,56.24242005658198,90,0
0.2623779067945755,0.18851799746560194,0.25204003685762794,-0.057970085287160446,-0.24528279473088566,0.5427687758998168,-0.21947052367316297,-0.4964178011820418,90,37.86597881733139,-13.333858705381774,0
0.30636626194916466,0.3210611994788956,0.7024603477205195,-0.2842459524713745,-0.642382112627114,0.3996431890066991,-0.36208557131182145,-0.1691411173169791,90,44.42471550022398,-14.082804860857053,0
0.30530133519600866,0.2925424366239821,0.740232860931481,-0.004837207378820309,-0.7402170558880548,0.0580683027491156,-0.05759319536446778,0.007412936791393324,90,38.49304069043255,90,0
0.25982788899787024,0.21740703328091623,1.5838675800769693,0.42055393444236894,-1.5270137194681384,0.28144251109627066,-0.27724336266652827,0.048435574834312836,90,40.68060566103967,-20.275771546953134,0
0.3888443697151952,0.21190085484200527,0.28606835762601696,0.19281073050292943,0.21132706271978854,0.35979205825325267,0.1592734711773799,-0.32261786460334196,90,37.84735346069516,-22.880422515912283,0
0.07246816354615168,0.25517727112138605,0.09187816751545014,-0.059969104587329,0.06960821906205554,0.3167535546354604,0.312176637298165,0.053652227348075,90,28.9503046966152,-24.021680193920986,0
0.13711736962794727,0.1284051101843652,0.22135598083857946,-0.22127551774956475,-0.005967872122592309,0.20071012246597178,0.19887213350063287,-0.027100327990853552,-90,13.608810687886821,90,0
0.08904573892170432,0.13896243081037363,0.07787152762462994,-0.06753536221495696,-0.03876789477245404,0.11682996726419333,0.09291810342770322,-0.07081996403805306,90,30.809630864667305,90,0
0.1367132822050851,0.12196304921454931,0.2006985997005856,-0.18577941875087325,-0.0759337572517229,0.16233075109665362,-0.0005015792947326332,-0.16232997618990402,90,11.304838514632056,-21.77288177473617,0
0.14945064711546918,0.09002565045356459,0.04509511360753048,0.026494146366153323,-0.03649149873059375,0.04888814585273603,-0.04672077198090141,0.014395147461106742,90,9.208468360448794,-20.814716449907976,0
0.12522095669790176,0.08759407210161696,0.07298364321057418,-0.058869165969064906,-0.043139697198694864,0.05586808031339589,-0.0540070945547894,0.014299515224443468,90,11.751563841842307,-21.27056148240418,0
0.08880690742316245,0.11840565229704138,0.1649322542670311,-0.16477032464051708,0.00730675136180279,0.15563699215193497,-0.14793149539085645,0.0483647185200791,90,12.644093257230626,-19.913905785560598,0
0.13743334081574277,0.10296319337039356,0.2244140630346323,-0.21637891388931704,0.0595133372597389,0.05960945921353189,0.019776608043769538,-0.05623320551073745,90,16.811123722769707,-20.9072125034581,0
0.16907702868287808,0.14754454916167528,0.054632256232002296,0.008148066279250089,0.05402122209750629,0.04343196693669642,-0.03717911848722135,-0.02245103339500091,90,25.26721574280048,-19.733959902759718,0
0.18599239063841622,0.20593534631078653,0.32105549816992485,-0.3156636068391449,0.058592834224334714,0.29276055657553607,0.27765123133302855,-0.09283607717730613,90,32.91325438472076,-15.574677640455599,0
0.1396751034817491,0.35449620418212785,0.14366423809144346,0.05141043091769561,-0.13415059037981086,0.027133659962241517,-0.011867812760462159,-0.024400625467990773,90,43.96932124211787,-12.855142097729656,0
0.0953487909211794,0.44567559076584823,0.17561539857137842,-0.14754722038762141,-0.09523962395595008,0.0566502083000257,0.019046504643362237,-0.05335238290185998,90,46.55277632034713,-11.027484131845098,0
0.13700567644048914,0.5359713428621629,0.3061907353979382,-0.27293346637902705,-0.1387807240716761,0.17316596460249792,-0.17303732887437465,-0.006673388399835689,90,51.96791977140411,-9.66577187757419,0
0.13009083994416423,0.5183620771982353,0.22123895085012793,-0.15059436151117914,-0.1620740931003645,0.2791367849025203,0.21233689015598814,0.1811915830401615,90,58.91036044730746,-12.88944635135038,0
0.17237426532474637,0.489634877573368,0.16800706951666103,-0.10440087615433934,-0.13163142658872337,0.5165453460865793,0.45481105996402243,-0.24487955059193153,90,53.86588764143825,-16.03311276504449,0
0.1896367187438552,0.6267153190685254,0.1817061041980121,-0.1621867500841655,-0.08193025326431788,0.5690863212551044,0.21782950413652163,0.5257466577804418,90,62.81844776315438,-10.9950982947643,0
0.19305974865066777,0.645960080449958,0.33274771128296354,-0.2994899724409928,-0.14500619218276098,0.8649592252709746,0.1294313771279477,0.8552204277238282,90,60.572235683994435,-10.294042606700485,0
0.1838773171019771,0.7488506712562945,0.19976345151037048,-0.1794421516601773,-0.08778354496659421,0.6529715837083249,-0.2281199205201824,0.6118277461773236,90,60.08063414897402,-8.71201718852584,0
0.18282882526489722,0.7885006697182836,0.3497157954984108,-0.33247129839765766,-0.10846185210875736,1.1419552021356918,0.03554540223265278,1.1414018608995204,-90,62.84902124888235,-7.875096211234826,0
0.17415347785537874,0.6823617646721656,0.22106738126280542,-0.19845623510627725,-0.09739563545578712,0.36706790609650475,0.14645759926993057,0.3365843420335546,-90,61.41035919057781,-7.870797476311418,0
0.1932551910674777,0.5518693842456464,0.2747011141003139,-0.25910515551384633,-0.09124264613709519,0.7370396575852854,0.2583730993044042,-0.6902686422033606,-90,60.54801738768779,-5.279464042424309,0
0.2171002251055185,0.6517588901842063,0.3032818623613822,-0.2986380175004237,-0.052869864202634564,0.3530782189686054,0.19659680614692918,0.29328130612582387,-90,58.71372508561872,-7.167886203425975,0
0.225605854093253,0.4686974902530214,0.4477254183908695,-0.4403608616519076,-0.08087250335230568,0.331332525366347,0.3165639267418897,-0.09781882564924019,-90,59.04186927595558,-0.36328783553254546,0
0.24236869064711516,0.37933957337521274,0.4181406057485678,-0.4174936334723668,-0.02325149857149609,0.2892962384049226,0.1233311687304986,-0.26169015337762924,-90,55.15647593765214,0.6635103841806274,0
0.27421127222349867,0.41992476287116737,0.05187289457182643,-0.0006247381798361951,0.05186913237626474,0.8946942402621206,0.646879345527441,-0.618081625586947,-90,56.85582841093401,2.4482621067968955,0
0.15606496868410358,0.262333133208484,0.23697897578677163,-0.23516682415016232,-0.029250637327653553,0.25601741566270014,0.21176605262987672,-0.14387514057740508,-90,46.0850699991588,90,0
0.2842121529288063,0.3400231657477193,0.06381592645863249,-0.007021879781089107,0.06342842954159848,0.18658508255582976,0.1833522995171891,0.03458218174327341,-90,51.132622131068985,1.5947113461114184,0
0.18973043428141256,0.26790765436652647,0.3456325362603412,-0.3453008984137938,-0.015137360284505222,0.18587086329363195,-0.10894770168365675,0.15059341326687883,90,35.16108191020703,-8.576394904646843,0
0.22525733789657587,0.26224119624779235,0.1839074968976682,-0.17715289629952458,-0.04938439781809359,0.18961247138168147,0.12101801539119034,-0.14597098771415706,90,30.87018648014682,-7.59648748224464,0
0.21276071384191936,0.24824179461866908,0.06381459758121692,-0.056065530340274145,-0.03047883154119356,0.1946801470685972,0.1872672566387499,-0.05321028334492511,90,29.249580584634366,-9.26971726259671,0
0.25920239353840785,0.2724601858609777,0.2555875541374337,-0.24584630699144425,-0.06988985025469852,0.30858602244550626,0.3074187781663568,0.026814698943728742,90,26.454832390455387,-8.910908930809038,1
0.2130853153688031,0.26629327141427206,0.21209914825870155,-0.20044089497310902,-0.06935053218574269,0.5554709668879892,0.5554249916798562,-0.007146584702449139,90,26.300890061339707,-9.67176572792145,1
0.2954004991018312,0.29054134637394047,0.19346558613149276,-0.1820009234585121,-0.06560942674228198,0.41626224889220176,0.4156056734536817,-0.023370580778085185,90,25.804065816382355,-9.012494703363204,1
0.2916917132399641,0.30188219674024935,0.23725927475594927,-0.22226825323379593,-0.08299871723175117,0.5198817295873701,0.519627401937167,-0.016259640672083533,90,25.93355319806005,-8.621968403715787,1
0.3034492947825972,0.30268627428866596,0.20105745718870055,-0.1860891033562011,-0.0761245473107805,0.21771982300636514,0.2123345814363872,-0.048124285513212774,90,25.053378459058138,-9.332518555078613,1
0.30319650999031,0.317346098441171,0.1773706524735767,-0.1639023611334601,-0.06779649234126454,0.10507687434692996,0.09304036386710444,-0.04883277806962563,90,26.40667844297899,-9.783270251963755,1
0.3452461254606943,0.31720119729792007,0.19130968884773097,-0.1651732186754835,-0.0965256695361216,0.10764670141520517,0.08031954646915758,-0.07166995730822763,90,27.179002109405666,-10.1823332608532,1
0.337056254125074,0.33526892182406254,0.21918789474345476,-0.19454680598058768,-0.1009696661617705,0.12925677536097296,0.029819163600020054,-0.1257701532912808,90,25.109059973419253,-10.00765147868416,1
0.30472531997639885,0.31820297804351055,0.20563724253604276,-0.19824060302136662,-0.054656553418160156,0.10251825555975462,0.06893120741935779,-0.0758846583093357,90,24.647655015285522,-10.147678592145633,1
0.31861029232421784,0.3133541454236019,0.21406036089337577,-0.2018452310728585,-0.0712765094469884,0.23800545190740197,0.23297391123641878,-0.04868009676296767,90,24.146526231301266,-10.478915050062522,1
0.3208267451661281,0.3233995022266014,0.19503334024743896,-0.17977040001646225,-0.07563469498844061,0.14081791196639523,0.10280066328727794,-0.09623776783711861,90,24.92009019994551,-10.209987775630182,1
0.3108832977361504,0.30809985843668336,0.21082029575759179,-0.19908872210212952,-0.06934607296061905,0.4410901207757657,0.4365228587803796,-0.0633110449146459,90,24.844829575208504,-9.888206303817586,1
0.3204710502824012,0.33247422946073124,0.22217306527856867,-0.20992560221033113,-0.07274690695764978,0.28102930316593056,0.27370840954875864,-0.0637273550386137,90,25.06669157977004,-10.326821994253711,1
0.32173909326287536,0.32190017817277633,0.17791405916008549,-0.16284213831574962,-0.07166484797704285,0.14311239847512486,0.10587693236223107,-0.09628724625238003,90,25.044603050880937,-10.524603614731873,1
0.31011246221975136,0.31215490156621384,0.2022106800662443,-0.1892053787511367,-0.07134762634097873,0.394404010526395,0.3896338106011312,-0.06115567966874775,90,24.729179405016488,-10.332021977032635,1
0.22348679169032515,0.2717464469940089,0.23963460139060316,-0.22666384254230312,-0.07777046140785905,0.5840276352079679,0.5823354499900438,-0.04442637022652661,90,24.783115795627022,-10.311961840375652,1
0.30639463779493953,0.2932628946401507,0.19935273322502137,-0.18284995136788998,-0.07941918867028802,0.14053463451367051,0.12165541893735138,-0.07035582805332105,90,24.93918672581013,-10.768290706308424,1
0.34387937939433066,0.29752503930383795,0.17055777754011053,-0.14325213909668436,-0.0925677056194331,0.1427282439773542,0.10077907841002233,-0.10106893184201426,90,24.248426068994256,-10.1358060438873,1
0.31329580872716917,0.3275470108287167,0.1710098471712805,-0.15837274321907183,-0.06451699028016303,0.13320870687819147,0.09984043107775167,-0.08818417040698774,90,25.174643069226043,-10.647311109425454,1
0.31475924811818246,0.3144506829457942,0.1773983122840575,-0.16113511531138613,-0.07419997179796148,0.1360759227191176,0.11747071145556459,-0.06868252102232962,90,25.40654178783568,-10.854066637529145,1
0.3146505766923292,0.3153403282902724,0.08730358129862173,-0.025789507999205583,-0.08340753314134142,0.1724140085638891,0.15093134070864553,-0.08334459035210133,90,24.85368389685347,-11.23067253868909,1
0.31302534372620816,0.3150633148487151,0.15373148217418667,-0.12991384622098842,-0.08219343752114064,0.12492021075062257,0.11420065678419279,-0.050628737334037485,90,26.23200915488289,-11.093687455977445,1
0.3055303403782289,0.2974010592631127,0.1927377789878645,-0.17527676887520985,-0.08016174737267878,0.15031552598003234,0.13728630131481906,-0.06121461281385747,90,25.599241794664838,-10.857844030221095,1
0.3143131062066232,0.30732009861458653,0.1949377544709968,-0.17706832342924284,-0.08153242886208946,0.12477482449447666,0.09758591561441826,-0.07775439473961,90,26.31324465071934,-10.551559632110111,1
0.3010416640956317,0.32794759423167785,0.20653088109083376,-0.1895821138192787,-0.08193672536762846,0.14770985226108038,0.13547198591846973,-0.05886884988086761,90,26.34842818527171,-11.140616157875403,1
0.32109543159045006,0.3140494729527261,0.1982630374695248,-0.17956359519798398,-0.08405443061621881,0.1425872277523433,0.1146616302153595,-0.08475746618708457,90,26.303637348626836,-10.848538986346279,1
0.31692522865190437,0.34516225280759294,0.2041613007710216,-0.18643282657866284,-0.08321440924747212,0.1472344935206839,0.12315776147875636,-0.08068557411231617,90,27.118079560358886,-10.833792899092161,1
0.3113930859696891,0.34582630534737346,0.1766393443163894,-0.15836664307609166,-0.07823978732929784,0.17411450003292114,0.15296698568360811,-0.08316826565815187,90,25.668247586117534,-11.047674660831957,1
0.34078696327519903,0.327155605152078,0.18434695089066297,-0.1655347274897598,-0.0811298483763865,0.1490564324894103,0.09857242904219495,-0.11180919595092156,90,26.35902960294067,-10.39154596047586,1
0.12541487778302915,0.23379282348045075,0.24305557710728515,-0.24153580353397436,-0.027137965549259235,0.12273378487904894,0.11078638465971542,-0.05282006176412743,90,23.521307874425048,-11.860341368489884,1
0.29111333229761316,0.3182128328456551,0.22015369663646006,-0.2033420252326215,-0.08437814241256095,0.14094900674608835,0.11131751800681346,-0.08645827136550685,90,26.321725169295334,-10.195735350577866,1
0.2838951510486991,0.2922032150487389,0.12853394707151428,-0.09307498019976689,-0.08864549402307959,0.29612429911411997,0.29007526225730446,-0.05954781903802032,90,25.295176945970923,-10.591619541702846,1
0.29472101106186116,0.2917795366074631,0.12119537172442983,-0.10481889560970285,-0.06083845207255806,0.3489284108477774,0.3478998688521612,-0.026771573532469537,90,25.474625176611358,-10.311218629636373,1
0.30427949023398887,0.2957094693407158,0.0829676529949417,-0.044573985060471624,-0.06997707695608549,0.19790846655583236,0.19629476014292666,-0.02522158351317198,90,25.826060650561026,-10.889959443009552,1
0.3059695774586569,0.28762081359403163,0.10721604054608032,-0.08391377932457066,-0.06673647420898109,0.19425166256862147,0.18825232469759895,-0.04790376453498566,90,25.16085992756466,-11.010811933789679,1
0.30888288905950156,0.29095830988641314,0.10751161817148414,-0.07232809393181054,-0.07954492359693477,0.2987669266018124,0.29555081364814095,-0.04371948058948816,90,26.72067496964402,-10.935944508165319,1
0.32845297480919383,0.2982881076787781,0.12581186379800952,-0.0980512109822822,-0.0788326397961966,0.33970818129236846,0.3359229939305645,-0.05057064944900929,90,26.41101824367581,-10.602563718219699,1
0.30412708706419844,0.28757039753828073,0.12156955010662024,-0.1049043829003337,-0.06143472927771576,0.3645803353184809,0.36330853584857864,-0.03042578972677652,90,25.134400968005313,-11.008381821310879,1
0.3114030656940492,0.2853784389431168,0.11915684764243438,-0.09959424121731582,-0.0654166756754685,0.2158765530342322,0.20973336740409987,-0.051133166802756536,90,25.479762420906916,-10.94994958149523,1
0.30385828665649434,0.2822868480398545,0.1832741065986273,-0.17448787127552062,-0.056065862405409936,0.4390632154914921,0.4336368624590869,-0.06881554122701802,90,24.282941770377413,-10.606747144558657,1
0.2962782046465039,0.3121895487077639,0.19718618023020268,-0.19188846313068486,-0.04540052192565378,0.38916238087019467,0.37351981538010104,-0.10922594107158658,90,25.4843098274267,-11.012177132635117,1
0.2959974097595172,0.3075196683005251,0.24148852982883817,-0.23430687675202932,-0.05845508998883676,0.44239363825070216,0.4374737025470207,-0.0657943063227655,90,24.904541501894908,-10.749095448668418,1
0.10390548888072758,0.23454788489133352,0.2510933332881667,-0.2506567994533562,0.014799692887432568,0.2512305244852468,0.2442889587316165,-0.05864879431799754,90,21.613534651302157,-12.254088950495033,1
0.28081389575392796,0.29893326775092893,0.10916146185913557,-0.09105481112404132,-0.06021001682767307,0.34808190430436825,0.34083491301449814,-0.07065815009292886,90,24.336502416593643,-10.463481215799153,1
0.30031343302107044,0.3171834876123686,0.13938291492715954,-0.11194461355982142,-0.08304216078916804,0.296724554730753,0.2912543749512964,-0.056712877302190066,90,25.8077310251169,-10.513488303265053,1
0.3033417347099679,0.34265785267301585,0.12825557698940243,-0.10146580335776885,-0.07844860596496993,0.2526133415168625,0.2436822892991348,-0.06657658893520892,90,25.857883394291818,-10.920903317420219,1
0.2889701194891339,0.34438784426286245,0.1054596430005925,-0.07800997946922074,-0.07096604402828285,0.23161444286802157,0.2257030769072531,-0.0519939536836987,90,25.761133498011652,-11.460064356817375,1
0.3297747049750708,0.3613411014891717,0.09882721665019242,-0.06474539433513125,-0.07466493596871575,0.23951511366285663,0.2268608314956268,-0.07682221557625092,90,24.53884757567,-11.552811465169414,1
0.3059132078269089,0.3532882520258181,0.10561664494521993,-0.07332684628283972,-0.07601348106551524,0.21881689409617044,0.20634253845472533,-0.07282575070642845,90,24.874121395971514,-11.803997022166909,1
0.34185864153912543,0.35634469969659094,0.14940127912945803,-0.13079524078128194,-0.07220351234174636,0.2342798115657438,0.22433751435665136,-0.0675256229853502,90,25.939298290205215,-11.261111669373198,1
0.14693354609478873,0.29381886885511593,0.16855208334641997,-0.16370256299783734,-0.04014069840395905,0.2358217855603109,0.2318403388855229,-0.04315057137859426,90,23.686845257307123,-11.572818681127757,1
0.3185479464152909,0.33793925156836774,0.21509359790164073,-0.18908004173253354,-0.10253776707484945,0.15426552268925509,0.13463281627899676,-0.07531172731636807,90,25.163210501644944,-11.331959641972958,1
0.3102312641381305,0.3608557460642017,0.21850663084821645,-0.199779790548579,-0.08850527110293853,0.18580960483416079,0.16745419286327803,-0.08052516712888626,90,26.997539860515115,-11.465184832092325,1
0.31658259090416874,0.2943692482499732,0.19671019132552606,-0.1766222305994273,-0.08659957869070609,0.16527067138198562,0.15830334699067536,-0.047480997784399154,90,26.18270576381236,-11.162012129828033,1
0.2908116116771207,0.26945092320322256,0.25440443995979295,-0.24158042117028505,-0.07975286313633878,0.26544494201013913,0.26543401520354554,0.002408487427843117,90,24.345225973747933,-11.513594112012608,1
0.05085634994356338,0.15167547752625407,0.17445503055539352,-0.171804299130295,-0.030295882334591254,0.23943100797930345,0.23752893063863853,-0.03012000484146908,90,22.858532084080842,-12.5102708259201,0
0.04796984564639486,0.14425974559700544,0.13163033182422357,-0.12657395822745585,-0.03613277397030936,0.2695044284193525,0.268898627065039,-0.018060047070232194,90,22.74675342163284,-12.187079121730985,0
0.06294706043075077,0.12958526856217314,0.1492722465155605,-0.14524485198813855,-0.03444033319737176,0.26203392011993853,0.25963829389378135,-0.03535154363459603,90,22.507022996944105,-12.445002078228896,0
0.04839570778042543,0.13892255121297772,0.12171745018083742,-0.11967328340968189,-0.02221357504929354,0.2295977572809685,0.22677331147510502,-0.035902581398355275,90,23.084517348198677,-12.682385497656318,0
0.054372898522572814,0.13999341721422273,0.16376799343635962,-0.15845429728162527,-0.04137863394504272,0.30587330352588504,0.30560253674622295,-0.012867297467285882,90,24.45903316829343,-12.62180708428847,0
0.0722738606179525,0.1631863927630819,0.16521710772976467,-0.15976740803983955,-0.04208405891569972,0.2660592095060753,0.26397545356756297,-0.033233460198978215,90,24.54042741237214,-12.160824861137208,0
0.05319922724293065,0.10883548823260489,0.1500501940983816,-0.14484759407354575,-0.039169315031888315,0.28812157679262107,0.287049387416927,-0.024833288083401114,90,24.29306762145477,-12.589004031675934,0
0.05214816367430584,0.13400290275356297,0.13947519796542635,-0.12334499841498696,-0.0651102312505626,0.28298655989440696,0.27595124061233056,-0.06270810063609349,90,24.21606123990203,-12.54799494554526,0
0.04923958253491132,0.1458930515198467,0.1639993679677808,-0.16282337246209544,-0.019604644192162932,0.24506271865383203,0.23920066023352773,-0.05328020474671294,90,24.65491532952183,-12.45517199890405,0
0.052442085433504024,0.1055101698915867,0.13328140315801326,-0.12886106794615898,-0.034040528720104636,0.2479824965785045,0.24540648612445903,-0.035650738805159135,90,24.2971097546248,-12.772110667758133,0
0.04424332055875945,0.11939270434704115,0.13560252612947366,-0.13326671072981736,-0.025060504862228238,0.20248796476561196,0.19806737636396546,-0.04207957099608998,90,25.225193972627768,-12.499618247637432,0
0.04445851698790057,0.14177550942582956,0.1277862036552995,-0.12480702925041515,-0.027432085125263392,0.2334142867519238,0.22428758773696936,-0.06463209146423,90,24.62324133623346,-12.55638377594312,0
0.04683115856095736,0.11751750463628918,0.13432625097458575,-0.12889036041702095,-0.03782613768887641,0.18522661012191413,0.18008574152799062,-0.043336160369480514,90,24.79450441943847,-12.8486286608348,0
0.053763239533937905,0.12787744481154292,0.11042051024792335,-0.10724465222584219,-0.02629208345433859,0.20577002951086482,0.20162041279333778,-0.041115862996491295,90,25.135707187586178,-12.612472899160222,0
0.0714715506153047,0.13590001314114597,0.13941549749951612,-0.13674261345747574,-0.02716870640750049,0.18215432454334354,0.17015548541138495,-0.06501775706880154,90,24.399795142353753,-12.683495877418617,0
0.06330579750765239,0.1011179395345276,0.1807989012742735,-0.17591969658804948,-0.041719336695986806,0.21090835592395127,0.20498110428133873,-0.04964958696854422,90,23.771090874970177,-12.973325764613119,0
0.046885052999957606,0.12553316549044652,0.16868435131614296,-0.1657474784195493,-0.03133981136683788,0.2140684532189838,0.20347959673121435,-0.06649328069565107,90,24.44935705409669,-12.669722426259241,0
0.06348720236759364,0.11926583704089039,0.15982705200311692,-0.15820805577461863,-0.02269135606397739,0.19336786460962102,0.18944678795923386,-0.0387433296918813,90,24.900240221585403,-12.460758741323858,0
0.04855310163255163,0.15054627358181225,0.14665756893405926,-0.14149064745673795,-0.03858547923664341,0.2398489214740505,0.2351286967098586,-0.047349774189415085,90,24.828343624289605,-12.85904144968678,0
0.04693368903998623,0.16366651847447997,0.1589662835384699,-0.14902206157328532,-0.055341706392929034,0.2236685061122054,0.21871640173773918,-0.04680530138094973,90,25.16934192450474,-12.635734021823241,0
0.06297976904732631,0.27840689691883413,0.3276931797184305,-0.32761356799297986,-0.007222887295586413,0.2102011331563705,0.2096122211242099,-0.015723648927572217,90,24.966122911841442,-12.495979461917521,0
0.24399494738050026,0.27846075557928873,0.17323381645651784,-0.15462430467621435,-0.0781106879209737,0.3711651861788844,0.36963659941209215,-0.03365085149398794,90,28.175407089132424,-12.01337796165697,0
0.2825158912701128,0.2934177622051222,0.2330573713144515,-0.21965031437473886,-0.07790685283773506,0.18803624044198936,0.17563245466553096,-0.0671630001393464,90,22.096154592844105,-11.431410607004484,1
0.3263162862526261,0.2594825648157698,0.20133827077025943,-0.18182004774795762,-0.08647872289580089,0.14845213208395058,0.14573785009796636,-0.02825800009012307,90,22.465606257507925,-10.914189699715378,1
0.3123690413424881,0.2709900564939954,0.2650588490434901,-0.258524458445297,-0.058491861329808895,0.17516440209611436,0.17483318751107443,-0.01076681505398497,90,21.116773583152803,-10.01638355431311,1
0.32067491757776273,0.2928121281397878,0.22222332911629133,-0.20939158538989353,-0.07442023899071051,0.19318556771158135,0.1893496519414558,-0.038306303419875,90,22.074660430359945,-10.752561699188513,1
0.2759058700888291,0.2501598357807721,0.08832719802736574,-0.07434011073436032,-0.047699495252764755,0.2214245744657857,0.22031239496841595,-0.022165080659338452,90,21.816491795075986,-10.91805938215009,1
0.2661087075998087,0.29773728010900624,0.11310785668398772,-0.08871128720127612,-0.07016904421992798,0.29525477949470313,0.2933918975507681,-0.0331146382439149,90,21.7278906991519,-10.592051480549319,1
0.29054682542282806,0.32684828308111175,0.19808127621208022,-0.17915917694917005,-0.08448775828901123,0.24566051367257638,0.23858675228241577,-0.058527340732372826,90,22.464040494399963,-9.877732005218585,1
0.31193337990270925,0.2995307581271789,0.2025871122274916,-0.18695480341216594,-0.07803486093915117,0.4015270114908637,0.40015722470154697,-0.033138142312746345,90,22.150825112622396,-9.644591562641802,1
0.2909733921420717,0.2680973405898116,0.23974426757490905,-0.23099554073905193,-0.06417455877294823,0.2932307394805016,0.29310457086402125,0.008600994994751148,90,21.571766990210516,-9.908065730212188,1
0.3223401754975227,0.28060675807139335,0.18617457783114888,-0.17121540508092864,-0.07311811330703238,0.24632064948965376,0.24078500402698805,-0.051927297259998215,90,23.054321878363165,-10.018516888777896,1
0.08401296056869652,0.23074600207578286,0.3525303435692761,-0.35131654827417086,-0.02922885638874792,0.26489888544095047,0.26457267764956305,-0.013142212492507382,90,20.14063948725037,-11.325380210826303,1
0.28984092041308573,0.2799739197797113,0.2172297733543574,-0.19515957540252415,-0.09540185826435439,0.327020178033343,0.3252526049133737,-0.03395496779595243,90,22.808605012310405,-9.355965635744175,1
0.30594026531965635,0.28117804554627374,0.1980842210601152,-0.1854967826271249,-0.06948598612654035,0.448284750341449,0.447680005776257,-0.0232772381709204,90,22.94180612018594,-9.605174814821229,1
0.27922328954507986,0.26325192973164835,0.09595729133363916,-0.08964238706511934,-0.03423513109886136,0.27124804698218163,0.2702827392038171,-0.022863592896331476,90,23.93472073671652,-10.471822197861618,1
0.26127236001529136,0.29061249800129657,0.11891245251251598,-0.10740330335137996,-0.051036279172298804,0.2224843362030771,0.21677667775103146,-0.050071467313723694,90,24.500902832622902,-10.554400339006715,1
0.34333897186113227,0.16390988259365086,0.7692692048553923,-0.7689713472842616,0.021405060025025385,0.10733262701167058,0.05146774859614255,-0.0941879168241376,90,33.01026369519947,-5.514661182670763,0
0.6059581219262814,0.26140626982847015,0.3467096953098425,-0.26646737895662437,-0.22181692625638508,0.2129341047837437,-0.16441142050841187,-0.13531377530192745,-83.62447783141157,-32.706954297583344,-53.2056146344773,0
0.6485493479101831,0.2437986218807909,0.2809313655077287,-0.21617075565919852,-0.1794230657517816,0.39960713612426263,0.3573785519077729,-0.17879159342021148,90,34.50186283658042,-7.641679216314819,0
0.4830099949079879,0.24434231701817516,0.21740484527511078,-0.12027602888119468,-0.18110368197710636,0.3079476284155272,0.2650458387102167,-0.15678789886067557,90,35.14080807808584,-7.707246086361862,0
0.5143830033526804,0.22304388305964903,0.3458529434945507,-0.10050947509610213,-0.33092613063907617,0.2698762643590572,0.13826874446233084,-0.2317648643975406,90,33.81323836064259,-7.7252814690385785,0
0.4982143381028765,0.2066646528166018,0.24807833938510412,-0.153428410874193,-0.1949425177037855,0.19179026867253418,0.11839675614250611,-0.1508831179834735,90,33.37571832333509,-8.355548442219641,0
0.566537204830436,0.23191056797786597,0.31760537288029717,-0.281603676716185,-0.14687594133267354,0.34936981709777526,-0.33430026304700416,-0.10150174001285273,90,35.204973522229764,-7.658381265387246,0
0.48719194774745034,0.22421587630444764,0.4333660922651672,-0.33487927222223446,-0.27506734259284216,0.39006655293624937,-0.3628329194845369,-0.1431928359167993,90,35.68327851562896,-7.033274799806855,0
0.5425190294874094,0.23969542338772956,0.30497828492914125,-0.302782061425253,-0.03653460766718029,0.17174108290845366,0.1275172263233672,-0.11504067345666706,90,36.35363535667756,-7.29463370652233,0
0.5594257122862145,0.2775003293956641,0.48324745685555476,-0.48004429125217607,-0.05554802420930273,0.447264865954214,-0.42382269695900143,-0.14289920174528423,90,59.60632975402017,90,0
0.4319004172483692,0.23592886480202174,0.5758537668804792,-0.5741587292391703,-0.0441510415380923,0.3829587998479136,0.35776100628575364,-0.1366180982240613,90,35.88722434385898,-1.4925264856816578,0
0.39296862361640944,0.29845466102594076,0.5563478080924043,-0.5427221185672264,0.12237477512593926,0.5065068190557821,-0.4858416277366807,-0.1432028997897018,90,38.290360466819564,-4.1522503198835015,0
0.35703169403240553,0.32228718907623394,0.28023943063073875,-0.27816079795899046,0.03406917901943518,0.6571459451159659,-0.6462376725715417,-0.1192378452156569,90,57.35309092750109,90,0
0.3825335226029485,0.31946761699132614,0.25100214695676876,-0.2433048049266783,-0.061683463557896515,0.2881428259860312,-0.26157250638893803,-0.12085574900940883,90,54.188904132672214,90,0
0.4905968895208755,0.36071704492559187,0.22515672541790654,-0.22471059277469854,0.014166880240834992,0.28548440428647304,-0.13549441465293308,-0.2512819306847618,90,36.82079106378598,-9.31425936689839,0
0.4168552079558064,0.32052557488110056,0.3961106492457981,-0.3886948808785896,-0.07628850519381457,0.5515625338480907,-0.5194608542605782,-0.18542289404438886,90,37.009764959500124,-8.190121230549524,0
0.46812217968246045,0.3457551655483696,0.33521779740318725,-0.3348430002706371,0.01584729836919852,0.37206959067286494,-0.35399569963059324,-0.11455489926895339,90,37.17331659586377,-7.30937920917138,0
0.426231801779375,0.3101013890965376,0.2352023405987207,-0.15172199958571422,-0.1797236096477843,0.28660697048728884,-0.26738905229096743,-0.10318260631928197,90,35.2200691583664,-7.676660501623079,0
0.2966677168889141,0.3512289688134666,0.18135283751308712,-0.12405321556473867,-0.13228624789484605,0.15679766171737294,0.1502821729151292,-0.044730025977445395,90,30.559868260239703,16.61076568798354,1
0.2448799005720401,0.34594131308967047,0.1696989013579466,-0.11021288571439546,-0.12903812205933446,0.16715504964110872,0.16674280107498432,0.011732387233198817,90,30.22176492910136,15.52226985151631,1
0.2767073560934908,0.36732700647335476,0.15845535707263445,-0.11049468137357435,-0.11357387716005987,0.1628177700423246,0.1601658618847152,-0.02926641297258028,90,29.55275026574294,15.350190991606867,1
0.31696979181590096,0.38523672243933466,0.14314262602804909,-0.05619584866582915,-0.13165043858238049,0.1665461451651674,0.1665138342478941,-0.003280468479022864,90,30.221081351698952,15.163117215002245,1
0.31241789813808457,0.330898640752191,0.08698833984088913,0.06544231543540383,-0.05730859114240312,0.2428621886545848,0.23413583245063205,0.06451708797477372,90,27.88591682294178,15.032207211865433,1
0.3050692549834602,0.33010073383385985,0.10219545209493948,0.08987024731911594,-0.04865438393084433,0.2685833429352015,0.26304354529034685,0.05426882515158468,90,28.242969760108974,15.236588959124663,1
0.2820160180909044,0.3749489174809077,0.16695963012513898,-0.0711170250349471,-0.1510559063449752,0.173534954052579,0.1725469449833309,-0.018491404893898132,90,30.086993657809682,15.367417916607248,1
0.2334035112979982,0.30981099188397954,0.22172521501479933,-0.14615993183386064,-0.1667313566779813,0.10914711327870719,0.10870350580030999,-0.009830572912954383,90,30.08476374291282,15.683802991479718,1
0.2564952751796487,0.34062745307487535,0.23458385648466723,-0.16189189110719704,-0.1697663138462823,0.11875831058017677,0.10771536943347314,-0.05000935432164794,90,29.954364380609732,15.425897036712069,1
0.307281911263227,0.3700257064520487,0.16274969289569552,-0.06064618083551521,-0.1510281539571652,0.1778635955276776,0.17779105758525182,0.005079218123980881,90,30.88054245216153,15.392095954713957,1
0.2910931520988343,0.3669166695502804,0.1263324378822455,-0.04131359369911677,-0.11938622967886922,0.19140507111325808,0.19133343899339378,0.005236064441223338,90,30.04674188041397,15.0248743564231,1
0.28399238506569896,0.37118678040824443,0.09674970370826681,0.009027468797506419,-0.0963276179231453,0.18616279902301372,0.18616193829652758,0.0005661004883028947,90,30.352035961280382,15.069154326816486,1
0.2936419122637451,0.3587339718284558,0.09664581715552929,0.01498017093461849,-0.0954777903621026,0.19204301859083692,0.19203474082617508,0.0017830606563716022,90,29.83516322726073,15.024618142580326,1
0.13757429461950335,0.18380192302963655,0.1516816196958192,-0.09451339741249595,-0.118636130512988,0.31985235830368136,0.30522409540183826,0.0956231284708678,90,23.555060073568225,14.162955055796184,1
0.2215838624325423,0.33109756518239136,0.24469643237586386,-0.18500234478514616,-0.1601576612013101,0.13696030111271892,0.1333211822787545,-0.03136218163141319,90,30.741137627595815,15.140584147365457,1
0.24863669776431083,0.35806247972225624,0.25105845080016914,-0.18308589237374182,-0.17178446301074954,0.12825957866654894,0.12656477970233831,-0.02078162791071071,90,30.691606368044024,15.06288826535465,1
0.2681027202047219,0.3450872962307641,0.22582306351661158,-0.16167809841452851,-0.15765864552598954,0.1418837366586249,0.14153084439452968,-0.010000740631845648,90,30.455797867833297,14.896598348641206,1
0.23684791052666093,0.35567592217603533,0.19147065593036874,-0.12552066266608902,-0.14458760433132414,0.15710872490447417,0.156994045139984,-0.006001769047072762,90,30.31878156052771,13.921039495577968,1
0.15857399415051784,0.23816533555266337,0.2952301246825916,-0.22492820660085597,0.19122794878213076,0.13036946311169081,0.08406948039152974,-0.09964195591581243,90,25.845291445520935,-44.63159890721653,1
0.2944658380932528,0.3243016032166169,0.14897847372061385,-0.146033460326505,0.02947565261687556,0.1638636308777574,0.08444945810828533,-0.14042641685117116,90,27.9553299782227,-48.30862294930065,1
0.296204256683321,0.2938877775721904,0.13680710362412707,-0.11984116600529934,0.06598695729091415,0.13248660668300669,0.05769935484508602,-0.11926225471975013,90,28.18561236803107,-49.67989445436512,1
0.2873414102971635,0.2746067174828376,0.16744860498130074,-0.1596196098058374,0.050602524399637555,0.1109476456448743,0.02400439373462973,-0.108319754225965,90,28.12478166990421,-49.55244809838455,1
0.07082760998754535,0.22852975092402597,0.356224891450177,-0.26844018044366474,0.23417096919145014,0.3771378778638927,0.29184224140951276,-0.23887462202743953,90,24.901668846453568,-50.9871667148773,1
0.24917933673583784,0.18816067808820128,0.16038294805875392,-0.1420201103217491,0.0745183084363512,0.07970571171018455,0.02574156713871554,-0.07543455574516265,90,27.292941520534132,-50.26395214172784,1
0.26354228030601046,0.2848344831371895,0.21244595435028335,-0.17701481287566426,0.11746931319453709,0.10604749630618653,0.0381503291644862,-0.09894758136231527,90,27.688208690947462,-50.038034305782325,1
0.2641886443202213,0.27014076529822373,0.17733427986061445,-0.13985864481319554,0.10902754828344596,0.14882027858805175,0.08785603180174192,-0.1201199109018844,90,27.639603413638135,-50.06213845082393,1
0.2625288840114525,0.2808575360431574,0.22217365618294488,-0.19014903624278054,0.11491073717298632,0.08161466672530297,0.028320835445232836,-0.07654334787795945,90,26.49501217117251,-49.68340678881658,1
0.269406327320736,0.26909513490375575,0.18208230210094195,-0.14829488650630845,0.10565316547297475,0.07778513312683175,0.01479008431566598,-0.0763660941877639,90,26.947553061474505,-49.550394351758854,1
0.2745463009441041,0.24356162988357855,0.18293398577860623,-0.14519900255645607,0.11127485254745373,0.10263644684343533,0.02949185414411183,-0.09830804015841106,90,27.408965075989983,-49.70076651412943,1
0.17633561592053829,0.18278582269092383,0.24364384072692702,-0.21342745089351436,0.11752039963029691,0.5874641993250901,0.4897705481917398,-0.32440560354690506,90,25.26173038677194,-50.11114437128443,1
0.24490336854827002,0.23027506728536692,0.2462264850641664,-0.21026236625393901,0.1281296971211146,0.1591199894021212,0.11582106243826423,-0.10910844386665433,90,27.719409523948546,-49.41245689802296,1
0.28178889456567585,0.23785320035628602,0.2277275125560624,-0.19743596333034102,0.11348506667747875,0.09949903762723745,0.06842026468615559,-0.07224074936642634,90,27.218208130644,-49.25551463202339,1
0.2618972028905659,0.2578972584526623,0.2136496283216843,-0.19246374453138015,0.09275705214674243,0.11312103993438803,0.055699413569892886,-0.09845783363352782,90,27.37566804706344,-49.60974228675026,1
0.18843012225226166,0.302874220820312,0.721396570047264,-0.7203256929706588,-0.03929258609836238,0.3068361468854103,0.30479509760357615,-0.03533227295705142,90,35.4605250432703,-15.512733679945043,0
0.15530281478328836,0.11464768851288629,0.29188272816055616,-0.29136663084823833,0.017349738516633035,0.20686182407980533,0.2014750577831391,-0.04690005706718386,90,27.32153135363659,-9.217541364003994,0
0.3108779487038617,0.3211335158906616,0.1416802265937566,-0.12429811304472344,-0.06799460052959623,0.25121917037488,0.23064562909372968,-0.0995673909661224,90,29.175363687357347,-10.090420865227449,1
0.2960487506500175,0.28228837381691535,0.16178724547213863,-0.15125290404244596,-0.05742535865093641,0.22605569980079812,0.214381336175804,-0.07170649978841155,90,26.36256990932317,-10.093067412828967,1
0.2945953609972231,0.28837445992588545,0.17052428775059125,-0.16013300479722448,-0.058617006810809925,0.32974821832565987,0.3297479205174312,0.00044317420608341857,90,25.050417232732702,-10.533598447338596,1
0.20871601255994526,0.2992514111879202,0.23010387796776366,-0.22272150915603833,-0.05781802500137997,0.3026915733271597,0.2974655693146842,-0.05600378233264326,90,22.990729599144025,-11.4061796013642,1
0.26424024760126724,0.2926199385491967,0.21722217397923368,-0.2005262088503125,-0.08351474380242872,0.20122618242341422,0.19344179061215233,-0.05542788231084956,90,24.767731737990353,-10.723997474855373,1
0.31139493190754114,0.349864788095826,0.07729224853650722,-0.022819183867806687,-0.07384698051671736,0.3374322067629051,0.33450953059123806,-0.04431555149734086,90,25.403453630990274,-10.393139079274553,1
0.28877056227223213,0.3528309864720772,0.08638339731295741,-0.06531616350380273,-0.05653220424211996,0.33328058145543676,0.32975690499964166,-0.04833559330691339,90,26.696163767155003,-10.03407586081212,1
0.27973370131973324,0.33075464759381656,0.18850953269342285,-0.18348931019450937,-0.04321477710963907,0.2736511778217757,0.25985603095852294,-0.08578933673673132,90,28.493137919666918,-9.588437536560157,1
0.302140142171835,0.27994154067288357,0.21677506108329941,-0.20979835611557482,-0.054553431412429416,0.3634355586385658,0.36191465893345093,-0.03321422785509685,90,27.088276135986515,-8.413205783684562,1
0.3097558653046174,0.3200552421729099,0.15369046622522756,-0.14320065986062908,-0.05580618625213724,0.5826977933849626,0.581569225672126,-0.03624850571855879,90,26.569066329449743,-7.8843469270583295,1
0.2964353061983838,0.2838854570771969,0.1500473846030155,-0.14279600455853733,-0.046081652621444036,0.5119529980738701,0.5105437755652659,-0.03795952408009688,90,27.3782947025649,-12.670631665115929,1
0.30315735322044673,0.36818871455287955,0.1212941166850436,-0.09877330234591719,-0.07039955600774059,0.29429382165606544,0.2878942214008081,-0.06103909197354208,90,30.25322048117572,-10.84374260220077,1
0.04553675743854067,0.20431189726482377,0.33091559454000374,-0.33087058909321815,-0.005457470372885361,0.19763687647556838,0.1956838754861046,-0.027715624073034652,90,23.7573228595828,-12.492317396984994,1
0.260194101040973,0.3865777220752411,0.21308321806031236,-0.1965538186609442,-0.0822864155783887,0.19003867395770838,0.17735189412041735,-0.06827154056782707,90,28.83196248664522,-10.678204892427543,1
0.28490802639236823,0.3823653473320737,0.18792293975231197,-0.16837828254298662,-0.08344929749869226,0.20184642489775995,0.19321094843605094,-0.05840812142543791,90,28.933374140979023,-10.651666436851848,1
0.2800949229177497,0.2982607774058726,0.2747114126102067,-0.2678455586167461,-0.061033736143042146,0.458246764561075,0.451618906768823,-0.0776560382689361,90,26.707064033163483,-11.013524682324476,1
0.2762406941932204,0.27572672066107173,0.2451389066963442,-0.23838611172258073,-0.0571414500522011,0.6126842719424052,0.6074071829181455,-0.08024045877883351,90,27.740413889190943,-11.257370436457961,1
0.23183764253965194,0.2763745935392475,0.139859533688266,-0.12693302018311284,-0.058725612390954945,0.33776850198870256,0.33749721596479204,-0.013534775643012783,90,28.18170639661606,-11.477487891074537,1
0.07470346936219886,0.09140298390832634,0.21136088391258734,-0.2110838591495835,-0.010817932095784804,0.1080408290322064,0.10793178226498026,-0.004852949110731122,90,9.426242793012007,-18.08535227156233,0
0.09336955089416943,0.07941382848158611,0.2359367285247016,-0.23402080930483565,-0.030006677244381757,0.22252314157284592,0.2185704808170372,-0.041755160769155225,90,13.865907508693342,-17.874619481402743,0
0.10914125872389718,0.08339918501464524,0.2460607052594823,-0.24229975243126511,-0.04285674561304719,0.03344857407252906,-0.032656368408091684,-0.007236622822868062,90,11.252813806658782,-17.33346455885307,0
0.11709024124518265,0.08600797918103743,0.19134381264259556,-0.18896480882204603,-0.030079156628009054,0.08051378877878662,0.07808649160815044,-0.019620652686526952,90,11.176169341400398,-16.773168654408607,0
0.12189421630840745,0.08766671439509817,0.2539886643225637,-0.25383393999372217,-0.008864113696437486,0.12766487221255646,0.11699988975685839,-0.051081752064033134,90,11.188329211513981,-16.50276848942208,0
0.11880490940684077,0.09548531252800006,0.21105915938125563,-0.20752864413336136,-0.03844256264729131,0.08094800786804623,0.08090928645466249,-0.0025034662375684846,90,11.238807438915531,-18.094168671126898,0
0.12252434549537802,0.09372647127197412,0.2063686780336205,-0.2056065247961354,-0.01771971316360079,0.12319416887157027,0.11695979109737539,-0.03869380454821267,90,12.067772924018058,-17.745466596085585,0
0.10644957133821657,0.09167201836996555,0.20389446666438557,-0.2032511787216946,-0.016183691933425025,0.15881046504660146,0.14586157124443946,-0.06281055518319463,90,11.52844387892055,-17.75415560124113,0
0.11080210294030794,0.09325851847217743,0.18375491837804764,-0.1830867229454035,-0.015656369605882667,0.15244196671277338,0.14684657504525392,-0.04092232413655066,90,11.253062626730147,-17.341103852335404,0
0.11399416975261586,0.08489598093454626,0.1911993399297047,-0.18806861949568765,-0.03445840899607846,0.04982435244870512,0.0444842750022369,-0.022441376394021578,90,12.13157133739279,-16.546413956691204,0
0.10549340217310167,0.0793401543619833,0.21479797402742923,-0.21167151465854822,-0.036514921996961235,0.11515832807849925,0.1139436683216739,-0.01668175575998038,90,10.88210874806843,-17.27902945590352,0
0.11637695942649647,0.08569521732194554,0.17006208489278274,-0.169804273789424,-0.009360626096921766,0.10497860809812805,0.10218590573381016,-0.024053041961074703,90,11.934548257892022,-16.599517556297354,0
0.11918251054525553,0.09612538847080841,0.14625289759594717,-0.14568262835862575,-0.012902784572841115,0.09362671693558232,0.09321311385734245,-0.008790763854965576,90,11.588014111382178,-16.735520014700985,0
0.12297741352147891,0.09536199683359624,0.22885901550437132,-0.22832898337570576,-0.015566770000444752,0.1629460992687486,0.15649148361231188,-0.045407563507838505,90,10.768830486472881,-16.282275918083705,0
0.11414352677670936,0.09579314953707983,0.1526407846508392,-0.15259320302084017,0.003810975028062831,0.20023265518384592,0.19895053496717569,-0.022623015675359206,90,10.670584294268696,-17.48557178908107,0
0.10387300927834446,0.09188045753592781,0.10865286432879848,-0.10682733394745046,0.019833447721770113,0.17790639029738528,0.17790146998860218,-0.0013231343620575423,90,12.124105650163079,-16.75265319907798,0
0.2946376640674728,0.2681747816793788,0.1432653218848057,-0.12785444857772593,-0.06463893898914666,0.2520741236325482,0.2303581318573867,-0.10235475021850256,90,16.10558333661139,-17.668333379825345,0
0.29496278758683436,0.2665180858881521,0.1832313937134246,-0.163652032050134,-0.082412111051871,0.2738095086719654,0.2470909337289421,-0.11797337626830305,90,14.637512016711371,-17.60748086427101,0
0.307320660158757,0.2738059673622743,0.1757861487682851,-0.16215446818511403,-0.06787266420576477,0.2486147756687561,0.21990364609855126,-0.11598143434786888,90,18.64820100093276,-17.583398828365386,0
0.31730612875500847,0.32758289500598303,0.16555633515966964,-0.1545671314185347,-0.059311904340918646,0.20143826968980308,0.16453948818567796,-0.11620728601605398,90,18.1814662316716,-16.899103229171622,0
0.32029986728294085,0.31410323234664755,0.17698296414601697,-0.17061606454739917,-0.04704389563235646,0.23395847147412008,0.20211536677207068,-0.11783863920250445,90,19.343498894489343,-17.83763693095289,0
0.3129042415455251,0.2915382873718986,0.2039339874899472,-0.1976606048014989,-0.050193192397531505,0.22226900962559873,0.19770540171019513,-0.10156813857974792,90,17.254917306887364,-18.233330911405336,0
0.11759253191385415,0.10181571947716192,0.2804267029809969,-0.27094494833374766,-0.0723047074346827,0.13307595625190077,0.12615606327559364,-0.04235395886056246,90,13.189783924651758,-16.898483998162078,0
0.11051521999983284,0.09315624025078965,0.34298088819885525,-0.3374311979943914,-0.06144978673474381,0.05132326901494663,0.03947178587381798,-0.03280329346745604,90,13.685433284758266,-17.256074616604245,0
0.12030141694922307,0.0774235742331867,0.24642750160427096,-0.24177416532263013,-0.04766305203686061,0.06487931073683635,0.053716074163645336,-0.03638555122755077,90,13.393472046656383,-16.737636743204664,0
0.14782089651622782,0.08406968147350347,0.09444975796829655,-0.08645868885812451,-0.03802172932947444,0.0625847828477082,-0.06178016923305185,-0.010003286141576811,90,14.12846929094023,-17.139119516763717,0
0.1267475855311181,0.08340711417263545,0.08773818662389683,-0.08178608970017519,-0.031765152661440914,0.07442550546367802,0.05521447393289323,-0.04990508723404679,90,14.02368167012029,-17.341762441063036,0
0.1268944263513286,0.08269857990681105,0.14627739000678577,-0.13969726925676165,-0.04337911697350641,0.04720046951450347,-0.04098341040300242,-0.023414619239454742,90,13.985300926547332,-17.352677207378132,0
0.11542964329517323,0.08249463090059053,0.1235940608784351,-0.11331935582116191,-0.04933776931215292,0.09643300742719085,-0.0963834503231888,0.00309118508828621,90,13.169963850962327,-17.305705525022574,0
0.1265356161894966,0.08032964159679312,0.15567851789029633,-0.15012445646870426,-0.041212237290584326,0.13915392096585139,-0.13838595340059573,0.014599370588438493,90,13.652262997980449,-17.446664206489643,0
0.1192532051521825,0.09179823044858625,0.16133722134644254,-0.1550001258929415,-0.04477342922943567,0.06935141518371539,-0.0692919842409393,0.0028704891460322457,90,14.765993318653225,-17.54332306926636,0
0.13171530751336374,0.0949925717626769,0.06534622670538016,-0.04883272360143829,-0.0434222805745676,0.0792725373586038,-0.07351009704650947,-0.029671548855494483,90,14.752236923749953,-17.90908874248404,0
0.1105505651913975,0.09993146265643418,0.04279745013652262,-0.00844058864002105,-0.041956861198117375,0.023398585790844906,-0.023374097166650943,-0.001070232991217062,90,14.79069149946617,-17.553931554903148,0
0.19574569715978873,0.21547307847387615,0.2102506525303954,-0.2089200086615213,-0.023617088523502038,0.14583198004828618,0.14164836944837325,-0.03468004955908938,90,19.40202734957809,-17.207011735266402,0
0.21911284682478646,0.2496752903539341,0.1993815781817364,-0.1958719579312263,-0.03724499717314782,0.12586229243631966,0.11673790929835023,-0.04704866831245921,90,22.377282663553526,-16.311273342973294,0
0.17923728066575784,0.22862559131274718,0.24029006979497064,-0.23657879281852054,-0.04206890099115262,0.12177773782666894,0.12049070489791171,-0.017658070771895427,90,25.05147603109176,-11.515651791118763,0
0.16350447890902564,0.2383639125694864,0.20969157767544566,-0.20387036474955506,-0.04906559002907059,0.17134083171591866,0.16891250395163213,-0.028744505942747158,90,23.89746967236216,-7.798468462020227,0
0.1478665799044853,0.21635719484767377,0.17060200945237988,-0.15940802924952432,-0.06077932082520099,0.11845605428656707,0.11843843418329363,0.0020430627380841034,90,23.229792621134383,-6.885987095515676,0
0.1511578875405049,0.22984038105368296,0.2329609011998808,-0.21940476708735607,-0.07830919273753022,0.09789533291466448,0.09727025539502729,-0.01104507228854372,90,25.1350771720748,-6.803284101294012,0
0.18286655143767505,0.2536281521208306,0.2536760194397191,-0.24404211943750614,-0.06924569863342217,0.1014211660376961,0.10137986742959947,-0.0028940284039311696,90,27.339076024894666,-7.751424319775637,0
0.19368380786943143,0.2331217395768222,0.25764710588413026,-0.2507533394857843,-0.05920129987758074,0.11267905227494755,0.1111991566164626,-0.018202098488025547,90,25.288503364048978,-7.78930452467248,0
0.19174563346301168,0.23043976388044343,0.25248746117635923,-0.2455331183639713,-0.05885070804797145,0.07607484815655574,0.07428172810372362,-0.0164197256970843,90,26.282005290272267,-7.860469751343205,0
0.19600326201785276,0.24143260371300052,0.24973797817645535,-0.24477260479961666,-0.04955229241189922,0.11842253964434778,0.11335590313796681,-0.034268602533412434,90,25.10376525212566,-8.263121320257227,0
0.19837944538647503,0.22968309750250246,0.24262616852709143,-0.23772965204863955,-0.04849814626322676,0.13263409393865316,0.1289425497828916,-0.031074454627780627,90,24.966093771209206,-8.570285396322804,0
0.17818106324661934,0.2185755599818821,0.2242260030326359,-0.21797552457973027,-0.05257348305165871,0.1299559204472204,0.12868479016168766,-0.018131906693083896,90,25.1718837741007,-9.191942437058174,0
0.21487518176645778,0.24998697889105784,0.27200745285858957,-0.2639080057106259,-0.06588337371794262,0.1167056006410113,0.10937337527712368,-0.04071439550661033,90,26.537429970094568,-10.568671793676769,0
0.23705974280313463,0.249674788666069,0.23000928998136536,-0.2230992003902427,-0.05595552039759932,0.11449161274215354,0.10390036627723105,-0.048094108534793366,90,25.57655487331588,-12.101334437117382,0
0.30772551520809865,0.30926613625398247,0.16111165726390309,-0.14131855000683327,-0.07736946122526342,0.17341776832072942,0.15449763015873544,-0.07876677373535615,90,28.564964800635078,-11.672631960375869,0
0.32270747229695024,0.3464853629680834,0.2434880329076895,-0.2201077492534082,-0.10411052246461386,0.21407989189010893,0.19514026190821857,-0.08803680079417125,90,31.310227214820095,-12.181009794094265,0
0.3342915958992673,0.38261023111704007,0.24988889523386298,-0.2425576544618069,-0.06008530788127182,0.2064200808868965,0.18836358582617221,-0.08442990778189412,90,33.64805995093659,-11.487600880186172,0
0.3375065128186318,0.3512892086326688,0.17551331180189375,-0.1697425967234895,-0.044636010991525546,0.24330498083480478,0.23453496012137878,-0.06473535494525373,90,31.027364459709105,-11.646043057297637,0
0.16038624107697927,0.27954810513812667,0.1793243568698723,-0.17729519941706295,-0.026900506137565502,0.30935084329083257,0.3032116536349672,-0.06132403561979535,90,28.588495764239774,-12.925610919210778,0
0.24884581256922278,0.30304487559728893,0.16623012210799723,-0.15632090961274792,-0.05653518120500514,0.1692624341132336,0.16365248741487196,-0.04321614241070016,90,30.029406234788674,-11.630961407899939,0
0.2743119990051078,0.3501576856353926,0.08829507253071793,-0.0665081447321199,-0.058074835492630816,0.19699732680228976,0.19261159328200247,-0.04133667742594476,90,30.53208019650628,-11.093995887665308,0
0.27964807357202776,0.32621490992045804,0.1447425048212536,-0.13583014917353403,-0.05000563245701535,0.18818336419613077,0.17795609796894757,-0.061193183900169215,90,32.11311393626973,-10.930101368249687,0
0.286479635065835,0.3813130390258277,0.19555324738168786,-0.18562055456507703,-0.06153114889612314,0.14915748689818237,0.12766467057581762,-0.07713421928398194,90,31.771682383239728,-10.362591365665866,0
0.2972211835091749,0.3859771727860997,0.2557789552034638,-0.24876490030230938,-0.059488640113534386,0.165680277292514,0.13776573924332713,-0.09203562013950861,90,32.110725479353,-10.899789661028864,0
0.2887796241937654,0.37107397009269477,0.25849377169643456,-0.24484074272499695,-0.08289777263425292,0.2190095513990743,0.20355775002034426,-0.08080486378107943,90,33.612726879022226,-10.892144335643557,0
0.2918564120148659,0.32908711686742304,0.1341385974209441,-0.11027839515109453,-0.07636647746856706,0.20676001080956818,0.19186129808074145,-0.07706454676922207,90,31.29474887072972,-11.088682470082343,0
0.13423709867180045,0.21391092383563118,0.13746983706717567,-0.13726446509862306,0.0075115061382338335,0.30419671086771244,0.2983082477929343,0.05956364832214307,90,25.37876017926891,-13.368546033263677,0
0.28792924488025684,0.38192794223975407,0.27173038861757487,-0.26476036829853067,-0.061150236930732044,0.19783031428256967,0.18306906220939637,-0.07498367629632768,90,31.24048392371553,-11.551232102576348,1
0.28881650715052093,0.3617872806807045,0.26996557282281963,-0.2586615431938645,-0.07730211240400697,0.14846577904881336,0.10119390756938003,-0.10863646081961086,90,30.27808679777317,-12.021735969513541,1
0.25896428780674074,0.38506087191951466,0.26653095824199,-0.25572829323799123,-0.0751118615065383,0.15346318601960338,0.12853562313557448,-0.0838423702458188,90,29.360947743616034,-11.751442377773026,1
0.3066298938058819,0.35110817001054495,0.25489810588660616,-0.23745688447011679,-0.09266753693891455,0.21717039394989365,0.1999956024029292,-0.08464478145663483,90,30.2751092460709,-11.813225933488264,1
0.2610499127027682,0.3252507887260072,0.28910035330480105,-0.27943706459037826,-0.07412112528877006,0.23302362740050336,0.21436143818870895,-0.09137387342428324,90,28.953247807077933,-12.464662106065536,1
0.2550224946276931,0.3008143495665844,0.2872155350350857,-0.2806433793612571,-0.06109056544331576,0.2736369000033928,0.2597118071116287,-0.08617963965043585,90,27.99834546417724,-11.710862906004163,1
0.29167867339484416,0.312703566077039,0.27511364796117804,-0.26770014379250834,-0.06343620660141466,0.40512486143122023,0.402099394598992,-0.04941892565393839,90,28.515693615964462,-11.934645469538784,1
0.27817617663157634,0.31681727846722735,0.29459760054001705,-0.2877286973063624,-0.06324510250066114,0.3448277691504017,0.34309348688024466,-0.034540550626736645,90,28.99110673961197,-11.910204916038307,1
0.28152918717892483,0.32074426335268275,0.2629427609629716,-0.2522315629125722,-0.074284145101842,0.21578563059712771,0.20163122337252595,-0.07686538969847619,90,29.044714283011373,-12.122888893862578,1
0.28151621538860855,0.31530846675723884,0.2686544065469288,-0.25997567720182246,-0.06773357675877065,0.22310494659083932,0.20932433925058164,-0.07719545446856743,90,28.44047812100566,-11.820118929548883,1
0.26958268876626246,0.3696573592094831,0.2566590132038189,-0.24586300904102099,-0.07365615957985398,0.19047312609603392,0.1606434427413406,-0.10234107713428302,90,29.522360178054935,-11.893857232486402,1
0.2839886515316153,0.3583840021878889,0.1514113359898799,-0.1319237763976874,-0.07430686298864513,0.24734396262424432,0.23651265055915213,-0.0723933834832159,90,29.304438552723855,-12.374969678048503,1
0.2205892583384534,0.34678767825781553,0.0836414838961927,-0.07100946217023282,-0.0441990283903542,0.24008034986131815,0.21917044060046514,-0.09799434859485996,90,29.294764240562436,-12.78697365838055,1
0.27327182083894636,0.3599394155661005,0.12422353416201187,-0.1045772742439154,-0.0670453589103186,0.2378375926166543,0.227087908502565,-0.07069513613832482,90,30.771997831483354,-12.235877550984954,1
0.28534404601490115,0.36374449612763676,0.1496638910578277,-0.1236594153266619,-0.08430675706986636,0.2395819355450211,0.22315947869773392,-0.08717425598681224,90,29.75317561538162,-12.473537303119691,1
0.2644511916510412,0.36910160321990304,0.27685846094545796,-0.27290042935940306,-0.04664721912977371,0.19431354688311692,0.1579604904014778,-0.11316464984447185,90,29.437944317819852,-12.461371192336014,1
0.2678694083066842,0.37854926700461927,0.2659982649296287,-0.2592894241225387,-0.05936389040296445,0.16258354864931884,0.12836288697647968,-0.09978165932910182,90,28.561181146364635,-12.260667080199326,1
0.2672545782286179,0.37857327962616116,0.2666730215828789,-0.2573619657400834,-0.06985212259153435,0.13312525730515284,0.08534545294618613,-0.10216891794461502,90,28.8111669315582,-12.4624000507385,1
0.27316842347612635,0.3644945077487871,0.26246326728091984,-0.25371913472682384,-0.06718308823839063,0.15306813792640328,0.11013656977918745,-0.10630047434292374,90,27.856219761519924,-12.879395832175108,1
0.2542876015569712,0.3811093338613828,0.2120151040312307,-0.1971795984354019,-0.07791412130177193,0.21221128204785988,0.1818588540350293,-0.10936629022446655,90,29.93680843902317,-12.44397275722974,1
0.2683002749384457,0.3994020651456051,0.16984451369710868,-0.15761482448897113,-0.06328290396559062,0.22743729453689127,0.1972142047514805,-0.11328848304440206,90,29.79073624666296,-12.174831980193362,1
0.2802261858970264,0.3979076674580076,0.16310943197183217,-0.14968169365786854,-0.06480800399553859,0.22310571092192086,0.20278601003228863,-0.09302683688678363,90,29.332222541790234,-12.45078720204131,1
0.7642775518770518,0.25982484181702364,0.5993963462426856,0.5991092427104951,0.01854980290834667,0.2193106815118654,0.21559638392734365,-0.04019171883177302,90,60.44902160835905,90,0
0.7423209778264624,0.26840629969968804,0.5367398605001582,0.5067199002033473,0.1769876283462745,0.058217336322442956,0.018526472363893997,-0.055190833208335496,90,61.96813884124503,90,0
0.5782621853682443,0.2725052113242946,0.7491907756898417,0.7482888378846752,0.03675096564648475,0.07275789622610336,0.039030039927697525,-0.06140331787852154,-83.33686607196421,-32.5585588646936,-59.30664162662296,0
0.5896426710731331,0.2856803955083589,0.5120725878317449,0.49314905583568286,0.13792151368468483,0.09715475919296608,0.022929158481293965,-0.09441027976435051,90,59.234552714121634,90,0
0.5903437291910526,0.2794593923157349,0.7264429007591693,0.7247351917049486,-0.04978142191407952,0.10349332954527599,0.06494462236814441,-0.08057955873437266,90,40.916601068529346,0.9681070722878201,0
0.4335488538254588,0.15390853218273826,0.41606409853623455,0.16812998468055312,-0.38058066469815105,0.06040124949862803,-0.048154980666755824,-0.03646105837712182,90,37.31863601389837,-2.3607971070473464,0
0.47457653864320226,0.1517326456739665,1.0261552457153216,-0.519164398270002,-0.885134405544163,0.08556135563708481,0.01777284200875528,-0.08369511135895291,90,38.089357798765676,-1.6737732448622162,0
0.5762116986636318,0.19818458227446423,0.3858977425133042,0.07382666660922821,-0.3787699710566221,0.08646933356134819,-0.044089740344711574,-0.07438440994509271,90,39.54013337442965,-1.4075012359158707,0
0.41701129396843467,0.1768689018997282,2.087961630316019,1.1098074869777124,-1.7685901479766708,0.21679154513287072,0.19397339899176386,-0.09681371041685938,90,39.058964674478815,0.5944095160361114,0
0.5738159976568242,0.2976225195046846,0.9890961599873963,0.8260720333566105,-0.5439818098134238,0.0944133120403438,-0.012490390141380097,-0.0935834581779464,90,36.17304846244096,0.3211151896214266,0
0.6740017079637485,0.3004220933716874,0.8590073730692309,0.5969221030846235,-0.617719734051237,0.10759856726962558,0.04489395972016324,-0.09778539798518233,90,59.729042965769324,90,0
0.5709832250917198,0.26338243955970597,1.1016909911933805,0.8736373671847862,-0.6711786578364126,0.11962382969461682,0.07042540350549058,-0.09669603493368031,90,39.973610116904354,-0.3299494757783062,0
0.6526435067689267,0.27173779026371714,1.1616958176696919,0.40696156655269744,-1.0880806294297443,0.14916530438661169,0.1425485997706106,-0.043933867758129234,-90,-1.03838305423129,-44.44173418989881,0
0.16539534811395123,0.15658248566492677,0.047505885642531734,0.01956394704525335,-0.043290427887603816,0.10355223779544406,0.10032386342223036,-0.025655182331877226,90,25.247927246882554,-4.862486971298405,0
0.24119372776123107,0.5808011646795811,0.1745172931870963,0.16595455320678146,-0.05399418386538008,0.5764973274834482,0.2510120802174104,-0.5189817956156906,-90,54.796420649330955,-22.5495993897237,0
0.27646192209640386,0.49723784112148167,0.1887116038077094,0.1315183992355005,-0.1353328492059832,0.42470519657033595,-0.2589796612290218,-0.3366066533263251,90,49.92932747692758,-25.909605579734823,0
0.2966093073261653,0.5833523259738836,0.10301026940339403,0.07809841734654685,-0.06716958247990236,1.2534837878532359,1.2499632669877352,0.09387991048272062,90,56.045087133122934,-20.994831687878193,0
0.26811188799589386,0.6529969952439959,0.22070516727912032,0.2124921620653391,-0.059647731930913696,0.5371041144571933,0.32409551500010975,-0.4283023779103491,90,56.68444806471626,-21.95136384638144,0
0.2625541822216145,0.5198039425072438,0.17343180931976643,-0.16445347362661425,-0.05507855749807096,0.49659490508165727,0.29796667599466853,-0.3972686241697781,90,51.300804152570564,-25.79072940257805,0
0.28574599326143163,0.34651054274524207,0.25464593866483815,-0.24378674691133925,-0.07357021210301841,0.19882406472700956,0.1701105070575432,-0.10292436107742242,90,23.792823942113092,-10.593212759681593,1
0.3041412459343977,0.29970375430158225,0.24713582768364317,-0.2350742899030538,-0.07626398593998614,0.18634648130714274,0.17233465665533168,-0.07089271620584335,90,26.220847231864543,-10.628903847078904,1
0.3013890311771704,0.34887941597688515,0.2011927846381094,-0.18905136707290005,-0.06883398287404471,0.22585398851129593,0.2110542656381321,-0.08041219486128565,90,26.393922182858503,-10.670531066336356,1
0.2795899208107112,0.3246457032879875,0.1984661712505314,-0.18576701992356767,-0.06985295583983596,0.1813572748610237,0.14996202510094506,-0.10198947089107008,90,24.112432114698084,-11.007388333593632,1
0.30740173020583933,0.34691861408458935,0.22799396157140847,-0.21687065592021765,-0.07034461680725435,0.18036393867089584,0.12661013452159048,-0.12845631245409248,90,24.47067927445744,-11.072396840493443,1
0.3068378908869068,0.3512945230652336,0.24344538294691656,-0.23558649372425738,-0.061356812603665156,0.17394446052498486,0.14440798149397258,-0.09696911997210499,90,25.060179906880027,-10.533541790616004,1
0.30500058850044887,0.37257616315018877,0.20262576309321007,-0.193332940014823,-0.06065949368673077,0.20283215888176617,0.17742870223713267,-0.09828499528964198,90,24.812530606226645,-10.77349230916457,1
0.2878167221700095,0.3556087551304333,0.22436237661510794,-0.20829377437560306,-0.08337973133049129,0.1893135086269672,0.15399934577606073,-0.1101081561429401,90,25.41745013166176,-10.756014339322466,1
0.29797891458838793,0.3470545296523636,0.22247457202925777,-0.21304783887410067,-0.06407459364425688,0.20431122227549225,0.17166723670389367,-0.11078553782039845,90,24.333991503626006,-10.061559724484466,1
0.11433106200040521,0.2184221005239987,0.24779134378638595,-0.2477377177404536,-0.0051549262084207795,0.3064420853784167,0.29859315760345095,-0.06891210288094184,90,23.169344104622354,-11.569392042579437,1
0.27400971790801376,0.3008031180162081,0.26607971127762825,-0.2538389729284295,-0.07977586462224066,0.18972187291390127,0.1779802230271588,-0.06570714780875311,90,25.256109572172214,-10.542780620696107,1
0.2712117486923127,0.3442544989573337,0.15903811840891835,-0.13390640343672983,-0.08580325300178826,0.23252649479078927,0.22432725258406247,-0.06120338657114632,90,26.357020289081593,-10.583741840772653,1
0.276026933001423,0.3893256361861724,0.17798790987782553,-0.15898305825803208,-0.08002551624075986,0.25662869042256947,0.24386053961502185,-0.07993948940713437,90,26.87222414947579,-10.674533838140563,1
0.3086798316892808,0.3078782524956218,0.26201831970867195,-0.2594440982419454,-0.03663822799180643,0.2688725670189109,0.2587762336965329,-0.07298847970177282,90,24.96533855660577,-10.859292998410298,1
0.2846528642755925,0.30317456968673345,0.20781759953048023,-0.19308950821089146,-0.07684137227748565,0.4497096296458725,0.44683101267379494,-0.050801546326255734,90,27.303142410233633,-10.514154788716091,1
0.30890859923876385,0.29934897792099513,0.24456380819669457,-0.22875646493495835,-0.0864981851262255,0.3634099287106513,0.35035528533690824,-0.09652953082852044,90,25.10400661919706,-9.670416049852312,1
0.2788937700149725,0.3295341446363537,0.19986848144944933,-0.19285863129615324,-0.052468640267147024,0.1733239757019657,0.16206879047741116,-0.06144027755735323,90,26.39238136214604,-10.182291197473198,1
0.3119693932697484,0.38777087698293694,0.22053760962655375,-0.20535189582792363,-0.08042037142212051,0.21469204577302192,0.1832487780104858,-0.11185955424490585,90,25.585147905178758,-12.405395013867084,1
0.2967795603662355,0.3527143091958951,0.21333054203417265,-0.20189466248679028,-0.06890910987626345,0.1698022837294668,0.1334307377482659,-0.10501930195776313,90,26.900902526720294,-11.932624537579205,1
0.27885511922263184,0.3458294194054613,0.11492172550966101,-0.09421484755680937,-0.06580703225313418,0.24303494151262894,0.23119480850886223,-0.07493292543733693,90,27.070395300976895,-10.251206572465076,1
0.2715351734726557,0.3152257225053511,0.11176298049314616,-0.08439087738352935,-0.07327444044924182,0.2678253493655414,0.26279651714423596,-0.0516566388727879,90,25.35693834456847,-10.159356785228402,1
0.27153072686567364,0.3507450403233505,0.10652146218322449,-0.0716400600900345,-0.07883225035446072,0.2630899612042393,0.25843436831380034,-0.04927479031609482,90,27.240775623034413,-10.287956167436327,1
0.2537009886760195,0.2997758944670371,0.15636694209480848,-0.14396767862910093,-0.06102399601983718,0.24844789545486862,0.23328621071822112,-0.08546286120115015,90,25.961957649108463,-11.732289637621827,1
0.09281277873609312,0.2530825933956158,0.24434781198728037,-0.24428640478195854,-0.005477742388652248,0.29927745582095416,0.2962104107060195,-0.04273626272891023,90,25.59086641192677,-13.119196246070405,0
0.08240933160026485,0.2597801395125485,0.2833254644493817,-0.2832628490279347,-0.005956271151932026,0.22604376234585166,0.22148765921455452,-0.04515527999166022,90,24.21269844119069,-13.078941664360327,0
0.09325656639635112,0.21962776277306734,0.2705186585505285,-0.2686252291333842,0.03195044439462835,0.26135822286490895,0.26024577480742284,-0.024088531586370483,90,24.009569271931,-10.88496261414962,0
0.13120908603416437,0.24711946684578132,0.1796529062880505,-0.17702545490803734,0.030612988294929613,0.24234372610365695,0.24234306678285436,0.0005652999958339999,90,23.742095703245887,-11.799323261306668,0
0.10080804693468576,0.2179969527466464,0.17913209094509128,-0.1737575851324002,-0.043550058729204484,0.46167451662676157,0.46126930790153237,-0.019338688957509072,90,23.467913656818755,-12.019067079205113,0
0.2998624591297677,0.2681417170526094,0.2131594430770781,-0.20142976331106302,-0.0697352036304421,0.5160082224266773,0.5156291821606467,0.019774532011703174,90,27.105570281742605,-11.154269179358128,0
