left_ear,right_ear,l_pupil_dist,l_pupil_dx,l_pupil_dy,r_pupil_dist,r_pupil_dx,r_pupil_dy,pitch,yaw,roll,label
0.24616730374644594,0.23854149069040137,0.30358253342583436,-0.28283506630746114,-0.1103026738937088,0.10289082908945581,0.05591119048594924,-0.08637396302798375,90,35.2609988911917,-9.055174455699815,1
0.229750465877818,0.23211143636728768,0.13996247346194915,-0.13560913130613575,-0.034636072005671384,0.06463454160383178,-0.0015781156074628697,-0.06461527311299506,90,38.3992730034646,-9.081417059470764,1
0.24029975745478366,0.2518293645004737,0.22882740829244447,-0.21985616471855202,-0.06344485496150186,0.09192490935892755,0.06649138510479104,-0.06347507122873844,90,34.37000795074626,-11.15145607210806,1
0.21242829772977923,0.21108781664131274,0.23324716487489386,-0.2248990729843277,-0.061843729617204975,0.1784787920785016,0.1636107833477112,-0.07131753496966443,90,33.73716478878642,-12.148732705198734,1
0.23461638951779837,0.23099008278718294,0.22424688484562358,-0.21512676788897417,-0.06330196758877091,0.08268651372883008,0.05873051996776084,-0.05820468689843158,90,34.52485059114026,-10.979245163417692,1
0.18170424410220617,0.2068532208036088,0.22712598585377994,-0.2263857426059,-0.018322363243496263,0.0839712899876028,0.07139703709807806,-0.04420000719228162,90,48.38784882332363,-5.696139458555014,1
0.23114212069947335,0.2451189778183075,0.1326305204172745,-0.12764889435526947,-0.03600853671054027,0.11993875054237807,0.10430431559994309,-0.05921075602366738,90,50.48646298074854,-4.534719474017513,1
0.2397796091946353,0.21556222653561205,0.07499120941683023,-0.02072242933332041,-0.07207123151663519,0.12732766063016765,0.10679118781311592,-0.06933956566791392,90,53.25480590453031,-3.647697058342718,1
0.23752189206915889,0.2374123912402751,0.08128474227957966,-0.02650244027492981,-0.07684289158361665,0.16226325493743327,0.14960584142307642,-0.06282878412784831,90,51.79917879725013,-3.776671476735222,1
0.24401252846618396,0.23534992556786377,0.09331363238884463,-0.05739673306129916,-0.07357342606872674,0.1610524154422688,0.15269899023066474,-0.05119471557030571,90,52.51162401751035,-4.459793076524984,1
0.17634686523357715,0.29330073024884984,0.333705524160528,-0.3043990413215714,-0.13675013893141397,0.44713190778992057,0.42526113463868886,0.13813004861241807,90,54.66316479333246,-9.071860341594656,0
0.2087908340232214,0.24729566020587493,0.16569434683634746,-0.15832608229490425,-0.048861725702957125,0.0739131824404922,0.07361961526621524,0.006581093111021334,90,42.008482859422,-10.797183875495461,0
0.19716218625310178,0.19471772930140246,0.2565823570029986,-0.2564184768922713,0.009169003951462733,0.050240577721442636,-0.04408446381291117,-0.024097213534191954,90,37.695815517502375,-15.716054711557192,0
0.2222312158276348,0.22843272216251764,0.2851875412943398,-0.28470462878153874,-0.016589396006998894,0.07273180017059283,-0.017001039973059125,-0.07071689611323091,90,36.98887718142546,-15.109453080041446,0
0.255066686859128,0.21301847487597905,0.3053107581046445,-0.3050441342448957,0.01275676985818812,0.08567960373988295,-0.06510746929482085,-0.05569570844371518,90,37.93864846322334,-17.859223826830693,0
0.2934075511912848,0.2730255536241903,0.4058341805774572,-0.40046513628450014,0.06579556782651005,0.2175112049751005,-0.21687898403210723,0.01657198162324429,90,39.240526061278494,-18.873045658722255,0
0.30857990568197863,0.2853089198566829,0.39133102739120723,-0.38749046241870067,0.054691082761263055,0.12171669350012769,-0.11987310705008297,-0.021104304839614386,90,40.03281259164582,-18.835191076547773,0
0.3557058998462086,0.27237195254724694,0.43939793585603126,-0.4346914094528543,0.0641398829312305,0.14547828968941617,-0.14123821652987062,-0.03486687485879789,90,40.25150599417414,-17.73849707613452,0
0.34764793562031976,0.2838632775930266,0.3505708357151897,-0.3503929819953618,0.011165528310143369,0.14441889048533332,-0.14131678914647233,-0.029772151993871378,90,40.79858267776583,-17.450376865937937,0
0.31464508583461326,0.23526114676874102,0.31418412683339536,-0.3141219590800148,-0.006249830221420096,0.07841212287652702,-0.015041709105559586,-0.07695588347350252,90,40.27311179440229,-17.845003554616802,0
0.3009993812059681,0.24701815730867668,0.21114824315096198,-0.20295906018445137,0.058234014757545395,0.12188651124040412,-0.08414380031499186,-0.08818243867634835,90,39.26829973969661,-18.114081126539567,0
0.2820458522778983,0.28416220377028484,0.30783492225635795,-0.2931776050042175,0.09385750521172471,0.16233896756641217,-0.14587188778012347,-0.07124136962461974,90,43.18234962051939,90,0
0.24214160344459507,0.22953355304012882,0.19666578647409846,-0.1752320847401874,0.08928128609671503,0.18696627647664485,-0.18518438414272803,-0.025751357424798626,90,38.97265067426969,-17.22109034207613,0
0.19436649190455343,0.1339049727192551,0.14594670130471235,-0.13994925097143485,0.04140829354442489,0.01332942485473197,-0.0072378215899605,0.011193190143558185,90,38.700914243179575,-17.58379486547563,0
0.27322608042357616,0.25916542287732697,0.17114627338674676,-0.16953979269943387,0.023394563163351763,0.05477499311887427,-0.01891527229910481,-0.05140537272526523,90,39.72421186068011,-17.068638975828282,0
0.21577161335976458,0.2085435253539778,0.050280764148847176,0.03472082669056116,-0.03636783520249744,0.15460641157864502,0.15288943024315346,-0.022977480739830452,90,38.973206219531164,-16.451085920089977,0
0.277729542212267,0.21821212057685785,0.09403947953749991,-0.06891858237961661,-0.0639816592037739,0.038742984672060644,0.016881993513111475,-0.034871437543106655,90,39.44498918391406,-15.07015958888308,0
0.16334826744678338,0.18855052119362115,0.16601976207307143,-0.16594672862761128,0.004923886330245482,0.05107097341947688,-0.05033883569903169,-0.008616608757440858,90,39.827149611591935,-14.221741770881039,0
0.15113819074598037,0.17199415944838545,0.19656490855317932,-0.19653065061256145,-0.003669692674196306,0.03148525134005433,-0.013940955227213942,-0.02823067160552879,90,36.94694490221413,-16.26963585617883,0
0.16121047843875427,0.16867161729857857,0.1593531587545356,-0.15909659693291495,0.00903891859758765,0.018721179460442754,-0.018115387451724124,-0.004723907054972592,90,37.33096860228882,-17.657900199245162,0
0.049601378903163566,0.07341667587886808,0.1489184630887947,-0.14366328970719797,0.039211832898175085,0.1198596826725951,-0.11944123158953901,0.010006784036307668,90,35.12544699885797,-21.024097821576138,0
0.07264650221473143,0.06328459493491954,0.03404960787529784,-0.027054416526423333,0.020674485311038243,0.12608885768839598,0.11799891999332464,-0.04443708939133551,90,29.98262424918149,-18.492899223155117,0
0.06404214138639192,0.07202568243746107,0.04626380747158265,-0.04592284495333347,0.00560644211240618,0.10922647772327451,0.101661112783242,-0.03994297915160975,90,33.11534043316495,-20.23413694448436,0
0.08016614781971591,0.1008530179152289,0.05985167265568275,-0.058214904909849485,0.013901351230013006,0.13358970114304997,0.1325089909775169,-0.01695805300173815,90,33.240632646020714,-18.141619196313272,0
0.2530952698511597,0.19365322004639163,0.16236704022637946,-0.15147390820510812,-0.05846974332888081,0.08092351111450904,0.0673205724530902,-0.04490607058837704,90,41.776650332938786,-12.825635713081072,0
0.09960555645726812,0.1266886164619948,0.2422929912732271,-0.24226309461096096,-0.0038061279075539893,0.08043111363731952,0.07404199935293816,-0.031415702646270874,90,37.611632911853604,-13.987524972142658,0
0.12406023052587649,0.16746097930264997,0.015350133779750627,-0.015015887662155378,-0.0031858632697859416,0.17721260881386747,0.1728556748429184,-0.039054121385790855,90,39.01581328143904,-12.675420154818207,0
0.0665220598335448,0.10006141826753522,0.09813156893930858,-0.09596788535697062,0.020493164777593952,0.16062730140561302,0.15357857467484098,-0.047061144882949275,90,37.64441202308927,-14.423812373266834,0
0.05966766225551788,0.06495129837719164,0.08465352943669291,-0.08381083670848267,-0.011914851921576122,0.16297768098725557,0.16045097461384628,-0.028586871907407184,90,36.91913287168551,-13.904143552172854,0
0.05946145295523608,0.06429073396823033,0.12800146791917866,-0.12795473654952647,-0.0034584944709791544,0.017856793357462455,-0.016161537335038056,-0.007594062152714202,90,36.70823248061495,-11.774320724290817,0
0.2151147984169798,0.22172243181734755,0.3543627247322941,-0.3528644868537466,-0.03255141467183436,0.1369885926812096,-0.1365781169117872,-0.010596815824035892,90,36.23578883907763,-11.890495834137518,0
0.32385702725703847,0.2306526300705566,1.4646983097945867,-1.3534390584916853,0.5599498670990639,0.1409466694274165,-0.13904477116893335,-0.023076291583796114,90,49.207695085422024,90,0
0.4390590943415928,0.31157889533687844,0.29370209568738037,-0.2936877463526574,0.002903214331793873,0.12758051065442547,-0.12534222413723778,-0.023793140758933448,90,45.8821358050252,-21.013207548102358,0
0.24654091236690273,0.14879077608061642,0.04074318188080026,-0.039407650527929376,0.010346204600748926,0.0695883976850645,0.06427485316248482,-0.026669989563471976,90,41.06410088703664,-21.135792090536846,0
0.31322864378078297,0.25078085029422326,0.19176399584794895,-0.19123383715687742,-0.014249548407899435,0.04768574322316438,0.03174123482648391,-0.035586853168488676,90,40.44184495098024,-21.05112772740968,0
0.31084280723984903,0.23945907247933076,0.08731035163232281,-0.024573072807951523,-0.08378103362298038,0.25528865109786303,0.2346595259135569,-0.10053458249473736,90,40.83978417411789,-20.331742424317778,0
0.2974960326426903,0.25074997065571497,0.04907229922278491,-0.01709309234709183,-0.045999095045710696,0.2403937885126858,0.22531633705569848,-0.08379571475490133,90,40.26296426103642,-20.429614026664364,0
0.27341859572978466,0.2491158812622433,0.055961759263911205,0.013092476139884495,-0.05440869019227081,0.2347820323473082,0.2201865140602992,-0.08148927376720284,90,39.18629918237864,-20.470208911183658,0
0.2944502660228904,0.2604489260022446,0.3743601445642382,-0.3735292454677974,0.024928309577972926,0.10083534116505521,-0.1008207774560186,-0.0017137272353123553,90,39.15063909639804,-20.992768250641692,0
0.3649026751671333,0.2731980803022893,0.35040108788041213,-0.34843015313966297,-0.037112676686643094,0.11201090273141466,-0.11137042023332422,-0.011961263635552982,90,41.7895302995103,-21.830003418160935,0
0.4363572197985409,0.2757057759929637,0.4342355666654224,-0.43307619182448764,0.031710241753101234,0.17190604384103422,-0.16923018652103317,0.03021310773707191,90,43.974904644628126,-23.22093777093406,0
0.4297828522443481,0.28139973141180435,0.40701291573651943,-0.4052354766072982,0.037996342918745984,0.18589750236127278,-0.18551137273449303,0.011975473699332573,90,53.500150983283575,90,0
0.5067693503298294,0.2913564463846542,0.6114022621108833,-0.605353652022603,0.08578858955130685,0.18787693355606214,-0.18780746067225015,0.005108803996063966,90,55.23889477490274,90,0
0.5383284418105266,0.2830109854448625,0.5403228215512976,-0.5188866918224624,0.15068295370975557,0.3065474578272293,-0.2994898469204975,0.06540011843929561,90,46.927331074900934,-26.342548134699527,0
0.5977818020006378,0.3060423771409756,0.16424563502057582,-0.009067670897872502,0.16399514007372318,0.3495682855587909,-0.3449874586125099,0.056406025108973294,90,-71.13638236297831,3.961965703034796,0
0.5818478298061783,0.36167717653596776,0.43647892780378444,-0.39248791997904026,0.1909635752892885,0.17996894250623963,-0.16546807063901284,-0.07077526309253007,90,55.67079515684611,-25.66658413418529,0
0.4009534976790171,0.1940853305839462,0.4380540696097404,-0.2098381539687898,0.38452479379179927,0.16081824338059908,-0.1546912222573694,-0.043967410209639825,90,54.582765416672984,-23.301334443113557,0
0.3992319324389513,0.296956946322808,0.487997753877094,-0.4263961815653845,0.23733542536997806,0.10063331829675315,-0.06978545401867105,-0.07250555260684231,90,50.61456792772329,90,0
0.40359697359096913,0.2555664147432,0.09946762552203016,-0.0991647280682498,-0.007756625177285236,0.1320770182895846,0.0908943999903768,-0.09582560623683348,90,54.46696102870033,90,0
0.4027690311600117,0.28214100674538095,0.16440989343644954,-0.16271600856667356,-0.023539618006987933,0.11251421119840854,0.0597244068884701,-0.09535430217573063,90,44.60883600844847,-18.386198793675096,0
0.31253159293000027,0.04517614279237678,0.16596790812026405,-0.16452890648894355,0.021807921848926253,0.15278728643473283,-0.14902158667387025,0.03371233604025788,90,43.53272255464382,-18.599101930391438,0
0.24224789220199222,0.09266885260566501,0.0852733171125428,-0.08479602219084312,0.00900961885910412,0.09408941579901933,0.09367291829590216,-0.008843220190065759,90,42.30354710046708,-16.74727896726996,0
0.32482606434825695,0.163708348774632,0.30506289235206185,-0.3048029258313636,0.012591453245989325,0.11070738652708097,-0.11061416726066736,-0.0045421837133271595,90,40.82697195304818,-17.104856928301643,0
0.2966170534042882,0.12089887846788065,0.04597190265233366,0.022781403271749354,-0.039930232887444704,0.28621811499061134,0.27885775127224266,-0.06449158010288511,90,40.43702532210316,-16.021858736296476,0
0.3051059078742623,0.22531976151476102,0.09300220035888362,0.014120288730376183,-0.09192402687961808,0.19438167206805368,0.18396563387056752,-0.06277642862231533,90,38.27906036821007,-16.690283935093337,0
0.22855684069119409,0.21628511802080322,0.07935370482676317,-0.05910207209597157,-0.052952389404970546,0.17302156811929573,0.16278235911502476,-0.05863758688253816,90,37.22656069896748,-16.82305848274373,0
0.11959924871274716,0.10104080472996568,0.27555992212120617,-0.2752188108747763,0.013706816556711273,0.10748595214420185,-0.1029877056746394,0.03076950419196738,90,35.95664831862695,-18.8487209345474,0
0.2265372526955458,0.2565980797601177,0.14739061706217857,-0.1385146275000538,-0.05037550959038629,0.00984727396592335,-0.001326122372333969,-0.009757571624822802,90,37.51960227351547,-18.394933653305163,0
0.25725046559392095,0.28727010459399654,0.12788772208216115,-0.10822506609597517,-0.06813666067460226,0.1907604764213192,0.16437278429208604,-0.0968046855712885,90,38.84047236823848,-18.662470556590687,0
0.32339182429519675,0.3095546463638563,0.2722091090387492,-0.2711292057639977,-0.02422298134940138,0.08257027359254532,-0.04268537819210405,-0.07068103401723007,90,38.81621407155215,-20.031630933559295,0
0.26167505609898367,0.1464765276207725,0.3330400562225562,-0.33136260409109985,0.033384182762026635,0.11828024645812583,-0.11727393099341257,0.015396162234378176,90,37.94793491465752,-20.555956724463375,0
0.32224737186053276,0.2904200657696779,0.15664708089024876,-0.15184130929214512,-0.03850356793705299,0.13100312590313656,0.0756901772526112,-0.10692434738571635,90,39.11608925624495,-19.80335197929138,0
0.32128472016883486,0.2753262550954165,0.11500186337554823,-0.10383848215733893,-0.04942669524769249,0.14516250732045713,0.07376659071071465,-0.12502257246785348,90,37.52296691681976,-19.60422807679183,0
0.3234106398404238,0.26688390708817983,0.15227472738289954,-0.15094364323335022,-0.02009002655497149,0.12360956696754327,0.05831962029901626,-0.10898691175587157,90,36.93621012055448,-19.663331324823123,0
0.3323531306768555,0.23400610919069867,0.13835737611532675,0.10489361067899075,-0.09022246928699253,0.31234125097636856,0.29326088976317083,-0.10749468636540238,90,37.61244097671178,-17.801810828115986,0
0.3443616079858653,0.23482238471883674,0.15311320769958112,0.12889581996498814,-0.0826409218705142,0.29202045245370467,0.27485321092235,-0.09864916166364808,90,37.292569832838616,-17.52912755997365,0
0.31265230594608245,0.24763709024987887,0.1768618163177154,0.16059178111144212,-0.0740971113516307,0.4003276667519983,0.38804121023200444,-0.09841879865544184,90,37.44105347648028,-17.080320831569196,0
0.2622698697285372,0.19751583349775928,0.2672721027966463,0.26670949694871554,-0.017332661962438548,0.3793612251590568,0.36250763295405936,0.11181750848693414,-90,50.763098820631356,-5.1613172770767335,0
0.2383461485257547,0.2063534223670113,0.043426495446781115,-0.0338608858911701,-0.02719008851501698,0.6362961115217236,0.6058408417265195,-0.19449837025992794,90,-0.49798261138710176,-7.4745481245975425,0
0.26891370034130385,0.3035675656807214,0.053110138265300276,0.051307749208458986,-0.013718660930323676,0.7104567950646162,0.5847855904299072,0.40345343086784,-90,61.96905255433181,3.8196642976684645,0
0.29497217461524283,0.3176222574325912,0.1513957268565623,-0.14690181500314972,-0.036613151451455286,0.7268755427734507,0.7136944899716869,-0.13779778541853357,-90,62.936426832767694,5.232544482976548,0
0.33536524473850204,0.3183854839625009,0.08304868873978566,0.06280775423932386,0.05433480200396883,0.8087163378884192,0.7922073072220641,0.16257213030412693,-90,64.58737293307131,3.0516237340472707,0
0.2190280360062244,0.29937265428462734,0.2994965565503266,-0.2936638807490454,-0.05881932105110866,0.04078727319653042,-0.03940524236015516,0.010527512970585332,-90,52.97779159006789,-3.9526784455510033,0
0.24761428844884933,0.2575507926083106,0.2715347861592631,-0.2618872199587899,-0.07173718782342331,0.030014710735239064,0.024065409040377257,-0.017937083047123464,90,40.55780708479169,-10.212521414463943,0
0.25080190186237034,0.2319683556768721,0.246854660479289,-0.24331946931419662,-0.04162762607935716,0.058559724267383116,-0.04586964988781469,-0.03640352353057656,90,39.81284190607585,-14.029265526038392,0
0.21174989214204798,0.2209098028863666,0.22866587053098383,-0.22699600878976042,-0.027584277028982685,0.07004297754083044,-0.06452702458417756,-0.027244849074609025,90,40.79770719051569,-15.625743262650655,0
0.21289264812737457,0.2306357429365025,0.26640026378889475,-0.2662514409299384,-0.008903412240496691,0.09564873544835306,-0.09443858957416108,-0.015166851753484697,90,36.02043222772726,-18.587544776683778,0
0.27256490183161797,0.24752524944224574,0.3869554259867997,-0.3848179054384191,0.04061626958022588,0.14585153247675592,-0.14229985658849087,-0.031990941541522606,90,37.50646840582125,-19.741320015060968,0
0.3135993161800409,0.2629448228090675,0.38121792019621875,-0.3805274255676422,0.022934277176164784,0.15351328118864474,-0.1516435230461299,-0.023886594974206157,90,38.79152387606868,-18.683968138457306,0
0.28507362881403825,0.24829801135712273,0.047887215666177006,-0.004051067651739336,-0.04771555590308028,0.18988919465423246,0.17968037269701678,-0.061423691796359293,90,37.89548707879625,-15.047766954994463,0
0.26399746729780693,0.2399888442395622,0.06821916096728024,-0.047344890867759754,-0.04911532583419977,0.16476981257418272,0.15852823064662394,-0.04492094415506091,90,37.51214050516165,-15.070159567364703,0
0.23155051863513285,0.21797138210176986,0.13345944873995894,-0.12249316742109588,-0.052979697933464104,0.0451363609473814,0.027648138506244088,-0.03567732496575156,90,38.50215443836885,-15.670501744023232,0
0.23093738575048772,0.25466839115145545,0.17881585361015195,-0.17455984883898432,-0.03878103499957462,0.09459964300057637,0.08366192870866912,-0.04415624690326462,90,38.416702280944136,-15.548574859338546,0
0.23733516040302877,0.24715764744023483,0.16486072155745507,-0.16187223669058864,-0.031247983954661575,0.06439823566455781,0.03298829275963064,-0.055307371095658,90,36.523673337736966,-16.42266866613296,0
0.3139310351037931,0.2711232401849511,0.3377354911240209,-0.33769836821158067,-0.0050074017233774,0.12933595267142084,-0.1268036961056327,-0.025467848503051126,90,38.01456009037447,-17.763399346910806,0
0.3739149536028099,0.2795921702832739,0.41371701466103245,-0.41352173076436244,0.012710090703181711,0.1562483963939147,-0.14582773878837996,-0.05610554318013431,90,39.60534923844753,-18.99064377724057,0
0.3686411634199611,0.3081992979986622,0.3509855278944595,-0.35089674748108274,0.007893883616426322,0.08834543593576513,-0.039988794019302325,-0.07877697889334288,90,41.64394276589372,-18.223824726111168,0
0.3930244851676783,0.30466431334072597,0.12601299311143802,-0.103004573966608,-0.07259016582747903,0.13135918231588214,0.06158737675823426,-0.11602684949069532,90,40.823712333549885,-17.657496473742093,0
0.3599587745049438,0.29100533363647924,0.20113067114375596,-0.19241758911374252,-0.05855781992520438,0.15609099939076548,0.09663211864435618,-0.12258317069284436,90,37.76209566431387,-18.08983574960524,0
0.07187346829928959,0.032160621159506964,0.06007166352592989,-0.049005258181361484,-0.03474319256128658,0.01911160001848677,0.0015757896341917984,0.019046525727685802,90,43.17144759595183,90,0
0.25167965607272136,0.2209382142870139,0.14593577243248776,-0.14585580310062132,-0.004830566979106871,0.0853047161174279,0.04629610382526701,-0.07164890342828048,90,36.68832820807099,-16.777305326700304,0
0.2560639127763664,0.26918973255956147,0.21555683448838528,-0.2078880453394796,-0.056985169119548894,0.07547098385323912,0.0016545828483661123,-0.07545284460756779,90,37.18553930434053,-16.577094389002067,0
0.27322103435707623,0.23427029887096898,0.07232272673678389,-0.046284594219307015,-0.05557259343055358,0.18389975034599462,0.168744549433306,-0.07310537062261363,90,37.680030516989845,-17.482150664607033,0
0.2530054577246954,0.2518823745991374,0.16142623314507853,-0.15890435931096059,-0.028422409105886504,0.08263407542085661,0.06434138376637448,-0.05185148749735096,90,36.65100081923991,-20.241970069663246,0
0.21718485678741004,0.24462684147801922,0.2948436339094404,-0.2947668369153644,0.006729064707303374,0.13432078477403864,-0.13098945385490443,-0.029729382790557077,90,37.381686416091114,-21.253803952302327,0
0.3106821335478459,0.2696889995117805,0.32136560078998594,-0.32096895470292586,0.015961813431429293,0.11782824155620762,-0.11376982528563954,-0.030658136973780118,90,34.154888654820425,-23.177493688998613,0
0.31407805974538416,0.27488036451546616,0.21871463110658457,-0.21862990036243932,-0.006087407296972009,0.08471925374701027,-0.06311066519624621,-0.056518987021510134,90,34.75807302130395,-23.19468581663362,0
0.2980795720487117,0.2829584382592155,0.1909650618451778,-0.1893636659175591,0.024679077693375233,0.12720551481651882,0.07713294574098065,-0.10115212148568374,90,33.160738171355035,-23.10834576263111,0
0.27873677620591536,0.2139627495316083,0.16281503998526559,-0.16254048426125822,-0.009451360828965813,0.14716818446929408,0.14047480948795577,-0.043878268189511606,90,33.15717901850348,-20.880529249745365,0
0.2311522728290459,0.23693845248746168,0.0974091652973039,6.086019894640604e-05,-0.09740914628490313,0.2817795551250464,0.277115336914408,-0.0510569068127241,90,32.591075258692065,-20.21890877544354,0
0.23176112854354247,0.2528411831147894,0.09317222113677977,0.061503920321009244,-0.06998807453207966,0.2543022452281191,0.24257187480287573,-0.07634472792983436,90,37.28658107294797,-17.720704501015014,0
0.26885390079032107,0.2681449139051426,0.07416567661251272,-0.028138163420911237,-0.06862063353460028,0.16051376942947296,0.1555904645489756,-0.039449683368716376,90,37.97626874107202,-14.687524360415267,0
0.2606977786055348,0.24807662295815053,0.06502197351266684,-0.04495767609835697,-0.046975146613046026,0.07504385312697578,0.05333406912630564,-0.05279258435209973,90,40.464147461313196,-11.074194494174854,0
0.23223655626138998,0.2280861930353471,0.08581357150532519,-0.03819374993642816,-0.07684534156533597,0.09184943737487357,0.06133947841509475,-0.06836510465028886,90,40.10980385978591,-7.6264895094408205,0
0.25726846338489495,0.2046841035655029,0.09550437516486306,-0.036064084229484,-0.08843340717353139,0.06885659874453567,0.05182812683683961,-0.0453329511420827,90,43.860983439923864,-5.720780494652914,0
0.2538996283554322,0.24287670185481516,0.10941920373480238,-0.08032055744351502,-0.07430457723398469,0.043491546510970994,0.008339055801563416,-0.04268459635810517,90,43.99692258215313,-4.741628946563511,0
0.19376052470833913,0.1462547064734203,0.2627455106304437,-0.2464777772486803,-0.09101598034962066,0.022060914419148994,0.0025271153101136938,-0.02191569376539116,90,44.367020942484515,-3.1139649796039306,0
0.26993377259490764,0.2392428488238361,0.21756803790468018,-0.18820169724372424,-0.10916030538741599,0.029717035664458612,-0.014462891898222361,-0.025960103363103913,90,44.315592077750956,-2.4396615809444957,0
0.2515480163792761,0.2699318976916464,0.08556748497410069,-0.039209319657284546,-0.07605539912988313,0.06252054593325353,0.01543290221922919,-0.060585841521627604,90,45.48929724632512,-2.386679467215782,0
0.26571422399387223,0.24491309445614798,0.10489431842761036,-0.04156266964490648,-0.09630868356685854,0.07869328439409383,0.07849965536936873,-0.005516984286733978,90,45.81111740477613,-1.6913872946469937,0
0.23775377787329816,0.248509615126295,0.1418508243485169,-0.12784957435093378,-0.06145032714834685,0.022489193228370365,0.003737270097886311,-0.022176488096144174,90,47.44332266332634,0.7579113465193874,0
0.2343515095444431,0.28599645984203187,0.34398980976471455,-0.34025014186484026,-0.05058488097169526,0.040695803128184646,-0.034479587423500865,-0.02161727187582013,90,48.57556392078209,0.7279758706073255,0
0.19522045763850307,0.29355813776515355,0.1706282485277497,-0.16210295423913257,-0.05326003588614264,0.03170292642629131,0.023005336761032138,-0.021813528474374403,90,49.79476258675076,1.5328614177752833,0
0.26278551187962623,0.2851311390047479,0.27185672499173863,-0.255665227531725,-0.09241953448478898,0.05372769413198331,-0.037062310891468817,-0.038897946322705344,90,49.83910791183242,1.1088109086787623,0
0.2107476791531784,0.2694409222824611,0.14169864296395024,-0.12803994948657874,-0.060698243411975356,0.10988825547856505,0.10807698499272583,-0.019869423922310864,90,49.86508346476576,-0.5252143053681665,0
0.2915204831402721,0.2357691327915453,0.06847801293563065,0.06333657394486283,-0.026032991693989406,0.1147138866816761,0.11051746836357167,-0.030743535647731947,90,48.733778363464296,-3.0920972165543112,0
0.2657461769825794,0.23212208613109064,0.04628111615208853,0.03142648557016129,-0.03397525153684009,0.17456740367105889,0.1694917570340726,-0.04178902633416255,90,48.63643979775445,-2.9771240370417584,0
0.21469092731897463,0.22560485841690153,0.04328491979558828,-0.04161392658368943,-0.011910726090285833,0.08310660320017989,0.054090322168791824,-0.06309472674596871,90,46.7990164661408,-6.2339398349616575,0
0.1486167937096897,0.15982209815570347,0.12778995022703746,-0.12776612172431173,-0.0024676949886616516,0.07837152477770384,0.07163583593860694,-0.031786835409635186,90,48.39870847543143,-7.650897462326542,0
0.10308213778253462,0.017410214595534643,0.10476131313265379,-0.10434728053753202,-0.009304717819446726,0.1364104487456658,0.135705123985519,-0.013853874947783885,90,43.84441977623645,-8.740650891523636,0
0.11029482027185124,0.050886167156925954,0.2465535016641792,-0.24573332847036322,-0.020093791621915914,0.04668634341854606,-0.014612851527549521,-0.04434049201382651,90,44.574880665193874,-9.114932571730195,0
0.22493394826617805,0.18437613303707764,0.2967362794073672,-0.29398749259021506,-0.04029607570279433,0.042801807227625784,0.009573671155845814,-0.041717376745794614,90,40.55908006001265,-12.210280539313574,0
0.09465509081090467,0.09149265460244425,0.23517329371262333,-0.23450541426430105,-0.01771126072227345,0.034950967957152836,-0.005561371345254912,-0.03450567069196166,90,37.266254107277256,-11.875804587298664,0
0.1608205156277111,0.20268259652951764,0.24068641491241663,-0.23628764815285397,-0.0458049959478774,0.08668107599125142,0.08200792377542335,-0.028076847633690245,90,40.549216306269294,-11.194356071834097,0
0.2533840731390193,0.2422016251397364,0.3042846362416102,-0.3025646326877968,-0.032307629117402537,0.10396287914034452,-0.10386861359982283,-0.004426211472646016,90,41.22142496354864,-14.618324294664802,0
0.39060443932380906,0.2840000024757079,0.4241315450006576,-0.4214783391711942,-0.04736641293297005,0.1310446949482238,-0.13014650179750273,-0.015316662297826392,90,41.02606181715282,-17.542818104348267,0
0.361419863148797,0.26449552069204635,0.46124189462481524,-0.45906451618301763,0.044764442794936944,0.24043637431876527,-0.23939195161440227,-0.02238623679409042,90,48.00971302487126,90,0
0.42395859486251974,0.257800029754454,0.5184102579686729,-0.5184003539169016,0.003204469687338917,0.3388579591869998,-0.334004372438782,0.057147140752218044,90,42.279618196133804,-19.36241520960217,0
0.32751889814876517,0.17225582393159256,0.4244643617972157,-0.4090880492911679,0.11321202393325823,0.3522278496561275,-0.34907549486199146,0.04701868735125775,90,43.1205556179954,-18.76455801503973,0
0.4081997192407222,0.2533409202197864,0.5800935203776636,-0.5782051963429454,0.04676797308165911,0.20776262866640408,-0.20715690513233406,-0.015853281249232028,90,44.38487189596625,-19.23525355694328,0
0.31657186180821995,0.3025721175763158,0.33915964696241474,-0.3389988155435276,0.010443619475791232,0.08271314746144368,-0.042484305194572754,-0.07096864501392798,90,43.60131552580756,-16.94666097036805,0
0.3386215830191577,0.3374382702436486,0.37626757646739445,-0.3742383448414318,0.03902499648932851,0.15470907239400944,-0.1443515061423252,-0.05565554559482012,90,42.53287088861098,-17.270861297181288,0
0.3586578175959731,0.30637847911259847,0.35945264655980363,-0.3587288538854112,0.022799440977936104,0.1652324101206113,-0.15450788512457492,-0.05855820001158718,90,40.674137510573274,-18.26479327056147,0
0.31142165642610997,0.12327607231732335,0.39100346461816604,-0.3694061455094331,0.1281515080023368,0.14137106216784487,-0.141371027072205,-9.96143289700718e-05,90,43.52477503932915,-18.743449664758487,0
0.2690662748018209,0.24182750841918463,0.5878793274749952,-0.5594480705246921,0.18060996666477658,0.17737657137500173,-0.17498189850889534,-0.029047947723956948,90,44.83552184615919,-16.847061885054636,0
0.39123295035457484,0.24618523691021207,0.5791926920101365,-0.5664757907322201,0.12070357489426212,0.2965676233964069,-0.29656207723738703,-0.001813723142915316,90,44.47970788257459,-17.938724669199463,0
0.2883268005988442,0.11340282577126694,0.2424003079571191,-0.2352025184797257,0.05863177123796001,0.18299281760776226,-0.18069330980950407,0.02891883618187865,90,44.59340655545408,-15.681645926124641,0
0.3732856636216027,0.24782357843749445,0.5589201005410385,-0.5506059614825366,0.09604558276514275,0.24362554834955347,-0.24362513439296954,0.0004491109307785393,90,47.8556656742603,-16.27608360346665,0
0.4867798347145938,0.2656871930975944,0.48823492381753336,-0.48818495892981517,-0.006984748371078966,0.5345617007272937,-0.5315213724950519,0.05693191078325936,90,50.445257781206244,90,0
0.47554642749804027,0.30537994534901647,0.4780590788099422,-0.47805036845778814,0.0028858360978215483,0.40238599008307224,-0.40175266037345414,0.022567341402707507,-90,-0.0013282380092908704,-13.002368155821179,0
0.5295556765082736,0.3037802303913529,0.5602317577256031,-0.5543879814161013,0.08070680532457794,0.5587498333300032,-0.5570575172755878,0.04345455894454015,90,49.86115732814707,-16.210219537575906,0
0.3214919250174134,0.04366070088395308,0.037435039329159606,0.029172009161562217,0.023460094864545113,0.1352010061446141,-0.1321866944751641,0.02838996065945862,90,48.128356988599904,-16.445160609868946,0
0.27279464073965753,0.2127429071636055,0.07280398478545909,-0.021862736075660267,-0.06944379721708327,0.07222114373783131,0.06461036335810375,-0.03227064532255741,90,40.744176764454224,-19.549452288901364,0
0.29756526277608636,0.23195006296068757,0.1426135681854293,0.0781959062039,-0.11926453824809355,0.25473032485713326,0.23640389781616533,-0.09487220614671457,90,39.77174569282818,-21.077907596122817,0
0.3035179344011578,0.26845955925187415,0.12610946030781148,-0.09883855807300425,-0.07832327506671849,0.09494098444829857,0.05578376685834064,-0.07682422718847463,90,40.09177012842954,-20.614002391756244,0
0.2548793837051768,0.2276782455886347,0.2206661981719063,-0.2188006810342812,-0.028632725936902463,0.07495642809629388,0.044576915585430456,-0.06026080575170134,90,39.979123667113875,-20.19485584681701,0
0.25784540878351436,0.2200509212447702,0.23120257654076967,-0.2191156943160387,-0.07377630990697998,0.05423747765671979,0.01967498117931691,-0.050543042035048745,90,36.53365178609684,-18.90291061180663,0
0.2644979604577417,0.26252917349035837,0.14271997391918953,-0.12626498427170313,-0.06652927703170013,0.14002668635001797,0.12475943355332086,-0.06358110277134889,90,43.12192002759439,-15.58206903375236,0
0.14637828834631827,0.18138792492357397,0.09421011218271502,0.09200291171415888,-0.020273368580392265,0.17369492392449326,0.170112759336153,-0.03509381296148363,90,41.656011629492575,-13.154903446180608,0
0.22349016099575594,0.18406246912196964,0.12002909090222519,0.1092407691934418,-0.049733660722289616,0.359428140429028,0.35908827124005277,0.01562695076140465,90,40.89505795157638,-12.511835480931914,0
0.2620117092063998,0.2118912685370485,0.16411909342154643,0.16367766304417553,-0.012029108275663305,0.38290964399471367,0.3829017699564367,0.002455611611473103,90,39.276585116923876,-5.840276823723155,0
0.25719692153737966,0.20283870008131957,0.2006662210476723,0.20066491002534997,0.0007253647851097144,0.18815539175562368,0.1877373360507718,-0.012535712954267662,90,41.85684816928206,-3.538803510218181,0
0.26238536866427853,0.23861805063744104,0.1595563127427233,0.15909314054216192,0.012148644718059702,0.20429823334412084,0.202588878568245,-0.026372607531105523,90,44.97123619801662,-1.6140749727323236,0
0.2754425985595838,0.2575676345793357,0.1681556834758391,0.16806651110133058,0.005475557638533274,0.1949747578692855,0.19491842104139842,-0.00468672005934139,90,45.64856807126964,-1.5974002913317034,0
0.1888539546895112,0.21704939554474847,0.14674340790400736,-0.14338629194560182,-0.031208957774532243,0.0597563356672158,0.00868023429639635,-0.05912252688216761,90,44.42474597568917,-4.871079431331335,0
0.20383898224984373,0.20396079341135795,0.17799808685664345,-0.16636569818266958,-0.0632911794235033,0.05150667920686178,0.02463122087681319,-0.04523539500254429,90,39.22913731706307,-11.173641592645106,0
0.29233727737969606,0.2462695434079722,0.30874374743290134,-0.30746785363618667,-0.0280396248061144,0.17589615222749547,-0.15841962087919312,-0.07643742597007686,90,38.560284573243116,-15.63410670016234,0
0.24339600078425913,0.25454301378504973,0.3778962908130175,-0.37772167547686936,-0.011486622009246968,0.0880923617800992,0.06209048430149044,-0.06249028695087142,90,38.339183636907414,-17.899421769436316,0
0.257724778352762,0.20921613026569943,0.33368494807268095,-0.3336660056918196,0.0035554487669459565,0.09214972872512722,-0.08862248319794844,-0.025251296520057816,90,35.848193650653606,-22.365011808813072,0
0.2577929696833262,0.22102342760995844,0.27995033550917114,-0.27977492393814496,-0.009908697548248763,0.07378161256266691,-0.054070251581244407,-0.05020093869927558,90,37.560006794638674,-23.37474852380946,0
0.2232600431438789,0.22431343802440176,0.26010854505383746,-0.2576683311330663,0.03554555304288671,0.1026619813092451,0.07663651811968186,-0.06831051527277088,90,34.40103336657878,-24.94997010991183,0
0.2533016958421193,0.2515936104766908,0.20486563018982532,-0.20438545396749655,0.01401829660032229,0.0948520595777017,0.011274577016426196,-0.09417960033485248,90,36.21606659549196,-25.653163412315376,0
0.24568761441851997,0.235586373668207,0.29913059640029066,-0.29593575876026074,0.0436020686410907,0.08999728167380987,-0.06752351330536921,-0.05949862065270673,90,37.44644323122124,-24.624709451400033,0
0.26937085899546187,0.23909462798619593,0.33778655628865867,-0.3354526944345893,0.03963896322969666,0.09345538772824769,-0.06909087897546244,-0.06293139071906095,90,37.72698165727961,-24.725030369117988,0
0.23416412001828385,0.28449764695988683,0.3201631628817205,-0.3197812423639084,0.015633550416406825,0.07274356622534887,-0.04878219744430557,-0.05396224272291233,90,36.27567733945503,-24.544998727608252,0
0.18296302776285714,0.13268222894288909,0.2921204480625995,-0.2859459903258332,0.05974317360897735,0.10052392982156097,-0.10012366000996632,0.00896176171178344,90,34.304379452110695,-24.504722334748077,0
0.2679699377374665,0.24436600573449288,0.34898554711950724,-0.3423483809980688,0.0677384538227948,0.10272744811650968,-0.10236732318134005,-0.008594169024243543,90,34.84641771986515,-24.702516524932904,0
0.24503430037246246,0.2440165009040566,0.2907769353418065,-0.28397180023962615,0.06253992960852256,0.08606822702017725,-0.07857249236053795,-0.0351298042500947,90,33.67529183930624,-25.42783627629895,0
0.22208645631630738,0.2525005925117706,0.30627957812359374,-0.303072620969945,0.04420595428191354,0.07475687890604336,-0.05843754891264895,-0.04662235323162691,90,34.768479993827484,-24.66115020316716,0
0.2541247348002685,0.2839719759183363,0.23673642326211414,-0.23556595250714726,0.023512041985741965,0.06466027946250678,-0.03854553808763868,-0.05191525049254671,90,36.98689018264412,-24.23762982705446,0
0.23800125383646042,0.2515579511928249,0.3114345056618189,-0.30837216744216983,0.043566703614571295,0.1499330968870449,-0.14991996190578993,-0.001984581645206027,90,34.37404747995946,-25.253579637220327,0
0.22282041293962618,0.1438022083154297,0.3196830705566709,-0.3079179492656304,0.0859290528319155,0.17061227875023738,-0.1694236864005392,0.02010383413183794,90,33.933274287075484,-24.60863299031108,0
0.28037431669529445,0.20622725959491506,0.3058186629505468,-0.2996618940488531,0.061055743905992395,0.1748874620899273,-0.1748517027076953,-0.003536446871581035,90,34.76809102269031,-24.224957524618297,0
0.23936552364030617,0.20463669541589424,0.23439468242198142,-0.23035202926691561,0.04334523918858422,0.09558652332104957,-0.09552360783658632,-0.003467533199209276,90,34.00038211642774,-22.791655965852907,0
0.22818949663121935,0.20883742001762176,0.23212179450189688,-0.23076933897378005,0.025020784807544712,0.15791457772744372,-0.15777244848056687,-0.006698384826489159,90,34.39697326793272,-22.716271122985134,0
0.2283560419403378,0.2425838344952084,0.2670888861425576,-0.2591344313837845,0.064697910107474,0.09080716809486843,-0.08749965900288444,-0.024284798780073003,90,35.96448116219526,-23.97192205631622,0
0.2936659029246063,0.26664903756234287,0.2933266430462645,-0.2930668808873722,0.012341914265521534,0.15028901513474824,-0.1391878666894023,-0.056687969064218184,90,38.09192684180949,-22.87784084892513,0
0.3421404850178698,0.2744277354053345,0.40256192292228593,-0.40144073283459786,0.030023987212052353,0.21841869151945179,-0.21821437316658146,-0.009445218292097737,90,41.787933882415174,-21.64798706626181,0
0.3544423179451532,0.29554099254177657,0.5954839507012174,-0.5763086333877756,0.14989828092891624,0.1713573015274911,-0.16956285555422232,-0.024733839230524596,90,44.277089875749816,-20.78234589610122,0
0.28356039617181045,0.0830333622497346,0.23958007914912224,-0.23883664961998916,0.018859192013397856,0.06759728347915432,-0.058259908634953644,0.034280836915221366,90,43.10692328637082,-18.341585977835315,0
0.32705864562342607,0.22360292232085624,0.11263165091555374,0.09107592566353526,-0.06626510810745997,0.25722105278258856,0.24672672602203718,-0.07272271076513716,90,40.15941381078121,-17.656902593462746,0
0.2931680456759903,0.22243503127798683,0.0787057782944218,0.0610114004869176,-0.04972130878763781,0.27607688631977734,0.26494304682781045,-0.07761204222039221,90,40.67917983538581,-18.792453126205572,0
0.37130954084160833,0.2075457503999034,0.4497684579625287,-0.44895574668953203,0.027025974403075,0.20733472774967285,-0.20360909668428467,0.03912831555843648,90,50.622634067272735,90,0
0.4836292475028319,0.2962112444106137,0.48962982533665766,-0.48482376696516777,0.06843450039936383,0.23077297225096233,-0.22523415065088018,-0.05025676175521099,90,47.30016446383707,-18.991690164430754,0
0.5642695381046604,0.32709584955366205,0.5096066530745518,-0.50796563966176,0.0408637954779735,0.1666375136459306,-0.15686746210158775,-0.05621974998080872,90,47.256949746137444,-18.98530912009286,0
0.42834557410086427,0.31477340922140973,0.26489983212092566,-0.26488745300897015,0.0025609170457564804,0.12646691973529006,0.07066277235267164,-0.10488400445619342,90,47.31977637143843,-17.519050509830898,0
0.4367655226848827,0.3358613083550116,0.06105817122661644,0.006021943240849151,-0.06076048447093558,0.1377647715338706,0.07693115485603533,-0.11428354950865094,90,46.16402057235709,-18.09576609083531,0
0.36105268553045805,0.31002391243223587,0.2052531398797608,-0.2043780720195885,-0.018932910712738876,0.09220956829340517,0.039080956685591875,-0.08351816155420955,90,43.78607336030832,-20.55566159173663,0
0.2898075346780851,0.23329621056205269,0.12743886349274036,0.09619478494436529,-0.0835896361867225,0.1979387811596741,0.18576766518265994,-0.06833839081775703,90,46.74289428530549,90,0
0.3147434288717668,0.24302195819711808,0.0866414262342939,0.023913987381803094,-0.08327579448684685,0.12514130286115024,0.0966152883360952,-0.07953509754516755,90,42.28885805852606,-21.144189493136643,0
0.2751751416141456,0.260454159754561,0.14493708123040647,-0.14212712296723537,-0.02840138082287198,0.06562569991422117,0.024755292653928517,-0.060777528535222294,90,43.21637901816796,-19.21724119717517,0
0.2687913457370605,0.21317205373546358,0.060183678572915816,-0.03086811263078272,-0.05166463770492694,0.13921320867902484,0.12852262765709951,-0.05350001542826202,90,40.244739017114,-21.358234599082632,0
0.31361791027413194,0.23399412474204578,0.051408834758506224,-0.024117581811362098,-0.04540055659129802,0.16231181145217755,0.1422545026561427,-0.07815868864650126,90,40.24301176860391,-21.40258366613187,0
0.31876720619610266,0.2737269320715536,0.12089475761306978,-0.11321638458449945,-0.04239802684014443,0.08550265923025102,0.03660033108691667,-0.07727302569313894,90,37.37581377880236,-22.939524910954326,0
0.2692921642686618,0.24213802933966802,0.05554195524401634,0.035104918754510994,-0.04304129960360742,0.16649150876828792,0.15312668300750923,-0.06535779557985931,90,38.054504814050574,-22.520337883681584,0
0.28919714600626406,0.23488318202839423,0.07599355607795583,-0.04776923503598435,-0.059102628955489796,0.1937434674945123,0.1829512931367383,-0.06376014065536871,90,39.18447513873593,-22.264302029583902,0
0.2590759551561419,0.2579398532341372,0.12108602986574339,-0.11126246178471787,-0.04777542491963726,0.10860181683587211,0.08797671715041055,-0.06367457781162725,90,39.07544860102938,-20.970862623398943,0
0.2788031023884853,0.2503252193300069,0.16725117373027856,-0.16244976911734474,-0.03978727972452004,0.11109534774430627,0.10148487175611766,-0.04519952538548044,90,39.64866612630042,-19.17092079328916,0
0.30435303518022205,0.28705759271883674,0.33787852041967253,-0.33536290801549834,0.041153547700963286,0.07612985759695075,-0.06690362032899498,-0.036327135926269905,90,40.35825876450537,-17.50373088455455,0
0.3247086000316635,0.286271598043483,0.2987085115449398,-0.2986724603936646,-0.0046407188870157086,0.07552751093048396,-0.05525951415411043,-0.05148583303012629,90,40.19740785719484,-17.971842447444935,0
0.3293640122071,0.2369609292726185,0.299123877634255,-0.29869323577089335,-0.016045095065667443,0.05125477352037277,-0.011958112110707996,-0.049840298588315506,90,40.07543998372593,-18.20532288740051,0
0.27839889459646133,0.24959249992235175,0.22039662919774197,-0.21609307375151948,-0.04334117716845402,0.14151687248597508,0.10348314181845814,-0.09653115848052693,90,41.75546340730332,-19.347170376067798,0
0.2821703147214904,0.26443651112563005,0.15427856189360104,-0.15012629967781704,-0.035552338952647734,0.09571407313401985,0.035965856614105125,-0.08869972352785623,90,40.5473011449853,-19.405925696198185,0
0.3057165584277127,0.2810968733342244,0.22333269333645375,-0.219738552950411,-0.03990564195917569,0.12116392139849093,0.07587880053290122,-0.09446218014818351,90,40.35587240055582,-19.155276567980543,0
0.3093161631802286,0.25191068693927227,0.188722647373687,-0.18800956019426857,-0.01639032968828589,0.07452373866197862,-0.025180509979202823,-0.07014078372349536,90,40.34582344664227,-20.167411632940095,0
0.32281076975050343,0.2836137897602139,0.3094887055145081,-0.3090036944090659,-0.017319806078433187,0.06562466900810401,-0.0432289742608808,-0.049374618649416536,90,41.29427168260665,-19.647196381571252,0
0.26888630432593724,0.23117954761580733,0.050623804453105145,-0.019041598491442636,-0.046906152093269364,0.1683400090375725,0.15645330005952035,-0.06213472091556922,90,38.50948984169739,-20.456774453646382,0
0.30027809094505786,0.24376338997795707,0.3103977477965182,-0.30433668334516817,0.061040519391743056,0.12995978532089916,-0.12847322360061592,-0.019600423932158714,90,38.896918960419725,-24.23088832939642,0
0.3298712497873178,0.13463803197796778,0.4963392710299348,-0.4878830190620387,0.09122955484620938,0.3616787221173803,-0.35774661818674364,0.05318698344904974,90,40.18281453466986,-22.668373106784976,0
0.44971103020739445,0.27733909015013997,0.5320865900932457,-0.5259315947503712,0.08069756502143602,0.2522766916402501,-0.24951397538173112,-0.03723312012381846,90,45.584515639607794,-20.427464059254305,0
0.42356288319446406,0.3199862293116073,0.42022287755640314,-0.4025566708117374,0.12056282016755505,0.11926736980091973,-0.11453645626998848,-0.03325816718254865,90,46.66216436254378,-18.447121431787572,0
0.3721223030006957,0.1841443737757186,0.3524128074713456,-0.34985568495968405,0.042376722044373,0.12937192316353072,-0.12604553384113926,-0.029148205806408006,90,44.378797002118645,-17.599027698184283,0
0.3172934256354963,0.2896663990378371,0.12485137582674337,-0.12386991578476406,-0.015624020267081724,0.19648718688293004,0.15835018135343823,-0.11632899326694399,90,43.73588803730764,-18.10029970322041,0
0.3315167063068484,0.29551583987134966,0.2276869919040978,-0.22416842954612828,-0.039873317859932596,0.12386858801844279,0.07367931128603708,-0.09957301936819007,90,41.56268004675342,-18.72913238224098,0
0.3891416032783341,0.30233247763101373,0.14007787227616292,-0.12304100402818861,-0.06695313009226893,0.1687592194481458,0.11379351896301426,-0.12462226603124153,90,46.321123013228274,90,0
0.31779927628995774,0.30512495461807865,0.1635810290829702,-0.15371621453358822,-0.05594710417266857,0.11868334727175427,0.028208649229081208,-0.1152823014529918,90,40.96234180251891,-19.245455435807965,0
0.33641169776269275,0.31197636281282515,0.19129505812364264,-0.18923186732444858,-0.028019629751838533,0.11760083819015153,-0.014856221751010338,-0.116658689424796,90,39.475998423782315,-20.33225196586336,0
0.30119823722128725,0.2833745451623669,0.17319267094922933,-0.16508719307883427,-0.05236334549930624,0.09502372758151076,-0.009255764728203456,-0.09457187543229388,90,40.02086809204368,-19.561959705475715,0
0.29835678186422304,0.24348202948465836,0.5633112746586298,-0.530203814933949,0.190272191312911,0.1747251353398552,-0.1736337777903779,-0.019498310946653403,90,49.57979708660114,90,0
0.4669780084708357,0.28489188822967687,0.43645487940057165,-0.43477102860729216,0.03830162446064948,0.11769713699174823,-0.11547973923617509,-0.022738642923432195,90,45.392196086590396,-20.709916431695465,0
0.4790379375957373,0.3042103474892308,0.42209562982823146,-0.4220953174459054,-0.0005135273427700832,0.16820229184827176,-0.15595536081284364,-0.06300743144063997,90,48.04214654703051,-18.0402695157217,0
0.46572968021013106,0.3057663775663671,0.5973396584076964,-0.5828879102745355,0.13059996769681256,0.1826305608040691,-0.1817488523978172,-0.01792418454728763,90,52.858298417900414,90,0
0.2112275297472537,0.14768976764772176,0.13393218288310094,0.10801950666301527,-0.07918090547670692,0.09718766746540572,0.0932409878246424,-0.027414611010393157,90,39.84419242060164,-17.73499303476173,0
0.2765529472998794,0.2093448951026941,0.061077654633745114,0.011778444646108208,-0.05993119502627668,0.22784611863748705,0.21958892667587576,-0.06078286814148103,90,39.394329726840496,-20.77120473808625,0
0.2477601736538352,0.23403283975292308,0.07810920510329995,-0.01905815946839331,-0.07574849489954683,0.0801539921191479,0.07402772418700138,-0.030733670531351655,90,38.00860288793871,-15.459565080098816,0
0.2552302890704553,0.22519579244149482,0.12675759630911662,-0.11470485748465692,-0.05394704710630154,0.0734589044860383,0.05318461326495643,-0.05067156559793587,90,39.20903357602232,-8.147823401253698,0
0.24692995410488944,0.258064186835782,0.11880644346329702,-0.08618859879696669,-0.08177100002943039,0.1528212317548893,0.15062692771805078,-0.025804215184784998,90,38.28414560049419,-7.183931042862026,0
0.21601023134997546,0.2287863653948727,0.24464445027928028,-0.2347206662384992,-0.06897184855436538,0.026423955672936678,-0.02135631310999433,-0.015560633783789357,90,38.245973751686144,-7.626185333668169,0
0.28587262516920686,0.20685737943027302,0.10311977231509967,0.07851606906920022,-0.06684993896959501,0.1468714055023341,0.14650839876561647,0.010319827777931582,90,39.890326098975194,-5.714743313074191,0
0.25051293897288845,0.18392153431267858,0.1421635699390512,0.142157952055249,-0.0012638375184445036,0.28332124542028336,0.27562349356570853,0.0655943435147747,90,43.22251652258646,-1.5657978931291534,0
0.2615011483141195,0.1474166435163733,0.49546777415402843,-0.4876170460279241,-0.08785175950513804,0.22924120981221371,0.22602555079348838,0.038262026405662314,90,42.24127867366911,-0.9073818631246545,0
0.25809831498422864,0.2097490691361009,0.033530518416689525,-0.03341557982661703,-0.0027739304502709334,0.3970725344446363,0.3735957298137763,0.13450958432468188,90,48.50081570784658,2.355567803096014,0
0.22123065755917157,0.20798318333188676,0.1713873687905149,-0.1602016285961466,-0.06090212127732715,0.053081554418181826,0.011764450097491818,-0.051761463786817535,90,43.60072066384286,-0.9407786768240084,0
0.23981155071451182,0.2424899950797891,0.11986318574924372,-0.09587679235655897,-0.07193624945307461,0.10688526931000455,0.10685653781436569,-0.0024781286889981446,90,43.43329321744247,-1.7247812304755314,0
0.23373183730264363,0.24096934182100765,0.06750880876899329,0.022301145150693192,-0.06371889975804837,0.13438308101854826,0.13402674169670037,-0.009779824855469941,90,43.42606394651502,-1.4550121425743887,0
0.23196511183766635,0.21351099950768895,0.16319207343033248,-0.1429181431004497,-0.07877853262920305,0.051342587026634766,0.03331375376766101,-0.039067314375257685,90,42.47494597412487,0.9062790077465026,0
0.2707831326779497,0.22614491304195344,0.14191188212618697,-0.12552903719734326,-0.0661924701828297,0.0805357276300875,-0.060054092678455455,-0.053661060159813485,90,43.22849566728121,0.8520453856799333,0
0.22934796663043341,0.2164513590945728,0.08275359948280044,-0.0625749085788022,-0.05415292276243541,0.055602030973978506,0.010535562698332373,-0.054594759520129515,90,42.61692805909247,-2.0724360441858605,0
0.2494801314193456,0.25062242807909857,0.10489864444489676,-0.08157313557669593,-0.0659511118826882,0.08911675750038313,0.0648168836152092,-0.06116018366383901,90,42.788735810573634,-3.7807572684157416,0
0.24891183865145275,0.2651354884771201,0.07208593645417549,-0.017575173481862466,-0.06991062516926783,0.10179928958784458,0.07262183525382714,-0.0713383796070238,90,43.16256909803144,-4.11521530853578,0
0.26742988916385196,0.27442865662658095,0.09559238985565831,-0.04945898896828245,-0.08180289364412166,0.06321320767713416,0.02997909905222673,-0.05565216298446335,90,42.670871862807765,-4.552231464191317,0
0.25454652807881345,0.25303738602718034,0.06466498459122304,-0.01806685960935988,-0.06208984470941117,0.09297883095010355,0.06915914663969089,-0.06214559872523286,90,41.555707034541655,-5.1786819340468435,0
0.18936107327308532,0.2577634664252115,0.06152229897672899,-0.027705759726535228,-0.05493072136207141,0.0766017659353178,0.07334096337226534,-0.0221118437955148,90,40.47966674099322,-6.184805634625191,0
0.20905610365894667,0.23174734944788056,0.03199493305939376,0.009943077630393055,-0.030410704508627626,0.11125502793887465,0.10718624113779159,-0.029812597210423928,90,42.02851515230294,-5.834190630731765,0
0.19701102997939918,0.19488725598647053,0.28369396512915357,-0.28241577523416195,-0.026899735121162553,0.12794197930542459,0.12378491702182429,-0.032348792658919545,90,41.29530388352425,-5.631244038946286,0
0.14795270352341006,0.20115577938262288,0.138380134896703,-0.13654856669755505,-0.02243993464502694,0.04894384022887519,0.012594673684849001,-0.04729559906716304,90,40.99243075599139,-3.8476064786778266,0
0.22934729838111892,0.22422650671485456,0.15016945447830807,0.14516605885916795,0.038440608913091236,0.21662964213045977,0.21200945373379396,0.04450161094914817,90,48.3375583234577,4.503884701706696,0
0.25538437494297284,0.25834015117110803,0.2667503054549308,0.2475693990524561,0.09932330095755279,0.42352812806533885,0.3959438808939558,0.15034799115772382,90,55.976957934940856,11.348440785612668,0
0.2417786604630852,0.28294498182683364,0.09104372497892392,-0.09063815139347016,0.008584018290539628,0.4424217145018063,0.4136124780487884,0.1570404134770991,-90,59.61547010456947,12.372167647294164,0
0.2741776684751534,0.3431534101904158,0.17302434190784516,0.16215110535123822,0.060369213395691575,0.6779585229227386,0.5912876656525303,0.33167251205181764,-90,63.11441003453035,7.594068085335382,0
0.27156610337406856,0.3097403612068721,0.14428185936420881,0.1264433928807326,0.06949333305002736,0.5098543175643429,0.4733308297919453,0.18949762718163587,-90,44.446769763327886,-90,0
0.23924536422204928,0.22684671430696926,0.09197829549288711,-0.09165286188243901,-0.007730443100845877,0.4781811820571163,0.45213211879481335,0.15567205923881708,-90,62.909008063545286,8.509808274331863,0
0.22406369857643124,0.24288424045870602,0.07994049593974283,0.06209976854906352,0.050339861315311325,0.3638365114303257,0.32673880831511126,0.16005860861137872,-90,62.85511996574067,7.043016590498992,0
0.24011072867897776,0.33474790316380726,0.29903851896885025,0.27213586784564514,0.12396009542986408,0.31540418582556035,0.29829770285287543,0.10246111901098016,-90,62.84191702543835,6.542880637450767,0
0.239126061384376,0.24668150820760293,0.19060621143911582,0.17781361533961154,0.06865162808724638,0.4059027007407611,0.39495005380006704,0.09365605945142072,90,62.47556827246151,6.133784752341609,0
0.27131116953027234,0.3245351405597326,0.13018909695869574,0.11625630507048638,0.05859754686229345,0.46165176088898846,0.4554860916937608,0.0751981954932873,90,61.96034849818411,2.5367563266699165,0
0.21578450270102414,0.38226011122647047,0.011104752643385537,-0.010779808653245456,0.002666693958854753,0.3015998947690785,0.2996675366046964,-0.03408612664988725,90,59.59406696890902,-0.24636133135875043,0
0.13764021254086384,0.2187692831484486,0.13337261920864885,-0.12692582747031292,-0.040964495304490325,0.15163654550718147,0.14952420676557668,0.025222084062911935,90,56.152996946404606,0.47304442870186175,0
0.14156967175510426,0.1911887524205903,0.16716628820762575,-0.16252583544651866,-0.03911420107232315,0.24972149394376977,0.245369489611687,-0.04641807950797273,90,54.60401519896187,-1.021358109389395,0
0.1339999405489996,0.24774893837964237,0.19522491501439626,-0.1935266284347773,-0.025694581705991575,0.029576340157743342,-0.027120744282572714,-0.011799369757993047,90,52.37811654955937,-2.7464858248871553,0
0.11294357564343507,0.18132876733161907,0.06086852919173925,-0.06075439865490842,-0.0037257066505664575,0.12930622635268202,0.12745328196970443,-0.02181194830183797,90,49.560655580192055,-4.689873285863923,0
0.10605910932927096,0.07042710000685772,0.18917977472114725,-0.18888425132764722,0.010570088170787837,0.07950834826636426,0.07001895828071143,-0.03766859335480235,90,40.89073373757848,-8.811351011362872,0
0.09113223576327381,0.08624527995063894,0.1832332712236365,-0.1831179015763135,-0.006501215701874613,0.11234313307906946,0.10719073285939766,-0.03363222173878431,90,39.68058895661073,-16.86278054852554,0
0.19764813826123864,0.22689210560873702,0.3214037524676317,-0.3197287639722254,0.03277025463843196,0.17091672548323,-0.1709151307190052,-0.0007383367897985817,90,36.91962222356161,-23.730748591736525,0
0.2104050446968083,0.171663988341748,0.26674880317815136,-0.26579156771311,0.022578009867642863,0.25220628128966516,-0.24630313814262622,0.05424732678258074,90,37.18468012400017,-24.075621808867837,0
0.20552541715155864,0.21162055564152993,0.2486328616678262,-0.2484268479122417,-0.010119344717930912,0.09824830683564005,-0.09802673876080444,0.006594564730979522,90,36.977131127627075,-22.000233904236993,0
0.18799483406119635,0.19368833336814942,0.1912637571846595,-0.19122260021403628,-0.0039676163845859015,0.05810508119596624,-0.058104767179314905,-0.0001910283419773144,90,35.36800922460177,-20.64457560925529,0
0.1373293468128084,0.19000289731128817,0.19186632640197168,-0.19168777946214743,-0.008275410071958254,0.06303871468901301,-0.06201256577698826,-0.011327896335926185,90,36.50047375174121,-21.722699496544518,0
0.18552120415442994,0.1885331432646626,0.1386275549765575,-0.13390421385601148,-0.035878412874345754,0.057651359950921806,-0.049843792546589494,-0.028970254551234115,90,36.063094986072855,-22.472756735912558,0
0.07590980480083567,0.11754441907513333,0.25878689619432016,-0.25501712884054234,0.04401047193357581,0.28148780845374594,-0.2774255957954994,0.04764897801217712,90,36.96296847064929,-23.279001673040604,0
0.4822372837795444,0.28796698580568036,0.4216897726441795,-0.42002819270068004,-0.03739761609113869,0.2265022991275791,-0.22511828172739984,-0.025001014823049898,90,46.297832262348784,-19.931206912687646,0
0.45024863278635563,0.32229522880075,0.6266900633339032,-0.6170509540569834,0.10949226264361409,0.26166328579587333,-0.26006484566554916,-0.028878212937212572,90,46.053020339056204,-19.893290217657754,0
0.4238957488286529,0.27341687823528044,0.47387196842354296,-0.4737645434113093,0.010089591858786244,0.21875761085440823,-0.21741250587286368,-0.024221779389853152,90,43.3985919593402,-18.698396752345545,0
0.4437661139579745,0.31625632438668333,0.5039625656839202,-0.5039575305489232,-0.002252779117146207,0.2052519298759227,-0.2030424580804957,-0.03003522822321879,90,44.9108218414021,-17.19826494798958,0
0.38000445328146915,0.2880994697468001,0.42823705403913576,-0.42802483892186716,0.013480048888165862,0.18766377816244323,-0.1723464240838314,-0.07425903136803523,90,48.66807634968815,90,0
0.36598534403957034,0.3348793609614252,0.1951714852394037,-0.18693538744245036,-0.056098748402221496,0.15453621783190047,0.07339150474000537,-0.13599680016010068,90,44.31081198779669,-17.459781808375467,0
0.28219503291868864,0.26244450987571355,0.16718191495296716,-0.16707582614384411,-0.005954914415263575,0.17573503506309823,0.15123461256461587,-0.08950360054801643,90,43.12803221258867,-17.193285575740976,0
0.3652410288451327,0.3201716254408102,0.20714325240965772,-0.20348683125330433,-0.03874837448642756,0.09403788888962832,0.04569162042588313,-0.0821912426580539,90,41.661418699748815,-18.584915699073015,0
0.34074314304394365,0.2770344836722198,0.19065335736905825,-0.19065189767791524,0.000746048191188294,0.09871393959188349,0.0005169395846785343,-0.09871258604259041,90,41.28442310120873,-17.798216801922162,0
0.3204982832159823,0.2496817478620347,0.16333747061923304,-0.15894810902881543,-0.03761154004361716,0.11959176617166865,0.04028033975679627,-0.11260410634224727,90,39.03805974481496,-18.872185399016725,0
0.3328832695270551,0.23050423572820994,0.2797581205245278,-0.2797424019604369,0.0029655597821594535,0.06771146978139439,0.010307694007776803,-0.06692230259187686,90,38.60661715925015,-18.870554833783682,0
0.3044043881096947,0.27257981801801895,0.31623747351283765,-0.31611716184512456,0.008722364402272798,0.04209508752246764,-0.01615212470343793,-0.038872937386937985,90,38.483768726497075,-19.004321814182397,0
0.2818740430731257,0.26311261204162395,0.20709868226690817,-0.20645696988157877,0.01629060416334086,0.07620209271466762,-0.04399806999461311,-0.06221678849670661,90,38.72004504453246,-18.346229996411843,0
0.2876470356722871,0.2908224919471625,0.15279334205840472,-0.1440312906043966,-0.0509979676478242,0.1021260736470047,0.013979394708674842,-0.10116477372155043,90,39.04988948080507,-18.845478523490826,0
0.2848902670670125,0.24771579455437553,0.23343241624738495,-0.22094063665408809,-0.07533875516610704,0.08279427080752562,0.01865172847460806,-0.08066600463305088,90,39.257408138478354,-17.088521481363387,0
0.1384488387064283,0.21556308645821554,0.09943827867888178,-0.09521729083798056,-0.02866424239526274,0.17766935828060212,0.1770752051434622,0.014518009341563979,90,36.96683396702347,-7.968540483526117,0
0.23065652850714052,0.21761354432495053,0.16730005146866597,-0.15279844045269345,-0.06813181207514579,0.046502756118077054,0.035508319789767644,-0.03002774637372822,90,37.63818922103543,-4.682585696726675,0
0.2321269716176078,0.2307408631747407,0.11188826977919776,-0.10522227133549232,-0.03804285122309535,0.042934104531267975,8.117695129673458e-05,-0.04293402778920729,90,35.326807606469195,-4.01205213957108,0
0.2487011005137025,0.23188857414438685,0.16770243825634862,-0.14546188138042013,-0.08345626916171732,0.0511057598595306,0.018186317319923796,-0.047760407799337816,90,36.591642070281466,-4.445208308370178,0
0.2333765398691003,0.2515838371535335,0.15345119841812047,-0.1310343484670348,-0.07985780999862861,0.08678227756877352,0.06152112484352456,-0.061207147442199225,90,39.25890792566438,-4.994292702165326,0
0.2555506047746317,0.2220936122786029,0.18853259454073357,-0.1742784050487786,-0.0719136755973056,0.05990922231282604,0.044977814074961424,-0.03957412234233142,90,39.49898424211613,-5.609453219938327,0
0.19895222200066556,0.19970696648921238,0.09896610909483548,-0.09494648864789304,-0.027918722084049555,0.04512529031047575,0.04470748342435287,-0.006126397919326642,90,37.62192752962016,-7.63504125831683,0
0.20622005257825599,0.19680063357024769,0.22005734554551676,-0.21964190093738306,-0.013515571802619862,0.08509852570352242,-0.07588241600851307,-0.03851776236522607,90,38.134217899680756,-7.816124649524404,0
0.21497684324095978,0.2325483494368656,0.12309344665670541,-0.10392957361065024,-0.06595938400967383,0.04360775949135882,0.022812772629854296,-0.0371646887891553,90,39.70855633918159,-10.860079836343818,0
0.23727256964551321,0.22266449923902168,0.27790902245814036,-0.2767136475026712,-0.025748437805167914,0.10431734928639265,-0.09706494179994866,-0.038216572786054816,90,38.838648499156015,-12.50588056687293,0
0.09106311644724173,0.1259210963410141,0.10591157810385261,-0.10562625500215489,-0.007768952996911569,0.20329386339366784,0.20232274947004508,-0.019846912616441264,90,33.19414185679221,-13.136349244996968,0
0.2587678510921442,0.2647495331605938,0.22669223084472329,-0.22651208202242992,0.0090357192973935,0.11522244017632001,-0.10561898416704232,-0.046052588458280044,90,36.74061642540929,-16.17244953359422,0
0.25327867592364695,0.20276101992150267,0.3951193928146013,-0.37480274179614714,0.12506893827113846,0.2822684747405933,-0.28226835835016134,-0.0002563331539900371,90,36.61160265048976,-20.065498608214913,0
0.2916673010792681,0.26891488576048994,0.30011149751347627,-0.2945387724690931,0.05756580975006843,0.2425033884988966,-0.2418204373752249,-0.018187069612824,90,38.74487066323998,-19.79653629110986,0
0.28164514814105285,0.2505368023657622,0.32505387164938904,-0.3175845075863715,0.06928275409782315,0.2636006697415256,-0.2627145987762337,-0.021595200346915075,90,38.88611784544698,-18.906132410149578,0
0.29020446427290003,0.23394879742881936,0.23031102962015745,-0.2176931049468351,0.07518565304167593,0.04181142446343911,-0.02188317414554545,-0.03562754418953973,90,38.12268112405884,-19.04815951509454,0
0.21278797562215904,0.20433133286465863,0.061509882656070894,-0.04040796945495552,-0.04637522688775756,0.03935027317134087,0.009286363842365655,-0.03823882118013515,90,39.527078277650915,-18.471489779005385,0
0.2960074906532912,0.25408822712187606,0.1520393854637121,-0.15139042394556884,-0.014032614502086769,0.10526221058270516,0.005326837335098256,-0.10512734078613027,90,37.468251591133644,-18.92216871496055,0
0.2809294650957669,0.26495333721867215,0.2191264270487023,-0.2171945342626608,-0.029033176153430283,0.1366005954307906,0.10742559994289334,-0.08437691123142613,90,39.840289523012686,-16.894622069514416,0
0.2558902628035296,0.2626763543826014,0.15137501348858493,-0.15136257175375697,0.0019407680845580468,0.04920987607295318,-0.003107981118007472,-0.04911163158036514,90,38.4154588646373,-17.019918638630912,0
0.25857640857436187,0.269893376905302,0.16731779319977955,-0.16730758190771683,0.001848501402979619,0.06980000079700022,-0.02603830423537622,-0.06476146094559032,90,38.6450150129928,-17.556769295352442,0
0.27796028226441927,0.25146407407420485,0.1986075090289473,-0.19845077499484984,0.007888760778909449,0.05412969366891436,-0.020449811055180823,-0.05011815005063447,90,38.968543422887414,-17.651938264159433,0
0.3074731890562027,0.2477548101679296,0.2668357536624393,-0.26636697673689935,0.015809906282014785,0.06467398878141811,-0.02193731103237208,-0.06083978311572092,90,39.9220755532635,-17.425880472925353,0
0.32991593291691657,0.25935844910611505,0.2934268681709783,-0.29265837464111133,0.021222693444791888,0.06891244978501017,-0.04937367155331022,-0.048074590926157575,90,39.31826541265716,-17.122649824082046,0
0.2785482901081846,0.26343143896158466,0.17867032255274976,-0.17318501588275093,-0.04393215718349089,0.13254845920567362,0.10958873270428703,-0.07456140893294905,90,40.58673707238297,-15.455715460676272,0
0.2035122891103176,0.2370662432115174,0.12970943431391618,-0.12829780838559737,-0.019084279223713824,0.05134484532701362,0.021984473476393106,-0.046400173142141614,90,40.30353072295898,-13.343292964216305,0
0.22143877720879312,0.21646785116298692,0.2649019676307703,-0.2598166960214758,-0.05165594760661839,0.07007374167326871,0.0655419002674794,-0.024790897148344173,90,38.45914485183425,-12.63945571320556,0
0.2577460043552152,0.22063549261965767,0.07243419135580678,0.0049575948486409805,-0.07226433650623496,0.21381226095163297,0.21125619544215227,-0.03296214223251205,90,37.829094605798325,-14.99959885505995,0
0.226948216642128,0.19721259834606794,0.15644156632594552,-0.15640458916867886,-0.003401200007643003,0.04206026673945636,0.03523903301415753,-0.022962504010262792,90,36.99505219604531,-20.420915104054398,0
0.24614513301012775,0.2199473745306276,0.10896197410515496,-0.09396391872661156,-0.05516786907640349,0.11002485034769473,0.09490395612613121,-0.055666029188742985,90,35.5301500526701,-20.500993212933018,0
0.2452375805420214,0.25788068995084185,0.12734915833196966,-0.11660410461084363,-0.05119854407856259,0.16118087383464272,0.15224885360446053,-0.05291087474448484,90,36.63070316306219,-21.001492349976598,0
0.2548653909157054,0.2204339116408442,0.08872677210387601,-0.056722356743160625,-0.06822766545525921,0.17872955799967902,0.16368168779353454,-0.07178133450849548,90,35.888655124744155,-18.100394452391715,0
0.05065640583066229,0.0724378187715758,0.10480894053314932,-0.1030505954666682,0.019117761104437254,0.042819146646799644,0.029194848942242335,-0.03132315620750542,90,38.88484954000185,-18.240879901929794,0
0.20119422044692406,0.17234971539340113,0.06922625449787609,0.03704862444027962,-0.05847797652867124,0.24315645948536527,0.24278439143380337,-0.01344630304492032,90,37.3849062953371,-15.307098064336556,0
0.2998598832354492,0.2139444537218253,0.08114432253407218,0.045510378621188306,-0.06718040277692311,0.1042572385042404,0.09563250048146704,-0.04152103842863608,90,38.56782067576469,-7.263331981625897,0
0.21018253352424254,0.18445672510575367,0.028955842215611836,0.00012535218893439893,-0.028955570884445326,0.053517373449959896,0.0076258889299981245,-0.05297126654149214,90,39.287091195199004,-5.073008741492973,0
0.24910182927777338,0.24526570277140194,0.08400373054253796,0.049135460964559015,-0.06813466974208962,0.11708249496550416,0.11616452932462792,-0.014632592187817163,90,41.40374543544185,-3.7281171847119303,0
0.2482752633670903,0.2324967510311331,0.09204377425783153,-0.07545954994529662,-0.05270590765445498,0.10371984216195398,0.10365627323410942,-0.0036307956863882757,90,40.250075645730966,-3.1054919035360764,0
0.2283318737517207,0.23028140401478128,0.06474975290108248,0.020380134269233872,-0.061458771773598264,0.11448977059562525,0.10283862647566328,-0.050320219352044816,90,41.267119389486076,-3.978006760368543,0
0.22188594126727118,0.1950721687001862,0.2088914278309406,0.2052460608441049,0.03885464102558488,0.23379756772364402,0.22964673231844326,0.04385978806324978,90,43.05584532069813,-1.3471921979151504,0
0.23166326105269078,0.20753131458390536,0.18951689084624665,0.1892410838032906,0.01022076890376188,0.16189885562716114,0.1615909486609277,-0.009980218647193716,90,44.55297774564261,-0.6095909264816771,0
0.24214662087670005,0.25413554778391745,0.21558380253754686,0.21328144672013594,0.03142292795895718,0.1244925983503201,0.12442741868424585,0.004027967674834205,90,45.88716585296891,-0.8371796972350536,0
0.23101530597882944,0.21693887130536924,0.26183766458686364,0.2612480293578827,0.017562168229627976,0.3516588573964448,0.34188772613436264,0.08232092506798117,90,46.63538521064942,-1.1769240431793258,0
0.23910128417289717,0.22161045467309012,0.04621143012502042,-0.04620789383614119,0.0005716829781881453,0.2848993329572263,0.2517472776544006,0.13338267546076082,90,51.362181849604504,1.7497248499968723,0
0.23688954226819706,0.2027143813533669,0.10928546602257135,0.1083504212312874,-0.014265318179878824,0.16209974540696312,0.14350480782438954,0.07538366926786787,90,51.09561160403768,0.45706964422346597,0
0.09389905346204473,0.22460222543870817,0.4152379838663255,-0.41050352368916093,-0.06252551706426179,0.22518340510471926,0.18436580460990432,0.1292935266171462,90,50.64591022438803,-0.8169483251667737,0
0.22521621953118784,0.21350911035609052,0.023264725155684163,0.02184899672989983,-0.007991794445952041,0.08345658023161329,0.07448540060781814,0.03764207592905247,90,49.990694578015145,-1.6821748797161544,0
0.22251278595337642,0.25847982209725834,0.06756831331569452,0.0675671053022148,-0.0004040363935052794,0.21382749393487976,0.21131086564626483,0.032709558576924376,90,52.53317322567079,-1.0122419648398535,0
0.24673999260131857,0.2585931840877343,0.05009190086579929,0.016902455033441576,-0.04715406182071221,0.2838688690114128,0.24493598160886604,0.14348484138444678,90,53.391489732888836,-0.3144542925512603,0
0.20962749835101321,0.2495046465568756,0.012885805693656832,-0.0056543479124346804,-0.011578961009513089,0.10109932439854448,0.07160967354639236,0.07136615478237038,90,51.467299273028445,-0.8321111983185474,0
0.16811206393013206,0.19070206917718935,0.2763238141938908,-0.27605660996686,-0.01214900754238196,0.05681923424280721,-0.04914325852607999,-0.02851956383568764,90,46.30191864540228,-7.86752122041578,0
0.1860040001748531,0.22552861265578608,0.22124275826123133,-0.21937005054983064,-0.028725232893788522,0.035174585954743154,0.026853473025457812,-0.022718769411185637,90,42.51692353867983,-13.080309901942796,0
0.2071995101190099,0.20744509233623767,0.13438786024938568,-0.11911059226735662,-0.06223153374397848,0.0537721293618704,0.04506721469930531,-0.029332372139948798,90,40.751268742948824,-16.467357043840455,0
0.2266803125806693,0.2228940201425306,0.1945978650685736,-0.19335345475216645,-0.0219720418861949,0.07853010046092719,0.06601840763360244,-0.04252700944019954,90,38.51909947326231,-17.141528806597805,0
0.2107526650990284,0.18477895589174953,0.14139051660212945,-0.13701228233320162,-0.034912929909477516,0.06595216070350265,0.050274427737797785,-0.04268687640361601,90,35.94425510229385,-18.098388347058368,0
0.23347793654408913,0.22341047443571396,0.2681290200061145,-0.26812880706904135,0.0003379188839355919,0.1020805866556193,-0.09617584802911969,-0.03421479837490021,90,34.25627888299191,-20.88044553817167,0
0.19457996697687246,0.20475546473999523,0.19340383827620317,-0.19322214585352565,0.0083813490397795,0.06947959622400343,0.04197196061747771,-0.05536938516342268,90,33.95515985506124,-24.05592070171377,0
0.21277571730145714,0.19396668202182357,0.21081127511635073,-0.2094951416359283,0.02351976503122563,0.06122673960219318,0.045989698589668136,-0.040418575753559734,90,34.929865731334615,-25.93658832430736,0
0.196275883814334,0.19881919568930037,0.18722784598436418,-0.18430678329322606,0.0329435265879142,0.08885944783206466,-0.0878062671346373,-0.013640414982695099,90,35.16976181481939,-25.735439849586268,0
0.23807822524358987,0.21146391436236917,0.17592944528325252,-0.17591672802041936,0.002115306186521917,0.06597535429993379,-0.025638845390856202,-0.06078977695324735,90,35.100037326014125,-25.972082811797485,0
0.2585543893807698,0.24301859799891615,0.1846630258223896,-0.18341338051320819,0.021446793573810324,0.05700885355554075,0.028606274913874553,-0.04931217313472326,90,34.37945328625244,-26.381439499814753,0
0.2343590387814951,0.24392311689496354,0.12425046863312444,-0.12372647114851942,0.011399091748276718,0.05343920005271522,-0.008207477089314187,-0.05280516472943249,90,35.18283704772597,-25.93513134367868,0
0.22524659948711992,0.23213626438137586,0.18417930545285316,-0.17928881223619844,0.042160862942171445,0.08112105992710308,0.015823167273168764,-0.07956289173441328,90,34.12588728081888,-26.59819497713204,0
0.25507267964530417,0.2506467242400039,0.11391964642772645,-0.11296253145802933,0.014736089332382052,0.07942536060043152,0.011448565315862176,-0.07859591757029762,90,34.14573191674981,-26.66319276314196,0
0.12097739832744048,0.14884065352578693,0.340215097233128,-0.32728447627156976,0.09290416555241776,0.09057435994823479,-0.09052658349564863,0.002941489527052064,90,34.03751745031062,-23.338275126697678,0
0.16890108346770386,0.13764406100828702,0.07908234525415116,-0.07044274088986441,-0.03594214221245291,0.08206259072620217,0.07999634210082954,-0.018299017656235338,90,37.70825834440517,-16.788883481234205,0
0.2222804437064634,0.22685980124862185,0.2102315203488011,-0.20679356687564596,-0.03786440078776013,0.0478980619771111,-0.042806879193991926,-0.021489426116910564,90,37.268772374752686,-13.117140423668735,0
0.21402520442758316,0.2110587656189965,0.24180258503471036,-0.23857817101633733,-0.039356656920623206,0.05186562197844326,0.01715875755808511,-0.04894506902920491,90,38.175995505633395,-12.64260583678071,0
0.22723790506042515,0.22501407612231777,0.22126559575218452,-0.21672979528925362,-0.04457196088851536,0.06451278133137543,0.05839610789740542,-0.027418853687644313,90,38.799360281872936,-12.138613434495364,0
0.08435053588341111,0.12740712038166066,0.05914077239972066,-0.05913992559497351,-0.00031648168439659573,0.0919284680927194,0.09192743041531926,-0.00043678726030707966,90,37.77439813250436,-15.779963178131435,0
0.3327501878738113,0.22544982888486936,0.1395219105614044,-0.0977840032162311,0.09952211935902806,0.09805646991415878,-0.081169788663145,-0.055013968229956876,90,40.18705831803255,-21.60383472108493,0
0.2871412444932262,0.2252803920227445,0.6152526652964753,-0.5320911973118397,0.3088928615194425,0.44075645997181906,-0.43641984473313084,0.0616763822706855,90,43.269005980988986,-18.725989539362377,0
0.3419692897545731,0.20874809062459238,0.6481761476141853,-0.5161076471258257,0.3921290794039767,0.2443221844284045,0.2352061125061459,-0.06611667296237414,90,44.001654742421664,-14.901828478514087,0
0.3203863515478729,0.2424593169717188,0.725022892533199,-0.58240637086321,0.43181131744681245,0.3738752177982973,-0.3716729891010505,0.040519966145279813,90,47.87511614242044,-14.739486712099724,0
0.18240805552380682,0.28378983795567625,0.5261937232801259,-0.5254494343833167,0.02797724657028284,0.27818436373674227,-0.2767960243861984,0.027757901786900418,90,46.860083882838985,-18.31053174856133,0
0.2796068178259696,0.3037206111255894,0.5413326735420307,-0.4171972026738955,0.3449457312755724,0.19060003099121312,-0.18770763604780508,-0.03307892354953749,90,49.64461539817721,-18.558379443561257,0
0.3287451375748633,0.29997745709630497,0.6956091928551323,-0.5832068566937355,0.3791331052413932,0.23741155885754725,-0.23148588571598017,-0.05271179178759522,90,50.06828367374641,-18.398444295247128,0
0.3328013475242431,0.3047668185043819,0.674458633503099,-0.56815161594287,0.3634531463729172,0.5222649486905931,-0.5136531465583954,0.09445168956375194,-90,-0.016464371787627653,6.718871386446926,0
0.33084092587230685,0.33828263618264404,0.8296443020279853,-0.676270058981691,0.4805917968634119,0.2406302104090073,-0.24032557161613255,0.01210445326573086,90,53.85904232048953,-18.810961563482376,0
0.3924608230822001,0.3110083307118056,0.7603050787424775,-0.6178226571787846,0.44312411019730236,0.5814652929670326,-0.571268365977606,0.10841743844286868,-90,-0.1672793009852279,-14.708920388821644,0
0.3058976745599477,0.13507349463413676,0.6275787806294731,-0.6275125624047015,-0.009116464263181275,0.22237488918901524,0.22174761600979495,0.016690899789985433,90,29.79032789411112,90,0
0.11576091269216687,0.22667965666333134,0.3623123300369557,-0.3402204423315649,0.12458039619668185,0.5771223226463945,0.5771216094623766,0.0009072972639427325,90,34.1813788328783,90,0
0.20935622416653873,0.15715816960078652,0.2053185475690505,-0.20301131272599393,-0.030693857384387895,0.5183380294409626,0.5183051611376387,0.00583718278166591,90,57.58731991465802,-7.246258752986163,0
0.4304781203344658,0.2632859191223309,0.38987558791931437,-0.3311196478424791,0.20582213891635573,0.48356965770475685,0.4832972501957178,0.016229042052860045,90,59.04363411649305,-8.559466204775603,0
0.4701614371288143,0.2439906367668856,0.04740527688926778,0.04739969212767728,0.0007276421851123979,0.2595723788439615,0.2526320161710843,-0.05962285018385208,90,59.04095418272734,-12.38896255350692,0
0.48644989575853836,0.2694424294767886,0.42311802795416387,-0.3947685474724735,0.15227166350406118,0.3348993643963476,0.3314599189269852,-0.04787385944327054,-90,-18.440933166211877,90,0
0.3087471134434178,0.18134727966659783,0.22021591116989653,-0.21551704788827358,0.04524875249011131,0.384794431268307,0.3813845612347614,-0.05111331320574269,90,48.38807143759578,-21.928443335904404,0
0.37674610604916225,0.19631252889041612,0.6540490854712923,-0.617745213453336,0.2148745156162687,0.29710837240930815,-0.2959915021525338,0.025737435948336794,90,55.47101062761583,-23.165466709426017,0
0.3302958461040127,0.14615328776871833,1.1465503408829794,-1.106122001450146,0.301781049913342,0.202244775936799,-0.09000982044761574,-0.18111096492679288,90,53.2796175323867,-20.145539358721642,0
0.16650770475924384,0.1828070159657197,0.3881636024970257,-0.19631973918673584,-0.3348574955247694,0.45756818153300505,0.1941144259485947,-0.4143527849430586,90,35.072295162787135,-30.42181007120887,0
0.20539748479453523,0.20782268930687572,0.1966952594963574,-0.1876458482848257,0.05897508567020117,0.03429272938194114,0.00221347263120923,-0.0342212189638817,90,40.841963046021306,-24.49657420220187,0
0.1860592979858262,0.1949963072722506,0.052813602365764246,-0.0501134572457982,0.01667087273428162,0.016936392253390994,0.01674276455244438,-0.0025536675003089916,90,34.0653486837068,90,0
0.22793690834180458,0.19515800734928537,0.04432107024239846,0.019251009450869185,-0.039921872483065765,0.12910067734302863,0.12899793021192063,-0.005149649645290638,90,35.37976753422897,90,0
0.18159774005057733,0.16548787627695816,0.03577426013879617,-0.004982350402595354,0.03542561041032347,0.339704802823209,0.3352260299765571,-0.05498055917605546,90,34.597685807244545,90,0
0.2969230118791599,0.20302334751764284,0.48773883256452666,-0.420659839095164,0.24684908054079935,0.30757840521105356,0.2908317596714016,-0.1001067576071223,90,43.9527873069179,-27.858163430029226,0
0.2089452057905944,0.1398218276897888,0.2325758850857306,-0.12158978399243092,0.19826110751250467,0.42425160823430785,0.4176391007506691,-0.0746123891426154,90,40.5518611047285,90,0
0.30589483146912116,0.24423498191762041,0.09631676480904287,-0.09629256647223795,0.002158894501849341,0.13783429497377925,0.13034388341958045,-0.04481924727192115,90,45.57859034361861,-28.41754647637435,0
0.25449723196465923,0.18704151875658304,0.02537374764208908,-0.024821080717420712,-0.005266974598733755,0.25627869450373186,0.2559018549341933,0.013892800213643444,90,44.995136683259986,-22.811484646156877,0
0.23567500522978996,0.20839302501274248,0.0838036262445861,0.053313683722416134,-0.06465832428766198,0.0680831599729284,0.051126227219300005,-0.044960266482972126,90,42.36512635935843,-24.360226838492906,0
0.16075823041049087,0.19898335980523643,0.005915563395360947,-0.0049861558325213304,0.003183102307238624,0.020967755765021103,0.02091847375970542,-0.0014367454145016135,90,41.83160382826655,-23.995625829196907,0
0.2215670895009306,0.2166723254437894,0.09357380947818635,0.07517365942289946,-0.055722336178859515,0.0830644050405456,0.06586734829168536,-0.05060817931680247,90,42.48666543326148,-22.031345885947708,0
0.2472136944386945,0.2564393168960032,0.28792863211232794,-0.2873196423382459,0.018716845799940512,0.06265348899792259,0.04336244280023888,-0.04522342576595474,90,42.6388160983885,-22.5942309734324,0
0.2517482391243899,0.21004921728901219,0.1667299692382912,0.16528756271507825,-0.021883881143677578,0.2571189859685068,0.25572002546677985,-0.026785098856316348,90,43.550676347911974,-19.874629479025685,0
0.3230979945127244,0.2219629265323004,0.1502808700920865,-0.14984824628173238,0.011394867349989275,0.20688545710736286,0.19901565154657408,-0.05651869427025969,90,35.52180830315719,90,0
0.25363501945112826,0.2406216723795007,0.03741931047547559,-0.001149108544195378,-0.037401662342918585,0.18540442656017514,0.1806532580150425,-0.04170373792189207,90,44.469578313262026,-17.743602746282594,0
0.2560344669318039,0.2188012617585389,0.011379961386785018,-0.0001224733602933796,0.011379302326625144,0.1300486332078159,0.12180530931323749,-0.04556438984917471,90,46.065053952412754,-20.86987087216138,0
0.23666716607212082,0.20897745158701048,0.24734807838715114,-0.22232819583935665,0.10840316054725042,0.19385520699969638,0.1904056790017848,-0.036407673432456884,90,45.402891880785056,-22.039408476665127,0
0.2978880189029014,0.19493888103175216,0.16943976678428097,-0.14571896772290968,0.08646280711196651,0.14943659028367803,0.14359995233097167,-0.04135635629688042,90,44.928747840274916,-24.002042507702733,0
0.25283106356209434,0.19384737978542552,0.16164663462682158,-0.15080421023633947,0.058204163606833795,0.15664236248830743,0.15422038135830812,-0.027439090721383286,90,43.380192123888214,-26.129353137310723,0
0.2376675977351988,0.22886461442539785,0.08372762408671261,-0.08189358512400059,0.017428590038896612,0.12676602668088735,0.11226742807630334,-0.05886977249481689,90,45.92309265965165,-25.27437023147102,0
0.2961795977879293,0.21605689807574213,0.3136327090825926,-0.28695177624467577,0.12658654871869965,0.5664227436629026,0.5661018216081941,-0.01906442001464041,-90,1.1647168552216065,90,0
0.31428138692206126,0.16017642090964104,0.3822240185943204,-0.3791852668058124,-0.048101287174007364,0.16957259500749355,-0.1370629755250165,0.0998429051951322,90,43.515303400370094,-15.152165616415145,0
0.2843716970611667,0.21201934940239947,0.4770431497281135,-0.4749985169296363,0.04412001379380345,0.683583925984632,0.67262888683906,-0.12189078904580887,90,37.14343533064385,90,0
0.30716794869587094,0.1301708717762605,0.19145204012203865,-0.1862243922140022,-0.04443376431742159,0.2440690154544068,0.21053674346406734,-0.12346644870744829,90,32.650318656329084,-17.127226693567657,0
0.34256703723471366,0.26792547458368926,0.20257647785533156,-0.20123574971142388,0.023268055749306016,0.08768326197108371,0.013764247468715976,-0.08659618883940355,90,34.368364622151816,-23.460205249299477,0
0.3240785901332505,0.24990313503196324,0.19657271911242502,-0.19506761083902252,-0.024278820004440316,0.12494053144534,0.022651922557323814,-0.12286995890900672,90,35.95655801805251,-20.700741515758736,0
0.2753261887366528,0.2681757506614335,0.20315836885299307,-0.19865907106347624,0.04251936404987113,0.08255913141592283,-0.04499295020117926,-0.06922170622244023,90,35.55040080594711,-21.7451162866031,0
0.26051535743012033,0.206731482743627,0.1472135720649396,-0.1365129830293943,0.055100283706488014,0.05449511298770614,0.04387752698220736,-0.03231841526852027,90,31.659658347262884,-24.273606491205964,0
0.1764762454359198,0.16484930735666525,0.0723511827090395,-0.03100685725183091,0.06537024126283608,0.027853118687382678,0.019857839044970512,-0.01953106369549469,90,30.857635274886743,-20.707698225105183,0
0.19054287540830592,0.21303062132564618,0.19201625550205456,-0.18477440106283857,0.05223660678967939,0.14190462596717462,0.13300924739824363,-0.04945162259659992,90,32.42477563725871,-18.704531841639326,0
0.19959909974801307,0.20392640376389617,0.1570521526810692,-0.15473388836828478,0.02688498562746606,0.09161931748881298,-0.08277541086834592,-0.03927251828814181,90,32.72833854314258,-20.139598620654937,0
0.25999763777220253,0.2124798124846823,0.146679509144482,-0.14660575630888545,0.00465087303265431,0.08635804138190835,-0.06516551344315831,-0.056667161293018284,90,32.869542022382845,-20.915150898471175,0
0.23815520649970603,0.23847756460940253,0.2342719565132308,-0.2268314493747483,0.05857339996182643,0.06748049801878908,-0.03117284831597584,-0.05984873549819544,90,34.46989810914898,-21.647975888212205,0
0.25336602651236817,0.2381869741731636,0.23766561786602536,-0.23090075363975043,0.056300869302657035,0.11531898191812631,-0.09766989619707298,-0.06131116511277643,90,33.525987935983,-21.48109228739858,0
0.23394953210184669,0.21760569876354804,0.13683964763817863,-0.13487525339203915,0.023103142387435507,0.09117566715487783,-0.08839768994236043,-0.022334965726219052,90,33.827267047218044,-21.6214218265275,0
0.25291319398235196,0.21704244723985014,0.18745865204063655,-0.1827729041707314,0.04165107112535155,0.14556001573901126,-0.13006780122169811,-0.06534588944450928,90,34.13576665963115,-21.18392908367376,0
0.219385992581254,0.22809566854369084,0.21163601554961187,-0.18432314598135094,0.10399413893702447,0.08964031016697403,-0.009069855875135358,-0.0891802832538425,90,34.86976830771456,-20.27647972179776,0
0.20286213262947675,0.21398212622787463,0.3418030107243445,-0.34179749017404043,-0.0019426402016613179,0.024645540676263095,-0.004443061801892006,-0.024241738325662766,90,32.702309147567426,-10.686717041999682,0
0.2592489111012708,0.2573847173511001,0.29830034381885506,-0.29315309037720544,-0.05517572586510458,0.06568327356217989,-0.03756540690490104,-0.053880725959413095,90,35.62252956429596,-3.4303769029279176,0
0.2912361054252773,0.2410212749711196,0.2926393642926877,-0.28375310795663555,-0.07156794854247482,0.05941280070845826,0.05628919261072427,-0.019010725479469782,90,34.77669705983001,3.2470283116746703,0
0.28895451333028593,0.26023216342830413,0.3108061953071735,-0.28764874021104186,-0.11772295144244997,0.11187313808427332,-0.0784502219083042,-0.07975689128445713,90,36.408928913989385,9.64959520402287,0
0.2508290990885527,0.24329457048586653,0.25736336589192826,-0.2413938419932196,-0.08924637332113317,0.6664057401774011,0.6414185488764667,0.1807729396192848,90,35.7190342464456,8.177086344973873,0
0.26646257015686636,0.29054796090836027,0.30464767284152416,-0.28245957934007027,-0.11413496662630132,0.5722898180477618,0.559557067598281,0.1200480068220755,90,37.23017552192299,3.2681702634170855,0
0.25434716392657974,0.21825392575494498,0.24586148276663083,-0.23879550232065813,-0.0585198836262589,0.6076247863402309,0.5965849327320063,0.11530090638047379,-90,0.4365425908553685,11.616589438645024,0
0.24765787119269847,0.2375220304259917,0.22294548150099935,-0.22229630241386708,-0.017001225098062647,0.23939622747615108,0.23855722270553184,0.020025114852013887,90,37.93963441587087,-1.106289339955182,0
0.22803317155649305,0.22426391463977188,0.24483580528672738,-0.24481664912795806,-0.0030626557362135225,0.08199887619456227,-0.06547819548643355,-0.04936012168756825,90,36.70617910504681,-4.049838023572479,0
0.1738897935704257,0.1687215920949323,0.08559991436913417,-0.06583809960364058,-0.05470548400831678,0.09579081673872168,0.09430008892024624,0.016833710259625313,90,32.816523030409336,0.561783272631247,0
0.25013063684077497,0.2591597034283653,0.36689381805327914,-0.35189307050348456,-0.10383805014223992,0.10253487960141122,-0.09100602789620586,-0.04723668512322702,90,34.07114346654306,1.0289551851634822,0
0.29494251196788857,0.2564299676679913,0.3116387884812443,-0.3075706868480752,-0.05018971087644372,0.17087334653324185,0.1707531869784215,-0.0064070033698735524,90,38.402967997367924,90,0
0.2618735471116233,0.23065562355771718,0.2347292021887874,-0.23279267907346882,-0.030089315877593496,0.6597319961391673,0.6572650466566405,0.05699969450106323,90,34.99491435564727,-3.5022028562849785,0
0.22586428248058557,0.24699310410484546,0.2659000917355103,-0.2650264241914212,-0.021537252964612244,0.42868633646099424,0.4281502477654551,0.021432228225926116,90,35.1549087213477,-4.608064138880627,0
0.23784884098353729,0.2392933418156356,0.21312489435033966,-0.21310998367390654,-0.0025210018545680627,0.05270042256318471,-0.035931759164010896,-0.03855182514120112,90,36.264194729390496,-6.330535983282688,0
0.3025627391537861,0.2686224962349712,0.30650271681249264,-0.3042752391960753,-0.03688487800725705,0.08679043407096215,-0.0723957064393716,-0.04786899973229395,90,37.658958492065686,-9.417088727760964,0
0.26780903623847174,0.2674593330751559,0.21668513131948078,-0.2165033487896436,-0.008873899808458941,0.10562660219685696,-0.09976586230291778,-0.034695126611792554,90,35.72361939816104,-13.891867115934561,0
0.3002836709070749,0.2536119928007824,0.22093760094021594,-0.22093759036251626,6.836682728290994e-05,0.12952722055031207,-0.11799259542286417,-0.053432651898118265,90,34.52951849389462,-19.51204606432646,0
0.2888123694342536,0.23556310680813028,0.2289508866135487,-0.2238411994302902,0.04810016547517353,0.11838730854833382,-0.10443582069043983,-0.05575584437556922,90,33.01067377268762,-22.685129241537354,0
0.2681559368305121,0.23732285603678974,0.25417434764198427,-0.23543693522370282,0.09578125355046382,0.10232612165457901,-0.09114283124555077,-0.04651472331867362,90,44.21643472506812,90,0
0.21883615275854862,0.22610189930620594,0.1479624535475902,-0.14477376026791378,0.030552348481113788,0.0689208249411236,-0.04710890909732088,-0.05030736322075886,90,31.82331988671558,-22.966204899160225,0
0.23096474270829093,0.2530129048721828,0.20758744399838772,-0.19551617186110662,0.06975652977723286,0.089838249927872,-0.023500974270593646,-0.086709949593087,90,31.841821420329115,-23.185990908632565,0
0.28961603075575026,0.2574228154307714,0.19061100578792128,-0.19061060752210415,-0.00038965053232689736,0.1228528833744121,-0.07463336147442776,-0.09758428310150309,90,35.328083614102724,-16.939570172507093,0
0.29221249529125576,0.28039644349207493,0.2512370121114825,-0.24655011221706039,-0.048301950482978966,0.12355004511197765,-0.07879611234438284,-0.09516189534988839,90,36.74998456625831,-10.890412884173992,0
0.2263937212695056,0.2245742863047782,0.16562173902558622,-0.1642396323221523,-0.021351899506685895,0.15725334330866403,0.1566006438873236,0.014312662779099308,90,37.335734869284096,-4.587772265023368,0
0.28691782865782217,0.25293851126430655,0.2306997895150778,-0.2269359846586812,-0.04150243064322891,0.01769443400616125,-0.006370448528446654,-0.016507888427803468,90,39.36783103440011,-4.2641094169050024,0
0.290220858691706,0.2917176004301653,0.26773372682973273,-0.265125295536167,-0.037281713332383844,0.043384349368793464,-0.026610037164662374,-0.03426525488375677,90,39.652929340007205,-4.714325632984106,0
0.24682265288829305,0.2057601091767462,0.0733450067798914,-0.07149400845275175,-0.01637366101090953,0.2715900836978292,0.2710378274142661,-0.017310969746042883,90,37.20375919457805,-8.52725803025825,0
0.2254721851049529,0.1928346908857767,0.17192427063111884,-0.1718793994084253,0.003927708115580392,0.06431864786428407,0.06425735232921283,0.002807335877514589,90,34.21882007788467,-16.59741958238757,0
0.19146593732387818,0.20075804345773632,0.15970128010951362,-0.15943548555315704,0.009210038818940551,0.04588451870271506,0.040316223509973034,-0.021908700976409026,90,35.721098263627916,-15.958980044183473,0
0.20537410874987835,0.20939918497451088,0.15321085077331487,-0.15012152165451265,-0.030611983451201787,0.04254973990946293,-0.04202175107809571,-0.006682275263224713,90,35.21123110618987,-13.611853157784541,0
0.21186208259875988,0.2722873204021378,0.16115312185247982,-0.1593150609671171,0.02427014692670748,0.04303882483906903,-0.027611422621554756,-0.033014387535466413,90,38.92470837843111,-4.11569729694764,0
0.14264446928310887,0.19032740265798323,0.08670921061633101,-0.08411162198269757,-0.021064715833522037,0.16009479278876676,0.1584368952230698,0.02298027219491029,90,35.7007380522799,-2.2465644019124116,0
0.21172976491396925,0.1818382160185048,0.14715103203210256,-0.1470073223823628,-0.006501799295651456,0.3054807992679465,0.2991741250572332,0.06175242195754325,90,37.727425104825606,-3.556075682279831,0
0.1380448569613475,0.12350897460271147,0.2729344995767588,-0.26788686546987794,0.05224814224390454,0.22287791135777948,0.2211417197737207,0.027765142656348673,90,35.852545195918026,-7.792129403339062,0
0.23863732655172684,0.2211566467126779,0.2313879507074212,-0.23087920269152953,0.015335497941169656,0.366445664479387,0.3656708094200139,0.023817727722251828,90,39.486846305688665,-8.412876673350876,0
0.2536228977697588,0.21090180729568772,0.30430679886551143,-0.30364100009367495,0.020118918904546246,0.16368519229158165,-0.15748620458413412,-0.04461992314220538,90,33.066406064933425,-13.083120361015304,0
0.17858503252450467,0.18966755360593873,0.30407810833995447,-0.2895219555135704,0.0929544686779674,0.10104309212100561,-0.09220015274590183,-0.04133809742847867,90,32.70186264555937,-15.882408396643909,0
0.21099325079314946,0.1892122995869552,0.28473988455090615,-0.27375496306407715,0.07832638158276639,0.06801900915197685,-0.04682299721107527,-0.04933753680706354,90,32.25998265521799,-18.162069413432654,0
0.21987505658513265,0.18415981469232284,0.21507230727523916,-0.1986360531782982,0.0824609952307342,0.0679178774892587,-0.048051350747519414,-0.04799901846897309,90,33.24871002268564,-19.068177053802753,0
0.24072895120180038,0.21578854459224275,0.21415766609103268,-0.20735440447889814,0.053550507829149045,0.13686313345672668,-0.13177416239998566,-0.03697414533665374,90,34.79874806762544,-19.187639392444822,0
0.14698568545431628,0.08678705186480415,0.10565384256694924,-0.10421981984746723,-0.017348302514170286,0.2395742931531113,0.23198363678589146,-0.05982837289618112,90,34.63818757572228,-19.12299412040631,0
0.188156077763198,0.18544096548507064,0.10927392114042388,-0.10910749132654217,0.006028696196699729,0.09165864682672065,-0.09118996147079922,-0.009257346545293522,90,35.57306112710574,-18.21995366298019,0
0.19311648981344612,0.19552935226639287,0.15549715639679354,-0.15410050033271727,-0.020794264706766565,0.07551292808395534,0.0713181726127736,-0.024817746936159256,90,39.56769322906522,-13.420828554590045,0
0.1488296569759822,0.21092688513201152,0.09186885661496123,-0.0872396509916638,-0.02879461947296751,0.12597337914352136,0.1112158374227518,-0.05916358473920778,90,37.877624539151526,-11.857594643288294,0
0.2100653444384925,0.2349715123872228,0.22776249075679214,-0.22761442067743387,0.00821143686659024,0.07700904017315216,-0.05781095865774087,-0.050875193635632865,90,37.48530123585651,-12.610659052112112,0
0.22202208743352495,0.23470745553556863,0.22313420177811286,-0.22048832411859687,0.03426034049054617,0.4434119035187669,0.44317608257039165,-0.01445946125198653,90,34.80675442888199,90,0
0.2398441961354637,0.22303026321532796,0.26636840913824594,-0.2662379838106478,0.008334588369034439,0.0874912697986614,-0.06785979848221368,-0.055224723095145624,-90,0.018358439363323226,-13.705370764887938,0
0.24582731418354994,0.24058063751658185,0.3115423044078619,-0.3097056624542191,0.03377884070767083,0.17040359962917992,-0.16800351968657645,-0.028499195418537262,90,35.32701642938239,-14.805525589122087,0
0.22789895202715837,0.24800381890311896,0.30392327175257916,-0.3034987275211628,0.016058564874454454,0.18353517978559714,-0.18196861771085363,-0.023928735598285976,90,32.954795690193016,-16.582581934310458,0
0.25920086082351157,0.24052587290842947,0.2871638983804049,-0.28245273977981816,0.051803033925686665,0.12105861146725294,-0.11514175412286032,-0.03738400550890825,90,33.63095719792032,-17.701177107714624,0
0.23987636999596787,0.2430658368564035,0.23715442746899928,-0.23028301824081396,0.0566741032399259,0.12971188606438558,-0.1176720842299053,-0.05457521396540943,90,33.44458681270504,-19.14130485803655,0
0.2657229277886881,0.22819273551387861,0.21999115822454218,-0.21919960213878956,0.018645217058857775,0.11973878441477767,-0.11446437343393537,-0.03514660307206363,90,33.0578332442341,-17.844228207112344,0
0.29173959866005156,0.2675244852825784,0.25952005482341534,-0.25732184544906656,0.033706478757580594,0.14642008357531816,-0.12215415124826688,-0.08072920293808612,90,33.07367567683742,-17.478086036023896,0
0.1761425596463025,0.15608347159641398,0.21600927276579907,-0.21533934309715222,0.016999212784607077,0.06185067463017388,-0.05788558223324536,-0.021789110163699298,90,34.274519740117704,-16.9968054883877,0
0.3079895128540798,0.25923845662806794,0.30409199673246395,-0.30407459341570764,-0.0032533238094233793,0.14932355408720502,-0.1391696104846026,-0.0541234082703448,90,41.83810326009037,90,0
0.28538975754397516,0.2379179110339661,0.1921558861395346,-0.18856597831207175,-0.036969668666098035,0.08159864763338959,-0.06528684150650864,-0.04894862226561739,90,35.957817667786195,-6.868225215392126,0
0.28104311245060504,0.23392141198403493,0.2407002107658326,-0.23443771913998926,-0.054548577498920676,0.058110333663147724,-0.03581338293479723,-0.045762566374799536,90,36.13613903624524,-6.0294122019857905,0
0.2644927943992231,0.2394010040689847,0.26297459619301405,-0.26198272157606295,-0.022818673021845527,0.0914495882174297,0.0913351341248743,-0.004573888884601284,90,35.71009206131113,-7.004044303862981,0
0.26683555874550613,0.2253611756475401,0.2537478015952283,-0.2516046850588831,-0.03290941006507986,0.0988827666031778,0.08640440663680661,-0.04808409347008532,90,36.72882910367518,-7.983940034805015,0
0.2848153127309425,0.23428789021024882,0.22066315999532035,-0.2187168982952422,-0.02924292357526902,0.08452980418648808,0.060963966001361794,-0.05855495406189658,90,36.39386950813925,-9.378911479942815,0
0.25927450986570527,0.2331520862517009,0.1639837677378652,-0.1638056630232419,0.007640735764455975,0.07924333877864263,0.0699110889531152,-0.03730879765117529,90,36.77721787214291,-10.525293608393795,0
0.24173864302648598,0.24817609815591773,0.1961753952284555,-0.19616508466880928,-0.0020112806665423086,0.05390933558211827,0.014131445851933894,-0.052024212642185215,90,37.23567118960996,-12.269605340321837,0
0.30089321035354016,0.2415914445950952,0.2893204553836489,-0.2860844349905073,-0.04315115247086929,0.06878017847922092,-0.05037786879334074,-0.04682716399136756,90,37.57716078113245,-11.468225627518718,0
0.25505059473402336,0.2587743196264593,0.1789069049443724,-0.17202503689471654,-0.04914333442234166,0.08156108829460641,0.04225244767170761,-0.06976347030896753,90,37.221943814787,-10.79047326871883,0
0.2450162337967756,0.25193310688907233,0.07295028385058856,-0.055909458048001924,-0.04686017941344394,0.06388719632931131,0.028745707432951476,-0.057054869722041476,90,35.48131918866239,-11.559698880458894,0
0.2549351095716279,0.2314441104725993,0.13773916584627882,-0.1302397231698321,-0.04482959197532597,0.06692485439396033,-0.0005467790088150312,-0.06692262075239067,90,37.88994260185498,-11.440546154352086,0
0.2237435718371861,0.24405868103149675,0.2540381871002796,-0.2540030232587197,-0.00422666306049625,0.17930124529986213,-0.17554280892022936,-0.0365192935648702,90,35.74634978488529,-9.177138060021377,0
0.22916244120515056,0.21936326874473516,0.18607037302250043,-0.16726592067364163,-0.08151254810108369,0.1932558443800128,0.1932554037784853,-0.0004126711115914556,90,36.161411717941604,-7.204011212573344,0
0.24488390774858812,0.25157450869058146,0.17773335903002227,-0.17051811287700977,-0.05012703953913651,0.0989082884642948,0.0670066431404992,-0.07275272711024612,90,35.42352505624247,-13.477782471013812,0
0.2701198214179373,0.23847897423128786,0.20999857750937562,-0.20942522186186838,-0.015507385468493676,0.09439615443188662,0.0671227812112386,-0.06637142618624962,90,36.60612957827176,-13.006337131353074,0
0.2167225187023159,0.22157403897606393,0.059858442774399424,-0.03773177231549016,-0.046468769397392716,0.16748085026901754,0.16746808311350997,0.00206793257133707,90,35.988368816884766,-9.790667748080251,0
0.17426926555446445,0.17840688989548156,0.028736797118625337,0.012804857236287324,-0.02572623446591696,0.11688560502331354,0.1168841518111985,0.0005828525051508545,90,35.59472422121475,-9.92899342380697,0
0.1498928705939383,0.1545501875165152,0.10185735340293778,-0.09793392166149043,-0.027997632582988465,0.14251785790891386,0.14248056404966178,-0.0032601673324528352,90,35.12610887566947,-7.540281466661752,0
0.2601871802583898,0.2286451566964384,0.5714835238632061,-0.5678281453670522,-0.06453383125246408,0.13763135044130398,0.11388621270909793,0.07728078143416461,90,27.970840957750095,0.3075018053211632,0
0.19647078798513157,0.24866570763245566,0.5002279509616807,-0.49538407944358936,-0.06944506287094276,0.07726540809893652,0.0770528947674576,-0.005726665404082113,90,34.31821890695801,0.6860032738194778,0
0.09385034403642055,0.13949319189087178,0.28991255385296605,-0.28988328634481814,0.004119366392676999,0.16591759552756255,0.1387039742296238,0.09104864654982908,90,29.562050196396516,-5.682361451758088,0
0.22256591362704095,0.2075637360275745,0.3556268091901762,-0.35492342335498644,0.02235600520582817,0.3059407616346567,0.3038676390075294,0.03555569706226626,90,34.452062297044044,-8.604453112372928,0
0.21641796384402087,0.20137319870958215,0.2517564191107083,-0.2502349154851958,0.027636599565857085,0.08995346847568465,-0.08082007002909303,-0.03949357886161358,90,34.962428870999844,-8.692294030716967,0
0.275163248493356,0.2532825747794449,0.2685913266860726,-0.26825509407816484,0.01343522504833953,0.13363901741008596,-0.1222779821951616,-0.053921072361489596,90,35.77786754467152,-11.797897958059032,0
0.26539697488462377,0.23271401309621617,0.2881603214073329,-0.2877223310579972,-0.015881783405198968,0.09454014538035849,-0.08471438684893996,-0.04196798481399201,90,34.986565242064344,-12.016677071460304,0
0.2805662270524881,0.23646981293716593,0.17941089208584088,-0.17279259848820094,-0.048280286937140454,0.06787683724162513,-0.008625220152307982,-0.0673265966112226,90,36.53166792770444,-10.479480047698843,0
0.3035436331192342,0.26929317815240916,0.23844027109147142,-0.23654421743529666,-0.030009932957230756,0.0846750098704037,0.03770203205559285,-0.07581829644242881,90,37.37195253405852,-11.175760417251572,0
0.269577313284841,0.2490631655623406,0.1887676039852741,-0.1799555344133801,-0.0570018767088947,0.12333980288764634,0.0583550444106019,-0.10866184136209056,90,36.59782293005896,-10.521940503433687,0
0.29510796114610294,0.2800370050922458,0.21890774351304104,-0.21560217905057505,-0.03789855615475528,0.09030735367541666,0.049313287670615366,-0.07565459527994269,90,37.834161382198864,-9.239022186153113,0
0.29769487840382464,0.25144627405418335,0.14258983106455675,-0.12867406813647786,-0.061439760027427584,0.092298507676592,0.02805537755108788,-0.08793128174769108,90,37.93304167654679,-9.796834471250252,0
0.2792302656865602,0.261661432398907,0.14950796321880255,-0.13622600508309324,-0.06160443656860983,0.077667038575167,-0.01393142070759127,-0.07640735827199222,90,37.71210526262035,-9.436650718672311,0
0.31097388084642197,0.26787390166749775,0.19001746978881584,-0.18068709654476575,-0.058811665230343965,0.1119987328654108,0.05787513296444807,-0.09588631366261352,90,37.78360279722171,-8.853472644481096,0
0.26213213403856533,0.2586102569147083,0.18180183620797083,-0.17942836022375186,-0.029280901557250497,0.059599605114577105,0.03724040144366966,-0.04653241268328832,90,36.54810991332634,-7.479453721104435,0
0.2727772838157983,0.19742094126204573,0.20993048151653634,-0.20947966560119632,-0.01375051887660122,0.13726541186974628,0.12801575574379417,-0.04953543758882428,90,41.04703805752208,-10.39223913424517,0
0.28125836527814024,0.2562652227701223,0.2417785753281504,-0.24176620736668916,0.002445498566169894,0.055586521052882684,-0.01624130685273857,-0.05316089986519939,90,40.21148869759502,-10.271697277636715,0
0.2528756294208474,0.2707850179262224,0.15330844419215744,-0.1513544037950529,-0.02439925229313239,0.07347821787676087,0.0024478011968913234,-0.07343743440266168,90,37.71876816821535,-11.592715831036237,0
0.3042200300610009,0.22272549537313657,0.21168613130861488,-0.21081394187674948,-0.019196356393717695,0.05022132461564382,-0.022802742099946385,-0.044746132781204734,90,34.7904412574517,-13.584589170674999,0
0.29567672407128864,0.24707661946994305,0.2856904560035975,-0.28337702081166516,-0.03628361513753241,0.04251597915934956,0.022485834982944472,-0.03608317764551837,90,37.41635479293108,-11.480936512118795,0
0.27771214962497603,0.2266863034245263,0.1836269261429727,-0.18321140336090777,-0.01234624166471316,0.06437942394237875,0.055117134031328015,-0.03326878061073403,90,37.817944936034124,-12.119894703882247,0
0.23179982011807693,0.2171904794125786,0.2840464010891885,-0.2830021453198637,0.024334003289119763,0.07257303390220653,-0.0674148282938206,-0.026871661204426914,90,37.93499780380866,-11.03625954094469,0
0.24384391692824448,0.22491004462705522,0.20991005368522306,-0.20796157735356818,-0.02853441751199973,0.09395506643629979,-0.09110435157811238,-0.022968492170388568,90,36.71060035759314,-9.491127817156833,0
0.24126195018295246,0.20606085571685978,0.2639416657492697,-0.2638659596650971,-0.006321253713982834,0.10198750413816644,-0.07463928080547093,-0.06950128603971711,90,36.049741900954686,-7.235965395849619,0
0.24317880477814238,0.2209768685421537,0.2337081485952341,-0.2320772934166745,-0.027561360637726053,0.4779477902503524,0.47435782646910335,0.05847001515907856,-90,0.010423329276297631,4.758616789382616,0
0.17144975299952794,0.1828435104137157,0.34341264017826667,-0.335707869981875,-0.07233579657707628,0.019568855387763866,-0.015106036578147127,-0.012439765274590031,90,34.38632655388561,-0.049327535944448046,0
0.2286461641626476,0.24963331985494566,0.07585016217282942,-0.0703915325458684,-0.028253835978296355,0.20723479131294112,0.20683413406591922,-0.012880206353922148,90,39.39453145743908,-7.865306091794175,0
0.2238589461664365,0.23401885091930297,0.06378534967621649,-0.02232556000040205,-0.05975065023901965,0.17579004230217607,0.17324028982398015,-0.02983187815582859,90,40.105247311495035,-8.96960793823035,0
0.22741185842071307,0.2298987143348356,0.023955291491944062,0.012149894053828488,-0.020645485340498797,0.0961314334556079,0.0919628711191412,-0.028001479135113472,90,39.41479151102962,-10.315090364939838,0
0.25661431256463874,0.2120717979390285,0.03494093162163562,0.007940997485327991,-0.03402659638467871,0.09353470765877243,0.09068984484636992,-0.022893090192312882,90,39.69760274456955,-10.51838541012002,0
0.24406117836166424,0.24469419299876502,0.04645124356370452,-0.0198089987759619,-0.042015730341248864,0.17315691121113894,0.17249887695882987,-0.015081556555101527,90,40.63675775627088,-11.038910584211704,0
0.20861793254175745,0.23407394063118694,0.4340103764065841,-0.37779024946430895,0.21363411300230142,0.1001234908140547,-0.1000806024189578,0.0029302614645437745,90,41.49487335274658,-13.173856625005566,0
0.21782787033485052,0.23209746494261987,0.4089991971380737,-0.3867028126291904,-0.1331963887057832,0.08858041508461359,-0.08410088208331828,-0.027812435516693445,90,40.65433427370115,-16.953591350240224,0
0.19105364780097997,0.21045266417346017,0.11166018813146023,-0.01769156509437662,0.110249744390019,0.08826545215867088,0.07163380677943293,-0.05156925218637058,90,35.54241669760774,-18.417936221463425,0
0.25534332129315723,0.24733893866462378,0.2035926122883457,-0.19896460140279504,0.04316293742343698,0.11325039523529898,0.10924111010646279,-0.029866902813299893,90,34.624245409684434,-16.399813967514763,0
0.2182410633561848,0.21196732073995184,0.27868952602459596,-0.2784624534204042,0.011247842055397547,0.021140094938660207,-0.0014817868477359686,-0.021088099054998855,90,33.62986293518013,-12.971948284344142,0
0.2586385542100329,0.22943923181780423,0.29905881110350313,-0.29904176863516146,0.003192665061564354,0.05121460586372171,-0.04939543898362233,-0.013528727264292146,90,36.72731364624632,-9.283922794469246,0
0.25788099242826157,0.23319560393746866,0.21411957297026454,-0.21400101686374343,-0.0071243463035039235,0.1066474168113011,-0.09895030918545783,-0.03978074690884636,90,37.42819204530689,-7.959288991794816,0
0.2733677569513018,0.25000531970983436,0.3258661228674062,-0.3258409448078669,0.0040507677484767565,0.09799610210763937,-0.08785883278109449,-0.043405777618130005,90,37.687920989813286,-7.872939608271084,0
0.274712405154928,0.2655985396618378,0.28863159277376377,-0.2881901519710871,-0.01595721322792601,0.05281083414811909,-0.03384620474524889,-0.04053909998708448,90,35.02157829200216,-9.736892253569582,0
0.24883776453597756,0.18556557496169102,0.21757779875963665,-0.21735907426021803,-0.009753530121446693,0.04845367821629701,0.03893152497803139,-0.02884606204620265,90,33.768352178044076,-9.527592908551894,0
0.29083583763548954,0.2182555410948207,0.2942150234744053,-0.29396476777879693,-0.012132408779911397,0.05264299334203327,-0.019215302317368815,-0.049010783556901846,90,36.59540553795071,-7.6402502573766515,0
0.2473290241628558,0.2339430612788084,0.3085134955529065,-0.3069321537744823,-0.03119663311370086,0.04139822600966813,0.037297826770947236,-0.017963441622138428,90,34.17639143180392,-3.986669992194676,0
0.27997795610782744,0.24406142820903765,0.2558324275426894,-0.2515949996136657,-0.04637011054316115,0.06364408956442337,0.04007183622898523,-0.049445101655489904,90,37.34516996150457,-3.6596819814120556,0
0.2959693349963076,0.23491133852097804,0.2259475638165337,-0.22544905048089012,-0.015000907702256764,0.06224275400089083,0.05858844921466807,-0.021013187388772617,90,37.63284124710181,-3.857341257730776,0
0.2658019813864091,0.25765097825711186,0.2142957629764509,-0.2100755069727726,-0.0423196809982282,0.06335357454142737,0.029538702366680738,-0.05604587825762787,90,37.35689528147753,-2.9520584323497103,0
0.24740958702141902,0.22739955985753757,0.2271927149253142,-0.21843425989894436,-0.06247402514273836,0.4225792314608821,0.4169211704361583,0.06891984115052531,90,35.024276476482186,-4.825001368869644,0
0.2684231647598264,0.2884860348911815,0.238654341668135,-0.22907834754495374,-0.06692537249148726,0.09199694831893278,-0.06893050407364525,-0.06092638269378516,90,38.63729828136958,-7.363558438758616,0
0.3074076188750611,0.2713466973817213,0.281727703240789,-0.27240297398792307,-0.07188267201394928,0.1162081307910765,-0.11364151196687014,-0.024288606790832078,90,37.5899925699291,-7.913768554318365,0
0.3006221214243711,0.281427154071362,0.2160531249156155,-0.20724874557973874,-0.061048425380408326,0.09913549062605365,0.02692713075576793,-0.09540846467127614,90,40.51417607297765,-8.261583299837154,0
0.2973412348473539,0.29587371727375134,0.21119635454160943,-0.20655790310406588,-0.04401968692433547,0.08951107311317541,-0.05617519132389547,-0.0696891676632457,90,39.52759054893885,-8.28019812203903,0
0.2942369053330847,0.23782278684522998,0.09621078424312055,-0.0859834345608628,-0.04316669996414037,0.060191676072799113,-0.04383043480892916,-0.04125446464218132,90,39.19580831513997,-4.054100960325807,0
0.31088965902673527,0.28410115658847085,0.25579882880306654,-0.25075909641741906,-0.05052639291439757,0.10187124024876922,-0.08690307626698243,-0.0531564194162614,90,33.90446255762208,90,0
0.15103953036218026,0.20346514879796268,0.2574374017369997,-0.24343615363218643,0.08374279024407942,0.2863147268206023,0.28629781451943936,0.0031119440465461443,90,35.92037063685463,-12.063152800077004,0
0.23707634962114904,0.20042963284428272,0.3269009847218617,-0.3225629804927721,0.053078973499327955,0.1367540017163925,-0.13430539359628926,0.02576272959903319,90,34.097034630581106,-21.317521599648096,0
0.21809244094389937,0.20739919116751518,0.2352218447960227,-0.22485440981340551,0.06906381582789406,0.041707338223472785,-0.03679760695065223,-0.01963257966728941,90,32.939463365443466,-23.308128454093893,0
0.19533197504832098,0.14963882964130276,0.19289307409407358,-0.1856163677585301,0.052481444850459934,0.05979556169331751,0.04342168370030109,-0.041110419395213496,90,34.64430357330597,-26.38938491274357,0
0.2013083185692027,0.21612422165167355,0.13823559019325787,-0.13812143019747083,-0.005616842198560163,0.17558248608536672,0.16711863459146872,-0.05385695305344656,90,34.86890789617007,-25.50728374145162,0
0.24834349179112727,0.265122048849881,0.11346681204477316,-0.11341653229846561,0.003377519355234587,0.18957540028229022,0.181514131024164,-0.054694173645217406,90,35.29166831073172,-23.274329644992903,0
0.32029420501620054,0.2653178703192561,0.14540485286014754,-0.14494415007598468,-0.011565664444016435,0.19595923022823314,0.1778305957117432,-0.08231827950369361,90,35.73846477623879,-22.24337993317695,0
0.30403086464257495,0.2256360973338103,0.05663168982519673,-0.03614366936445996,-0.04359797538108725,0.153327849745393,0.13526758178014953,-0.0721949501481674,90,36.922115197465324,-22.227088285276107,0
0.25926903195556666,0.20124314224412004,0.13679518228538587,-0.13219261855131595,-0.0351857001783143,0.10464237350203431,0.08341085935267845,-0.0631874582032459,90,37.758808275586745,-23.00636816763134,0
0.2692564112528668,0.22190001861290173,0.1980696745724509,-0.1954318541041023,0.03221779611751063,0.11018426166399825,0.08754642139737963,-0.06690437668010116,90,38.5495774711431,-23.49924867099777,0
0.23336277350439263,0.24813233801057982,0.13084805269039276,-0.13077891970216118,-0.004252887772264412,0.10069833341606413,0.06927337232755679,-0.07308456909047564,90,37.20002076870979,-23.73429863547122,0
0.2138124699137598,0.2567105999673204,0.13449483257836742,-0.12455276525474643,0.05074907543669257,0.09341173337886388,-0.006424693062383532,-0.09319053198634566,90,35.55845137034941,-24.27992456190428,0
0.26135803887098596,0.24812925187607288,0.1887825952346987,-0.18713469613890502,0.024889229890612777,0.06347231599353628,0.002145378013469437,-0.06343604851157301,90,35.71496402977883,-24.047682664640284,0
0.2710654349713986,0.25323199202757674,0.23504239393795096,-0.23284186814735366,0.03208724646543062,0.06232875326858225,0.002798623361163583,-0.062265891074473126,90,35.52795435783886,-24.33952910165481,0
0.25970238876483104,0.24335153929522357,0.21597486489087026,-0.2119635880349061,0.04143162574650288,0.053942836420242134,-0.028359932960344007,-0.04588620493727711,90,36.32137624670416,-23.89365405129073,0
0.30106768692114405,0.24217715812967133,0.1668660836735681,-0.16486780648192922,-0.02574677196060443,0.08270187701445256,-0.005344031465678676,-0.08252903603827849,90,35.19920737286996,-24.484520416593195,0
0.2764575352095622,0.233676802420839,0.1900611203523277,-0.1860367555020053,0.03890443511823665,0.05160420325457476,-0.020401445480849843,-0.04740015628488345,90,35.726629936589326,-24.214295575114615,0
0.19674728626015106,0.08104515459770595,0.21396833674970503,-0.20466451453119566,0.06240901876447967,0.05836025253619808,-0.055424197609234546,0.018277784205459207,90,34.43496668576583,-25.348330780286595,0
0.22563144155686837,0.25136473631883566,0.2120350674136184,-0.20903302040264135,0.03555370858921248,0.05587076310664971,-0.005896684634290043,-0.05555871921168717,90,35.05293527953709,-24.037584785397677,0
0.20926861332253924,0.22232464393990833,0.17201597834070595,-0.16494672634358598,0.048806498266566654,0.08263949912907505,0.02302425415317444,-0.07936731403414396,90,37.563435671041184,-24.205438847314507,0
0.2834075684677299,0.2423181722072663,0.14747766201019352,-0.1471109465519038,0.010393757578266922,0.10258536792011298,-0.09336632946545971,-0.04250277912621923,90,35.50015685230202,-24.816767471715213,0
0.2517653100756675,0.23909268523957622,0.23968113606855607,-0.23163198781948535,0.06159276910407154,0.04603617067235333,-0.011555167971516378,-0.04456239561922234,90,37.1343014999801,-23.964617465929596,0
0.21364888456970835,0.21791075608552,0.19381852291988122,-0.1823890761850699,0.06557320119684025,0.06799201398215768,0.04230273895430105,-0.05322961809288307,90,36.312084625425584,-23.427809494638215,0
0.22417149152250376,0.209193361954261,0.1225482076061726,-0.11179266076640285,0.050204224784907846,0.10043056650748707,-0.09704500382661119,-0.025856641725247348,90,36.0519648356996,-23.631084711689997,0
0.26137946326055606,0.2245245066114283,0.11041995974185215,-0.10488356731057381,-0.0345254227722208,0.07791618566597527,0.03641576638706034,-0.06888268249115867,90,-69.6266756334462,38.432021447832625,0
0.2987310068251902,0.23004867128454204,0.1922624071156302,-0.18385395515505,0.05623661052856224,0.10817308064573922,0.07179670270916891,-0.08091136419861439,90,40.330313995449295,-20.804646824413428,0
0.2668221576420311,0.25538643357605717,0.22163270515382677,-0.21520936862037351,0.052971536241865735,0.08035214960796969,0.03457666068471298,-0.07253221685923965,90,40.30709452500411,-20.62914568442424,0
0.27510693024029115,0.25361977197877067,0.20161266132876912,-0.19748895350275075,0.04056819508503322,0.08844317360970891,-0.06641931544676943,-0.05840093743887716,90,39.11377954850954,-21.124713739575352,0
0.2909724817393871,0.23456354931435525,0.03803119464611413,0.006337532267319615,-0.03749943267532594,0.18030209218367052,0.15855812797368352,-0.08583801313689536,90,38.91797202240869,-22.49744922656475,0
0.28214873048384825,0.23058483178407072,0.04525414133129476,-0.022403563832247828,-0.03931943075945019,0.2022958070405265,0.1809723799026042,-0.09040238524820805,90,38.20630609352331,-23.101408449082626,0
0.2556773332177859,0.24980142916161457,0.06218168428379032,0.0167409351789265,-0.05988574913703557,0.15831012712396486,0.12897066465996,-0.09180775570274038,90,38.42695346450799,-23.909356569726768,0
0.2800925441667157,0.24727963808312933,0.17416563089771253,-0.17006701438829017,0.037561650696572677,0.10548792183500177,-0.09529177319505429,-0.04524576902219451,90,37.84626233723443,-25.907243987819196,0
0.2528608158398836,0.23442390301736468,0.19171520688227678,-0.1875703230927959,0.03964964621252439,0.06510283195687232,-0.03522891290579982,-0.05474762482775236,90,38.31837462997518,-24.922063497434177,0
0.2930010917203341,0.1951068777748919,0.19464578336204688,-0.1932418313361908,0.023336143692994193,0.15098184572637016,-0.14853502785461492,-0.027071446935289758,90,38.822132325843974,-23.994652115026092,0
0.26859958381404614,0.2454632933619275,0.2390311011866064,-0.2379158302857705,0.023063500036076334,0.07537870271508082,0.002296715075434593,-0.07534370526374982,90,38.74459633952324,-23.294641991919917,0
0.24434398382405878,0.25183227763541377,0.1438211476128533,-0.143333818587877,0.011829579438666053,0.10096419180825757,-0.09105388426097802,-0.04362290898694221,90,38.11509808117348,-23.685940132962813,0
0.24186421922933787,0.1403021253105985,0.3693902768163469,-0.3657238046237804,0.051916041239334444,0.32091816942816215,-0.31750504343166036,0.04667996213132615,90,39.32130410503333,-25.694499670132856,0
0.3227935426140103,0.2702916556600218,0.526994614940107,-0.5166639695117065,0.10383480526431468,0.2876240754563446,-0.28644348679735604,0.0260333949666561,90,41.096905602427455,-25.050923615429102,0
0.2879978316120573,0.2387358530532277,0.3870722852006823,-0.37753269052027905,0.08540504410746211,0.274029104294912,-0.2729380523185836,0.02442886811151706,90,39.414137538895616,-25.254172382377426,0
0.24476070443623943,0.21668876172390314,0.06849253250954347,-0.06608043078385419,-0.01801676100166526,0.08909133514701732,0.05649902336024146,-0.06888487756842611,90,39.842640999104816,-22.976773727422955,0
0.263279232604923,0.22945323445756402,0.029391054784368476,-0.015695809506002033,0.02484905763382276,0.09615366448649151,-0.07066840292993201,-0.06520355835008973,90,38.997534400842675,-25.337761005839955,0
0.2770101713470467,0.24628201845019612,0.19470887919095425,-0.1860131592993213,0.05753826729475737,0.19338445653641004,0.1600582515431579,-0.10853065992073323,90,40.155501791833764,-24.787772214738094,0
0.25890476776271276,0.22450983381602072,0.4965641474837774,-0.4421563336635335,0.2259949759784774,0.2562984560285218,-0.255877816598301,-0.014677926811724811,90,40.94675582313681,-21.50043772705187,0
0.3380021151730474,0.25694226262066566,0.5562907142105402,-0.4786424536252301,0.2834797352624916,0.19597091674977346,-0.19545460663391576,-0.014216080941240602,-90,0.005043224116663266,-32.291834990064,0
0.36340206137047515,0.26151798310275787,0.7347078521449855,-0.6157454448460091,0.4008156373632248,0.26386435152850407,-0.2636497035221372,-0.010640951096922823,90,46.817050685567054,-20.854672714592716,0
0.3788253648293676,0.26867492862834724,0.37343727966590196,-0.3082575527571825,0.2107906141468874,0.18183744168812477,-0.17970056934736395,-0.02779497393262697,90,53.2349142550389,-17.188339506389642,0
0.5175571912303574,0.27308044648506946,0.514994029440128,-0.4593657252433761,0.23281318869558598,0.38082238027660037,-0.38007090227915524,0.023912226166638594,-90,0.010021214858154106,2.1636077190587306,0
0.45963322709896937,0.2805439574430932,0.3605328425179924,-0.2836597122183096,0.2225333642363079,0.17772279606057562,-0.1757613472672482,-0.026331370005959465,90,53.11033612025413,-15.236242149374693,0
0.41107083507145686,0.2832151068916676,0.21777943600866437,-0.20414574256072984,0.07584456831296593,0.07702903254243493,-0.03296239777883028,-0.06962005592567175,90,52.91115409031768,90,0
0.27912306274699544,0.2794141512832146,0.0866071302929924,-0.07003832731562608,0.050945340556488465,0.162217699774858,0.15204546622779738,-0.0565398825592846,90,48.41419261628525,-20.146232556458642,0
0.27415837639024226,0.21171548844610752,0.10824029492290285,0.1046703528744255,-0.02756952437276051,0.13587981088920267,0.11651045911605876,-0.0699187809093571,90,46.63289296242337,-23.31581611722373,0
0.3133632009204869,0.2736307338874737,0.07145510963160172,-0.07126316161905635,-0.005233974447824056,0.13061313106749162,0.08769790691506925,-0.09679290846942039,90,44.816369961070635,-23.055725607197296,0
0.2802806894735927,0.27543746683890924,0.19353829050957191,-0.1630536396877669,0.10426207593338692,0.11752265650552332,0.0686324063389093,-0.09540003979163773,90,41.603164066108604,-24.680791951205936,0
0.28181963643478813,0.26357811426541394,0.12404744400217375,-0.12329618030509462,0.01363159145683398,0.07273296722066323,0.005586340457688632,-0.07251811719158781,90,39.485619128150546,-24.505973816210567,0
0.2797927480429901,0.2362059070896788,0.18086104173055523,-0.15437959818626001,0.09422131435991825,0.06360819996536751,-0.04054093386758249,-0.049014648667296205,90,40.21093755687431,-24.771776362564438,0
0.3289078561748534,0.26101857933667294,0.089798904041306,-0.08961745052621735,-0.005705762718574126,0.1767586867679453,0.15894121464717975,-0.07733901754229702,90,41.29530616669442,-24.20767930773735,0
0.2804165393382631,0.2536507178264395,0.03206176659242917,0.024576995686196625,-0.020589515780320818,0.12270457381265341,0.09768036596222657,-0.07426276684874057,90,39.75015272334413,-24.89384754898329,0
0.24869662734476422,0.22483931498499451,0.07195251305775205,-0.06899088597319825,0.020430902769068605,0.0835442244872055,0.052880124466020695,-0.06467866635627814,90,39.67102523684884,-24.768869960407624,0
0.2656694413265598,0.2626168017679955,0.05162151217722019,-0.0482499282121655,-0.01835006667518592,0.08589747081746996,0.03383899967239108,-0.07895123554454368,90,39.05031760825951,-25.354363260682277,0
0.295468390341965,0.26548758944942585,0.09896547527043344,-0.09261174808342917,-0.03488881500472929,0.06492355316207371,0.0033866158697090994,-0.0648351647498458,90,39.81632909948131,-25.4785632742308,0
0.24687975915992763,0.206618484070832,0.08404922161448322,0.030468466118084205,-0.07833226810460467,0.21220906678335164,0.20957319115609055,-0.03334314882721373,90,40.63092975929283,-16.223390465191706,0
0.27216834655605165,0.19341012100690408,0.07358897263306581,-0.05899140112193082,-0.04399262991526613,0.12243855920251602,0.12112693244126757,-0.017873640282735418,90,39.3924290010221,-10.090626269143053,0
0.26578918817763997,0.18613112265653609,0.07855846819687264,0.056699838216373914,-0.054374270309366673,0.13154106851245356,0.12926284974888433,-0.024375569330691637,90,39.739788881095016,-6.612293402700342,0
0.17964478053148003,0.18515743259264678,0.024719000509139923,-0.014884646083663865,-0.019735153841177164,0.023280530546643908,-0.022940824425819965,-0.003962534188738574,90,39.122244136397626,-3.1118579196482066,0
0.17303240959382785,0.09343752841638767,0.12014230159850793,-0.11475490091831768,-0.03557366088293327,0.0846336807610229,0.08316937436439616,0.01567530181507388,90,39.551867160567724,0.5425812865309192,0
0.24241469800594392,0.21749553987157047,0.19212402442440965,-0.15885919987557112,-0.10805274349096608,0.06622548018508029,0.05720098488149278,-0.0333745644815284,90,43.68145875282781,5.510613765199872,0
0.24673793306748404,0.2416481695906752,0.15349508473787427,-0.1436366227297432,-0.05412265375497238,0.05153459596178476,0.029865317324979324,-0.04199854047491046,90,41.16640523372104,5.267682514602871,0
0.2786234334187748,0.2416796569505045,0.2513464885977665,-0.23058985815958383,-0.10001687179856292,0.08520466186017506,0.027959509939508794,-0.0804866461386563,90,41.31791933741895,4.19697376375694,0
0.33973889454665646,0.2597903829512209,0.2836497653887305,-0.27083858521001297,-0.08428315470199484,0.10074131386136434,-0.0300509644218088,-0.09615483272219397,90,38.619698313096215,-90,0
0.3102669732374985,0.2592344650545517,0.22194980668138406,-0.22105029238992313,-0.019962087071076575,0.08683413613277416,-0.057414730776586306,-0.06514380928205896,90,43.71210118898562,-4.630936773191167,0
0.2692291507301261,0.2505512277181096,0.40505095294625615,-0.4037543231293033,0.03238396265234293,0.25244850098272703,-0.25231594309973115,-0.008179884236292094,90,43.90293935110445,90,0
0.2685704446367054,0.22855932070453003,0.3339934646960702,-0.33160417998788255,0.03987859418596747,0.21814039883829817,-0.21811962998462042,0.003010086494453087,90,41.31050602136849,-22.59430015723502,0
0.25356190230970904,0.24202853300317076,0.2901911028073554,-0.27345532965461505,0.09712393542291681,0.2490612472738703,-0.24890126781516012,0.008925456493754397,90,42.13886522092099,-25.768445950721883,0
0.25394579210566465,0.2369621567295806,0.24460406077124122,-0.22296735510361773,0.10058183287193717,0.13488106923145549,-0.1294483469435002,-0.037894964185441464,-90,-0.04813399942186702,-48.81126228595141,0
0.09633634801439166,0.13522715666613022,0.28630240949629615,0.27276068695295297,-0.08700963933000778,0.1611187458571261,-0.15737909315458543,0.03451190090988201,90,39.77111046443137,-28.700957229469935,0
0.23470802373346505,0.19650896078940397,0.11409634026971767,0.08555922596050944,-0.07548240666527323,0.19607890671167005,0.16546450958955636,-0.10520662395273135,90,39.71137981621556,-27.789412653849826,0
0.2412111531059745,0.23999911281880956,0.08577519246173614,-0.0856542872711539,0.004552660092574283,0.1972738623229058,0.17989306085254458,-0.08096581632330702,90,37.50260065419689,-25.500125355850873,0
0.25064867080851805,0.23839562485732926,0.03040273470043895,-0.022656103869753936,-0.020273806616128986,0.07809567967468654,0.05738482325925137,-0.05297090940653871,90,36.68078899511929,-25.63057354999534,0
0.2492317006525107,0.23873883867292567,0.09068569263701134,-0.08971520134082747,-0.013231685358611068,0.09298258787207833,0.020162663809443215,-0.09077019684619031,90,36.79326221635209,-23.946175132400203,0
0.22430912447046364,0.2376697732541438,0.11270666682893614,-0.11085880631160716,0.02032529977280492,0.12305752534632855,0.10634784147670258,-0.061913578136047275,90,36.44528905821956,-25.15945661463583,0
0.26182115669911443,0.24860113628803784,0.06384703763534277,-0.06316402020992758,-0.00931400911148016,0.14382020314545588,0.11080572029031707,-0.09168611227303847,90,37.20498850943281,-25.356875066752742,0
0.2445397169810837,0.25089997678281434,0.09487993131239651,-0.09188122897029365,-0.023665188119969663,0.06013630418729498,0.01851768314201319,-0.05721425078036827,90,37.47613936541435,-26.07444530249795,0
0.26572816346367367,0.25519893391448945,0.1965294225101101,-0.18676445733308655,0.06117884756380323,0.07177881762367133,0.04092749238124415,-0.05896727081047139,90,37.12052480581618,-26.23830617208163,0
0.25890261242503815,0.2422962314748423,0.15477733925087955,-0.1527285996263787,0.025099792862634883,0.06479627572134639,-0.019300629970609554,-0.061855016208019475,90,37.59803579042179,-26.02539434674197,0
0.26313987136772476,0.2285846688482923,0.2132716918679494,-0.20630233934084358,0.05407549662012343,0.07367537048992157,-0.04209024411793675,-0.06046876521742193,90,38.73685545185637,-25.615128373240744,0
0.2697127464660861,0.25075042355989335,0.07275634236169216,-0.0643599923573548,0.03393046916287768,0.08164308035429528,0.013585191621289534,-0.0805048764880163,90,39.2627857791712,-25.856697196162774,0
0.22956168723063913,0.247658911062644,0.2457496085787496,-0.23480662154154405,0.07251703659730409,0.06638114391098655,-0.03210753868038932,-0.058099588869616026,90,40.37409567450766,-25.650520788072917,0
0.25611033672041106,0.2505328100312408,0.2685687641698587,-0.2564801916819635,0.07966864102335654,0.15991768846890028,-0.15877115184530935,-0.019115136069355255,90,41.67078031075,-25.398845155429463,0
0.29990532235767225,0.26206736873198594,0.2997890076681754,-0.27590055125205437,0.11727034977982226,0.2644337191187852,-0.264318057427854,0.007820250926809245,90,41.58683615321729,-24.576689465749133,0
0.30647891845831654,0.2432705682560109,0.5697626941434635,-0.5086399796571831,0.2567389700297918,0.5667313826057121,-0.5566039449059554,0.10666071697354194,90,44.72239318577145,-24.523814733101144,0
0.2712164215550072,0.2581083382928441,0.4845402957237883,-0.43898336849118336,0.20511679689442835,0.5309713807450482,-0.522322103370894,0.09544751175650519,90,45.88790279242247,-25.432442607505262,0
0.32061346218502645,0.26385370881176806,0.5507452658994368,-0.5373137867321938,0.12088938124646041,0.22522555272389988,-0.22483082807588026,0.013328478776671022,90,45.70617882238458,-25.77378579118314,0
0.23771678929072812,0.2608145875283083,0.7510382310010294,-0.6074821485896174,0.4416150626621533,0.2981377951244127,-0.2925564328642797,0.057418450618024364,90,47.315524774519226,-24.866253496549316,0
0.29469484172138505,0.25429924252724373,0.607047177974826,-0.5355477000008236,0.285823262368597,0.27684544911917097,-0.2733818948269902,0.043654808197951755,90,46.306399903740925,-25.319073083196532,0
0.344186536479694,0.23479968470236418,0.5504332927062224,-0.4713164697032966,0.28431952994093707,0.22656663042742484,-0.22232985208247139,-0.043610490667082565,90,45.29718096621858,-25.027562613737746,0
0.3496014529881462,0.2148966497153494,0.5702008691906123,-0.4673143709203026,0.3267205380093079,0.20216438654625565,-0.20203469017630027,-0.007240383483644963,90,44.42108958479218,-24.350284162324595,0
0.31890131785391596,0.20626003236911408,0.47311876303137695,-0.4115078018999351,0.233458118102207,0.35252714691179293,-0.35058581283109735,0.03694559718461206,90,43.15294412659307,-23.222751786460385,0
0.2811524879220326,0.27858231742432893,0.3959807093382711,-0.3406143966537579,0.2019469112421301,0.22160506834605911,-0.22128135276556707,0.011973689277002325,90,43.474620155174364,-22.702262404250913,0
0.2850134029407356,0.23535716311584245,0.4464967060072836,-0.3706753463134944,0.24891584142180584,0.21054651454045406,-0.20963937636610397,-0.019523490004726342,90,42.86262139068564,-22.92877635445762,0
0.2903676423760111,0.25356293059087354,0.4770745073194087,-0.4277264267363853,0.21130591426976247,0.29332581309411354,-0.29239045585596973,0.023406280175650114,90,42.66240437653713,-24.03496602896642,0
0.29888763459417567,0.2508866495955047,0.5585586005374391,-0.5002943252867186,0.24838135662776598,0.22876550792792685,-0.22859430199326258,0.008848882061336312,90,43.037632079473404,-23.89508893234225,0
0.30191893208064574,0.26064988158542174,0.3708497131463461,-0.35324404533824494,0.11290772415472371,0.14443648378818427,-0.14126738619983403,-0.030090254989969166,90,43.86021779669197,-24.513600136151926,0
0.3214266390650507,0.22138030338480894,0.3342092792240962,-0.2853770496424999,0.17394189218480996,0.27427524217471194,-0.27392711630697764,0.01381460899701594,90,41.38748760525277,-24.50050570207139,0
0.277178065964078,0.24661774786265064,0.11363173454919931,0.07510266379836861,-0.08527462100208308,0.13632287485383784,0.12045301802979272,-0.06383570048123195,90,40.76397406957554,-25.13666391124594,0
0.2971687412513124,0.28750652046094277,0.0019077081471620071,-0.00080987066203326,0.0017272694883908842,0.12430587620478109,0.054302866846055835,-0.11181748303077607,90,40.04707512626057,-25.42471814880871,0
0.3009191112296763,0.27379485731742126,0.030799447468358835,0.023275458354379303,-0.02017074621202077,0.0930897304109609,0.03372621408334265,-0.08676543316084995,90,38.60856896951032,-24.974906079465864,0
0.27860395392777676,0.24899045955670132,0.06139922188602325,0.05235664424543555,0.03207251551665409,0.17608912885021974,0.14862981312524035,-0.09442753808919001,90,38.24765258484799,-23.077703072432424,0
0.2328643941194626,0.2378717230139957,0.0607415876409553,-0.05447805598823963,-0.026864137523584884,0.10097413460044714,0.0922656230891399,-0.04102231897738099,90,37.76521413979754,-21.265721438655834,0
0.28659004284575906,0.2506750978180298,0.01795887065822648,0.003489099966306946,-0.017616674395129883,0.20297647260580487,0.1959585243448869,-0.05291224024806958,90,36.239013124280774,-22.071737533821263,0
0.2501657839565743,0.2508843326458377,0.02063664833421236,0.015314526115688941,-0.013832445348593686,0.07612581160897253,0.01965366253451483,-0.07354503886805815,90,37.12956582900812,-23.523342687646355,0
0.22130972039151758,0.2474093249949675,0.1296523242543373,-0.12786286171963976,0.021466573490338408,0.08980841378518173,-0.06241666892176973,-0.06457329654989441,90,37.77665047627031,-22.686904250864973,0
0.2772645456336732,0.24408757046445503,0.1565925957611232,-0.1470425781004393,0.05384906009191571,0.08354812872473122,0.011784425913717565,-0.08271285945539764,90,38.69755137847707,-22.821228293318924,0
0.29166552422997216,0.20417277990591232,0.18244555011843902,-0.18081177833113848,0.024361436221025226,0.10605651532504251,-0.08321826143281537,-0.06574728440772723,90,37.66289884292369,-23.725974611038367,0
0.2275104445516468,0.23641080602340092,0.16648950414098593,-0.1582469262482452,0.05173649893541117,0.08945876375650987,-0.08372294293564557,-0.03151728476626243,90,36.71222200491683,-22.80748012494578,0
0.2826146563022331,0.239922711490352,0.1937145957413912,-0.18664681445385647,0.05184892725484582,0.0795376485917005,-0.042412952081292976,-0.06728580117117415,90,37.909034018385626,-22.124219521082424,0
0.28939643705855267,0.22391964411543772,0.15273927483706823,-0.15253929036627475,0.007813512162067467,0.049481040572263525,0.006997489499267223,-0.048983757683763236,90,36.2174798548113,-23.118723803726855,0
0.23618864187279434,0.21757362719624587,0.047269415618477334,-0.043183882350726475,-0.019223682218320277,0.10451481470768086,0.06911582672628834,-0.0783986542570888,90,36.315050791677955,-23.870691147840137,0
0.22627086353605058,0.18810397340330906,0.09016908154968942,-0.08931206423587372,-0.012402356608391295,0.06415400877832193,0.00321356048573134,-0.06407347244635297,90,36.599689225036286,-27.42055114288017,0
0.29737634362769544,0.21694473990114438,0.10074237713629872,-0.10021282852471952,0.010315791300109014,0.11377327863697714,0.06865586081150025,-0.09072338016211225,90,37.50295579015345,-26.816735421649664,0
0.2505523721542822,0.22900471401275974,0.05768816501342538,-0.048716022454681526,-0.03089779181124698,0.11472530956424148,0.0645181635328783,-0.0948646574281266,90,36.175538089872624,-26.846287761970448,0
0.2250472217923235,0.24273247327035935,0.04405627255399467,-0.025194019204625356,-0.03614161794481305,0.08914899881736572,0.025458928404196945,-0.08543644980129178,90,35.528563764691405,-26.549645847147694,0
0.20810426752345207,0.2417155499160353,0.20769558074267622,-0.2048374546230913,0.034337609753309135,0.10006211170104579,0.08365909123130173,-0.054896107807615065,90,33.97575299121575,-26.57224202424393,0
0.14773933097754277,0.0714301147551784,0.08082284550802903,-0.07915104704339375,0.016353718474683275,0.08933975547809295,-0.0842803340482231,0.029638103880062314,90,30.684272786947727,-28.268575922380364,0
0.17601002856763895,0.20076820074243792,0.10834042620797509,-0.09471393006529429,0.052601515211182254,0.07817355575138013,0.05779243447302692,-0.0526416122140558,90,33.241957151214976,-26.97958256622262,0
0.22477245454109238,0.23939563525814175,0.09758006299179363,-0.09699443129295897,0.01067468929936014,0.2047512867822021,0.19405294048440488,-0.06531880072631145,90,34.042119778212154,-24.06611668521777,0
0.2793521308827063,0.22240896625171036,0.14691151601970767,-0.14065622119501922,-0.04241250969167766,0.2548346360642833,0.25375527767998435,-0.023429698836513895,90,35.082890082272826,-13.658529119931629,0
0.23209737981023496,0.2429645024346771,0.06781385425101145,-0.04368090165901115,-0.051871935173398165,0.14753579194914113,0.14603234289836556,-0.02100868234027165,90,42.45041861880971,-6.547324756455557,0
0.1733356771472388,0.20694869283541042,0.10812445093384994,-0.10058733714858051,-0.03966212923059371,0.12931958178997102,0.12624321252077667,-0.028039356746669866,90,40.78817658240237,-5.544477511914017,0
0.2538266247540991,0.20761174765813972,0.056927152480492765,-0.01805934408391496,-0.05398667225154778,0.15227958326754362,0.14973517088484886,-0.02772093216726039,90,40.156334094346086,-4.304988094003121,0
0.2649463039180996,0.24347384415285897,0.08087781439674263,-0.015287483709099908,-0.0794198571104101,0.16202602004776434,0.15601076612557302,-0.0437386788258435,90,41.02282585592151,-0.571103238078953,0
0.10248835531339201,0.1028103388661108,0.12295181503690929,-0.12271477561169772,-0.007631033183064449,0.05029409172941007,-0.03433526193120505,-0.036750312257202065,90,40.41089346714479,-0.3485177063203569,0
0.20097742013806832,0.22270739751518237,0.20741193820219272,-0.20488112184499013,-0.032302291255087774,0.09602897243458779,-0.016342955169004605,-0.09462806858002928,90,42.69323218524976,-0.8884633430589013,0
0.2406236383996695,0.22421035910140902,0.19911805450810705,-0.19335087053039657,-0.04757562922580554,0.1167137360697889,-0.06999552563836002,-0.09339551690513859,90,41.88285430071016,-2.0104109876573544,0
0.2295971195964128,0.23912920685050942,0.21987103328947735,-0.21409292191878462,-0.05007486459352276,0.07080791090064958,-0.0012298565281371873,-0.07079722945874738,90,40.76653925966847,-2.975156818961876,0
0.2800231269825331,0.2572167597414425,0.26412556933185216,-0.2593878934061383,-0.04980197916951552,0.10105496784044081,-0.03869495511873659,-0.09335313049700844,90,41.70138145780801,-3.320799645267338,0
0.2917222999694306,0.2712739993532605,0.16847688416041665,-0.16421671459481602,-0.03764745866704938,0.08348325081123656,0.046256035301755566,-0.06949699536076774,90,42.88437810264603,-5.242906586631019,0
0.2618597608445822,0.2447614458557573,0.25263326091042476,-0.25149713364956755,0.023932327180746636,0.08274597422344047,-0.02930851304363915,-0.07738156959739903,90,41.883894426838914,-5.200170523843001,0
0.3015482447882822,0.2530516684089287,0.23442338407685132,-0.23431373097609628,-0.007169273192207862,0.07648419893494302,-0.01580530977874879,-0.07483331390174917,90,41.893959472749124,-4.677976353365856,0
0.26260689437891566,0.26710642698475584,0.18572980324177515,-0.184421680678535,-0.022004624694208667,0.059639275664274016,0.022577621231403357,-0.0552004911326933,90,40.97511778014623,-90,0
0.30265201046338597,0.2792404634379224,0.22177863361831765,-0.21664730302179513,-0.047431091311400886,0.06875328958149972,-0.0024315388357333376,-0.06871027905028387,90,40.133333200509284,-90,0
0.2948659757209553,0.25416548929458727,0.2298964035880801,-0.22588198025240389,-0.042774845177814935,0.1182156928991178,0.08554958960129036,-0.08158564681774193,90,43.16511125571978,-4.415504618055681,0
0.3190038772859344,0.2587862491653512,0.42303185333684334,-0.42252548549429353,0.020692101039190346,0.1254045970443204,-0.12527055242536003,0.005796693444843544,90,42.866092311647385,-4.809307797170344,0
0.3242263212345306,0.23558113181758797,0.5001470272718282,-0.4989869945659401,0.034044502388746546,0.29694367560607043,-0.29413090551676474,-0.04077446385093503,90,43.151861767392404,-5.667345507843215,0
0.28942639139995485,0.2545776861995668,0.4944653803227001,-0.4936719732979673,-0.0279999128170699,0.2142666486440467,-0.21138633096611978,-0.03501450844769119,90,43.811879877395306,-6.708700771912635,0
0.2872043032877328,0.24976668114837902,0.04020190538232807,0.039680752849859134,-0.006452212770674477,0.1690538676014774,0.16271680831013022,-0.0458524856946947,90,43.49226007835957,-5.724866632157997,0
0.33368750042657463,0.25704477686978683,0.08569958173827127,0.07512660516413447,-0.041236046205072624,0.23486109648655865,0.23379525787445246,-0.022349765955975542,90,44.43883545671926,-5.466905454439474,0
0.3109663763443682,0.24258475933482773,0.08540122513148408,0.0686775329012414,-0.05076185308435198,0.2456624052342258,0.24535600125467172,-0.012265805875787445,90,40.19273685364699,90,0
0.26859273012137125,0.18197740394590264,0.041351469544780244,0.028789412081349025,-0.029683560863265086,0.1964231132051217,0.19525468904513224,-0.021392657784407486,90,40.81394686294125,-10.316554854412573,0
0.2515742608554532,0.1983016855591403,0.04773145705215036,0.04514335374535984,-0.015503857743883617,0.237809498254809,0.23775907503719212,-0.004896906948559353,90,40.54896035742247,-11.674535807241579,0
0.2374010654546665,0.2757770606143442,0.2229391096275285,-0.22285570118387846,0.0060977906947550726,0.0388000875798377,0.002622120295117942,-0.03871138438962118,90,40.1790412864997,-20.135012495775634,0
0.2975119670617629,0.2536042402548387,0.13115328804361098,-0.12554112639539666,-0.037955375746070864,0.08987892176257722,0.0632322495708816,-0.06387411988755087,90,38.28937223792831,-23.724708605422396,0
0.2757159843210646,0.25622561872091454,0.10555912196932292,-0.09322534480919427,-0.049515283662130295,0.060934726737694116,-0.03188492119790919,-0.05192680158454375,90,37.77998916050407,-26.504870273560165,0
0.1830842739934745,0.19619124100507762,0.04751467865709095,-0.047197935152559094,-0.0054771895367460785,0.10470149175371031,0.06795267995317922,-0.07965447672687999,90,35.04918590195425,-30.467275852039425,0
0.2514142897194391,0.22801666192928705,0.05167065895683322,-0.027642197421203916,-0.04365507895721364,0.11345028110176322,0.0702553548725872,-0.08907946673502223,90,35.73133786111784,-30.498916013551,0
0.22676617628178838,0.22877683112615904,0.13124467442584845,-0.1290896615984456,0.023685941685855878,0.05764399750406349,-0.042036941945506,-0.039442692100294524,90,35.16339745122476,-27.614471916677076,0
0.22385106870101232,0.24954728488330372,0.11124747388156071,-0.10981411762616528,0.017800562210651294,0.09030333399558133,0.026305370941279202,-0.08638703369348447,90,37.5577506116696,-26.04369243879228,0
0.24689410127262695,0.24064288994540659,0.09032017167308166,-0.07817900799619311,-0.04523025668494616,0.13316205737470366,0.09302807614696855,-0.09527806973620787,90,39.1725361221493,-26.54640242531514,0
0.23138252780040847,0.1765094686932863,0.1071555216078105,-0.10714386818063742,0.0015802918503028326,0.1817000396200833,0.15608785898735159,-0.0930133575067822,90,36.299130880736016,-25.323953730100524,0
0.1496760623173812,0.18818792058742598,0.20791552152794077,-0.19695607774651536,0.06661206745736237,0.16345326994686404,0.14493942027202206,-0.07556147105193609,90,34.977343215000445,-25.727671153638315,0
0.19458882427400936,0.19278781141790088,0.1446317216837248,-0.144395341726482,0.00826560372210747,0.16986925688547516,0.15578057431954004,-0.0677346078419135,90,35.59649856330767,-26.44156520365831,0
0.1578341470832707,0.1939579997959056,0.218590392753649,-0.212130131208416,0.05275004490703995,0.1652623176182862,0.14526444632067553,-0.07880275540686942,90,35.963630076281014,-26.4053388066012,0
0.19572248328335412,0.15816994050814007,0.09481614201861133,-0.08941236737579178,0.03155201019824121,0.05169283609627203,0.010112305064741327,-0.05069408831366485,90,34.28374464234985,-27.12097181685476,0
0.21629339270948983,0.24555455945811783,0.2911196218261195,-0.2764970410685855,0.09110444825857723,0.06309581455347836,-0.05009327371443741,-0.03836333852439574,90,36.30511569722767,-26.053869240164506,0
0.2559056276161498,0.22480747084552452,0.18049719517831736,-0.17480016653878508,0.044990435041824026,0.05443517089646146,0.000590386349071732,-0.0544319692321139,90,34.58085425770837,-26.34461551409731,0
0.23570155353410474,0.20983753202078145,0.15623780856861397,-0.14922289001484929,0.046290192502721886,0.06211039735483825,-0.005965816022181037,-0.06182321973793816,90,35.267827591998525,-26.272516496410468,0
0.22458733535685596,0.22643274786591638,0.17413928386907265,-0.17157322641350872,0.029784528945281837,0.04921901421032292,-0.013617889963698166,-0.04729761550831688,90,37.218627074326875,-26.76975355246304,0
0.21484747717672947,0.2206185742997088,0.22023001880681067,-0.20842166953131103,0.07114540641130071,0.04533179021576925,-0.0016301469091478205,-0.04530247040969299,90,37.4333465600144,-26.785636787320822,0
0.24745788419925235,0.23328135641684422,0.17854621836730003,-0.17796144089083607,0.014438755116735128,0.07336811420721384,-0.010166220358153913,-0.07266036158699067,90,36.65234508531464,-26.752690060633146,0
0.22618217161746024,0.23517774924026355,0.15693632914058395,-0.15119043530707657,0.04207687816103276,0.07400473928851632,0.025602439305625165,-0.06943498065646055,90,37.0933103754788,-27.279330670963557,0
0.25206599091091947,0.23895631085260893,0.17831119705174076,-0.17685290802412199,0.022758117616274023,0.07665746801301625,-0.00291116377614803,-0.07660217051516917,90,38.27694214191921,-27.042309044240476,0
0.3273168277807265,0.2517643942453376,0.17721627842519302,-0.17451432682037282,0.030827894402758696,0.07529440621095393,-0.004511702029740352,-0.07515911223168469,90,38.16265476224707,-26.164341312032526,0
0.288317406142401,0.24360506739339274,0.1047414072829324,-0.10470740941157371,-0.002668485324338387,0.08983047838247749,0.05183677517755134,-0.0733652750667286,90,37.922111155601584,-26.401465068323056,0
0.2526086464890973,0.23826469087800256,0.14971813592138847,-0.14971813122001623,-3.752014597474473e-05,0.12702130809285003,0.09273228704740638,-0.08680515911267114,90,38.2441662828406,-25.42548517227173,0
0.18181107618892947,0.14633352036875308,0.14486017641047239,-0.1448597970716121,0.0003315147727492288,0.23460079105366022,0.21958682645126262,-0.08257818605458839,90,36.81086740805734,-26.59911378940116,0
0.24431750672617536,0.20231869785364937,0.05975081758269636,-0.050748803615693484,-0.03153916824167107,0.18014837727923705,0.16394236753291208,-0.07467488174778654,90,38.458630780120615,-25.113394237783474,0
0.24634656423100315,0.23139208111123086,0.22706494483590237,-0.222948930608301,0.0430379311067153,0.09843151934852849,0.057923604878035835,-0.07958404362177711,90,36.341204320383106,-25.492107967489456,0
0.23634788388783648,0.24273437639509224,0.2137410153090055,-0.21073796545746398,0.035703382755325086,0.05904882711901736,-0.05065170027023914,-0.03035077007038629,90,37.07408634665622,-27.420484342880098,0
0.21943129146132495,0.23468380471830463,0.15196643849505287,-0.14852256699883332,0.03216901492038202,0.05565488552731665,-0.037391913007138004,-0.04122270156995225,90,36.61959086090171,-27.929785380530028,0
0.2720186350313717,0.2660787906840961,0.23111770022110076,-0.22619242465342299,0.04745922865888325,0.07602104863382715,-0.025652706111854967,-0.07156213038000973,90,37.704131490305656,-26.11083377475303,0
0.24609379013655047,0.25078103965866605,0.22431716510331765,-0.22014874810960766,0.04304322555015586,0.11152365142173584,-0.11149201733930836,-0.0026561054286697006,90,38.60738893867816,-23.811294089748934,0
0.20821577520863707,0.05184445342932686,0.0692178345902115,-0.06500464806583371,-0.023780335472717365,0.01580516327417472,-0.010474017917197466,0.011836305791654246,90,36.09197658532047,-24.509559193524392,0
0.20781052909141615,0.20844601169142404,0.17141890432305606,-0.17127921575720612,0.0069188878379032245,0.06308321796826195,0.05893731198983129,-0.022491901756955462,90,37.49589486159371,-17.732882540719356,0
0.12605798905929202,0.11513214527126421,0.048958747006394306,-0.0195988550479144,-0.0448647276738304,0.12357361427694818,0.12357063058132092,-0.0008587218424400104,90,36.76806192983875,-10.340786167423708,0
0.20086584061497245,0.19781588241442324,0.04937144330323834,0.029603067184063424,-0.03951199599034077,0.14919779249718892,0.14875220157929556,-0.011522317967616878,90,39.93674421736236,-3.891036855788765,0
0.22353038163661534,0.19932632583196871,0.08076972301426019,-0.029410571562925526,-0.07522477275567105,0.17434582356904804,0.17411988910418114,0.008873016077822007,90,38.461122747298006,-3.310746404565161,0
0.2016997736679799,0.20548182629710648,0.04947382921713483,-0.004620968340716984,-0.049257551999671224,0.10801305117032906,0.09966327489065645,-0.04164193632858072,90,39.92977807881447,-4.3175017559569575,0
0.21709595764830467,0.2113303565904693,0.06625210414473742,-0.04653338982151189,-0.04715914476879694,0.06263471375019618,0.04585530121289716,-0.04266613079766533,90,39.72766113700304,-4.8960153613782005,0
0.20400730763490316,0.2165975038161409,0.20267071539071163,-0.1872861283317996,-0.07745530976936006,0.032158051362568635,0.0030760597782500234,-0.03201059392885791,90,40.30594761338499,-1.056480844600476,0
0.2237503004459224,0.17421790194948703,0.11713697566543356,-0.09430099897083086,-0.06948663656522548,0.10195132053287706,0.10138348536120499,-0.01074526195175232,90,38.12086406623331,3.7098590799731967,0
0.27239673508807516,0.21289169261971602,0.14440056477472532,0.14402739539224524,-0.010374607644893988,0.1982192416507394,0.1971561387934054,-0.020501821789042956,90,40.91018885813086,5.127064708202992,0
0.25138970646710757,0.23903408934468365,0.098904708557055,0.09738289592250662,-0.017283314395746877,0.1581580740160909,0.15679495322641646,-0.02072001494220422,90,35.974237104327926,-90,0
0.1173658541536203,0.11728459002807792,0.02040267817448297,-0.020012173496509696,0.003972680283778021,0.04231887022893526,-0.027219158266287746,-0.03240376831061848,90,40.304689610840775,2.7184227470019895,0
0.22522736584398295,0.23031071855267243,0.08849978149354615,0.08487915263947281,-0.025054755468982174,0.17553141253778765,0.17525936533878128,-0.0097689123528969,90,40.818071052807944,1.7785373666772568,0
0.23684872016659933,0.2427083809298385,0.0665927191883175,0.00377952058616823,-0.0664853778889226,0.11776189596753359,0.10431948117195186,-0.05463799035362647,90,42.80985544019595,0.920510655630727,0
0.2334207152862592,0.2645040379364951,0.19923938103763916,-0.16061023570205735,-0.11790115836577325,0.10692989467349309,0.04142347360408196,-0.09858041493854776,90,37.03620959421724,-90,0
0.23566134127380442,0.2678275116997662,0.2245997159823112,-0.20390729564747676,-0.09416393790123354,0.08580338422910025,-0.029425790176011123,-0.08059989837266532,-90,4.227584081831047,-90,0
0.27452162363288185,0.23141347898014877,0.2871476532793295,-0.2720855158620784,-0.09177824819581552,0.091684437534345,-0.03557592527985206,-0.08450082618810063,90,36.97320105471554,-90,0
0.2178690803886897,0.2442120512192843,0.26471587399241137,-0.2564326737064941,-0.06570219021695502,0.06537893797630506,-0.0012118393820342841,-0.0653677059121834,90,40.89911365420459,-0.14642921718852062,0
0.23802209572402344,0.2464119674790536,0.23646434050663437,-0.2125022626588844,-0.10372161151896957,0.0646642837844102,0.01805047579566059,-0.06209387989891602,90,39.72100529004682,-1.0831580358010535,0
0.27236738194342075,0.2652620676668518,0.20244701666639434,-0.19650280982630738,-0.04869743614903586,0.0817846590935003,-0.0034154877168141944,-0.0817133092384365,90,36.6062428083921,-90,0
0.22641895085221628,0.23224769029673928,0.18544584560957866,-0.18344824827782222,-0.027145936300856936,0.05825311145698592,0.008863182957982881,-0.05757489889069147,90,35.596943592877125,-90,0
0.22951186442069346,0.22720222536591825,0.20156480027757037,-0.19181962846949577,-0.06191606289777669,0.0641263012697378,0.005426234569382199,-0.063896310479833,90,40.025382183551834,-3.630394627877577,0
0.23830525952305484,0.22212699819448106,0.2891735755173654,-0.2890153729009797,-0.009564047490737443,0.054342250910625195,-0.02954517971174101,-0.045608799478108086,90,39.49845542805178,-6.878553025437282,0
0.2572174904169722,0.23934335975071735,0.2596057017951569,-0.25893602578840547,-0.018634778063130405,0.07855211164451517,-0.04906752666067461,-0.06134176449382884,90,37.69527079891026,-6.205256301017879,0
0.2542619902731461,0.23333452763412754,0.26538651821631837,-0.262848622695715,-0.03661428133865165,0.04525760754740025,0.03093968699902131,-0.0330300894536647,90,39.669302706607745,-5.882793744137484,0
0.1413778142533621,0.2459705924323696,0.2094883830173684,-0.20948393744575416,0.001364760585233397,0.07656046563300413,0.05841888747818723,-0.049484729803781956,90,38.709873278923865,-5.259499004602746,0
0.24662018403444058,0.2077071594469611,0.26659466140475485,-0.25753067187737877,-0.06892507912147618,0.05050124677323664,0.020096722969803187,-0.04633031028955374,90,39.192781360977804,-5.958021365836526,0
0.25960809050573547,0.22861483949512332,0.20937137134612904,-0.1986744260711871,-0.06606696273208777,0.07743591093561825,-0.01900924145391388,-0.07506643085811263,90,39.2081793815781,-6.117591123817777,0
0.2464568027041554,0.2651623719277225,0.2854055882616981,-0.2849901228000808,-0.015394145556049304,0.06336333110210751,-0.02191019865953888,-0.05945464593330656,90,38.89292128294378,-6.552134511219411,0
0.2518954278465262,0.20039065769542364,0.17914758168397754,-0.1658174434463212,-0.06781173550458262,0.05547857608948835,-0.013451462440986316,-0.05382314152031524,90,40.13523635268062,-6.178966973004268,0
0.2921097626872863,0.22362790225252285,0.4926153143592226,-0.4924527712949231,0.012653694527128386,0.2615345448961652,-0.2615343306966277,-0.00033472542667366045,90,40.40313714714565,-12.519735459219538,0
0.3075107667395133,0.24395429955417133,0.2864127140695282,-0.28641253642335696,0.0003189987657269754,0.18615901463636597,-0.17891858983202633,-0.0514131981392117,90,40.21197865708145,-15.5804889866146,0
0.15562216132897755,0.15945595170025798,0.22232896108474445,-0.2163924815651684,0.051033918711873016,0.0091441643576763,0.009105693581374738,0.0008379058433430843,90,40.28434829960689,-16.417920356321506,0
0.2265188873340962,0.2635658355622419,0.012811848982834302,-0.0029503888864443927,-0.012467504953987296,0.0837822379937113,0.03382287787484902,-0.07665165579097381,90,39.824053704030355,-19.172219489907956,0
0.26690704158418616,0.22705882975782002,0.1641696495062386,-0.16316507730453084,0.01813370803800756,0.11873022013642903,0.08697487321924639,-0.08082225313699758,90,39.73720857594711,-21.28799697873972,0
0.25776886567435014,0.20253768466548652,0.19815906392125632,0.18147543670236543,-0.07958442365082699,0.24432613345485882,0.22988455702026828,-0.08275475776410982,-90,15.360318325583707,90,0
0.2603969680074505,0.22867544604482357,0.07567913657348678,-0.0676738940171042,-0.03387588790083905,0.20937699530561726,0.1961326749934038,-0.07328505961749848,90,36.71271632792554,-21.497015957058224,0
0.17076800266753547,0.1570659054059466,0.16333940858401474,-0.161856637139973,0.021958857217870328,0.05795724095977984,0.053507980387160994,-0.022269661303153575,90,37.95951347287942,-23.99317258613091,0
0.22892536912824887,0.17234659194654472,0.11482216973139052,-0.095081643818862,0.06437089148464012,0.18195388748477703,0.16628912034422644,-0.07385895765556319,90,35.88444372948365,-25.27804145641967,0
0.21557152191879417,0.23837438704667782,0.11106979166483494,-0.109837142861032,0.016501535340539816,0.16665192583470437,0.14823356944201344,-0.07615558597303017,90,35.913894914435666,-23.756766977176806,0
0.21990642918043146,0.21596130498725902,0.039181442589103575,-0.023962781318022958,-0.03099952507487541,0.11029648647117049,0.09303739181121128,-0.05923984008125151,90,35.07622382761447,-23.75319834594896,0
0.27775595476501463,0.20998525594311637,0.08029767193687015,0.014765269498599527,-0.07892846720363288,0.1575066932353437,0.12331209669131578,-0.09799227124382946,90,35.17624308202421,-24.868888168870427,0
0.2871843831897562,0.22330729028683582,0.034388113933469765,-0.03195761735634535,-0.012698546090270015,0.15753506105845158,0.1298690659972114,-0.08917018088857967,90,35.47040043341467,-25.69438894106459,0
0.3027694671676635,0.26804375814070175,0.1382528382140299,-0.13822750941886178,-0.0026463019656111607,0.13608516879796012,0.0872458013583122,-0.10443822725475203,90,36.72963442818141,-24.50820102469261,0
0.25822550672219474,0.2071832910165358,0.07641048812771178,-0.07527318586448059,-0.013134313294822189,0.0573976638033791,-0.00911844982662872,-0.05666873637946227,90,36.49015607786402,-26.75245949583853,0
0.2618643990216057,0.2568143876889727,0.13888465141860173,-0.13833661401872374,0.012325892320686387,0.09861512753314755,-0.06792356352403768,-0.07149358640168343,90,38.35054214199644,-26.166570840755714,0
0.25897992629244554,0.25074711682661344,0.09236734757812237,-0.09107123234726777,-0.015419388359063955,0.08727973619372695,0.014258746244277531,-0.08610714549668844,90,38.404380485223655,-27.276649165230218,0
0.2553564716106321,0.21956042328192862,0.10966062037213134,0.022926014744913584,-0.10723735127424917,0.16048057539755212,0.15061081364111453,-0.0554111712048291,90,38.06226939029172,-24.447070804240276,0
0.2248181225131791,0.18471705589592205,0.09862260650950082,0.05661745725770739,-0.08075197860362003,0.15064201174669625,0.14775656242372384,-0.029343039444065338,90,36.65146142091841,-21.280437157711667,0
0.3106736043313291,0.21372565675213415,0.10177073179482259,0.10173094760090905,-0.0028453734859961903,0.35680832515050775,0.3568082654160394,0.00020646430116869272,90,45.598273360529454,-90,0
0.3278971665022035,0.2028250637934523,0.08605836367556764,0.0842529766408392,-0.017535047353071678,0.29847534232843864,0.29707472183395195,0.02888147547059688,90,42.061550932956926,-90,0
0.31898971402098864,0.22499027401566551,0.0689679907378207,0.05565157885209776,-0.04073678334970579,0.16866206920108745,0.16737794511760035,-0.02077298908202604,90,42.39259488788659,-5.616450946155371,0
0.24416361389790983,0.203326028286227,0.10983940619205668,-0.10897474204623837,-0.013755026302389454,0.07310212968851611,-0.06278644158842608,-0.03744040755199906,90,40.00941022739169,90,0
0.29173246229862565,0.23484724729234557,0.17307555252437187,-0.16687233575421523,-0.04592135060676092,0.09405139205268827,0.06915409473881197,-0.06374461175584875,90,43.026963152638224,-9.631204613143371,0
0.24112333909789194,0.20851696367135392,0.0904695500571543,-0.08012640453785602,-0.04200593747769231,0.1294031972374281,0.11838848051979377,-0.052243230523036505,90,41.30914629811171,-7.580346431255441,0
0.27369626001242786,0.2372964899718561,0.06752946588178303,-0.041859923421095374,-0.05299033471737019,0.12498934555973384,0.10567082237414986,-0.0667533804553854,90,41.609781956621184,-7.590569128210045,0
0.2812692948677104,0.24246609093802,0.1152307443402298,-0.11039234663877137,-0.033040191355207756,0.11073741286526008,0.09003710665816048,-0.06446777514943497,90,40.80829499248547,-7.547452459867786,0
0.2767069552563344,0.22267806887784564,0.16943705449962757,-0.15936001311927575,-0.0575612860882557,0.10415538445640629,0.08349087993328685,-0.06227051532810115,90,42.65588208310527,-7.090114300184975,0
0.2716356769615946,0.187789778261112,0.14631492580507727,-0.14175308215286095,-0.036250809832464696,0.10824945088389351,0.09229553205988018,-0.056563931780314755,90,42.136328653175234,-7.609717563621526,0
0.2792353184829441,0.2158103174229656,0.10090081508719477,-0.06130053996222403,-0.08014498290972458,0.11393653650647244,0.09311323644845679,-0.06566170534782434,90,40.469117966966046,90,0
0.16991872830531266,0.06609490067991745,0.20634659303953276,-0.2063428018833681,-0.0012508277034278907,0.10967716438037246,0.10966931237758736,-0.0013123677633986401,90,39.10320684790679,90,0
0.18885196682509023,0.21117476312568703,0.21884503702924674,-0.2160072478611743,-0.03512860805345959,0.036729245303683655,0.026083725897940963,-0.025858783882063203,90,41.08728242402178,-7.466113420329474,0
0.25682388702358344,0.21393958496299825,0.17573672394983042,-0.17281965514968478,-0.03188672041090034,0.07780749441102494,0.05491500626624916,-0.05512121436706101,90,40.407400666191776,-7.683562807806705,0
0.24342569939818118,0.23760641426484458,0.23212060420065136,-0.2287592222982927,-0.03935979049684759,0.0999094527518907,0.07178435000209456,-0.06949032913980957,90,40.590787831764445,-7.486268789488393,0
0.15713231152538432,0.1635287281384019,0.292632737316466,-0.2915270412780719,0.025414624785371067,0.025916913861585365,-0.01871679960103564,-0.01792673525222894,90,36.769806115534045,-9.857431763675907,0
0.2250016580532481,0.19287163988023193,0.2291087383160936,-0.2290258727555685,-0.006161459351680167,0.10365382007387924,-0.09819412053434913,-0.03319682376965973,90,38.185722837548326,-10.251866747742065,0
0.1733801800827179,0.22163157212947088,0.2027128100053796,-0.20215928071408953,0.014970255890901762,0.052828943133993334,0.021052148692248765,-0.048453114121737834,90,37.44495242026227,-11.906823221814676,0
0.1481444249273202,0.18409990826480452,0.2434729470782935,-0.24299707411585497,0.015215056034178292,0.12097078913403736,0.12072064879704195,-0.00777539566407938,90,36.12725263603996,-16.064844698809928,0
0.12396977428589948,0.20519536536546945,0.2555180044622077,-0.24291100003827892,0.07926977144379845,0.035723263241032435,-0.026266448984038876,-0.024212087773609742,90,34.58322658610164,-21.649151584553657,0
0.211127689670683,0.13906613122599362,0.20375269230925133,-0.19756596406672264,0.04982819950243934,0.13224943977028106,0.11421983639110875,-0.06666140783348,90,36.449734530770776,-25.321959403681188,0
0.1896553135885868,0.19328461956500165,0.17277254014958623,-0.15613958567576572,0.07396472412400794,0.06844908368312899,-0.06833131295044871,0.004013567929889208,90,33.055183701035,-28.135989895109006,0
0.1789911672606374,0.17478717437039187,0.1905482021433097,-0.185887319339102,0.04188701289147198,0.13100061378781347,-0.13099722815317724,-0.0009418221532179701,90,33.42170729791188,-27.134513485711576,0
0.25960439541043717,0.18066434334130324,0.23712832238737142,-0.22528524584312035,0.07400269781334982,0.20060256875680105,-0.20056962468171544,-0.0036354156382597206,90,36.60236824970052,-27.05182887896224,0
0.22856533805119442,0.15870082717455064,0.23937405657549093,-0.232281882045497,0.0578365475699246,0.31060561563253186,-0.3101896327349898,0.01606985395690509,90,36.795737953186794,-29.056821665446595,0
0.20841399095793292,0.15143930668883385,0.19284048516491942,0.17343790397471487,-0.08430151946138986,0.09889885173504227,-0.09610650724273327,0.023334998181108384,90,38.18083790662034,-28.622736266974243,0
0.17506750888719483,0.15178070764769497,0.06783199258143421,-0.05356407038523544,-0.041618140051344094,0.17787375192377244,0.1673715550948141,-0.06021489988851057,90,34.24528499499811,-25.49922491670757,0
0.1923597594795965,0.13890318795525816,0.11410354004187695,-0.11260447225771877,0.01843503939916754,0.11668632183019799,0.10034318123260684,-0.05955622286865376,90,36.08249289281014,-27.272321671170282,0
0.16525041952090888,0.15081863022422765,0.07553930596210295,-0.07435479976675233,0.01332480757393407,0.10290870979320726,0.1024489053136105,0.009717219321669109,90,34.62328268867167,-24.914364676144906,0
0.16915071874774867,0.09710899035709743,0.0629563593457494,-0.05497292188963974,0.030683563042559064,0.20497536641595604,0.18971705424912638,-0.07760373808257867,90,36.54629032744112,-26.39452513621993,0
0.17592836848110457,0.10484322543826541,0.12150585670565675,-0.10140380853631371,0.06693982990795704,0.06907702619555768,0.051410040502517414,-0.046137222321584126,90,35.103948072773626,-26.037792455198318,0
0.2243438494476761,0.194617817572363,0.25164490172011317,-0.24140751991384501,0.07104622362076629,0.1495875138925402,0.12666736672895157,-0.07957262417756625,90,37.435981702340726,-24.089027209368,0
0.2602077563201857,0.1862414086311524,0.16224863395819233,-0.1589703183937158,0.032450841146264744,0.1193005758006045,0.08098913933769092,-0.08759786924175648,90,37.442916301896254,-24.51711818700639,0
0.2301224079544395,0.27525064812780264,0.33620104297708875,-0.3232438659637134,0.09243670491593264,0.2161189633696888,-0.2158164231023454,-0.01143144117328721,90,38.582757792890646,-25.42320988818735,0
0.25341988664722187,0.21663640070827647,0.26602946009981526,-0.24618871661258626,0.10081066140863722,0.1573645866456628,-0.1558858029648959,-0.021522768505700177,90,38.97477334805635,-25.674591462030097,0
0.17400054634739295,0.12410238964490827,0.09435443435875474,0.08565733748414012,-0.03956740853642905,0.1549982137298924,0.1506175845301587,-0.03658947238971757,90,38.700106186823795,-25.956610688266416,0
0.2081751926222827,0.2072209759888984,0.07651713932246643,-0.07443538950599056,0.017726968132910113,0.08307468067064046,0.07135651927370436,-0.042539977969791434,90,37.66995425117404,-25.803721601859614,0
0.19935095782252082,0.2047657733360229,0.11201929968650595,-0.11117998029741542,0.013687055319591253,0.1035561997079555,0.08145688897441233,-0.06394264411614697,90,36.588002659596874,-26.572982317089355,0
0.16464143026424538,0.1426245328481884,0.19910409083869177,-0.19195494500750834,0.05287473948745718,0.08799428038415646,-0.06856814360132832,0.05514891715521858,90,37.704965617261735,-27.15488160491215,0
0.35922774163787907,0.24599305040014394,0.4181955317756092,-0.38278080040833234,0.16842316240897814,0.26170086359453604,-0.26060369615690854,-0.02393857881085791,90,20.30086789615714,-90,0
0.4310700865504347,0.2726362770994247,0.42483991339146643,-0.40592352213785515,0.12535966730039963,0.30739302218522774,-0.3062555552386469,-0.026419783754528012,90,49.68360908430523,-10.918395670173455,0
0.49160667781959255,0.2994397525061783,0.7038565964221317,-0.702529364613648,-0.04320416857771642,0.09893078537267265,-0.08423406893857772,-0.05188373468154307,90,49.614471845306895,-2.7291269575537127,0
0.4325406482472812,0.27726162626653633,0.42736737395771307,-0.37526818686559643,-0.2044912229170719,0.09417278463805577,-0.08219887397886667,-0.045954961463285184,90,45.170688639545055,-90,0
0.4534738422922516,0.18902042044263792,0.5245577167890448,-0.48884514534653833,-0.1902399067337281,0.19768978901042267,-0.19107574233966906,-0.0507081193531158,90,44.003778456012405,-90,0
0.3141116721686642,0.21635689552697737,0.08762379335958966,0.08625548757287371,-0.01542465643993068,0.2220403881410147,0.2217331569071383,0.011676518907913038,90,42.30930331641057,-4.182119935460691,0
0.27791230551158097,0.20473356937827858,0.06382886227325475,0.053345955898176416,-0.035047576926343145,0.2558835757217807,0.25588148673832056,0.0010339578090743495,90,38.67027929289041,90,0
0.20205549679665422,0.15151983355710588,0.29025608597904706,-0.28860073115858165,0.030955022574826973,0.12392629919987097,-0.12384943718413768,-0.004364005333208487,90,38.3711264149981,-15.431478306014492,0
0.22136628239558578,0.1723619153017462,0.41263058847591105,-0.3839528949226062,0.15114290266673713,0.3387381898081881,-0.33868454342677645,0.006028372775800138,90,34.71468347830684,-22.624734683234063,0
0.2327917351896225,0.2522833729754651,0.4716695456327053,-0.42258966358240574,0.2094997291422398,0.19832242872994438,-0.19830813522607865,-0.0023810166944313116,90,35.79560134799873,-24.04097479861471,0
0.270918023992575,0.28760226630655245,0.40733580920624424,-0.40517247600282535,0.041925244798876445,0.13171024890794564,-0.1208836307935391,-0.052294717453719185,90,37.93292599914306,-23.175716183774725,0
0.20829333099367034,0.17634213941459767,0.2752527094369028,0.23830312780901536,-0.13775221714657115,0.2336890096098506,0.21824000777885738,-0.0835574785229731,90,39.67999938388374,-22.435360464462075,0
0.2533342534830295,0.2177908728015411,0.05872807223179473,-0.04206644439176147,-0.040980491996774976,0.23602114981991748,0.22842738407775606,-0.059387821695270564,90,36.29534697060091,-24.727529207226286,0
0.24308247084962856,0.19227243721782175,0.02972227747437911,0.025642297429680976,-0.015029516319288533,0.2454737225100694,0.23456567891568592,-0.07236221885607091,90,33.11128459465835,-27.422649440286857,0
0.18664331648869767,0.20076496696043997,0.04430979340021493,-0.041465220614491316,-0.015620283946244236,0.20449564104373788,0.19468809719833632,-0.06257005685773691,90,34.35517377955417,-26.7107346989356,0
0.15741246331326184,0.05844803819357998,0.04650316653218451,0.045780631402405896,0.008165677309147846,0.26674639066415784,0.26394809838114974,-0.038536194588080816,90,33.34900023570506,-27.88244094723361,0
0.16582946202351057,0.22108272008386892,0.07609850361388079,-0.06752123889206281,0.03509792801224612,0.21087978682660904,0.19793968486888874,-0.0727335249114264,90,34.0411982271389,-26.66731004180135,0
0.2648812586101982,0.21777752998285424,0.060500372737541545,-0.05531394074487527,-0.02450842835952333,0.1408060579764057,0.10076764222770214,-0.09834748722120325,90,35.50214821410634,-24.79956895267428,0
0.2549162784142133,0.20066291349829748,0.025782755905964218,0.0013989863913226677,-0.025744773045871406,0.14181615805319647,0.1194339956445766,-0.07646792379383961,90,36.075149731658996,-25.003170879724507,0
0.2666739305372361,0.20119438904363715,0.06854327083033507,-0.002832241645697105,-0.06848473102364527,0.15598711691575323,0.11416952724079915,-0.10628875619415859,90,36.82017066839179,-24.252338363972353,0
0.23101065748561714,0.22429220371283987,0.061906051493849555,-0.005416795391494484,-0.06166861064792879,0.18055541423588223,0.15838174139498942,-0.08669187737372933,90,36.257416362999564,-25.204593209068378,0
0.23492647903134417,0.2212510046068138,0.04029009812906568,-0.014315075170045054,-0.037661261664018925,0.1494843695330969,0.1350597095559208,-0.0640659940169337,90,34.834489010473995,-25.397044858707307,0
0.21562494600469564,0.20360021916209592,0.08203909911984013,0.051196466062147464,-0.06410410008059028,0.20414371252685654,0.1774078978583234,-0.10100046109666304,90,34.951356307968005,-25.44921330722315,0
0.17246752968350937,0.14685319845968758,0.042862496626689325,-0.027461790455155687,0.03290962901750905,0.012586857869682819,-0.009986245857268806,0.0076618460379844445,90,35.11592137788903,-25.831256525640068,0
0.20077290576637863,0.17793641242530384,0.0706303546021919,-0.07026057370032557,0.007217948083249788,0.19139092797774637,0.18046928467711248,-0.06372852265912206,90,35.78945263489034,-25.581538094611428,0
0.21289747723936223,0.2246558513189572,0.10632806436698661,-0.1047957223285411,0.017986490865907142,0.14767508902904092,0.10973274945471961,-0.09882639129727894,90,34.68216063975618,-24.80992747732185,0
0.19878543641944915,0.19897376739856779,0.18806102063733324,-0.17136948428836166,0.077456099423457,0.07856976982293004,0.04587307456577744,-0.06378769285615235,90,35.87124453049499,-25.475181490291018,0
0.19457913260757198,0.1799950275280751,0.12915480714325103,-0.1277431529931986,0.019043399685104146,0.14822388173755266,0.14314191905549067,-0.038479996445677456,90,36.83001968085846,-26.306233786948322,0
0.2169305968393452,0.20910752423709428,0.12359430164693073,-0.10965128347084596,0.057027602376293965,0.17762444998758484,0.1675649658511585,-0.058927306511430785,90,37.453318265132985,-25.733937692872775,0
0.14242441965909583,0.11611473458266591,0.03519111483513697,-0.03047335406858861,0.0176008310925999,0.14210142472655288,0.131927756613508,-0.0528003971977784,90,34.33608005721948,-27.064147284018603,0
0.25211321944540854,0.23653453537707395,0.06166535609212316,-0.05151774940892795,-0.033890081702575674,0.08425774736072614,0.05873138770558804,-0.06041516439173079,90,35.984652259153926,-27.298444745481504,0
0.20009423831777243,0.23126574097509123,0.25135867410444174,-0.2364150418684299,0.08537629077145181,0.05377190830660495,0.019068708338453325,-0.050277256142682754,90,36.440580656617115,-26.019223772816993,0
0.2694062131023113,0.23203961824407418,0.09557949147352773,-0.09098207324511721,-0.02928654193240108,0.07565826433411975,-0.056929423848218,-0.049831853892480106,90,37.52282962053886,-25.94399168778831,0
0.23423262038523815,0.26995878567792125,0.10946936021674815,-0.1069188719409588,-0.023492459410138663,0.04439874190534981,0.011512958646541576,-0.042880066067823276,90,39.79054405505116,-26.18604236493745,0
0.2423864689386146,0.22529194158757146,0.24725527749203002,-0.2395476341129718,0.061254414033101,0.1156164142086681,-0.1151231938327124,-0.01066796495241889,90,38.83596469696545,-26.199223849992933,0
0.2917221431324515,0.2507388583089806,0.2373142598881025,-0.23127443124231833,0.053199580823348976,0.14468502528142352,-0.14438413763187558,-0.009326164323331238,90,37.11694418665586,-26.11419529534116,0
0.2703478951295617,0.22838328233759989,0.14583156604305283,-0.14369252563924909,0.024885813830032275,0.10007385375180651,-0.09615003448290778,-0.027747920168430685,90,37.09485201811878,-27.08909592364878,0
0.19845330203856534,0.17864062485853835,0.17027158529647365,-0.16236828218427826,0.0512733234723563,0.16336420826666062,0.15114063610449285,-0.062003005253956286,90,37.118899886759735,-26.900108497937683,0
0.1881345776940177,0.12679210116018585,0.04042069620937908,-0.027441923048959163,0.029677829122527078,0.0745370276567057,0.06638907002919738,-0.033885983423162395,90,36.27114485731768,-28.441783696720716,0
0.24464698543326285,0.11656934519310476,0.0028214675007050155,0.0027415470613864844,-0.0006667822491171603,0.16179587611050122,0.1442985059087616,-0.07318365062542151,90,37.306353252099186,-28.247970664284573,0
0.1843279654700693,0.1301554802699463,0.10325224118567632,-0.09275837728224302,0.04535315594123673,0.1374418060523699,0.1356545882597821,-0.02209259457388957,90,34.07337355015055,-29.120120690080615,0
0.23671902912083947,0.2045467951841352,0.184844924876397,-0.18455847078870344,0.010286744513992412,0.3494532907010567,-0.348817701865711,0.021066875585174033,90,38.664983837777505,-27.566794844605493,0
0.2824121803695377,0.13768184560823493,0.34626764076025784,-0.32596902325349,0.1168138472820783,0.3273752845921056,-0.32692239587898675,0.017214065019778516,90,40.14004692294448,-27.67626832076736,0
0.3114631031031552,0.21395401636299982,0.22330440609582763,-0.22280193531118705,0.014971820310166572,0.19088899752850697,-0.1907778992544492,-0.006511722774931525,90,42.36093308267568,-24.51544896974425,0
0.2630535527602533,0.12925682717666623,0.12086894682492541,-0.11585627217337634,0.034447445546153185,0.13962005356444576,-0.12468239478769769,0.06283358805084586,90,40.154895252609386,-23.49288626217635,0
0.08876764663722106,0.18209236070364382,0.10811054014407526,-0.07288485975918542,0.0798478935735163,0.056334646004111456,0.03861484889479622,-0.04101811533018802,90,35.142857593323725,-19.83626982083064,0
0.12796607182503172,0.18124370335965292,0.0338702141439987,0.02696893291487299,-0.02049068236036588,0.05427811551536577,-0.047840013070798625,-0.025640728797856102,90,36.046349675436105,-13.309009620383877,0
0.13658752400547247,0.18271678833930474,0.18719912225657942,-0.187185517444383,0.002256863467813443,0.13509627897679152,0.04943275228277239,-0.12572751327822063,90,35.70990380341146,-9.94909910166466,0
0.15601486050676744,0.1882550781327956,0.23933742206221417,-0.2391035547929614,0.010577886592120014,0.08309547113332728,0.014013826729505626,-0.08190525003481171,90,35.948502936605436,-13.106102118516421,0
0.13417502343974616,0.11498873621862472,0.16432086389655792,-0.16191851673794458,0.027995361206726233,0.0851634636708848,-0.0704703431904598,-0.04781993595814334,90,34.48516492963084,-18.3314261980463,0
0.16593262062950567,0.15809132175075716,0.16228418129051878,-0.15861851884402087,0.034297536017372524,0.09888938869216012,0.030114042116101313,-0.09419265185426516,90,33.833874122166094,-20.687046947217915,0
0.1786336299856002,0.10400059984392629,0.2677838248521379,-0.2652749359548247,0.03657027763914442,0.10494366555100137,0.07303324891192325,-0.07536124662350997,90,33.84139847305375,-24.691997849071946,0
0.15246491652082586,0.16617039047479326,0.12774841824462482,-0.12628913342687312,0.01925391238925294,0.0871135781785457,-0.08434223081638793,-0.021798247727391713,90,32.54202890685016,-25.941975635901645,0
0.17915289679501684,0.12744121853039328,0.21463449969617684,-0.20414979743151024,0.0662633282329033,0.2403573916247768,-0.24023301390869067,-0.007731412355653342,90,34.92381819261115,-23.96610154783242,0
0.23707341341351107,0.1789158553586186,0.25659860267215656,-0.25290301478098637,0.043392487921199936,0.0711619821907158,-0.03750467696527456,-0.06047666421887169,90,35.79234500258854,-24.87513380535926,0
0.1999727320530316,0.1883472423171604,0.18075751622769454,-0.17933551260771463,0.0226286011616599,0.12928409273477237,0.11740477829548349,-0.054134043518303615,90,36.485513988213704,-22.896477301023634,0
0.13395742473494807,0.15083757275318602,0.06329326659276238,-0.061409609933183236,-0.015326363033569722,0.10074710916929597,-0.09788706524842068,-0.023834900105128905,90,33.36014015915745,-19.8458371280835,0
0.15039358641645928,0.12412555861665825,0.20756447510016798,-0.20608356107067083,-0.024750296564674326,0.059252261840643264,-0.023281813159179716,-0.054486582836999385,90,32.911466481845856,-12.031650373540506,0
0.195295353676228,0.17680932812413863,0.23721545304948807,-0.22966886042135912,-0.05935811417344847,0.2137304962870134,0.20394724446651274,-0.06392375550301736,90,32.16400434777199,-10.976546295080256,0
0.1587398298838167,0.169248080515481,0.030491679879534054,-0.0005510218219323773,-0.030486700655002603,0.08498319587819238,0.04080487152427813,-0.07454599950070004,90,31.935689438014293,-13.904058301415946,0
0.15667824410378078,0.14185100033957146,0.31846684556718224,-0.30298200878437037,0.09809706457636341,0.12391235809075316,-0.10667984944656207,-0.06303714944118183,90,38.0966365108718,-20.142067151466044,0
0.17767184956572896,0.18583498354121553,0.17226891459540988,-0.1685592535791662,0.035557797579644404,0.23302200074877677,0.22682351402119258,-0.05338863474599039,90,38.49996860909607,-21.71005588473997,0
0.18444256556294153,0.23046722360623734,0.2280569392719536,-0.22624913034898578,0.028658307110141418,0.043032459844561034,-0.02753869465327792,-0.03306679447825688,90,37.34525861581595,-18.002017139028553,0
0.15395534350740153,0.10867136330991428,0.15917531929744483,-0.15573901351159267,0.03289592594652827,0.15054796225823325,-0.1505374989371392,-0.0017749236201130593,90,35.63345204100929,-18.858166985535473,0
0.21017351020338126,0.1530071463590813,0.12829995133741415,-0.12619057355322344,0.023169304251343937,0.06354733745555646,0.060534549946305395,-0.019334744903634665,90,34.45886507668667,-21.693409370832324,0
0.23273136435801958,0.16582031929332197,0.12942550380663598,-0.12938069473069264,0.003405417243872618,0.10157121905020763,-0.10121637585999028,-0.008482794180836863,90,35.23438143883961,-20.286732832646592,0
0.24404237785526678,0.2370059074438934,0.10405086230988497,-0.10391364795802956,-0.005341883140367356,0.05939023151869006,-0.0005162456726929583,-0.05938798776056512,90,36.70636113567267,-20.285317749077667,0
0.1997602024371778,0.19465870401038882,0.027492165468641444,-0.00409221668053029,-0.02718589569601764,0.23088051368026413,0.21905706148630283,-0.07293706472191468,90,40.187178482952326,-20.616011396994896,0
0.28586496404772077,0.2196027053872686,0.07993278321371125,-0.06647337562288926,-0.044390766670428565,0.11736244363610739,0.10425964266133128,-0.05388756895954756,90,38.97796395225693,-19.541894165459002,0
0.14400356331084133,0.1718132629504469,0.10761309598074804,-0.10759795120710405,0.0018053594089116481,0.09575039705326951,0.09302488904682203,-0.02268278099539856,90,42.17650997566377,90,0
0.31549607525705675,0.24450271798247017,0.07222244736261227,-0.0597352314171685,-0.04059290616083832,0.12205170992998009,0.09976092609434578,-0.0703162678306413,90,39.37056963330995,-22.569112264701758,0
0.2727622510639746,0.2160200453169274,0.05090347153026769,-0.05024932624465398,-0.008134409984203084,0.09642679837706156,0.07176525436244775,-0.06440400384714957,90,39.370487214466266,-23.394903060718946,0
0.2535200742294773,0.24913539090465037,0.1445996730883901,-0.14408159699261136,0.012229426206000527,0.08951176527888216,0.05329069912449345,-0.07191979915269792,90,39.71906972140208,-24.237543778982012,0
0.28580895769662135,0.24450416589602778,0.08839227658880965,-0.06685434371360194,-0.057824659853527874,0.12502110531792554,0.08070758218307875,-0.09548069413801628,90,39.9895766022123,-24.404148122286077,0
0.25776535861966543,0.22315158252942977,0.18391222655899847,-0.18336203285656205,0.014215202587280823,0.06946963938475943,-0.001246520898319496,-0.0694584550785473,90,38.609917139904724,-24.535554130351517,0
0.18385308724120605,0.15828668410708238,0.10668993304140392,-0.09369941485427244,0.05102118646548902,0.1262135935138828,0.1225325711023706,-0.030259547364924838,90,38.263674786597775,-26.598642002415946,0
0.0991925996524407,0.13317095427502953,0.18485766623533553,0.1847781944730008,0.0054199274231864865,0.138823038290014,-0.13402022620600465,0.036199653696714164,90,37.606507077213976,-28.929194763628242,0
0.20595640537516746,0.09858638436485016,0.1031444289138251,-0.07478243075148908,0.07103774536721909,0.3024672639867941,-0.29200774080587194,0.07885382104316625,90,38.309409634772564,-27.295543501750963,0
0.2341194735122131,0.20977083008740013,0.14583327107853472,-0.14269460137387638,0.030093083793720984,0.09219354847595762,0.05867093027423434,-0.07111520457219173,90,40.545807914096926,-24.510722549332225,0
0.18428429732560409,0.22511832069067234,0.0870242968225672,-0.08647146961883871,0.009793527424811347,0.06451085104354672,-0.051467001851756726,-0.038894699160090467,90,40.38185353742098,-26.714794570592595,0
0.18605011662217655,0.23181332708012928,0.06666788106197098,-0.06661652522775618,-0.0026162820705787873,0.14842473342695026,0.12185584439223604,-0.08474110384173908,90,40.549071991798016,-27.880881537675965,0
0.25546668657436095,0.2153094646791983,0.0531254358432583,-0.05167113561672233,-0.012345269442764012,0.09095780745793111,0.030292885650990645,-0.08576516668490812,90,40.53328542645653,-25.067867441155975,0
0.2626103344572698,0.2256392897272374,0.1111777283325466,-0.11031495558274237,-0.013823814667562329,0.10200469575114791,0.06385501239376143,-0.0795455551710894,90,41.08283433924621,-24.52808185519092,0
0.18632173143315622,0.22416437643956033,0.16301234319795038,-0.16204734979989752,0.01771102644445035,0.04896343274433248,0.0061301222445163655,-0.048578177686859104,90,39.336115160567225,-22.066759473032242,0
0.16435944157654145,0.2377038309649094,0.2583076423629884,-0.24408934500847038,0.08451762985591503,0.07645439051901519,0.060155650378898404,-0.047186561191994277,90,37.485126037289824,-21.939567790809175,0
0.25392947779268166,0.18031957090530773,0.2671083671264589,-0.2621706451570168,0.051121742995683776,0.22610820390646072,-0.225767152996253,0.012414205644023612,90,36.357461431762715,-24.127230354838705,0
0.2439067485549946,0.21918818952151561,0.07629658899590039,0.052044857453484035,-0.05578980466945439,0.21076379797145195,0.18700244163726526,-0.09721864716736298,90,39.33906252917384,-22.890218527528273,0
0.25603807780090815,0.22802303246273956,0.03449914599737755,-0.01187222699128117,-0.032391994393921875,0.11370616859353484,0.08402316820738369,-0.07661070408640738,90,40.12794678370294,-20.830143831049813,0
0.18530657633799208,0.21951768582625356,0.19775244566658098,-0.16064629901391725,0.1153204074751956,0.15634938700716405,0.13260069930927076,-0.08283830853058456,90,38.54543175125718,-21.864031450364514,0
0.21601714366196073,0.22873357610520512,0.2918001735448494,-0.2797322145658742,0.08304955999206698,0.11456652900003521,0.07852728349538937,-0.08342035311571547,90,36.53133348496872,-23.282266653896173,0
0.2284054021930896,0.21928105195100636,0.14069727070998717,-0.14066320201042207,-0.0030960596594069947,0.06462681385461705,-0.04198014644555575,-0.04913544925416899,90,38.514101400731064,-22.82506805777833,0
0.21473950248693446,0.21623357567978846,0.0164267783319128,-0.0016974644085997065,-0.016338839033032217,0.07945933995479303,0.050994475375622454,-0.060937264356191796,90,38.68785169110959,-22.62596021575255,0
0.2514097299443142,0.2054739533912564,0.13746419405055735,-0.13744383784922137,0.0023656042032064208,0.14853045397356293,0.12931085424152808,-0.07307529495608606,90,37.078514886551204,-24.471729277706086,0
0.23368351262340775,0.23756021423203166,0.14603946777971216,-0.14419379884282216,0.023144643541375232,0.13662483763847763,0.07608784462885941,-0.11347680890593868,90,36.921230456207354,-23.69607182819906,0
0.2625110225352229,0.2140920768816098,0.07631997237480764,-0.07439251959237178,-0.01704380274439896,0.13907551528154574,0.09808331302635591,-0.09859849216190555,90,37.46070537914634,-24.61539228424092,0
0.229109974065406,0.1696643071860679,0.19864293722068957,-0.18868361566531197,0.06210885353254929,0.036192831803911536,-0.0069645734800826775,-0.035516415785193746,90,35.57259557095608,-25.024509715639667,0
0.23793057203932952,0.20628692267440019,0.23768563960757474,-0.22431009892092488,0.07860943198972252,0.0718472974898479,0.0069627391365641896,-0.07150912123855853,90,37.9134659927495,-24.72421431505174,0
0.2392252659527427,0.24242582658010303,0.14703132314603687,-0.14635347520949402,0.01410213743296868,0.1019885561185136,0.027806291654499625,-0.09812479668037076,90,39.562222282365724,-25.68594500319304,0
0.23343213940359922,0.23251766676287844,0.19714297548087814,-0.18229396817442492,0.07506172092801938,0.08156361061023236,0.056886490541088006,-0.05845125977852242,90,36.924642569460985,-25.41227753757284,0
0.21861986883243592,0.16046482318340466,0.23317796413356562,-0.2210850235039027,0.07411730796347912,0.05221617171924927,0.0280407870842405,-0.04404818780279637,90,37.04338880623275,-25.136807419487056,0
0.24154335751610548,0.1862760542155911,0.061106854404241365,-0.059413606235779674,0.014285343861485264,0.04908043536602417,-0.02247911802917505,-0.043630017056481805,90,37.721300006161236,-24.183260381378663,0
0.2668772204971905,0.1946701356453815,0.16291147638463951,-0.16158484562986175,0.020748175837810554,0.09685983209667566,0.04372191077380165,-0.08643044366474076,90,37.949783960319415,-23.441785614397197,0
0.20334545984772096,0.19982614174593843,0.08373874747834163,-0.08143430868193162,0.01950977187814717,0.15442119163857165,0.14147085596339587,-0.061902353267550156,90,38.55264733784067,-22.308596838209,0
0.2697246176236413,0.21329388014833178,0.27422657556264335,-0.27211354148682027,0.0339769816834087,0.2089989994837724,-0.20897937369354044,0.002864115199057335,90,39.94130434909417,-20.470707516158537,0
0.2546851346661352,0.2272561903629006,0.055254695341964685,0.05520063349814046,-0.002443648652590413,0.07915211162578148,0.0059032614626657485,-0.07893166841593795,90,43.3237914018257,-20.671272125070974,0
0.26687667251315017,0.19271225100903353,0.08549889856951097,-0.07839072320925453,0.03413145428090588,0.1470434500152714,0.11797506330829029,-0.08777049976956104,90,40.22246098558495,-23.52250520732987,0
0.2706478919248347,0.22238657011008195,0.14791804651090806,-0.13900651039000117,0.05056617993083581,0.1361396911483756,0.10893681385684499,-0.08165038942157106,90,38.71046868295909,-24.857663521320916,0
0.288027768761829,0.21223035955367847,0.22607985020584767,-0.22536648996373487,0.01794558080766146,0.08068983096198273,-0.0029242268256138145,-0.08063682606691379,90,39.8596292017358,-21.57647164868378,0
0.22480257810795287,0.22438807199929234,0.11376901207764838,-0.1122406275524765,-0.01858573742820969,0.13031875026540665,0.11004251119149963,-0.06981133433337386,90,39.144082326274976,-19.950372234529414,0
0.28735490740189834,0.2322911431342663,0.01648592621841618,0.0029466944442318775,-0.016220442507262095,0.07146200413951749,0.0009429787167453931,-0.0714557823186912,90,40.2013647240676,-21.276774611886953,0
0.2836806708922864,0.2547869622088868,0.29235296742134503,-0.29049740417080494,0.032886406463614,0.26786813833829143,-0.267523266689127,0.013588278654791775,90,40.32682591011801,-20.774873897165413,0
0.29737045417349545,0.22260963309351536,0.3861838854218638,-0.3687630513251136,0.11468132078468073,0.1699879253169568,-0.16920569235605543,-0.016288905054398513,90,41.75721488956781,-19.526433327161296,0
0.2559566103330904,0.13508916810892196,0.18399934405665783,0.1765453083464592,-0.05184122600917134,0.29133514042627545,0.2860696281761885,-0.05513920458562059,90,40.546802318000445,-16.828984025408488,0
0.24359259235307817,0.1919783983046258,0.06302060302461461,0.025737334337426115,-0.057525525002294506,0.18275378897262123,0.18232376513710827,-0.012529646845700078,90,38.456506635349946,-15.605787301218811,0
0.18770672146958314,0.13886037230948278,0.07550210198022003,-0.07135186467501832,-0.024687624649395095,0.10232614925468253,0.10126342087150474,0.014709194902919182,90,37.61924641990652,-12.748737311878688,0
0.16208294341788368,0.18250234383931396,0.02153565012904281,-0.003855904686139365,-0.02118764322740852,0.0558336734299509,0.039265240281692565,-0.039694332017346665,90,40.195988246250685,-2.7798012792399005,0
0.21804735575140738,0.13086080156336388,0.04921534482893792,0.042426600545763374,-0.024942608780187718,0.20285243745796117,0.2025808398057521,0.010493556414878924,90,40.31230485608555,-3.0641450659912057,0
0.261616529574286,0.2037813460699788,0.5159718393009627,-0.5153347599894342,0.025632481312794993,0.2437651332782416,0.24368230870803861,0.006353945615054062,90,39.92180499252434,-7.6736946066902245,0
0.35539105916154684,0.2748174831995199,0.516539987391377,-0.5144809784072937,0.04607473745294346,0.2046949297688192,-0.20467906996393231,0.0025480564674928365,90,42.956136043659725,-13.98318867761598,0
0.38168074120467826,0.22289362220162515,0.38934202411052404,-0.3893390574943533,-0.0015198841694357838,0.08347763781836305,0.0469680433441423,-0.06901100579006632,90,42.68369296359007,-14.351234660744016,0
0.3068152467566512,0.26190786737350413,0.3299957765864146,-0.32774170560946986,-0.03850437597295266,0.07114927336626255,-0.010376881666042885,-0.07038848931065435,90,42.233906111396095,-14.078686385918001,0
0.3055363038803858,0.2697408842190197,0.0910411698799932,-0.08893812495765119,-0.01945519319192191,0.12929964167734237,0.1210512351496876,-0.045442224930390095,90,41.36485510516263,-10.038021080767379,0
0.24848917875696,0.18886951687314585,0.05582429551005575,-0.050307763085974316,0.024196713464425507,0.08653379144245625,0.07567583609202219,-0.041967426573235427,90,38.673780672563396,-10.393107700425047,0
0.22035462485095664,0.21106593146247016,0.08665320086904786,-0.08377681464977835,-0.02214096989718924,0.06762233122486623,0.03166069578972232,-0.05975265703210342,90,38.180309278770636,-10.32952819439546,0
0.22395062717902797,0.24544901457158216,0.035894728042955175,-0.03562235400401184,-0.004413546928556952,0.1185578872555248,0.10308392888369207,-0.05856343770985139,90,39.51973646041489,-9.267564848128004,0
0.20273560919050376,0.1887615280241646,0.1277638085201186,-0.12768230878779224,-0.0045627612456058805,0.10952108732754899,0.09834716273646188,-0.04819444108086009,90,39.90293526245334,-9.627471216031722,0
0.22904257148711496,0.22507157839512282,0.11326892324169349,-0.09527048849749144,-0.06126485937127419,0.11556627459624534,0.09155577617504776,-0.07052023591168238,90,40.571803971003604,-9.308928774809676,0
0.2457365383013964,0.22965231305963288,0.04572705743833864,-0.043286645360910654,-0.014738728417603503,0.08189289632343272,0.0483679895252763,-0.06608316016598527,90,40.01646072132852,-9.747091423050945,0
0.2674924846506534,0.24609458542219506,0.10772490609117297,-0.0943782338967787,-0.05193654165303047,0.09269554326039105,0.026203675333146187,-0.08891474084410354,90,39.985212542818374,-9.751212345692203,0
0.2129169712120633,0.2532886912422174,0.2253223253307894,-0.22169881739390732,0.040246548406255286,0.07283916085063603,0.01049918109485161,-0.07207850268812706,90,38.19415831613072,-13.026328099801681,0
0.24335740919671753,0.2417739980766189,0.1452805697137736,-0.1442319214922328,-0.01742402820868432,0.04009598875932606,0.007322707394473625,-0.03942164723857849,90,36.127878891351436,-17.736186561710237,0
0.13427076771396376,0.11257203802326655,0.26441993409491105,-0.26167377672826325,0.03800968454912679,0.031751311233349934,0.005942871672713793,-0.031190191428054903,90,31.958446228653877,-22.972841403416954,0
0.26673212249577266,0.22901809807388845,0.15916635472358184,-0.15910662869456088,-0.004359952000219708,0.09139833016004376,-0.04910280952429849,-0.07708805908092917,90,37.42377913358778,-22.61108381870897,0
0.25038066649675744,0.189535550398782,0.08077202479662729,0.038300580796775494,-0.07111389105074088,0.15422959271824727,0.1468518106172097,-0.04713080721230661,-90,-6.774506159025415e-05,-6.660406548834454,0
0.3429086419666827,0.19123256259041793,0.046329755655200894,-0.04179717607328897,0.01998605342155121,0.3030900405102213,0.30269029730322117,-0.015561380882658701,90,43.09408373411051,-13.54184092782368,0
0.49345734483431647,0.30259095456624313,0.4637148822181603,-0.4633954081442687,0.017210104630971248,0.17410105678577387,-0.1710338146997964,-0.032536321291119615,90,46.708135378197724,-11.092215354612334,0
0.37128912096991074,0.27732491952990057,0.477884633347444,-0.4777748896132836,-0.010240978695204996,0.22024483413772925,-0.21697701764288685,-0.03779895209068929,90,45.819308409759664,-11.936766574809107,0
0.3689364706477735,0.27609509461165704,0.2712008126710551,-0.271031313095479,0.009586872022781025,0.13633857899343185,-0.12546418976093263,-0.053356772855757885,90,44.8251670009654,90,0
0.40900979573273116,0.2782841787371058,0.44216204122507186,-0.4343669153442459,0.0826598666503091,0.2813142034288608,-0.2810857613126533,-0.011334718262956659,90,44.78454159113749,90,0
0.28233318459464496,0.18942281670331734,0.12230767364970804,-0.12196929356367484,-0.009091669878608573,0.13592296949052618,0.1325103804266552,-0.030266362753156053,-90,32.89859748328381,-90,0
0.26247781749186916,0.17719272127000704,0.12627881463202434,-0.10316675152227028,0.07282142820084832,0.1360621491207472,0.12698308707003858,-0.048869254358128396,90,42.38421553744984,-16.82288314950552,0
0.27224960815937255,0.22894760900899452,0.11314583410354409,-0.1130795657683283,-0.003871896258041601,0.11088391053955243,0.08416572107591079,-0.07218984009066272,90,41.197355817755565,-19.847226088539763,0
0.29170495810096914,0.26153627709044736,0.11329301982011428,-0.11326103410982649,0.002691930967451576,0.08578562942597309,0.009598066786280546,-0.08524700188262622,90,40.580616275627435,-21.198276844693083,0
0.2806128734694763,0.26377336588692124,0.1351483557423264,-0.13459441978366624,0.012223756499237128,0.12369262830095988,0.07465486796724857,-0.09862310573487386,90,39.988935868986324,-20.972452321604152,0
0.29332353510663145,0.2506824607591537,0.12905601934359184,-0.12903842851377686,0.0021307499873185294,0.10826964504066523,0.013560562964112914,-0.10741707112618541,90,40.61383487226488,-19.265740484290525,0
0.23342218359186348,0.23084092846309556,0.2653800754620338,-0.2564048016941088,0.06843363296245115,0.13642600827960588,0.11630575855914127,-0.07130937007918267,90,39.74518377979935,-20.842029390727607,0
0.2472515067927388,0.24217104098291256,0.215215952015271,-0.2092196885659642,0.05044826972454422,0.03088747377797301,0.004994957570412623,-0.030480919199636154,90,40.68904491325386,-18.956531768393297,0
0.29151943934618996,0.22405696720927284,0.10696186705396056,0.07567164481135702,-0.07559525894666252,0.18322216286471502,0.17389570521088346,-0.05771173774921071,90,40.73535583873177,-18.608464135095105,0
0.2912249154922701,0.22725539608156398,0.09684118255913785,-0.0961143170317203,-0.011842833317168086,0.1559563413527484,0.14189544287842162,-0.0647152508955314,90,39.80099314841148,-18.128106474421415,0
0.2518415707860162,0.21346843558764728,0.4410408546091575,-0.3988755725659795,0.18818956677918688,0.21305147730928278,-0.21266240890601468,0.012869802716392148,90,42.25096646773409,-22.950232632100334,0
0.2376439465058331,0.2038037890061578,0.4934274694282193,-0.3820774369878209,0.31222988282858843,0.4058169756819905,-0.40075412505405755,0.06390265255710496,90,41.44433500370261,-25.525341791881193,0
0.323130171064366,0.2565201588151946,0.28214325202658114,-0.26150873266973795,0.10591504804135436,0.17547600748336986,-0.17255598900154354,-0.031878830938459106,90,42.87270928658669,-26.074730424332177,0
0.2995865827729567,0.2339585515513267,0.2509308799419328,-0.23062938536433275,0.09887564470031425,0.05992547598917824,0.006188141992610746,-0.05960511363305052,90,42.734311697020644,-25.11808425909461,0
0.27128522924671017,0.22464375077155807,0.10838757392183766,0.0857166675977966,-0.06633640837873776,0.32522509847553827,0.31770459443334825,-0.06953528136396118,90,40.33222431796312,-21.498873760076545,0
0.2749561461559731,0.20146900868569842,0.07570501105281287,0.07330389113842764,-0.018915291234132974,0.22449854270929118,0.2233940350269966,-0.022241870266514484,90,39.912200326186024,-16.566999639959793,0
0.2913029246650896,0.20946623528609812,0.03361440124570662,0.01643185216587218,-0.02932443018212433,0.08076988613538515,0.08006575369155265,-0.010641879163320019,90,41.65459690135105,-10.032270997543309,0
0.2660784657938893,0.14864954830391255,0.04592469032115239,0.020062345142353843,-0.04131076722215189,0.30164118481571445,0.3010051746905442,-0.019577772767681224,90,41.53287643936153,-10.509306387815057,0
0.18807869757639742,0.18691391265924656,0.1760673434316015,-0.17513930934367722,-0.018053579857780024,0.10270156128320333,-0.10015934784207195,0.022709375373585427,90,0.026498511355763924,-5.576912046814812,0
0.18203051388624836,0.22290506278610958,0.04864640375889464,0.04759619721586122,0.010053586885397836,0.1440786310167105,0.11665417217804873,-0.08456036914006214,90,41.32625113549035,-22.02562681820001,0
0.23659840479099128,0.26547827497838644,0.3420904195696789,-0.32662732026846614,0.10168799740185566,0.20103499609666842,-0.20050395120561837,-0.014602575338702977,90,40.29512626068611,-22.386191185268206,0
0.2697020448714806,0.2576144255083444,0.41705989196733306,-0.40771510911226255,0.08779147617724256,0.20895326505599804,-0.2084198904140327,-0.014920330336985612,90,42.45745330902398,-21.456864508580537,0
0.21283613332487034,0.24835744070018437,0.1450537747231659,-0.14503127197505677,-0.002554938499471778,0.06875085426085982,-0.0016129998366129776,-0.06873192993889429,90,41.928096457995615,-20.21899488046953,0
0.25023673332919744,0.25526468445927075,0.1745439728227236,-0.1743257789099645,0.008724749633878058,0.10927810120314718,0.0658517689142413,-0.0872080726391235,90,40.31669778349509,-21.10541152582114,0
0.3286232493168858,0.24528743764783428,0.1063298860806682,-0.10526193830136914,0.0150322659292149,0.1240260560470482,0.06619945024911304,-0.10488133945226266,90,40.255983068485435,-21.34406423072964,0
0.27238909350652085,0.2620042695683319,0.20661513049883837,-0.2060299148798127,0.015539830297308585,0.1031683355550938,0.04784289961025146,-0.0914043894902856,90,39.194170161552975,-20.890597648802018,0
0.27892406458318175,0.24057890243767113,0.07653714133026578,-0.07440807293997204,-0.01792687045663237,0.08941353607700477,0.024957141540661715,-0.08585989471175243,90,43.65324558423315,90,0
0.10897696081255868,0.12506971721740381,0.046970059606825,-0.018854073952994644,-0.043019883714902146,0.20872618575011986,-0.20512498230938028,0.03860521014539324,90,38.46880323343109,-21.086791385213118,0
0.24828845444416012,0.22508166309512811,0.19775048674714923,-0.19733404452658504,-0.012826920110228875,0.07570616787853038,0.04700366901100388,-0.05934710569485439,90,38.41979659031002,-19.961760396889975,0
0.22012584593526982,0.22477001896267157,0.14137348442230843,-0.13991031267677695,0.020287101921940158,0.07614607369468408,0.036582063923606675,-0.06678306026385294,90,35.79045902094208,-20.75674566003274,0
0.25995203401519673,0.16765255033358858,0.059286125990670194,-0.057590505936897934,0.01407758363192147,0.12593353382734296,0.10186619357279547,-0.07404413244297144,90,39.00115614332595,-20.5363547798442,0
0.23324757973682825,0.20794797056187828,0.044446295807152994,-0.043069962150324936,0.010975043113652157,0.1838247589713606,0.1596775131535567,-0.09107488020291081,90,37.65483624673786,-21.539485549609612,0
0.15600231318127714,0.16432805622740065,0.025677833381744498,0.008738573223240342,0.024145154072871412,0.19251037626648745,0.19235575153079312,-0.007714261033201025,90,38.28986506599282,-22.070578266104725,0
0.23659179923210666,0.18404660764933703,0.08132247783664057,-0.08101306721930096,-0.007087195581604897,0.09733620857528479,0.0881638804892768,-0.04124885061288205,90,39.9184517110315,-20.1502492956608,0
0.24714629117672968,0.1966089045078102,0.3495706847498398,-0.34013544151074343,0.08066935641718942,0.32141312223752,-0.32121600722510996,0.011254858898674768,90,38.64119522062514,-22.072453542940526,0
0.2509583198951538,0.24470446948033805,0.3254057075855717,-0.31181388502908863,0.09306436284815423,0.2466982735825743,-0.24651217955456528,0.009580371594068677,90,40.34094007009646,-21.306801970568745,0
0.27596544464159295,0.23820204150230165,0.05762046817795857,-0.05232196703306502,0.024135660729261044,0.13842254484669292,0.11668061577162533,-0.0744743903968945,90,39.608401516714586,-19.32842859363463,0
0.24095595935724676,0.22686485616043986,0.06247176647044683,0.062471312734886965,-0.00023809896680908888,0.22394843708649892,0.21071555778942938,-0.07584099273463674,90,40.82828420942422,-18.056767670538754,0
0.26544662416512455,0.2246481731800373,0.15801714144975157,0.15768398364420042,-0.010255646934558896,0.17301953271189668,0.16654329393737827,-0.04689445536874386,90,41.72290038226725,-11.900056454819552,0
0.2533496141403334,0.2102603538479959,0.07772383717824258,0.06111444400032594,-0.04802103289435774,0.16343976178176564,0.15463523819303832,-0.05291973960879446,90,39.797976757250055,-11.577474218396528,0
0.06991513967020845,0.14859359256995014,0.05178889157220986,-0.04604905210997128,-0.023697554516263056,0.18357996495536363,0.18355696529987148,-0.002905860098889166,90,38.39229360851792,-12.165216489695409,0
0.17340458053957325,0.211125216230447,0.016328314992652068,-0.012544383162581354,-0.010452383535328758,0.1368588255612036,0.13514527150044417,-0.021589203900634926,90,37.840222972769055,-11.69136840803305,0
0.1744192786204603,0.22359115923266107,0.06061812455304019,0.03246719692603264,-0.051190215355027664,0.11618041586812544,0.0896104483874149,-0.07394495636009953,90,37.591242915613115,-11.667157940749863,0
0.2292782582096901,0.20921725093010426,0.07522985839917794,0.06822783211025063,-0.03169376153592085,0.08621830054742469,0.07064188435868073,-0.049429945615394204,90,38.02574468168127,-12.113528119068867,0
0.2568636563939318,0.2131450615576904,0.0857680902573496,0.0373659268788789,-0.07720073066283209,0.05898027344121473,0.03669960037286379,-0.04617154954809895,90,39.16367929634428,-12.652485708722457,0
0.23737238878491143,0.25293860826783704,0.15832318377153232,-0.15385936240280262,-0.03732997616604441,0.05429427069336403,0.037403546855078795,-0.03935533652230931,90,39.7052768205187,-13.251013096689105,0
0.2668971067145887,0.21977795196453231,0.15956827034127047,-0.15956766544004164,-0.0004393696845694827,0.053854984733845625,0.021456224058142542,-0.04939625319646755,90,41.32169365257488,-16.134323955566796,0
0.23376502881822445,0.21897087262527412,0.031126905662440044,-0.02585373473417373,-0.01733403174144495,0.12981456059748964,0.1213015261633304,-0.04623591562374622,90,38.50631359484635,-17.082799130966183,0
0.22282817960776127,0.19608206075341056,0.05214509499418883,-0.01636715047234435,-0.04950987090842205,0.15961937309758045,0.1553969198633414,-0.036471105892896205,90,34.693558279674356,-18.70597230160377,0
0.1762644291401963,0.15525433454010826,0.1576395043647183,-0.1575088005340862,0.0064180285654931914,0.1483087040311583,0.14471024401481083,-0.03247178727103915,90,42.38831053012549,90,0
0.15158768298949896,0.1944273545078936,0.17742891051054163,-0.1730935702846029,0.03898248595314354,0.1955256911299728,0.18234254226918098,-0.07057969375582102,90,33.6627113285191,-22.801109682735405,0
0.22893897062130353,0.20246444671601785,0.10010695779293372,-0.0976696595669782,-0.021955422989020174,0.14225362908513214,0.1334206078881342,-0.04934608777452463,90,35.08167724829043,-22.17712354271263,0
0.1819727252584545,0.1750257471784312,0.11758815506282687,-0.11581773305733035,-0.020327983681132384,0.16589071459750393,0.15801508662872568,-0.05050704492827526,90,34.25042410863226,-22.090863893874364,0
0.12932809244880272,0.21705273105064662,0.07119668700171602,-0.07070397660490901,-0.008361574748383241,0.22212583660002577,0.2187970592114642,-0.038311018854585224,90,37.32038002312013,-21.1718459406165,0
0.19757355424597262,0.20038234989569664,0.126998453155638,-0.12599498570910977,0.015933319807435266,0.1416591007029963,0.12897670887418528,-0.05858591451846857,90,35.52850220560084,-21.710031814797354,0
0.21088087289693208,0.1887564994933766,0.09024761581958052,-0.08910093265584687,-0.0143407099188583,0.12008924989977947,0.11368070842820904,-0.03870561293600971,90,38.00955564152409,-24.245710993320962,0
0.21620648167244955,0.20696271824751522,0.05985132548250653,-0.0431947442336391,-0.04142940058223674,0.1946563603427,0.1901066203565563,-0.04183983172140212,90,38.11628118621379,-24.54569883214796,0
0.26682783322208214,0.22202968162901168,0.07210280665665052,0.0034266170390932853,-0.07202133727884898,0.20019608191927504,0.1945352478325805,-0.047270588811073315,90,37.848246031188374,-24.197110086959484,0
0.24793284186045883,0.2230634694987401,0.07581916067870752,-0.005239789085247065,-0.07563788558894144,0.1342928229094166,0.12235230265595773,-0.0553577123783565,90,37.10330291300292,-24.065317364305344,0
0.2765358970690211,0.22485796250407963,0.07520452515348491,-0.03432938240970121,-0.06691198776698869,0.16266379405263517,0.1490842957454146,-0.06506445002988855,90,38.16810525081018,-23.38718943431021,0
0.29177769153973254,0.23970974031883513,0.10224761894847519,-0.10016991842661488,-0.02050763328709345,0.07177725303870501,-0.03794955583944588,-0.060924586706608594,90,37.10942550518869,-24.7476596668532,0
0.10194238286011753,0.10779280191979032,0.10135972875436472,-0.09432066094850027,0.037113441384442475,0.09602467496273889,-0.09596334376148422,0.0034314509780650074,90,36.37116196506672,-25.444671055841635,0
0.2506200291066909,0.20325175709434629,0.08800082192771064,0.017641035886443633,-0.08621449131558943,0.15704569016989578,0.14409820606990262,-0.06244241994329481,90,36.806622111872315,-24.647599214890157,0
0.2506689200240935,0.22188640528957074,0.05079009135271584,-0.04222365256336792,-0.028227584803259625,0.20758697940446585,0.20469937212346329,-0.03450392833475675,90,36.36556963640467,-23.35680960538672,0
0.2549192137344242,0.24905256534053266,0.078777904607142,-0.06253882377514008,-0.04790463208410996,0.16327714738313306,0.15534451377325012,-0.0502743363767823,90,36.95724533108225,-20.211132142628156,0
0.2825055942582453,0.22923601478445818,0.08425028193826174,-0.055415038808189515,-0.06346088149847466,0.22011749830544974,0.20509898410925412,-0.07991320152266206,90,38.449642901776045,-20.085475777330057,0
0.27485537736925886,0.24585422530932996,0.09263802564336661,0.030256072076750556,-0.08755783173187608,0.23171130266101456,0.22555026735119266,-0.05307734619091102,90,38.96170926811774,-20.20754786933793,0
0.20591720951603068,0.19384176997922048,0.03676031244627085,-0.007357599463429859,-0.03601647263799152,0.19134794875221747,0.18698123755890644,-0.04064547075162297,90,36.09063726465129,-21.067994363996533,0
0.2666136766564855,0.2414502906069186,0.06003110171792481,-0.007072354204803157,-0.05961304370244517,0.2020371775808967,0.18981871118777227,-0.06919449405746006,90,36.533878359334366,-21.54733404373023,0
0.22675743552018915,0.19418411826666357,0.042843824328718805,-0.026725890055773863,-0.03348611777792112,0.18367231743029724,0.16901102854532046,-0.07190822220211496,90,35.95582228260017,-21.621918344871602,0
0.23195957996147337,0.22643892835769924,0.09573605927117189,0.0727651416287697,-0.06221436496918075,0.17085454668946967,0.1607409366459651,-0.05791051209100139,90,37.40447639152756,-21.26632907056829,0
0.21502969148759404,0.21298332993815489,0.1207438642410454,-0.1199564973651387,0.013766607851881009,0.1778112206324172,0.16976703259263623,-0.05287707279607046,90,36.46378617416312,-21.195555911094146,0
0.2600922154319347,0.2265353645188299,0.079672588329909,-0.04155736722107443,-0.0679757792220135,0.09867458085756792,0.07392360724125946,-0.0653603335353846,90,38.72174095817169,-21.280933059892096,0
0.28922192959062676,0.23318377279888927,0.1635512805922443,-0.16307788309941784,0.012434847292010888,0.04361943395762243,0.009036110202159888,-0.04267322030498527,-90,0.0052614687021106206,-4.356110723832271,0
0.24144208393442387,0.2553151261150012,0.11791338359354885,-0.11472302086756274,-0.027243247117407984,0.07700237585147097,0.003907411157189862,-0.07690317304779998,90,37.916580831336944,-22.811720287552255,0
0.3468511836881864,0.2603000268619222,0.18139766359257642,-0.18117534253708056,-0.008978174280835274,0.11885368009866004,0.07280289978359472,-0.09394644780987986,90,37.7655294931795,-22.503414454996165,0
0.13914766448937366,0.10487426314200819,0.22317938687620348,-0.22160992423091777,0.02642120755766105,0.025787161027657553,0.013353017089836348,0.022060702809858054,90,38.562902602024685,-22.815265923203125,0
0.21157253930582925,0.17966696148386146,0.2407863575144582,-0.23150246837991673,0.06621689436304098,0.040748071580264174,0.016370918584503,-0.037314854444442186,90,41.92524183591119,90,0
0.24246799754906856,0.19330858631170736,0.18705466043288813,-0.18091801331425897,0.04751966380441555,0.06556683157854372,-0.05480868155083774,-0.03598635616324577,90,36.86217075561974,-22.59750683073358,0
0.32193522334883284,0.2371691786288957,0.18573631919892816,-0.18506973418446068,-0.015721760666642746,0.0743623821804574,-0.047521785183740096,-0.05719653675269919,90,36.88174525817287,-22.812396511716,0
0.2553087636913086,0.2404913314709196,0.06180854269356647,0.021604501670967786,-0.05790976996545211,0.14623806048577612,0.12256197797867863,-0.07977550932833592,90,36.9208836185601,-23.790981314544517,0
0.24850203389723352,0.23990642414650484,0.1238763757809481,0.019649430662735,-0.12230803878426404,0.22188878265295073,0.21409968528021558,-0.0582748370235477,90,36.49534586652309,-23.883610062218473,0
0.21771996314035108,0.2274981343868081,0.0651340451776536,0.0045987328890465355,-0.06497149757408877,0.24406516977476553,0.23570038800251178,-0.06334930301629628,90,37.39598831767979,-23.925150114221754,0
0.29218861731917184,0.2259552118951402,0.1004145050812436,0.07519449860399983,-0.06654968227124876,0.22730013861617201,0.22027952151045022,-0.056056091712303,90,38.15755428176543,-22.3251498090073,0
0.25176978983213655,0.21333398068006554,0.032294071064479214,-0.004838292667262133,-0.0319295779800415,0.17268877059124477,0.17030328457377886,-0.028604243595978185,90,37.19894809596162,-16.023002429686052,0
0.22854217733107896,0.2229661455303648,0.07734008543789828,-0.044937706571810176,-0.06294514551263897,0.1468994851186774,0.1463153402408797,-0.013087396163031926,90,39.42307769355632,-12.579326038416559,0
0.2185301596454333,0.22199007248288719,0.1406259534974743,-0.13628603718596513,-0.03466662465858972,0.15874636804209394,0.15449728555268893,-0.03648284697507631,90,40.61049779424967,-11.245467499687075,0
