left_ear,right_ear,l_pupil_dist,l_pupil_dx,l_pupil_dy,r_pupil_dist,r_pupil_dx,r_pupil_dy,pitch,yaw,roll,label
0.26024683932890125,0.2604346778709917,0.06091712128187665,-0.02826582084003214,-0.05396238539492185,0.17973048962440707,0.16711440439635714,-0.06615001696054135,0.0,0.0,0.0,1
0.28466672106586477,0.26505935145191567,0.05495048698062468,0.053966034912177815,-0.010354858534301988,0.24374978435966402,0.2351052715062098,-0.0643387028574098,0.0,0.0,0.0,1
0.2849061024056544,0.30909590720263747,0.24996173459474993,-0.23460471107146763,-0.08626411945119138,0.1355181299542572,-0.1119636472608214,-0.07634988695704334,0.0,0.0,0.0,1
0.2724406113426758,0.2925303385819395,0.24940918735314505,-0.23328390439520433,-0.0882245016210654,0.1367215913607805,-0.11621259183455562,-0.07202379497998714,0.0,0.0,0.0,1
0.27359463070839973,0.30064208827705524,0.2597189130401775,-0.24219838974530622,-0.09377555009463841,0.13898866520570813,-0.11572981978822607,-0.07697049998180563,0.0,0.0,0.0,1
0.3381177819779648,0.33861455567835896,0.2515116377093453,-0.2444793214291673,-0.059058998440295774,0.11767788036720622,-0.013361299371147843,-0.11691689016918412,0.0,0.0,0.0,1
0.3541988269951425,0.3236568090004135,0.07618038812605375,-0.05748999063605483,-0.049983522401912804,0.177570905006388,0.15791521829420116,-0.08120474207755643,0.0,0.0,0.0,1
0.3300721810974282,0.3270067390450309,0.07064290205385695,-0.027152304857312445,-0.06521634727218624,0.21715079004649462,0.19139843073716878,-0.10257244429751097,0.0,0.0,0.0,1
0.33067370555887016,0.3597796742079386,0.2939789500350634,-0.2898865566933938,-0.04888156413379253,0.15386197993228365,-0.08151239632131609,-0.13049612298700353,0.0,0.0,0.0,1
0.3557139437018011,0.36267718522067177,0.31197615637679316,-0.3093129990342933,-0.04067666131885138,0.13829661320549333,-0.06901282061194869,-0.11984650105569548,0.0,0.0,0.0,1
0.33583648236785096,0.326228944121202,0.3070779729173295,-0.3041288698781474,-0.042456000255052924,0.14016848757813657,-0.07917078731002987,-0.11566845441455607,0.0,0.0,0.0,1
0.3454491461866299,0.3256726584813658,0.3111686893138436,-0.309300526689156,-0.03404610695962231,0.14344654070118565,-0.0693741526905163,-0.1255553144140456,0.0,0.0,0.0,1
0.3447841762553676,0.27947926153500746,0.27292877281910094,-0.2681017891621621,-0.051103284440317566,0.07261928639410319,-0.00977546386563234,-0.07195832865346788,0.0,0.0,0.0,1
0.23764240250262847,0.13182834561672477,0.2094610159802213,-0.20923805650644828,0.009661931735987405,0.070290867511034,-0.056472296361756005,-0.041853145629495235,0.0,0.0,0.0,1
0.22229228544537907,0.1742259002394067,0.23964686780889694,-0.23808083228484306,0.027352121474784136,0.0822749268857651,-0.07582792451292415,-0.03192631294277917,0.0,0.0,0.0,1
0.2996257564705719,0.29746562201939075,0.3001533917891442,-0.2986422270616897,-0.03008120373525065,0.12064262478843776,0.02041966485537522,-0.11890197728817604,0.0,0.0,0.0,1
0.3138490811330598,0.29046485030464847,0.29022462287483886,-0.2889473540384356,-0.02719849843335889,0.1275748074112279,-0.0021958824491054084,-0.12755590768867428,0.0,0.0,0.0,1
0.36506690718637935,0.31938193681644783,0.3121001325620088,-0.3092461784353705,-0.042110495940352495,0.06922107098741671,0.007225152045072537,-0.06884296512041421,0.0,0.0,0.0,1
0.3762173729867397,0.3334256503771536,0.3213361815635913,-0.31990419828856914,-0.030302565885039115,0.05679631653732077,0.013442421489189655,-0.055182632020541654,0.0,0.0,0.0,1
0.4064575445994212,0.33929815316635276,0.32088685656529475,-0.3187506242767069,-0.036965040775923226,0.0778463625354004,-0.034127550483411026,-0.069966895443454,0.0,0.0,0.0,1
0.29879353560790445,0.2733440960203624,0.21653560403758898,-0.21440922007025554,-0.030271342302386466,0.19054020815897943,0.17897595522127463,-0.06536955237646577,0.0,0.0,0.0,1
0.17393650934745092,0.19772221712238414,0.200216957180031,-0.19472731940861196,-0.04656287167225385,0.09279465141932276,0.08470864186352606,-0.037885265284415,0.0,0.0,0.0,1
0.26683923023347117,0.20743952056115098,0.16153935223268784,-0.1560566469038508,-0.041728710462740515,0.19057106673395705,0.18890630967721994,-0.025134391583099665,0.0,0.0,0.0,1
0.17906597861843476,0.15966823315818784,0.2511351396220231,-0.2502761162571481,-0.020753890821037124,0.2341887068755985,0.23243492488773929,-0.028606924345269808,0.0,0.0,0.0,1
0.2551287640496654,0.19150279172625007,0.16285845348218095,-0.15478605144916538,-0.05063747769571486,0.21038894997530744,0.20868046179419866,-0.026757711730871485,0.0,0.0,0.0,1
0.25470346397081256,0.1859712139473038,0.08332479355109619,-0.06345640775666557,-0.05400282895323722,0.23241450299904903,0.22862208454067104,-0.04181439542278769,0.0,0.0,0.0,1
0.20826313899263588,0.15632126439299157,0.1975585064149528,-0.19261326780731672,-0.0439259891350648,0.13558444096005148,0.11720419482934599,-0.0681639005988829,0.0,0.0,0.0,1
0.19177203298557302,0.09175758726591758,0.15262495783146635,-0.14714856090443404,-0.04051763538030008,0.08054212057787775,0.08028948224134295,-0.006374341424686481,0.0,0.0,0.0,1
0.2026367715850476,0.11389516357084102,0.04631530841240259,-0.014223122880719787,-0.04407732488316317,0.22217641903054633,0.22103117456125398,-0.022529559367847955,0.0,0.0,0.0,1
0.2020278798921599,0.13198695303924626,0.08450934123869738,-0.06410365060471385,-0.05506860027045691,0.1523750338927578,0.14569264066492207,-0.04462964720789296,0.0,0.0,0.0,1
0.1877760697689752,0.13156533247561247,0.0974901079798415,-0.08832247896883909,-0.04127300404283813,0.21589895563088563,0.21098364588485657,-0.04580677036902487,0.0,0.0,0.0,1
0.2054466248027643,0.1404107983931318,0.04147389859271523,-0.012263843859339926,-0.03961921753735877,0.19173524877588843,0.18455632532182242,-0.05197469006023482,0.0,0.0,0.0,1
0.1899138597014325,0.10971167358640103,0.15200324714436386,-0.14043307488436665,-0.05816819251921478,0.1790155529545216,0.17624172125609572,-0.0313914620287392,0.0,0.0,0.0,1
0.18754705709478542,0.14311280981948385,0.10405415941233359,-0.09710179714476325,-0.03739664533436898,0.2089406035257377,0.204488285905839,-0.04290357478102914,0.0,0.0,0.0,1
0.19889598633336883,0.13781104108852957,0.08365741352303292,-0.06811119631720507,-0.04857394130192527,0.2600622690978833,0.2599330597760671,-0.00819684352610049,0.0,0.0,0.0,1
0.20969594468097727,0.125796190076429,0.11262022551481381,-0.1048314546546097,-0.041154359550429516,0.07216630243882624,0.07174773525338438,-0.007761294589332576,0.0,0.0,0.0,1
0.1827328314034839,0.10348967716728674,0.16573913006109575,-0.16448667008638282,-0.020337025281546597,0.10488766843624091,0.10425975496121186,-0.011459776848563257,0.0,0.0,0.0,1
0.1789153658067688,0.12655745036400304,0.222205907933683,-0.2172731472334669,-0.046560122550274766,0.11744810085404049,0.11630106766766171,-0.01637431078191801,0.0,0.0,0.0,1
0.19829195296296914,0.13526262762853442,0.20097023494563315,-0.1980152022861679,-0.03433678781818411,0.11044455940776599,0.10910175423416571,-0.017169971630822616,0.0,0.0,0.0,1
0.1886069353381783,0.11545995781957318,0.1648844282201612,-0.16187453189546483,-0.0313609724516575,0.1499099925230557,0.14969306488028772,-0.008061773068537021,0.0,0.0,0.0,1
0.20894864630067123,0.17491784281447784,0.2145884016487028,-0.21256230805766313,-0.02941848594581478,0.07223434101948856,0.06747300251565386,-0.025791354249870932,0.0,0.0,0.0,1
0.21744997697048005,0.16113864869657135,0.23560092942861668,-0.2304328038990546,-0.04907668320952291,0.14447499213069898,0.12851238286729386,-0.06601205042214345,0.0,0.0,0.0,1
0.22010455152532396,0.19671684416013382,0.2748362105422523,-0.2728594969904893,-0.03290345768034775,0.06756743298215041,-0.03667860002230854,-0.05674538131161773,0.0,0.0,0.0,1
0.21743935128446035,0.15170589709001137,0.2833193209390899,-0.2816901799226358,-0.030339415823975407,0.0508901439739211,0.04443108402646385,-0.024813011222335087,0.0,0.0,0.0,1
0.21219866978999163,0.1416139124935519,0.1974152145364579,-0.19320178440523164,-0.040568922010698026,0.11296171462475764,0.10346612807161933,-0.0453333134993732,0.0,0.0,0.0,1
0.2090672490572085,0.13554125769291916,0.07406189538159452,-0.06664622305182455,-0.03230240394213259,0.2081931507021536,0.2041526625492209,-0.040817623318287026,0.0,0.0,0.0,1
0.2142036477528089,0.1264999807240607,0.12352008849380514,-0.11165072631148062,-0.05283301596195603,0.14989293968596915,0.14844345531245898,-0.020795046107175925,0.0,0.0,0.0,1
0.19731214094563412,0.1318081933381835,0.14916527213794556,-0.13749327312787105,-0.05784356711486603,0.14410026622363906,0.1433836378174885,-0.01435336657188583,0.0,0.0,0.0,1
0.2121207829390982,0.14446160442253855,0.20950671499972498,-0.204031611886359,-0.047583242649384155,0.12325443090579433,0.11895745653550373,-0.03226109533966517,0.0,0.0,0.0,1
0.23029804502928677,0.15738635456431313,0.06546976718714816,-0.040658971910798064,-0.05131411519939046,0.1444016442914926,0.14287274362886696,-0.020957433097753535,0.0,0.0,0.0,1
0.2450065080614318,0.18876280762187667,0.06497464068696536,-0.03156900961855844,-0.05678997767303327,0.21864861242974243,0.2137399803056027,-0.04606990922947747,0.0,0.0,0.0,1
0.22396482962745692,0.18736748589571353,0.10319708801799367,-0.08914987988026195,-0.05198016826375611,0.18433213698572593,0.1784565386822759,-0.04616925954859786,0.0,0.0,0.0,1
0.2538196216680706,0.19479064342827085,0.18408039698180567,-0.17752662175955747,-0.048681527498818225,0.16492591513396015,0.15613881896655124,-0.05311522093058417,0.0,0.0,0.0,1
0.21968823336933738,0.22574460814904815,0.2271777926329774,-0.2249012402673047,-0.032080860210102834,0.16939314182634913,0.15015953601109386,-0.07839738670858,0.0,0.0,0.0,1
0.24995709951295053,0.22950966516973892,0.17916034028025385,-0.17379374795557523,-0.04352195653793995,0.1761429573291291,0.17116843660169087,-0.04156570374701157,0.0,0.0,0.0,1
0.22131102130304076,0.24483129167035497,0.21414723649529208,-0.21077885433142127,-0.037832703647823686,0.17776254640151837,0.16131781661951194,-0.07467318758607729,0.0,0.0,0.0,1
0.08101785932735185,0.11980854844919302,0.29511287013089416,-0.295112461855514,-0.0004908915071396297,0.16132555547217084,0.16132552222121374,-0.00010357826578427232,0.0,0.0,0.0,1
0.22155250874240123,0.21615731933767707,0.2485826072085206,-0.24225635554161185,-0.05572405949212411,0.18872958328673775,0.18054167377480787,-0.054986904242524254,0.0,0.0,0.0,1
0.2483407697640888,0.24047663037973427,0.12656562803979052,-0.09815319070751684,-0.07990500206520514,0.2543111327403845,0.24640766955093052,-0.06290796946474206,0.0,0.0,0.0,1
0.22683046845571903,0.2302096247088428,0.08342005554306196,-0.06044946627677439,-0.05748710893461818,0.27120804154869815,0.2647501351092393,-0.05883169010252845,0.0,0.0,0.0,1
0.24403276227208948,0.23754976890803992,0.09844380091556997,-0.06503437993038058,-0.07390339211277981,0.24274015642612146,0.23697915286486354,-0.05257056827949968,0.0,0.0,0.0,1
0.23178410165299929,0.22367991912726246,0.1331547450102726,-0.1073916796314786,-0.07872238096425047,0.2706266516440393,0.2652505053678325,-0.05367451892819991,0.0,0.0,0.0,1
0.22591407130466443,0.20643339934148855,0.12320928239571442,-0.1060982521842245,-0.06263934986827054,0.23288878724496678,0.22578786012784574,-0.05707039025028452,0.0,0.0,0.0,1
0.23463555476924858,0.21946099863841473,0.07941391154813193,-0.059619652096069814,-0.05246014135815991,0.23318858220110025,0.22789552903750604,-0.04940184929407535,0.0,0.0,0.0,1
0.2377460602025105,0.2149757034122663,0.10791283178436883,-0.08590981783982919,-0.06530453630835191,0.25570779709373603,0.24906442533332682,-0.057908458172454644,0.0,0.0,0.0,1
0.2275588852123109,0.2240297442500629,0.1230434416896377,-0.10542955997197354,-0.06343734252746808,0.2595336973252524,0.2511971480232561,-0.06525130552179083,0.0,0.0,0.0,1
0.2271661415577213,0.19116227217460757,0.10591852648606699,-0.06808871644864589,-0.08113359936151959,0.26859635233059453,0.2619746114217286,-0.059273125914997664,0.0,0.0,0.0,1
0.28492325203637,0.25495575779521834,0.16331861444598683,-0.15449417296019896,-0.05295772224993287,0.2422791323525808,0.21993755701688894,-0.10162012097494325,0.0,0.0,0.0,1
0.10488280956159154,0.1310416794661364,0.3502845628913633,-0.34992713601455966,0.015820065759703125,0.2371010550455007,0.23599904044315875,-0.022833379373143253,0.0,0.0,0.0,1
0.30632215485532005,0.2932054811816785,0.24439862449895425,-0.23607251834486148,-0.06324914022574443,0.1835033911606952,0.1687114141899058,-0.07218000616179776,0.0,0.0,0.0,1
0.3112743154588426,0.30381617965062524,0.2566853120161218,-0.25027154938770196,-0.05702193412970892,0.1666042572388837,0.14981165507083746,-0.07289339157328702,0.0,0.0,0.0,1
0.3324706270908772,0.30801137206720286,0.28921995708662973,-0.28376477803989497,-0.05590826701983436,0.1391845628992075,0.11580864228440718,-0.07720557571630215,0.0,0.0,0.0,1
0.3395920139772711,0.3076796612618089,0.3113294766988257,-0.30452905673569614,-0.06471550560129934,0.134662073656187,0.07074567021292417,-0.11458151782686639,0.0,0.0,0.0,1
0.22313890624577326,0.21598369090762892,0.17088325816471633,-0.1706687323880864,-0.0085598893703624,0.30472078805300334,-0.07659972949575235,-0.294935993247384,0.0,0.0,0.0,1
0.3258191058164893,0.3317971788988579,0.17799979468809599,-0.16214172177771777,-0.07344378100262462,0.24304432924387603,0.23622533743203328,-0.057167612620500685,0.0,0.0,0.0,1
0.32247056677924213,0.32288457005346544,0.24175243168190352,-0.23505582552413062,-0.05650661121747524,0.1741955471587589,0.1604269449720746,-0.06787697678054276,0.0,0.0,0.0,1
0.3198305939038795,0.312286118150188,0.14021780529496516,-0.1254560199186911,-0.06262443602858027,0.23942637217221,0.22849488076109373,-0.07151976759972854,0.0,0.0,0.0,1
0.3167390872344336,0.30268828453935476,0.10723325907942703,-0.08616127691411345,-0.06383734184100227,0.225303678249199,0.21883529803326657,-0.05359906498540798,0.0,0.0,0.0,1
0.3057032075363535,0.2813113054206289,0.10611881094935272,-0.09702207208240102,-0.042987434979791975,0.24670860704939612,0.24160158541082408,-0.049938068837607465,0.0,0.0,0.0,1
0.3636871850601086,0.3270111127801955,0.27022344209356763,-0.2660578940010158,-0.0472642115838183,0.17966061075941753,0.16134758297582016,-0.07902463240223118,0.0,0.0,0.0,1
0.3325873899917246,0.3162094366428501,0.09386843769141094,-0.05076246538500349,-0.07895856953277854,0.30713751333020917,0.29817187275209805,-0.07366808260142958,0.0,0.0,0.0,1
0.34911268002960183,0.31302446482282964,0.06251516069334226,-0.041279062964091506,-0.04694874095565262,0.3258217755878932,0.3199966807528331,-0.06133476790872217,0.0,0.0,0.0,1
0.3331844961552214,0.30308613310275945,0.24213179192384926,-0.2352985747403879,-0.05711729497618322,0.1887764325045552,0.1744122259118484,-0.07222822801108467,0.0,0.0,0.0,1
0.3557828300785142,0.31487902490415204,0.29576400407118164,-0.2894348246732471,-0.0608590861793426,0.13363453655976,0.07488065507256414,-0.11068458274504855,0.0,0.0,0.0,1
0.3246813616431298,0.3072913097059756,0.254492006071094,-0.24672106231638774,-0.062409122438653646,0.1872027142393682,0.17405594502049196,-0.06891577628968597,0.0,0.0,0.0,1
0.3118299468127139,0.29224850190019896,0.1601872942636326,-0.15367117456469942,-0.0452232169511337,0.22278414338854466,0.2134027782439617,-0.0639689673445346,0.0,0.0,0.0,1
0.31168266748308326,0.2913879188443647,0.11043884397964604,-0.10034278392249432,-0.04613094378228362,0.23395764188518525,0.22531257940918883,-0.06301126690088496,0.0,0.0,0.0,1
0.30731057966262143,0.27277186050238744,0.07674832895172722,-0.0698333540548783,-0.03183722127209819,0.24117949451595688,0.23420375783461805,-0.05758600864025963,0.0,0.0,0.0,1
0.2932076654732397,0.2635473054784827,0.12799924416160274,-0.1146553458178861,-0.05690305950757433,0.2565338879715795,0.24732277328838276,-0.06812548341669304,0.0,0.0,0.0,1
0.30964335569353535,0.2767687298662904,0.15554760915960078,-0.14375445360465025,-0.05941141122794833,0.2613751026897563,0.25351619678471043,-0.06361196643632885,0.0,0.0,0.0,1
0.15431237751547056,0.19705530566352358,0.25210558275433576,-0.2521042893301177,-0.0008075625421928559,0.41382396131379623,0.4137965212246501,-0.004765498905673947,0.0,0.0,0.0,1
0.11826388861377043,0.167281934625954,0.2801043512701594,-0.2790917307040219,-0.02379608062498103,0.3183043929325027,0.3180402192164438,-0.012965551314364733,0.0,0.0,0.0,1
0.150901134796094,0.143810284359439,0.34505076820745495,-0.3432668253006023,-0.035041679306229076,0.06603225772847854,0.0016439580853318742,-0.0660117903297122,0.0,0.0,0.0,1
0.31365035098605015,0.28756150198747754,0.19781324896756575,-0.18947662080933542,-0.05682157718489935,0.13347492843913988,0.11778805650276983,-0.0627816077138346,0.0,0.0,0.0,1
0.28116203922024186,0.25245231310827426,0.2040685960878706,-0.1989106817593666,-0.04559092663347005,0.11735837571815116,0.11196195786212895,-0.03517823677903134,0.0,0.0,0.0,1
0.2799360380289563,0.23315832099898542,0.2465551165791872,-0.23838618540738502,-0.06294006766990667,0.1064999324880404,0.102299760648103,-0.02961409447033624,0.0,0.0,0.0,1
0.2500488985578795,0.21256587373891203,0.24926494369108684,-0.24745122382849777,-0.030015062536989375,0.08771364058790511,0.08767901210453696,-0.002464463746265013,0.0,0.0,0.0,1
0.2612974220041305,0.20078987724551958,0.3131426857001258,-0.3058233527602529,-0.06730838368261156,0.04357799694345389,-9.016473904354621e-05,-0.04357790366600384,0.0,0.0,0.0,1
0.3127641264181574,0.2880214279176787,0.19779984413312976,-0.18786428985790557,-0.06190142918604763,0.2387856780929633,0.22127302455860473,-0.08975995022839196,0.0,0.0,0.0,1
0.1827933206831652,0.10275594539873369,0.42404863343871446,-0.42404217607016204,-0.0023401783955337052,0.12586258005809373,0.12467681300525767,-0.017236048205202577,0.0,0.0,0.0,1
0.14837152270715473,0.11388791973102419,0.4612117816640385,-0.45765261259359785,-0.05718735639956548,0.17044176182921084,0.16959275899542012,-0.016990887904014648,0.0,0.0,0.0,1
0.10595060337120321,0.0977058647221993,0.22837449296000475,-0.22716398647295968,-0.02348259535171207,0.11837125683994912,0.11136417813713045,-0.04012199239457927,0.0,0.0,0.0,0
0.10665060554657514,0.0742484639938564,0.2389064015374985,-0.2338022111879319,-0.04912020703570116,0.14110321537920997,0.13923555020406436,-0.02288184760291859,0.0,0.0,0.0,0
0.07091809766620161,0.09298671466667527,0.18392640500127722,-0.18089820764570655,-0.03323794408901816,0.1622948686291492,0.16078459602994066,-0.02208932010817885,0.0,0.0,0.0,0
0.06717431952897542,0.06860714272280839,0.25809341887606174,-0.25488836895484157,-0.04054790054583339,0.1373496274042008,0.13374158179536977,-0.03127474135696748,0.0,0.0,0.0,0
0.08286997933015222,0.10072019656312176,0.27911864364553496,-0.27385376003010853,-0.05395679148999575,0.11642399376492937,0.11307752801026831,-0.02771315541874113,0.0,0.0,0.0,0
0.06022571727037247,0.042052483605790926,0.23425735975766784,-0.23333108728716695,-0.02081139846386819,0.14488457887101558,0.13716408896752041,-0.046664267832482696,0.0,0.0,0.0,0
0.07183357016137555,0.07383094895764052,0.102521552123127,-0.10210916356848662,-0.009186259580432524,0.07466692900032289,0.055967406586961956,-0.04942468701235192,0.0,0.0,0.0,0
0.08417374944413457,0.066946544718085,0.13509135021757276,-0.1343146901916461,-0.014465023412667652,0.08492015841857219,0.07423042496624646,-0.04124654306927853,0.0,0.0,0.0,0
0.07146845285873427,0.12778693465287916,0.22454879597758168,-0.22318641578136236,0.02469788625875587,0.13952056457729156,0.13772367245065908,-0.02231990113485619,0.0,0.0,0.0,0
0.11456960447340989,0.08070273750061766,0.3209266423189217,-0.3208156985028433,-0.008437851872951636,0.16794091922049073,0.1676761120097249,-0.009427290699112986,0.0,0.0,0.0,0
0.08121179339455444,0.08842365401498195,0.01548843702902928,-0.011350923419820002,0.010537941882530343,0.16707378057130592,0.16123619148668578,-0.04377829038756168,0.0,0.0,0.0,0
0.14417213975389556,0.11078599677830997,0.11543661450447876,-0.1146755191814851,-0.013233943807969025,0.2235576992359669,0.22317685662204553,-0.013043602109155726,0.0,0.0,0.0,0
0.2080520922791104,0.09478132023429965,0.03044984444944319,-0.02700136926133233,-0.014075478144932187,0.10853100213994481,0.10614123146519792,-0.02264988760572524,0.0,0.0,0.0,0
0.14064734409818655,0.06980080519436366,0.07055973877951012,-0.07046658425467271,0.0036245330888015244,0.12940282674306183,0.12656585289262476,-0.026947661320740696,0.0,0.0,0.0,0
0.11704557723811085,0.07142698291822386,0.035540126509131194,-0.02862867590771092,0.021059428008763727,0.10449124616864253,0.0970770228766104,-0.038658403423963476,0.0,0.0,0.0,0
0.1406788464123525,0.07692072768725275,0.04840246080915162,-0.04147636902737576,0.024950130754895924,0.16640840967424794,0.16216635047268405,-0.03733408073976025,0.0,0.0,0.0,0
0.1339554998191425,0.07047036637116269,0.170880377587008,-0.17027905785168124,0.014322915255708809,0.17626108159887705,0.1747073906414366,-0.023351585420833286,0.0,0.0,0.0,0
0.06588210824657668,0.07242030971058769,0.21223576551455625,-0.2099992302730962,0.030730171627519856,0.1918344857204162,0.18998601167391127,-0.026566619654314616,0.0,0.0,0.0,0
0.07064191273008559,0.058552420151834296,0.2891093586721786,-0.28794916762742456,-0.02587466201734293,0.12335995749743699,0.11335451097458424,-0.04866655890323788,0.0,0.0,0.0,0
0.11539549695481487,0.08692485980478389,0.25136701704993414,-0.25070367770587626,-0.018249472467169955,0.12609643631152473,0.12450882144138745,-0.019946544406064595,0.0,0.0,0.0,0
0.11997648207602546,0.09213687003118673,0.04443208253500542,-0.04262176514365193,0.012553688479363782,0.21319259736654414,0.21313615572180258,-0.0049053741982571395,0.0,0.0,0.0,0
0.10049532346376105,0.07624670198010453,0.3204847825341087,-0.31967341587396264,-0.022790415077560505,0.1356781365621935,0.13241463149845772,-0.029579082239259438,0.0,0.0,0.0,0
0.12192903094152281,0.07428750717890223,0.3534286893142625,-0.3444891917164386,-0.0789875637107027,0.1485034108387043,0.143615824098407,-0.037785686433680375,0.0,0.0,0.0,0
0.09348407082671828,0.0680290225899867,0.31315093047093717,-0.30845498199677895,-0.05402804212795886,0.13234377609206244,0.12783860333588892,-0.034236918194183404,0.0,0.0,0.0,0
0.11490258223098701,0.09103485918096636,0.23843335376714728,-0.23204812208339762,-0.05480997378414081,0.10101686557915222,0.08634384897830759,-0.052432307550285454,0.0,0.0,0.0,0
0.14932349847232826,0.064824339777044,0.10441873978085683,-0.10057728417223409,-0.028062129747400875,0.09676496203747872,0.0925045851807521,-0.028396471588063146,0.0,0.0,0.0,0
0.18679882433936026,0.10220930926238614,0.03674992110528606,-0.03662675627709653,-0.003006231172568093,0.21465730872050917,0.21352265374256763,0.02204169970450448,0.0,0.0,0.0,0
0.11281102978486986,0.09393007110649418,0.3136114693769496,-0.31134995305874935,-0.03759468652727351,0.19344100642165923,0.19339396537121809,0.004265808647900134,0.0,0.0,0.0,0
0.08712459375345372,0.09654683254624165,0.32357143561650303,-0.3104292907478258,-0.09128049842505571,0.14186254438736762,0.14176245415844624,-0.005328047581645335,0.0,0.0,0.0,0
0.12420016080183267,0.07233841405354952,0.251130232670213,-0.24421784716347136,-0.05851527055252047,0.182842683354109,0.18257638287796482,-0.009864647552232373,0.0,0.0,0.0,0
0.08737840617910048,0.08100887769367669,0.3312801573073266,-0.326679399640093,-0.05501920097888945,0.1524165372128064,0.15034887105430816,-0.025020347492347262,0.0,0.0,0.0,0
0.0646440415803013,0.07248808980193026,0.29739162720306445,-0.2969984918718712,-0.015286456630643042,0.1736870994411062,0.17358641488059215,-0.005913127866675981,0.0,0.0,0.0,0
0.08833606466009834,0.07231838631073209,0.3844858690825197,-0.38375434336321995,-0.02370627499216961,0.14950772433431472,0.14915578634200727,-0.01025236735212515,0.0,0.0,0.0,0
0.11804196711017659,0.07918004306448921,0.36469337545399866,-0.35878893444758847,-0.06535869198504002,0.17747242411430492,0.17566755367752215,-0.025246225578541063,0.0,0.0,0.0,0
0.13018389820341153,0.08162571250257024,0.376734518181356,-0.3694078259227827,-0.07393750967094796,0.10316205805191718,0.10043574569745237,-0.02355994922965256,0.0,0.0,0.0,0
0.10215131457922842,0.0717887884244559,0.3031117926266157,-0.29583368130636883,-0.06602417613300636,0.137937928146788,0.13468358024703633,-0.02978599055375825,0.0,0.0,0.0,0
0.08120536782342655,0.08588141043979784,0.3232785476003805,-0.3180934272502643,-0.05766793631466556,0.1968385704329367,0.19678743516707858,0.004486442961303922,0.0,0.0,0.0,0
0.07054146314899432,0.08355180277135198,0.30922843814331596,-0.3071920995829452,-0.0354293791982934,0.1685409748922361,0.16793975471909484,-0.014223185385686872,0.0,0.0,0.0,0
0.0663450272238788,0.08304224032778483,0.3012019931558664,-0.294848561444072,-0.061538333544448875,0.19403334137846595,0.18982378534957853,0.04019786166016108,0.0,0.0,0.0,0
0.09086905325121869,0.0967906423299,0.2377107465399919,-0.23738816994450873,-0.012379652297108803,0.12578606936520034,0.12524768856527674,-0.011625478717130093,0.0,0.0,0.0,0
0.09398393951740908,0.09325301660853115,0.238895706893496,-0.23706855632738064,-0.02948997071878348,0.16532953052888602,0.1635596653166433,-0.024126532001294606,0.0,0.0,0.0,0
0.0976381754011211,0.08872681283471796,0.32436768536429955,-0.3213216043377051,-0.04434886576268369,0.14877701324788425,0.14598948969043576,-0.028664761832034855,0.0,0.0,0.0,0
0.08115843903194894,0.08582181561067047,0.3396622679442989,-0.33707112157911784,-0.04187499567116689,0.1565975698502533,0.15659755591655977,-6.606031260496844e-05,0.0,0.0,0.0,0
0.09063014530986288,0.07186054446486652,0.34168340755211285,-0.33301825373573996,-0.07646171378684616,0.17540471608939037,0.1732584014193108,-0.027355817736353802,0.0,0.0,0.0,0
0.0656558029254198,0.07852822788406266,0.2841360140715705,-0.27447391886073713,-0.07346660709267314,0.08457350803154627,0.08047305785650812,-0.026014711606802784,0.0,0.0,0.0,0
0.08159597171210102,0.07974191511477696,0.20701104128118394,-0.20536433219045847,-0.026058823386466944,0.12813760156887039,0.12557753312187295,-0.025485841380018862,0.0,0.0,0.0,0
0.05882974181102065,0.071454381372836,0.247917573528505,-0.24782426373542693,0.00680129166079881,0.21766395120751741,0.2176612958181325,-0.0010751548911365884,0.0,0.0,0.0,0
0.08769439745014146,0.10141833845831469,0.048883572555721386,-0.048810507467462676,-0.0026717085505809247,0.15130569465624463,0.14972599721692864,-0.02180685655487773,0.0,0.0,0.0,0
0.078703281051013,0.09622401000319838,0.22496785162915706,-0.22287840245559717,-0.03059006350891218,0.13561876276210716,0.13098189655096806,-0.03515951633677863,0.0,0.0,0.0,0
0.09588157555850157,0.07857088543240426,0.30756466432028073,-0.30190434026628976,-0.05873493055093635,0.13483498423261972,0.13234990287999557,-0.025767735264600775,0.0,0.0,0.0,0
0.0951147732966046,0.08519163122450199,0.23431633367754645,-0.2244747650327191,-0.06719541719189512,0.11897811270776831,0.11532601004731415,-0.029252396655132663,0.0,0.0,0.0,0
0.1043313176363485,0.07370235939518255,0.3257269982589057,-0.32111346161044035,-0.054628034627995134,0.11097580498199566,0.11021000569419231,-0.01301475840298359,0.0,0.0,0.0,0
0.0891556113126931,0.0833299110506872,0.2256303260410124,-0.21241117541075963,-0.07609557536409765,0.14771245073856135,0.14479402820309586,-0.029217417748887396,0.0,0.0,0.0,0
0.11240304864317426,0.1146775395002789,0.3614287459842557,-0.35607036851214563,-0.06200508923771007,0.17274778734055354,0.172164963883812,-0.014178266535187925,0.0,0.0,0.0,0
0.11492663322955637,0.14654278765394066,0.27108089289936244,-0.26266651102221195,-0.06701607629915236,0.28367330339164115,0.2836724861234041,0.0006809358950660778,0.0,0.0,0.0,0
0.08821234460144749,0.09023277073090158,0.1731902948596893,-0.16820797564558432,-0.04124263767996211,0.21747482905675458,0.2172913262454597,-0.008932010510172238,0.0,0.0,0.0,0
0.06203159147038486,0.09447955125879641,0.21814624636101185,-0.21069126602512486,-0.05654180066224754,0.16090907621141945,0.16077950230141358,-0.006456194461301943,0.0,0.0,0.0,0
0.09059632437533612,0.07417182798664405,0.30543768273984867,-0.2998976532790641,-0.0579100647141642,0.17895294393614825,0.17842504736156387,0.013735305509449125,0.0,0.0,0.0,0
0.10740407635289866,0.08206756902504721,0.37716357193199196,-0.3692431630669748,-0.07688853309040523,0.09461304341630163,0.09032142601953153,-0.028172113628431753,0.0,0.0,0.0,0
0.0693848175536761,0.08127088376283144,0.3906824853493534,-0.36229279099419515,-0.1462078587230664,0.14271037458229982,0.14179070148501063,-0.0161755366467059,0.0,0.0,0.0,0
0.1037234773161795,0.08051484184360638,0.347671943453506,-0.3445480632705053,-0.046501745787462086,0.17327550524342872,0.17326894323691652,0.0015079877080706827,0.0,0.0,0.0,0
0.13545048863750608,0.10165154485281537,0.023090252220722248,-0.017105928841326022,0.015509575948170193,0.1894947040420993,0.18931061921494086,-0.008350587551691995,0.0,0.0,0.0,0
0.07204396838370666,0.07890242483435148,0.2594770085721058,-0.25605783024023615,-0.04198458705514518,0.1554853625836393,0.1554847295454442,-0.00044368451162007553,0.0,0.0,0.0,0
0.06650521826371712,0.0754700770254123,0.22232827155014076,-0.2212027842255626,0.022342528534888953,0.14527876398779857,0.1434001434534706,-0.023287724735287913,0.0,0.0,0.0,1
0.18569502653639713,0.12383795183551358,0.21977752106819143,-0.21408730971093223,-0.0496868452169657,0.15478763121945874,0.15174243702087928,-0.030552309004323222,0.0,0.0,0.0,1
0.3272458676220163,0.2324725654519707,0.09557302699303524,-0.04598302169010135,-0.08378403908179119,0.1948332670358842,0.1820165439513808,-0.06949805516610666,0.0,0.0,0.0,1
0.3021777644470298,0.23012229568015743,0.2010655062249608,-0.19380125818772562,-0.053557540256758115,0.15115893742941364,0.13691966344953607,-0.06404709303048162,0.0,0.0,0.0,1
0.3001955535595371,0.19050032046263496,0.22985522152558482,-0.22130907552542317,-0.062094411605700985,0.15445059501347344,0.13916032282556634,-0.06700291673576715,0.0,0.0,0.0,1
0.30960435368936445,0.20640558359093777,0.20712215467800144,-0.1988401554151258,-0.05798430436718686,0.10927100814043372,0.08834026626061207,-0.0643129114333265,0.0,0.0,0.0,1
0.31250937426090997,0.2482488450273247,0.2313018490232148,-0.2212598956854488,-0.06741367756488566,0.13212422511308378,0.08583315614948452,-0.10044640445108549,0.0,0.0,0.0,1
0.2805688385373074,0.25366329312731406,0.23940956593617355,-0.23270231714580608,-0.056272300972323025,0.09889994041480729,0.04523672010810173,-0.08794792418194813,0.0,0.0,0.0,1
0.3672972276735725,0.2397021715350903,0.24433841930577918,-0.23672670200914844,-0.06051224425451916,0.10168051131739875,0.0670101368196104,-0.07647593049571055,0.0,0.0,0.0,1
0.3480794812908449,0.28184524339518463,0.23574484771756524,-0.23535527160046138,-0.013547300662902311,0.10935765172962342,-0.011390029356401689,-0.1087628761254405,0.0,0.0,0.0,1
0.29220234103426196,0.2699818791240606,0.25441599101704754,-0.2492775899524418,-0.05087415485969973,0.08930769262895165,0.027822578409385755,-0.08486323169288855,0.0,0.0,0.0,1
0.3255844476584773,0.2615175254385278,0.2876567267104657,-0.2867106032518457,-0.02331142219475778,0.06524801221633131,-0.03355799161380281,-0.05595680742349817,0.0,0.0,0.0,1
0.32837184883720727,0.3035661827180345,0.26163429077439815,-0.25943113100786996,-0.03388200662593256,0.10529938462226596,-0.0002595165870587395,-0.10529906482475969,0.0,0.0,0.0,1
0.37438515241296505,0.31996942502518405,0.2718691859743599,-0.2702686285616514,-0.029457133223808225,0.08717469466622,-0.003604806229411455,-0.08710013066693462,0.0,0.0,0.0,1
0.3705646255079767,0.3435404152982734,0.1964112135777273,-0.19228544581323917,-0.04004587553643283,0.15079238989563445,0.09371020644678808,-0.11813865607047251,0.0,0.0,0.0,1
0.3777557488320641,0.3576167792946786,0.19028747550910088,-0.18414685193513963,-0.047950602269465105,0.1270120925103125,0.07378653507379532,-0.10338094063052315,0.0,0.0,0.0,1
0.33915611517707933,0.24332085721696492,0.08484821314379824,0.043212818861269514,-0.0730196655686571,0.27336743180637446,0.26152910760470616,-0.07957561591278327,0.0,0.0,0.0,1
0.36089581347755945,0.2857943468566936,0.13736515021653126,0.13064971090695832,-0.04242449214708897,0.3023396789172461,0.29627114295866663,-0.060271811800781235,0.0,0.0,0.0,1
0.35815379174558476,0.28751963988178547,0.10121393743128997,-0.08746367334354489,-0.05093492883669077,0.23744895558055476,0.229097615783025,-0.062420260723820425,0.0,0.0,0.0,1
0.33908504302958625,0.299196159303101,0.1386322768498054,-0.13286006265492348,-0.03958676465551199,0.18809543866699688,0.1806441558336803,-0.05241739225168517,0.0,0.0,0.0,1
0.33375675203226823,0.2865698254742279,0.11817691891115023,-0.11678735936600147,-0.018069223991334062,0.1944184720946741,0.18588053704343357,-0.056982174757307116,0.0,0.0,0.0,1
0.3295716440828857,0.2786769542433004,0.078654588594173,0.06459899557262809,-0.04487219715955731,0.2716923172952411,0.26665101814172415,-0.05209558331797314,0.0,0.0,0.0,1
0.3228081617809624,0.2651418996486683,0.036361545454152114,-0.024370511822424796,-0.02698592487441228,0.26108414843510935,0.25299882060256595,-0.06447115120576688,0.0,0.0,0.0,1
0.34225502733442276,0.26105836607481286,0.031138958295783115,-0.004286668437739927,-0.03084249013052293,0.2862663847390243,0.28166838694583146,-0.05110149534881008,0.0,0.0,0.0,1
0.3338465279673357,0.2773148567237494,0.04608621317175372,-0.014710428109679208,-0.043675420425478284,0.2923575797659078,0.28669001268490024,-0.057286918867319854,0.0,0.0,0.0,1
0.30932758509864133,0.25320487429827726,0.060980550468698665,-0.02126127129147653,-0.05715405391164953,0.24994124638920007,0.24148494235634016,-0.0644643254966798,0.0,0.0,0.0,1
0.3061207991296803,0.2638556593451124,0.09233113561433347,-0.07213535184141154,-0.05763271309376474,0.24607239552963497,0.23730891271545654,-0.06508535770433269,0.0,0.0,0.0,1
0.31363292210214827,0.2768003300443729,0.08567320041529995,-0.0445353057445021,-0.07318813982909983,0.24666687538614293,0.24302196252114766,-0.042247759054568346,0.0,0.0,0.0,1
0.31354243617744915,0.29197366952489456,0.07405000456599556,-0.054054858226218735,-0.05061102131322145,0.29060333823291035,0.28527036403886197,-0.055417683037514966,0.0,0.0,0.0,1
0.3070717893470129,0.28037563626979567,0.08910651427026729,-0.0834930476229153,-0.031126867558990665,0.25366698712714675,0.24768756183035465,-0.05475227915528511,0.0,0.0,0.0,1
0.3053274393095224,0.30566411555153783,0.1508429307587644,-0.14796020573588756,-0.029349059243648914,0.20110159645810854,0.19430881939978675,-0.051826005069472506,0.0,0.0,0.0,1
0.29966518799574543,0.2914461834362306,0.18529578205201322,-0.18100588760063618,-0.0396408312245472,0.166177856228909,0.1561311083125061,-0.05690480575438632,0.0,0.0,0.0,1
0.3154907903882273,0.2814404430598693,0.17649733030476625,-0.17044876392044006,-0.04580967673651328,0.1828211328123626,0.1734078701276879,-0.05790748812178308,0.0,0.0,0.0,1
0.13338162948549692,0.13953447762019067,0.3501702236891756,-0.3488627731491888,-0.03023162366107636,0.20308745877102682,0.20126317734861696,-0.02715970091169414,0.0,0.0,0.0,1
0.1326296855918549,0.15776696881655636,0.3418079357047695,-0.3417256036644226,-0.0075017805181040705,0.12464806308538405,0.1142867685097414,-0.049756147103033006,0.0,0.0,0.0,1
0.12787846527523264,0.09979333341355126,0.31306855996497757,-0.31294666693141104,0.008735381792758849,0.11976407815641082,0.11286796781831214,-0.040053167879948455,0.0,0.0,0.0,0
0.1242685286545464,0.11940880914321034,0.31078347597305805,-0.30999796377092964,-0.022082377493688746,0.18247657234883163,0.17740957455883732,-0.04270295435951392,0.0,0.0,0.0,0
0.10146941004101039,0.10285934411619879,0.3027491480926894,-0.3027336220653074,-0.003066062959030282,0.23850097629034736,0.23748662103621274,-0.021973177290758993,0.0,0.0,0.0,0
0.12504567632575986,0.07789815459589114,0.34046464884057065,-0.34043293797435636,0.004646703377789486,0.16854768032479767,0.16050663523054554,-0.05143870711671106,0.0,0.0,0.0,0
0.09597963405823545,0.09969428453203205,0.2881215819450082,-0.28779394886580995,-0.013736410692668188,0.1702375059354852,0.1609472109942052,-0.055468943565937484,0.0,0.0,0.0,0
0.11450629268646169,0.09176416063549155,0.3220543558506456,-0.32174598813329824,-0.014089969570648002,0.15484837291237935,0.14681149647828906,-0.04923822798818635,0.0,0.0,0.0,0
0.11394007272057337,0.08436753586343008,0.31349961042556357,-0.3131078813296216,0.015667175439617348,0.1159169405455096,0.11508293001959569,-0.013880069291471576,0.0,0.0,0.0,0
0.12589842704563547,0.08956842377955077,0.3460028538642176,-0.34544029234319346,0.019722558354132228,0.06851832671972005,0.06587873727129816,-0.018834889753050647,0.0,0.0,0.0,0
0.1404450568923156,0.0881577315323626,0.35822537074819677,-0.3567464131419105,0.032517886740443584,0.13057473648601278,0.12455440491064448,-0.03919135141516425,0.0,0.0,0.0,0
0.11554002085135998,0.074602399163826,0.31858675039514084,-0.31707328687998426,0.031016903044291524,0.1444847806498201,0.14299307139105702,-0.02070829238683625,0.0,0.0,0.0,0
0.11394221797247622,0.1178242476567792,0.33118692875718403,-0.32982432410825835,0.030011614520825514,0.18330947773616152,0.18187226147669278,-0.02290949875614435,0.0,0.0,0.0,0
0.09849867212091559,0.10702179187582252,0.32074627817454116,-0.3194908584999718,0.028350772436939998,0.18301063354422467,0.18300751792627767,0.0010678823538472846,0.0,0.0,0.0,0
0.12864900732934378,0.08852348564296615,0.29843827818083546,-0.2960580279880493,0.03761714964439974,0.10266029327777061,0.10203081798442995,-0.011351123173765713,0.0,0.0,0.0,0
0.11686428467345245,0.07290062385524423,0.2938887787796972,-0.29285397729802826,0.02464066300544159,0.164771976609624,0.16477070116729678,-0.000648315262712898,0.0,0.0,0.0,0
0.17385295246030552,0.11142644089610068,0.38416690893092115,-0.382804861267219,0.03232107838120348,0.17945163529424774,0.17747100162723853,-0.026588211508192804,0.0,0.0,0.0,0
0.13677832747744645,0.08525490689603576,0.3783787119815852,-0.376665419501752,0.03596681015064613,0.11914814690239925,0.10880705504436339,-0.04855209246622215,0.0,0.0,0.0,0
0.13115219696775327,0.11414678797463708,0.3341357127178541,-0.33366775799214166,0.017677720157473015,0.18630451577402368,0.1811903843291673,-0.04335224589847783,0.0,0.0,0.0,0
0.1562963437766878,0.11888406736423107,0.3617644128349891,-0.3612548886846761,0.019193639448179856,0.18704179869025905,0.18561468952820867,-0.023061255140041596,0.0,0.0,0.0,0
0.11914185428766612,0.09949813192594009,0.4113841663172119,-0.4102232833985954,0.030883491612561164,0.153420269805971,0.1522347114769332,-0.01903606600303326,0.0,0.0,0.0,0
0.23088639758650428,0.26330772916298284,0.3050665448414176,-0.20977544110745408,0.2214946073602103,0.7173354669224733,0.6655355167464785,-0.2676427620054028,0.0,0.0,0.0,0
0.1849052235587692,0.2317393112560117,0.40515274673577656,-0.30203394398366284,-0.2700448941735761,0.5410900163403095,0.539860476496568,0.036456435646603606,0.0,0.0,0.0,0
0.14568187848613676,0.23354211189135507,0.23052738644856635,-0.22089717257875496,0.06593417209246208,0.01129472018228329,0.007842293180890027,-0.008128292665808931,0.0,0.0,0.0,0
0.13470804417684634,0.10139379603507895,0.2941279084050528,-0.29248434174746146,0.03105054484683489,0.11949911239037411,0.11811644235847639,-0.01812578016704349,0.0,0.0,0.0,0
0.16364207588963478,0.09098775735558891,0.2808577157118752,-0.2807958806845252,-0.005893205027351478,0.1190969682876561,0.10734277170918778,-0.051590863697947166,0.0,0.0,0.0,0
0.3040525150382369,0.31221689346414366,0.18859180132513095,-0.16696552673420134,-0.08768911226274535,0.23120195009112107,0.22440380395961146,-0.05565316248330821,0.0,0.0,0.0,1
0.2406655259533205,0.2406383594088785,0.24286107839408513,-0.2309214545377108,-0.07521160304717567,0.2989203195410975,0.29330936426470566,-0.057645244983311604,0.0,0.0,0.0,1
0.24408821160716193,0.23891180394699252,0.2678080046717999,-0.26699166955374043,-0.020894395305848038,0.3504108252955201,0.34151938343136784,-0.07843632592712298,0.0,0.0,0.0,1
0.26902862893289514,0.24438371426826447,0.23227980560574168,-0.22868171188145392,-0.040725701261105966,0.3694797439113928,0.36813431406345515,-0.03150250735826918,0.0,0.0,0.0,1
0.2581752343663774,0.22276864396483792,0.2631770530010835,-0.26238492912600797,-0.020403680890342443,0.31661904994503703,0.3109942741415027,-0.0594153535653681,0.0,0.0,0.0,1
0.25006602272882117,0.23053600657079995,0.2213746784677238,-0.21667743908171894,-0.045361169073074754,0.2415881883447196,0.23628405499961863,-0.05034578533125594,0.0,0.0,0.0,1
0.2625535543896794,0.1705735173934881,0.28510145365883843,-0.2821851061292389,-0.04067437469971651,0.20648070996629023,0.2056660865636072,-0.01832333009564837,0.0,0.0,0.0,1
0.24926445370220518,0.17335772881059588,0.2640966273597415,-0.2637052911231928,-0.014371778471096656,0.25200820221960635,0.2495383692899528,-0.035195684935360516,0.0,0.0,0.0,1
0.24061705080434703,0.1879680556849152,0.2781779738733144,-0.27587115116078376,-0.03575042804619796,0.29214711613011235,0.28947375199103,-0.03943202215683394,0.0,0.0,0.0,1
0.20748965078663387,0.11799895130892477,0.3228017980281829,-0.3209364378504021,-0.03465261418887097,0.13653444859305117,0.13104704509699275,0.03831876334063094,0.0,0.0,0.0,1
0.24307465033546935,0.1254362221569637,0.32694780952688407,-0.32694572204191363,0.00116832911434574,0.19367103746721603,0.1919137163376386,0.026030678729226212,0.0,0.0,0.0,1
0.22425290572449316,0.13291474585034224,0.41131763424527285,-0.41128757508213043,-0.004972607383353029,0.21671808539877968,0.2165294450141434,0.009040352912348117,0.0,0.0,0.0,1
0.22165760154127975,0.14080148343290222,0.30816617167762794,-0.30742102802228644,-0.02141730366236169,0.19091212849524136,0.19066464875070963,-0.009717639803577417,0.0,0.0,0.0,1
0.25596737186438034,0.14433892750131871,0.3238562856215794,-0.3212101112231588,-0.041315350471852426,0.27984531904072624,0.27952332965913385,-0.013420535208294313,0.0,0.0,0.0,1
0.21758665475877254,0.16369271236387947,0.35783367808342453,-0.3565525239272771,-0.030252914765364812,0.3010530224996003,0.29867349805218774,-0.03777649953892837,0.0,0.0,0.0,1
0.22031818482469306,0.1846548807959763,0.33808502189997003,-0.3380175454004112,-0.006754334503429356,0.29499337433564976,0.2877589002227276,-0.06493001035375781,0.0,0.0,0.0,1
0.2302208425612411,0.22092486546549317,0.3901270756771148,-0.38914710038012174,-0.027634569693062595,0.31715949137376237,0.310964500126494,-0.0623796651926197,0.0,0.0,0.0,1
0.20865453762306738,0.1435591188477328,0.3175253506222786,-0.3139477158334852,-0.04753083221171495,0.2198943864164474,0.2194922016978555,-0.013293403299901193,0.0,0.0,0.0,1
0.2210361653279764,0.18694578590245312,0.29613618891515836,-0.29531117938267754,-0.022089583898444516,0.253699028203074,0.24736251930993142,-0.05634696932247516,0.0,0.0,0.0,1
0.17947532332197316,0.1218309588747248,0.31648839216657465,-0.31647581675408076,-0.0028213092742660054,0.12205861083353964,0.12113976884161884,0.01494860808278267,0.0,0.0,0.0,1
0.25463286365653615,0.24032217277913956,0.22101090087862635,-0.2185510827398173,-0.03288225266668249,0.24249786942704993,0.2397563053754301,-0.03636111534843323,0.0,0.0,0.0,1
0.27692812391831284,0.21783331595793315,0.29132083143525606,-0.28682599780370416,-0.05097718913434122,0.19280508669806545,0.1887678389403996,-0.03924926035506756,0.0,0.0,0.0,1
0.2385267885213175,0.16699277376239705,0.30383940893349604,-0.2986955777249601,-0.05567170078781983,0.1482312091770569,0.14622733299054408,-0.024291118964858947,0.0,0.0,0.0,1
0.1914727941849577,0.13312413341522317,0.3218035650572451,-0.30565169573633677,-0.10067062817452958,0.0652880634451885,0.05395763303013038,-0.0367573811119446,0.0,0.0,0.0,1
0.20019811699601062,0.1513584200793957,0.3638267665895191,-0.3616868168053074,-0.03940257144182931,0.08650159676980207,0.0750044145747015,-0.04309134527990205,0.0,0.0,0.0,1
0.16525502921944005,0.16198041104379016,0.361702021319493,-0.3561971227668437,-0.06286463202174217,0.0931763815808828,0.08834544423713953,-0.029612844629463494,0.0,0.0,0.0,1
0.16339610861076428,0.09899950037100871,0.33699504264119906,-0.3368636444133452,-0.00940977349902209,0.10833834566590751,0.09937870941468877,-0.04314011192262381,0.0,0.0,0.0,1
0.1741938300040847,0.10303381324614702,0.3593534415218402,-0.35907294955919117,-0.014195521422378468,0.15162615397639076,0.14666444261478367,-0.03847118196997572,0.0,0.0,0.0,1
0.19181668716825256,0.12860329144884364,0.3265106299579203,-0.32504723704527705,-0.03087855509491071,0.03580762498611899,0.03157108286445533,-0.01689534651648874,0.0,0.0,0.0,1
0.17074185212236212,0.11121257882325042,0.3044045887039594,-0.3043737511606729,0.004332808374195582,0.14498811645725015,0.1401455181328904,-0.03715895129151016,0.0,0.0,0.0,1
0.18234385571282677,0.1165524237974618,0.3610645955702161,-0.3607653366028893,-0.014697417463204585,0.09709970629223871,0.08532399145214144,-0.046348348888756725,0.0,0.0,0.0,1
0.16208318575087557,0.10298899967161239,0.357341154977012,-0.35732232872426756,-0.0036680288127799716,0.14625542116672022,0.14375982434727003,-0.026902808855150707,0.0,0.0,0.0,1
0.1319911879469959,0.10427314539544888,0.3115733195402688,-0.31021388439595055,-0.029073688746326615,0.09269274686998022,0.0870830090821092,-0.031756807955263935,0.0,0.0,0.0,1
0.1793396052415832,0.1262975183801807,0.35307573194395936,-0.35159055063842937,-0.03235053615519682,0.10379323929970471,0.09700016089815021,-0.03693244251411945,0.0,0.0,0.0,1
0.1675287304127641,0.1051642765116541,0.32859496190227167,-0.32852303670275196,-0.006874834045824902,0.07474445931952146,0.07289230883610003,-0.016536187937678186,0.0,0.0,0.0,1
0.16569289362222123,0.10723380319380786,0.3497532114395305,-0.34900028546970674,-0.022937080335738765,0.11190933079475875,0.09985410030615471,-0.05052580500080261,0.0,0.0,0.0,1
0.12916105167556846,0.11119235921666656,0.32293654174271297,-0.32062200544889397,-0.03859455421004859,0.12640268464331986,0.12633650988632472,0.004089615480842287,0.0,0.0,0.0,1
0.19507188482292223,0.10801752179060004,0.35491561062916166,-0.3536516832816807,-0.029926202236576906,0.10379305132248001,0.0944994881750505,-0.042928361691129846,0.0,0.0,0.0,1
0.18217573037176393,0.10687567288519524,0.2998022448322172,-0.29969210098406696,-0.008125922359492223,0.1223751874149093,0.11817774137426443,-0.031775901852058384,0.0,0.0,0.0,1
0.22130131530519825,0.12084269950014045,0.33244767771360334,-0.32633887425116487,-0.06343813970830378,0.047992660948694504,0.047743285620323574,-0.004886121479512222,0.0,0.0,0.0,1
0.1703096561476285,0.10543137653568131,0.2968264119317114,-0.2963559512949684,-0.016705356994340097,0.08512555317296389,0.07933711142235483,-0.03085421452832589,0.0,0.0,0.0,1
0.19753151293003338,0.13030814958171627,0.33486111005113595,-0.3332086867091839,-0.03322550415298307,0.1398161127602013,0.13592455276183552,-0.03275761505159255,0.0,0.0,0.0,1
0.20922583945303522,0.11968518869461534,0.31553663898020384,-0.31552663973289335,-0.0025120027453077883,0.056733967386774165,0.05601031817434222,-0.00903256959300642,0.0,0.0,0.0,1
0.1959162157509467,0.10734994804516318,0.29796874074081253,-0.29716427113378335,-0.021880731710636085,0.11404298499953085,0.11372278324173325,-0.008539964833474,0.0,0.0,0.0,1
0.20383609465739036,0.11401628240244438,0.3912571388686275,-0.38673295956473436,-0.059327621745406116,0.13515223113634717,0.1294025246227857,-0.03900143846554816,0.0,0.0,0.0,1
0.18434772462769528,0.10019745671859238,0.353213300461048,-0.3495333058437826,-0.05085374842136278,0.08224574568493981,0.06701283908542124,-0.047682723086913105,0.0,0.0,0.0,1
0.17147072243438707,0.09816747383650022,0.32485822056060887,-0.32432691775378303,-0.018571857369041978,0.10955863351788657,0.10852073220038178,-0.015044761912359969,0.0,0.0,0.0,1
0.1906635843328872,0.10647180106788647,0.34660778406097714,-0.34523964476828534,-0.030765949553509867,0.032410596766945785,0.009179976779726155,-0.03108335260413917,0.0,0.0,0.0,1
0.20883403985060403,0.12729395665529447,0.37929400550028475,-0.3767132438581124,-0.044170969089984774,0.11069106627206601,0.10719754234754673,-0.027589836300580605,0.0,0.0,0.0,1
0.20256647788184756,0.11920901008596975,0.339351803976497,-0.33424234688240184,-0.058666007301050926,0.10547193541563737,0.10537788115922697,0.004453237329428986,0.0,0.0,0.0,1
0.1881756243679523,0.10326175893325462,0.35790097027628964,-0.3534253856332919,-0.05642341105134,0.09714167870763173,0.09710614779697398,0.002627128121922564,0.0,0.0,0.0,1
0.18868381139105547,0.11034094095815965,0.3049316582123517,-0.30208468314000403,-0.04157114855687584,0.07705760060619353,0.07692262517411921,-0.004558897619556642,0.0,0.0,0.0,1
0.20614329868825162,0.12141560316660958,0.31362197686403437,-0.31220327971900064,-0.029796921062491172,0.1706208193672511,0.16977556533857371,0.016962352888671206,0.0,0.0,0.0,1
0.19842748474944055,0.10702812122458334,0.3776337457679916,-0.3707803692557185,-0.07161818007571218,0.1482219228126775,0.1431640061922252,-0.038390177562494236,0.0,0.0,0.0,1
0.1877100099037621,0.1019740257906628,0.31016311174114686,-0.30728545111395283,-0.042152193521163325,0.0671527148394825,0.0662455043509486,-0.011000921034227234,0.0,0.0,0.0,1
0.2702763301419519,0.0993578519046764,0.39277657339463384,-0.38868168927010976,-0.05656837485524962,0.11381767107793243,0.11376003296605681,-0.0036217605064504154,0.0,0.0,0.0,1
0.16933630117227735,0.11321089438339031,0.3060377910936904,-0.30289693404455337,-0.043733018691999845,0.10577890294134347,0.09603537178494784,-0.04434392487817247,0.0,0.0,0.0,1
0.17684996966816297,0.13293105544557082,0.3515753639807349,-0.3478437516559787,-0.0510877773256977,0.11283363376233822,0.11249472472221986,-0.008738753783317699,0.0,0.0,0.0,1
0.24638324363514186,0.1840597697426931,0.3644922088064595,-0.35893424682253317,-0.06340959500385182,0.13343922032857175,0.13340055523351443,-0.0032120686927872115,0.0,0.0,0.0,1
0.14530337782905867,0.1297240761093658,0.28105643565707583,-0.27901517761986616,-0.03381199021078976,0.10605128183955521,0.09771529670278636,0.04121401667029315,0.0,0.0,0.0,1
0.2063798855429107,0.13433207982119003,0.30388151446241835,-0.30306047158326205,-0.02232320307894451,0.12281444912225381,0.11952685577729269,0.028226222935365326,0.0,0.0,0.0,1
0.2005691995867573,0.13451468378618225,0.32174494412924537,-0.31826337543384536,-0.04720416221252538,0.1244538968472441,0.12346488728361359,0.015658673267843218,0.0,0.0,0.0,1
0.2117002811597938,0.12060519989706832,0.3400938918249423,-0.3370427356712999,-0.045453818187715204,0.1268712118858774,0.12641900164151262,-0.010702356252453431,0.0,0.0,0.0,1
0.24583236739208078,0.10189036779232266,0.3183293785576052,-0.3135150265871435,-0.05515361599146381,0.14527949037853755,0.14527229257707994,-0.0014461445456348204,0.0,0.0,0.0,1
0.2131997114411174,0.10724982144910239,0.3687563228475875,-0.3659116674528482,-0.04571517540106843,0.10086566700441975,0.10004468751747066,-0.012843024557250582,0.0,0.0,0.0,1
0.1663362376198953,0.14691073312250721,0.30190025465808307,-0.29926899440303245,-0.03977226108248225,0.04038651143129768,0.0327499915975151,-0.023632781384192354,0.0,0.0,0.0,1
0.18499257996663432,0.1483629735441695,0.3287715616036444,-0.3280418858149444,-0.021892027550546204,0.08311604534143865,0.0744076335291152,-0.037037562903044496,0.0,0.0,0.0,1
0.20350513565637923,0.10766711272719516,0.28527375840696184,-0.28171072230443517,-0.04494648122319523,0.18187093446800104,0.1801616064950816,-0.02487634115731871,0.0,0.0,0.0,1
0.18460489902658087,0.09973259809476197,0.30439759112739545,-0.30221182439442884,-0.03641300152901335,0.11862424598707035,0.1157092122083294,-0.026135989480575827,0.0,0.0,0.0,1
0.1872853442973135,0.10241691750079478,0.345133177178149,-0.3409287234342781,-0.053707685916981496,0.13179344562502607,0.13130699141601382,-0.01131310368517751,0.0,0.0,0.0,1
0.21182154352056545,0.1216041010746494,0.32849890304562207,-0.328006320111666,-0.017982860422644315,0.11959285231610325,0.11311920160907715,-0.03881361297826112,0.0,0.0,0.0,1
0.19983809948511122,0.1054944376190278,0.3299384136646891,-0.3249635960569383,-0.05707905087958791,0.13347499517940506,0.1312058928257062,-0.024506897517872446,0.0,0.0,0.0,1
0.19533758520912892,0.12130577169764116,0.3285316957347199,-0.32458382969667987,-0.050778072056423214,0.09761688534705507,0.08112230049525708,-0.054297593567462166,0.0,0.0,0.0,1
0.22616280225977103,0.13154864314484796,0.3566790951039117,-0.35248342607514566,-0.054547330149811966,0.08107531614062727,0.063464107552907,-0.05045308652417321,0.0,0.0,0.0,1
0.16765231201921277,0.1254486473428309,0.34142660018529414,-0.3398541028273263,-0.032730904440937666,0.0924073941914739,0.08875931270361573,-0.02570818759928835,0.0,0.0,0.0,1
0.2153271221983563,0.21683832997528643,0.2993848706685162,-0.2993826636144893,-0.0011495704840180244,0.07653811982822187,0.06823467309919244,-0.034671503773063994,0.0,0.0,0.0,1
0.26284837521155624,0.20204822569578532,0.2672685745606615,-0.26685297337023234,-0.014899045310151437,0.02869557436884576,-0.010798619792570014,-0.026586195646114415,0.0,0.0,0.0,1
0.28073594167533616,0.1979382586723126,0.3500918214947932,-0.3500769496419461,-0.0032268881189896088,0.04814430303685417,-0.03703385686119642,-0.030763084385166267,0.0,0.0,0.0,1
0.28405629430186385,0.3195145327888441,0.32230913920104143,-0.32156604495105223,-0.021873727324216153,0.08264523805990785,-0.06568135760762576,-0.05016168494775692,0.0,0.0,0.0,1
0.2851910320596769,0.3052398328408837,0.284546382617005,-0.27949474434251864,-0.05337913211483647,0.11135004476483942,-0.04467845369158082,-0.10199347157961146,0.0,0.0,0.0,1
0.3081600822478954,0.3125578544495441,0.3274731603279139,-0.326355052780971,-0.027037941110247814,0.06750987651503446,-0.032684102548273405,-0.059070575311987186,0.0,0.0,0.0,1
0.26203215390106566,0.305336843798692,0.21547181714527675,-0.21171135235274732,-0.04008001083905096,0.18611976941001435,0.1659425036153107,-0.0842831777943825,0.0,0.0,0.0,1
0.21538144353178712,0.11247865708767853,0.30527997524987527,-0.30470883313594227,0.018665216245652115,0.13225110975416335,0.13012941421549906,-0.023594312601532403,0.0,0.0,0.0,1
0.18677393935564143,0.1342698777717141,0.3789243426195004,-0.3769692228699122,0.038442976451817844,0.02872343265534077,-0.022277205474636377,-0.01813178699816231,0.0,0.0,0.0,1
0.2864286546960632,0.12033849808997771,0.1415641415566578,-0.07466006963452024,0.12027585034761566,0.12996864841510095,-0.1291118731454369,-0.014898784639182315,0.0,0.0,0.0,1
0.31593744460461076,0.39501156503022566,0.08773279551951263,0.02443507504497933,-0.08426132278343869,0.8008980275414507,0.7180754344611566,-0.35469045792522697,0.0,0.0,0.0,0
0.3207137141888956,0.3734838620216782,0.1401494259924979,-0.01590979613466762,-0.13924345583538195,0.32985773137342295,0.29311099981496314,-0.15130123837660397,0.0,0.0,0.0,0
0.3183827727845701,0.33521092974110395,0.1438690386723279,-0.05323043501660308,-0.13365934713458305,0.3038639190026806,0.2689317596325211,-0.14145313687799055,0.0,0.0,0.0,0
0.35588248970875236,0.36307162054879477,0.20199258571692608,0.15548354529930358,-0.12894135033327803,0.3293759701611763,0.31437978408248624,-0.09825416571253057,0.0,0.0,0.0,0
0.3490656294821908,0.39319634934812403,0.1624019211216998,0.13195113019439256,-0.09467461763556938,0.5248295309510856,0.5109694650560099,-0.11981753769257525,0.0,0.0,0.0,0
0.3205118014628107,0.33093733309589823,0.17027638540567777,0.13703409984133272,-0.10107276046244396,0.4096891106159474,0.39602516401368154,-0.10492491041322208,0.0,0.0,0.0,0
0.3408136445657403,0.34294941272506874,0.1903983705742312,0.14020200785247136,-0.12882133562208484,0.3759347118087694,0.36105306467927145,-0.10472627191134201,0.0,0.0,0.0,0
0.3306551749999913,0.33054021308108555,0.16593539988196154,0.13910522219221033,-0.09046708845122779,0.4745714636400259,0.46850859578800597,-0.07561593598036866,0.0,0.0,0.0,0
0.33965094555118625,0.32694798030725686,0.20404527206208653,0.1758030225963561,-0.1035749501417984,0.4388933554171712,0.41930443393915373,-0.12965789258008642,0.0,0.0,0.0,0
0.322972895304507,0.33691518727267217,0.1265702254916149,0.06220088796385669,-0.11023189882019628,0.2994889360675774,0.279404575215664,-0.10782720517310944,0.0,0.0,0.0,0
0.321359788136557,0.3540158187679289,0.10738119284746528,0.04243651707604555,-0.09864006587487169,0.3137655631736291,0.29555971177520096,-0.10532466666942134,0.0,0.0,0.0,0
0.3199735773872769,0.3241433407824549,0.1268180954562039,-0.052774989699493964,-0.1153153493571309,0.30608693708426604,0.28215593181498944,-0.11864755874118313,0.0,0.0,0.0,0
0.3324338974813745,0.3278390910691202,0.11695318414856234,-0.03870068925797545,-0.11036441425316929,0.30438682270803374,0.28843809659551617,-0.09723580755384119,0.0,0.0,0.0,0
0.3214895275425141,0.3264339122497169,0.1538238738620718,-0.07991505883424778,-0.1314357924670951,0.2653841426831094,0.23997472384233126,-0.11331758515096335,0.0,0.0,0.0,0
0.3130743960727316,0.34212696801714537,0.13746302902271815,0.07009559480401305,-0.11824843312776821,0.38403354695956865,0.3714611938746612,-0.09745946149840255,0.0,0.0,0.0,0
0.33688054793088035,0.32127613975919705,0.16738121111286444,0.10877025320920194,-0.12722225375466115,0.4771932009223412,0.44604583417996335,-0.1695773122124848,0.0,0.0,0.0,0
0.3359585939635833,0.33007534782790326,0.17613048286305386,0.11618207520584646,-0.13237700855675635,0.4757529848232882,0.45190542497615105,-0.14873597226425153,0.0,0.0,0.0,0
0.34189225439389553,0.3388715719475078,0.21186243723196033,0.14854272328477694,-0.15106538871961545,0.4928404468541706,0.46783465691090004,-0.15499174122668283,0.0,0.0,0.0,0
0.3236831637290028,0.33136671173841653,0.1538480843269229,0.11095534787452373,-0.10657459279353314,0.39064488630887323,0.3786757552386052,-0.09595884322846138,0.0,0.0,0.0,0
0.3223158973135824,0.3330833603865382,0.16230319025638001,0.11199717915844012,-0.11746896367956498,0.4420436433499887,0.4268297823782325,-0.11497356000873717,0.0,0.0,0.0,0
0.3441931431063873,0.3437208264246648,0.14643746593630713,0.10315012894813641,-0.1039422066719287,0.44690417305623353,0.43301843063298284,-0.11053677499920325,0.0,0.0,0.0,0
0.33060457451795916,0.3257986750646864,0.16782561099168963,0.1190627140895556,-0.11827724133730325,0.40160007916816165,0.3917178240410477,-0.08854247521060414,0.0,0.0,0.0,0
0.3290340081121807,0.3251754198505495,0.20672930807630752,0.16509255648647456,-0.1244244936114633,0.3698984211097545,0.3620304972643422,-0.07588650071008915,0.0,0.0,0.0,0
0.32725743567840077,0.3351781050429687,0.18083503455932176,0.13744398421181384,-0.1175179174766715,0.3775218498303776,0.3642629479348063,-0.0991728383237809,0.0,0.0,0.0,0
0.3305168861203726,0.3356602143389607,0.18444345206089105,0.1408744522869253,-0.11905366731435459,0.36517629435676446,0.35455803671194314,-0.08742038985906364,0.0,0.0,0.0,0
0.3707538719470722,0.22871897333747718,0.36154653261050684,-0.3614874163094145,-0.006537820173749749,0.1719913521892463,0.14858853605077113,-0.08661681235288012,0.0,0.0,0.0,1
0.34434336012492833,0.319265744829015,0.1807970995147011,-0.1776552699959403,-0.0335588473520513,0.1929808417024584,0.15726003603427038,-0.11185207343044337,0.0,0.0,0.0,1
0.20819225355820536,0.304319316846131,0.1791456075996499,-0.17758544834904064,-0.023591465764508053,0.30532523600235795,0.28684070569760806,-0.10462269971088385,0.0,0.0,0.0,1
0.29554417955258394,0.3257237290175,0.12467490809084267,-0.09404033286919188,-0.08185504566800789,0.15428403648190184,0.14372133499042022,-0.056104739387330134,0.0,0.0,0.0,1
0.31474068471673544,0.3416653715228251,0.1921508505743986,-0.1884165161133987,-0.0376983531756258,0.18709283538478766,0.1858886913781064,-0.02119253335621706,0.0,0.0,0.0,1
0.34074512208861896,0.33082878952004985,0.10471264838033503,-0.09653514989959841,-0.04056727208829481,0.17952183080106657,0.17760290278004393,-0.02617817140804611,0.0,0.0,0.0,1
0.3480127912631095,0.3403249624969453,0.10323764245635934,-0.10096038359653949,-0.021564131422032548,0.20764112804899285,0.20494305757544834,-0.03336437035348815,0.0,0.0,0.0,1
0.1333732925206622,0.16493414615921512,0.2568386153287169,-0.2564105150892401,0.014823025185270396,0.12033185636513094,0.10771275898356272,-0.05364435858902062,0.0,0.0,0.0,1
0.30685091395611214,0.25367393859728704,0.25191158625885934,-0.24949527464221352,-0.034807401837270026,0.12131563531249216,-0.07159001540146882,-0.09794055884101872,0.0,0.0,0.0,1
0.30017052733586386,0.29745955369814564,0.34046061338339473,-0.34010530538971623,0.015550257591604642,0.09906982376768388,-0.06008494515506636,-0.07876946963813204,0.0,0.0,0.0,1
0.28635184215943194,0.26391437887766045,0.28761922159843234,-0.28751608566339265,-0.007701760687580996,0.07750680310682755,-0.015134800955171484,-0.07601475072568396,0.0,0.0,0.0,1
0.25475543344389656,0.1882171351353469,0.2690132393847715,-0.2677411276438674,0.026130662683496612,0.06428958757759104,0.024532389420535955,-0.05942485120062081,0.0,0.0,0.0,1
0.21092167355439573,0.21858412780583297,0.23297923643593513,-0.23137787607220048,0.027269086427469565,0.07921598513534356,-0.06505667876244345,-0.0451973544509323,0.0,0.0,0.0,1
0.28433516599106007,0.21009231360195843,0.28384563280987646,-0.28323995781640987,-0.01853293180793573,0.07811092149854777,-0.004360919481795723,-0.07798909179254229,0.0,0.0,0.0,1
0.08525923246875622,0.049093890430188025,0.08558274543214016,-0.08441692564404951,0.014077960807926823,0.050073620036894695,0.047030909520851545,-0.01718897824888894,0.0,0.0,0.0,1
0.10531006173019702,0.16686212934313122,0.44648385980717514,-0.44017903282335263,0.07476801542779524,0.10429013481674021,0.04660623231998954,-0.09329679163309429,0.0,0.0,0.0,1
0.16700623018132738,0.21389151573630227,0.42222058775924576,-0.41998364209800093,0.04340466677514345,0.23861526848843148,0.21113687761178027,-0.1111686343720852,0.0,0.0,0.0,1
0.13672670948267165,0.2051817699861088,0.42328212769891116,-0.4223855746414019,-0.027535176850167382,0.20908840557408134,0.19549605096891684,-0.0741569646160777,0.0,0.0,0.0,1
0.19840577932804246,0.10717562885676282,0.1290472456620417,-0.125357334770999,0.030638704804071392,0.21354249294851885,0.19843965120207538,-0.07888029618014171,0.0,0.0,0.0,1
0.24593530041001263,0.2333606060965503,0.05946367919955634,-0.008878265541428378,-0.058797155925466624,0.22959102684394403,0.22365296369080148,-0.05187862218272246,0.0,0.0,0.0,1
0.15263869247244163,0.15758743487975482,0.1746769633352774,-0.17002266721642156,-0.040054140268489226,0.1676096411966389,0.1632413344026736,-0.03801655645242635,0.0,0.0,0.0,1
0.11633531514474958,0.09643997293958258,0.3248163434493464,-0.32164780147158495,0.04525868734618367,0.1418632777395625,0.12678328688731702,-0.0636489413663772,0.0,0.0,0.0,0
0.13577425174833224,0.08528557319409558,0.3548275920941154,-0.35482748390094954,0.000277091734476584,0.157996255423717,0.14709084839465283,-0.05768101114281616,0.0,0.0,0.0,0
0.159248501851472,0.08694738074607156,0.33194362515517234,-0.33193722371306156,0.0020615030493497622,0.13300804717502468,0.11414039096311004,-0.06828698092683536,0.0,0.0,0.0,0
0.15443161730728178,0.09779140665121105,0.34824017438790816,-0.3479774568168284,-0.013524370780668902,0.20990124273252483,0.19260624898107137,-0.08343479222782212,0.0,0.0,0.0,0
0.1470943304401843,0.1004647813081342,0.3716813233980269,-0.3716729751568399,-0.0024911244392270865,0.2282788867660486,0.22084468737167307,-0.05778299233212501,0.0,0.0,0.0,0
0.13487661917307184,0.07292466062053943,0.3143982832294889,-0.3143982630239088,0.00011271734107755762,0.23277931413699943,0.22213464234406746,-0.06958742530633746,0.0,0.0,0.0,0
0.1414637792819138,0.08120287604089108,0.3330908086257564,-0.3292171046826586,-0.050651601902878596,0.19066568389237148,0.1790531308419231,-0.06552388381232377,0.0,0.0,0.0,0
0.1509582956469632,0.08806331911191402,0.3666585536851319,-0.36664407029557605,-0.003258942706681643,0.1158997836269017,0.09024572147025588,-0.07272186466995761,0.0,0.0,0.0,0
0.16454252572369005,0.10969861547895914,0.41653626892355966,-0.41025650584871237,-0.07205596947904767,0.17484913353848525,0.16437134587042945,-0.05961778388956354,0.0,0.0,0.0,0
0.18526276126130323,0.11312094913927324,0.35567135495659746,-0.3546603134086634,-0.02679878410545198,0.15297854062000196,0.14301294113500992,-0.05431144039831549,0.0,0.0,0.0,0
0.16974630953310793,0.12461726844964775,0.37349617522338385,-0.37243236257004486,-0.028169632887052584,0.2053824074165364,0.1900604338500779,-0.07783935226434191,0.0,0.0,0.0,0
0.18604151925476695,0.1158110052060044,0.3752203313734807,-0.375144698296648,-0.007533419936632803,0.12445202592766537,0.1064222477230455,-0.06451830706919572,0.0,0.0,0.0,0
0.20690648999538727,0.11494788362187941,0.31921125792184796,-0.3159834821211343,0.04527986540010198,0.12142724504950074,0.09527656177282884,-0.07527916456138332,0.0,0.0,0.0,0
0.21887390203600637,0.1356010510672695,0.40740586146609303,-0.40683619525140885,-0.02153708871428367,0.06706531549805961,0.05162904218659202,-0.04280418841362812,0.0,0.0,0.0,0
0.17013713184615928,0.14522960026053308,0.32521235151268374,-0.32351002068551826,-0.03323161284778247,0.18781579735024564,0.16971953151592906,-0.0804366480922851,0.0,0.0,0.0,0
0.3080915068803159,0.35249331218272123,0.2877142033117437,-0.28294017951751127,-0.05219499594702423,0.14536425800939687,0.03231581447256095,-0.1417266934687941,0.0,0.0,0.0,0
0.3219993540493499,0.3068924047130953,0.1917010250792255,-0.18766428863052012,-0.039133077942153864,0.16084984796438048,0.12849197138258206,-0.09675994460716705,0.0,0.0,0.0,1
0.2610367608444035,0.2355142093713682,0.22805865738682257,-0.22701843967208896,-0.02175728057295382,0.17217470761700346,0.15730198290719088,-0.07000154367202527,0.0,0.0,0.0,1
0.26715687229218377,0.26699448807005344,0.20051927996867375,-0.19677807551047444,-0.03855347763236647,0.2091520472678376,0.17943550777183329,-0.10745918958838342,0.0,0.0,0.0,1
0.30386866035244015,0.27456724058924203,0.19888091831578042,-0.1924945397242489,-0.04999471818580123,0.18135481616311952,0.1621849346167304,-0.0811518103860029,0.0,0.0,0.0,1
0.2840907277311621,0.2780997098237687,0.2096965023424846,-0.20423522464949584,-0.047545726485580454,0.19333614260523643,0.16236354048780924,-0.10496163469447228,0.0,0.0,0.0,1
0.27621694275107567,0.2737995766246934,0.22605193658708314,-0.22051724933691944,-0.049715397812443884,0.16358365557521398,0.1259693887455565,-0.10436151335823518,0.0,0.0,0.0,1
0.30124273176594835,0.2964670487233169,0.24652074783478817,-0.23562537321129684,-0.072478704541819,0.14812803738727146,0.057848475850610134,-0.13636520561333185,0.0,0.0,0.0,1
0.3036975029396272,0.31862409535814,0.2431113004139815,-0.23314558458495988,-0.06889296609607168,0.16038335225548692,0.0944525410020722,-0.1296207436290946,0.0,0.0,0.0,1
0.3323115052613347,0.3328545413337577,0.14621652856646805,-0.13271058616491313,-0.06137730481044228,0.251906411703016,0.21403293594001996,-0.13284104256586035,0.0,0.0,0.0,1
0.3244520658136627,0.3090133040120793,0.19137773744920342,-0.18494331087648497,-0.049207826137923086,0.18841236466457728,0.15177954430648294,-0.11163417527179587,0.0,0.0,0.0,1
0.2442794788817132,0.2430658131850456,0.2387747838003299,-0.23622394388058726,-0.0348087017338402,0.15542807828482796,0.12606869769556855,-0.09090968584621756,0.0,0.0,0.0,1
0.2675573001121702,0.2612676481072637,0.18880614435824802,-0.18358245138686163,-0.044104916848557635,0.15780527637168984,0.1223997335522307,-0.09960326539370254,0.0,0.0,0.0,1
0.29634009328417843,0.2633754344762671,0.19761532942872065,-0.1929759494552123,-0.04256878383370999,0.1714677285730623,0.14452249267620046,-0.09227367475430331,0.0,0.0,0.0,1
0.2734088057397943,0.26354373495112726,0.23908502102968707,-0.23498191462203594,-0.044103821618178496,0.16701320649390242,0.137424686678347,-0.09490978155455337,0.0,0.0,0.0,1
0.290962946980614,0.27548823665321465,0.2565183570867783,-0.2522290447708996,-0.04671377202131519,0.18326449613879225,0.15021598054341176,-0.10498111608468805,0.0,0.0,0.0,1
0.27667075116375667,0.2749167147192106,0.23815203775435764,-0.2349308854853995,-0.03903680483337599,0.19569791205751635,0.16801487678501345,-0.10034278231436553,0.0,0.0,0.0,1
0.28158508314836883,0.31152848408168476,0.21512534955458407,-0.20893782272176983,-0.05122403983744609,0.20533896506363497,0.16536734065736122,-0.12172811186129912,0.0,0.0,0.0,1
0.293225179511078,0.2818463408285158,0.18805786031587912,-0.18483029866300965,-0.03469177889254684,0.16191738809729828,0.114351735073719,-0.11463385736282758,0.0,0.0,0.0,1
0.3029092441719871,0.28639569874929965,0.1902143524614752,-0.18578918839395256,-0.040790652829474465,0.2028887366596629,0.17866589315120573,-0.09613707967187256,0.0,0.0,0.0,1
0.21169456360580713,0.1713826670702553,0.26933253588915274,-0.26891371337119385,-0.015014314816106374,0.1687776008636006,0.16388648957843724,-0.04033729151702756,0.0,0.0,0.0,1
0.1482397257562216,0.13599191183751458,0.34137095644488197,-0.34098476657045507,0.016233264335486216,0.15423379330021791,0.15341764405471214,-0.01584580349733004,0.0,0.0,0.0,1
0.26417394412176504,0.25962622538200963,0.2243189659029071,-0.21537273555891262,-0.06271828474711576,0.18580216233510016,0.1600816629935814,-0.0943202242449007,0.0,0.0,0.0,1
0.2854948491928165,0.30804201351884636,0.3120200450409942,-0.307092216755863,-0.05523476183848436,0.1267392808513133,0.010702268476200968,-0.12628660562455304,0.0,0.0,0.0,1
0.2891637765202663,0.3057698143910211,0.3290256265355547,-0.3270831565876835,-0.035699742208470546,0.16115265061108278,-0.05574732033001669,-0.1512032178063689,0.0,0.0,0.0,1
0.2825637315069911,0.2826279877876294,0.37093239371027,-0.3702313707298933,-0.02279414027979644,0.15353111348279166,-0.0389060354895068,-0.14851977380051146,0.0,0.0,0.0,1
0.32051862676317017,0.299641488109019,0.3209888699885691,-0.31459806400924817,-0.06373313720641362,0.1241684834847577,-0.047436132426730435,-0.11475027508157983,0.0,0.0,0.0,1
0.3435788632924482,0.29440228472098123,0.3116656729196236,-0.31009978971089774,-0.03120275785405535,0.15592801384191338,-0.09182825885411589,-0.12602030144585996,0.0,0.0,0.0,1
0.29781397214908645,0.28633858640552495,0.32130295674978154,-0.3196287442074335,-0.0327575318443111,0.10364549357927268,-0.0182676413951486,-0.10202294652258044,0.0,0.0,0.0,1
0.31690239276720283,0.3085092949521766,0.3195656569149615,-0.31750515602731627,-0.03623099468080409,0.10503500446368322,-0.001940258522797221,-0.10501708222737226,0.0,0.0,0.0,1
0.3222656486073537,0.2673325963852447,0.30882320834191823,-0.3067420478650785,-0.03579231875883012,0.11635788616826531,-0.06233580996113972,-0.09825174029011223,0.0,0.0,0.0,1
0.3074362477999017,0.2902348801152085,0.07699664485491393,0.0570712678097242,-0.05168514012271306,0.17143718724089177,0.1498869568066728,-0.08321423765380047,0.0,0.0,0.0,1
0.30477774363026333,0.29985372083691286,0.09886139678515651,-0.08719729428413957,-0.04658548748094535,0.22173216665040243,0.20452083501019405,-0.08565268106845705,0.0,0.0,0.0,1
0.13572629752429177,0.20549827968190934,0.06930062154055469,-0.06150246507158348,-0.03193779792073721,0.025143305203768125,0.012841908560094923,-0.021616456256842703,0.0,0.0,0.0,1
0.09074089984158143,0.09545088261583742,0.23099381466920188,-0.23041672047700285,-0.01631800662006042,0.0754767109424737,0.05816789506039819,-0.04809604847527738,0.0,0.0,0.0,1
0.11080490420552014,0.09159367212947521,0.21358259861697243,-0.2107326670349971,-0.03477455213652345,0.21472242744849,0.21303680629831345,-0.026852188208541374,0.0,0.0,0.0,1
0.14226078453696328,0.08512002736681167,0.2380035547143495,-0.2367802040673616,-0.02410035307801432,0.1053129441430165,0.10320720837584492,-0.02095443493237266,0.0,0.0,0.0,1
0.18369639747182326,0.10694122121698828,0.2930905791615232,-0.28245060223719665,-0.07825436019214546,0.19329190234227855,0.19244373028341713,-0.018087846353293538,0.0,0.0,0.0,1
0.13737093102352232,0.11445929581691283,0.3077478785250461,-0.3033522410174469,-0.051828318575459685,0.08633700568336374,0.08222449579536517,-0.02632889746205026,0.0,0.0,0.0,0
0.16084896549956854,0.09773629221369338,0.2029773199546522,-0.19701885650881704,-0.04881969475459085,0.08071431628388293,0.07726486872428563,-0.023343969546621594,0.0,0.0,0.0,0
0.24641770062005458,0.1420502328164211,0.4087084457945805,-0.40199414386737486,-0.07377873650421131,0.11494444169120131,0.10879129657158647,-0.03710361796341558,0.0,0.0,0.0,0
0.2753913076502758,0.2620377500284032,0.25343362259153246,-0.2375829647916183,-0.08822094933003143,0.07080605282212168,0.022812231600123453,-0.0670305841065958,0.0,0.0,0.0,0
0.3155447748582066,0.25556631825039344,0.3027329581557299,-0.2809898976728497,-0.11265842782286811,0.09487357706096548,0.05679650735282982,-0.07599442332739229,0.0,0.0,0.0,0
0.3423692791125118,0.30030058323818576,0.3068777516209863,-0.28839246406105934,-0.10489871835605222,0.09593198292351139,0.05630200938647017,-0.07767257615582675,0.0,0.0,0.0,1
0.33534512704850555,0.294604763543944,0.3129125258278293,-0.2955917150565341,-0.10266346385101517,0.1033959411717804,0.05149026670129253,-0.08966310883428057,0.0,0.0,0.0,1
0.3267011264737548,0.29855342444141264,0.3128162429923053,-0.2973075944233915,-0.09727382061992394,0.10066329015947907,0.07377318239808014,-0.0684880686294414,0.0,0.0,0.0,1
0.35392467962681884,0.30422210816245876,0.26699393036182006,-0.250203012172035,-0.09318911712261752,0.13516171988601125,-0.019980687070177673,-0.13367670951496452,0.0,0.0,0.0,1
0.3310391056988688,0.3258999909750134,0.32160966096364807,-0.315819224792502,-0.060753528923147865,0.14344878115507634,-0.030678953919187058,-0.14012977771088264,0.0,0.0,0.0,1
0.3001481441335003,0.2983416577707286,0.3068880801648079,-0.3038294739565263,-0.04321972353615952,0.11675725693449489,-0.04685902765532349,-0.10694151941161713,0.0,0.0,0.0,1
0.3059684729481198,0.28594698140846847,0.2604514071422704,-0.2562247835614992,-0.04673110068521359,0.12463061446311886,0.06795303094538317,-0.10447571797690779,0.0,0.0,0.0,1
0.3149778614777755,0.27384794208439867,0.07233696699758682,0.03751458987047634,-0.06184894777811437,0.19271007808948803,0.17614138988735736,-0.07817534755795169,0.0,0.0,0.0,1
0.32114387177916615,0.24135444738070888,0.0854707623277422,-0.07425501530966779,-0.042325452321816955,0.19866538278951765,0.17485413215201256,-0.09430782994148529,0.0,0.0,0.0,1
0.28205657570878295,0.22614323194681532,0.2023653117500772,-0.19794659831874464,-0.04205786030866865,0.12126800318767772,0.10607085699690481,-0.058778413495676994,0.0,0.0,0.0,1
0.13322974825239417,0.11984597747041999,0.28272292429494306,-0.2825206101169845,0.010693773001656477,0.0654557417059632,-0.018168672271168966,-0.06288365026126129,0.0,0.0,0.0,1
0.11722676778893666,0.11655573640426686,0.3716235206870012,-0.3716167213539685,-0.0022480075464543494,0.06449445746927276,0.03693763484182515,-0.05286914200691948,0.0,0.0,0.0,1
0.30677505478784745,0.19966082712228217,0.07662654112393147,-0.01105177143132668,-0.07582535956292771,0.16887301970616153,0.16242391538387094,-0.0462230299315261,0.0,0.0,0.0,1
0.273982875580289,0.22238240643969046,0.2596866047192044,-0.2528683955385297,-0.059116048653119854,0.07946057349888731,0.028935857093621783,-0.07400472224817528,0.0,0.0,0.0,1
0.2931229657690278,0.23396311659733476,0.09353137389383928,-0.07762373568690248,-0.05217924453725889,0.11702824407262154,0.11088494078887456,-0.037418442203930126,0.0,0.0,0.0,1
0.3218958044133783,0.28797504796294193,0.0393646596400364,-0.020201267987717382,-0.03378587279121757,0.20744741713656603,0.19577325275883117,-0.06860950649042179,0.0,0.0,0.0,1
0.3273517398070752,0.25734026487265305,0.06331751639152594,-0.02595027127107627,-0.05775544392478263,0.14668805574459268,0.12885461041702945,-0.07009903759970104,0.0,0.0,0.0,1
0.2930261055753173,0.2499228283145315,0.051060617960783955,-0.0028714455402178026,-0.050979814701965095,0.16863985682488558,0.15671226771367222,-0.06229499544872151,0.0,0.0,0.0,1
0.2871613780842171,0.23595676605101998,0.05299927635242073,0.008976344699040632,-0.05223359579546739,0.1341305119996569,0.11513666496872804,-0.06880801282677021,0.0,0.0,0.0,1
0.2146325647880082,0.2147101047832057,0.15120122944626924,-0.14488354851556584,-0.043250076943296106,0.06502662124328537,-0.024110333986374917,-0.06039166552913694,0.0,0.0,0.0,1
0.25146375805619975,0.25556036208438493,0.2597218153321992,-0.2554663304770813,-0.04682280803227928,0.0791576079812951,-0.03594936490352034,-0.07052354262481385,0.0,0.0,0.0,1
0.24703974988050567,0.2438332575927635,0.28180805418346605,-0.2767074170600769,-0.05337400815576797,0.08536102390930894,-0.011821418719309586,-0.08453850283928838,0.0,0.0,0.0,1
0.17692217892602052,0.16732242044105325,0.22353622959533134,-0.22150551265898266,-0.030062498289030584,0.057001303093967386,0.020752386731802235,-0.05308942455276808,0.0,0.0,0.0,1
0.11999667694094887,0.09461946501055765,0.3090442845683417,-0.30611511647498196,-0.04244885498887376,0.14637989069960705,0.145842312112236,-0.012533650664752222,0.0,0.0,0.0,1
0.15407462387806245,0.10350161249700472,0.26777953327433224,-0.2632234238912026,-0.04918645703454816,0.1927016791197078,0.19267700042694338,-0.0030839328835912823,0.0,0.0,0.0,1
0.14559790108160245,0.1585130030553326,0.34529293503382585,-0.3287234221361547,-0.10567933915089235,0.07870797716236468,0.05426711596547525,-0.057008997480932605,0.0,0.0,0.0,0
0.2471640057522544,0.10935910865734472,0.25745433371860715,-0.245765294127282,-0.07669520293357664,0.13010838279991924,0.12811812940672082,-0.022670160831654053,0.0,0.0,0.0,0
0.17337102344595848,0.13091480695659377,0.2906757387992153,-0.2795555192223195,-0.07963100400477809,0.09012432636303155,0.08935600184628206,-0.011743046301427053,0.0,0.0,0.0,0
0.17685489723257927,0.1444116283972053,0.26711414056457,-0.25877598688422293,-0.06621897538957648,0.19443577830018238,0.19299817486793647,0.023600347049208895,0.0,0.0,0.0,0
0.1938774857832277,0.1467883803858784,0.2477493710594607,-0.21940308938326525,-0.11507404237897122,0.19393294188365953,0.19173713765211536,0.029100790240552295,0.0,0.0,0.0,0
0.16078277697981788,0.13599011052485835,0.2582621872142136,-0.2501208413985221,-0.06433445455403253,0.19115461193575878,0.18768899875435288,0.036234312618001335,0.0,0.0,0.0,0
0.16241919446624767,0.17035849545821016,0.3092880136463912,-0.28428457654760986,-0.12182509972282557,0.23372689203855637,0.22839481934743877,0.049639364996480265,0.0,0.0,0.0,0
0.13452737724530914,0.1630304246913013,0.21549594866659866,-0.20620167045613214,-0.06260491189050595,0.1588181896829799,0.15852578895245142,0.009632840244798097,0.0,0.0,0.0,0
0.1945738889186327,0.14303301214968095,0.3102100277476705,-0.30451739163965474,-0.05915589154253016,0.19971288879371332,0.19612937376106163,0.03766306809626499,0.0,0.0,0.0,0
0.19114859372606882,0.17845148331695443,0.3123469814358366,-0.2918023473463976,-0.11140927652225005,0.1919332576739661,0.1863135613312869,-0.046104579657490256,0.0,0.0,0.0,0
0.1753069650941767,0.16186696483214671,0.2797184351252504,-0.2738236973653323,-0.05712254992643302,0.21577964917504788,0.21319709734781217,-0.0332844510330913,0.0,0.0,0.0,0
0.21728961945523514,0.17676264017258567,0.20340931784632799,-0.19106731043148203,-0.06977559366417577,0.21017417169473435,0.20960492135789735,0.01545831136047349,0.0,0.0,0.0,0
0.16671005998116606,0.16406689264748686,0.2978591120286988,-0.28442046911182384,-0.08845929780828568,0.17659797251645307,0.17611433003322688,-0.013060882583866949,0.0,0.0,0.0,0
0.17876641323304993,0.15797374380375692,0.2743422827107678,-0.24439908616426637,-0.12463055309604604,0.22459539301110043,0.2228678794101008,-0.02780285756995899,0.0,0.0,0.0,0
0.19374276298670112,0.17084302048140323,0.2832034378737375,-0.2679997805196332,-0.09154400507369294,0.22540004480672438,0.22254999959305236,-0.03573062943758125,0.0,0.0,0.0,0
0.20641112748509083,0.20767700797745844,0.4009066622629016,-0.3740356554559871,-0.144303431332697,0.20666164184140462,0.20563574795977888,-0.020566316384012462,0.0,0.0,0.0,0
0.16542988814497023,0.16681783297167235,0.3198508174724027,-0.294364959801178,-0.12511521042229487,0.22018257080869033,0.2162712151645664,-0.04131738107825522,0.0,0.0,0.0,0
0.1906835119608505,0.14816611774970692,0.3509794887438596,-0.3300946511551474,-0.11926492693857058,0.24857376071554935,0.24618694904707988,0.034364234825784844,0.0,0.0,0.0,0
0.1795361512518619,0.1403464642723087,0.304085303925646,-0.29177576571235675,-0.08564329866673984,0.2264498474941917,0.22218469056810006,-0.04374353331979822,0.0,0.0,0.0,0
0.18466030014929175,0.14522021330622376,0.34977520778957155,-0.3332970565752772,-0.10609320460092826,0.21150522412113362,0.2105994216542541,-0.01955360400091627,0.0,0.0,0.0,0
0.16136859968415349,0.1244307021016815,0.3470176999033191,-0.32953024248980545,-0.10877087537939588,0.20291842308017038,0.20115219004381824,0.026714843550330932,0.0,0.0,0.0,0
0.1583183815774209,0.13264830620430712,0.30526928431828776,-0.29936110800583776,-0.05976841106903186,0.19654686855203599,0.19649240879556965,-0.0046265346995400004,0.0,0.0,0.0,0
0.1792589373695417,0.14123369776936487,0.3001055252313318,-0.2874273744290757,-0.08630660868775625,0.23684523391171783,0.2363497530870015,0.015312055459987787,0.0,0.0,0.0,0
0.19004940229417494,0.12682607170055096,0.37355984560010147,-0.36039642168452735,-0.09829230632028128,0.16713606816582838,0.16713206050008697,-0.0011574259923211685,0.0,0.0,0.0,0
0.1441043583106019,0.12671150755193167,0.2717938571776046,-0.2638485357255098,-0.06523688370074499,0.2266680601419376,0.22650532334639498,-0.008587664656593294,0.0,0.0,0.0,0
0.1625919145277167,0.12497014214262188,0.32900751395856753,-0.3127306212148532,-0.10220324258930841,0.21286992583022646,0.21227092801509406,0.015958021261323948,0.0,0.0,0.0,0
0.21059153828053287,0.151159351649258,0.3118083437496464,-0.2900510293393092,-0.11443270341604642,0.23320706117218604,0.23309395838843824,0.0072622271636692964,0.0,0.0,0.0,0
0.18928197622031223,0.12571578079557913,0.37735803261147244,-0.3476104740999919,-0.14685381531434583,0.2195997457034108,0.2139451131988217,0.049512996792216574,0.0,0.0,0.0,0
0.1501526792295994,0.13835282267680107,0.31262925343212833,-0.2984057805355838,-0.0932257488276651,0.23801208260578563,0.2380119686332106,-0.00023292420844564233,0.0,0.0,0.0,0
0.16798443658629084,0.16102701606280442,0.3192521757665587,-0.30357232174422233,-0.09882204815983152,0.21266622174117797,0.21260287097047162,0.005190484060362117,0.0,0.0,0.0,0
0.16749678579738744,0.14520122602641622,0.26757703573142355,-0.25978675936176676,-0.06409609747189765,0.25280881714957487,0.2519431227155165,-0.020903610810608562,0.0,0.0,0.0,0
0.1918262222469989,0.15224749293110837,0.3289476413383871,-0.3112097019819424,-0.10656018081065141,0.2429811518299022,0.23971312271159673,-0.039717237371712476,0.0,0.0,0.0,0
0.1730947425705168,0.15089774905159895,0.3127107691021195,-0.28888885794925745,-0.11971321090511629,0.28062318458475327,0.26623652274216925,0.0886988482712537,0.0,0.0,0.0,0
0.19729713892135992,0.1454439438404161,0.3117013608924289,-0.2906827802876035,-0.11252226280368256,0.21584170123130889,0.20414220986910753,0.07009706227926288,0.0,0.0,0.0,0
0.20243004923336794,0.16038410789151633,0.32094102319407863,-0.31076230198207694,-0.08018685700077363,0.1772187801335717,0.17721245594501894,0.0014971606346499836,0.0,0.0,0.0,0
0.1734024479097479,0.15465804026419475,0.28652319962280126,-0.27212470720272713,-0.0896866079853488,0.23408169253542213,0.22723219079686985,0.05621183368208904,0.0,0.0,0.0,0
0.20129418844700253,0.15407205473960403,0.32428106989140826,-0.3104856173959452,-0.09357827568498547,0.22608398565447047,0.2221835368067792,0.041814405908028686,0.0,0.0,0.0,0
0.18586691201286448,0.14698168830807262,0.2691583293017186,-0.2550315455292212,-0.08605298959053762,0.1643976469862454,0.1643350821345839,0.004535098062195216,0.0,0.0,0.0,0
0.19297735148933345,0.1374781051008545,0.27308638038440924,-0.2588154216287275,-0.0871249027465871,0.2475115299385238,0.24721510127401472,0.012109960965561647,0.0,0.0,0.0,0
0.18215795693364198,0.1483991006406121,0.3227422703257267,-0.300380257121614,-0.11804352666096322,0.22705241414241448,0.22703735714744255,0.002614809247940088,0.0,0.0,0.0,0
0.14411867681603033,0.15647005686633134,0.2702236265906227,-0.26144999593271445,-0.06829866759001862,0.20933942867762947,0.1833616701934085,0.10100244701471355,0.0,0.0,0.0,0
0.1703394367225579,0.1283876558267213,0.2821232674241787,-0.26464621509682645,-0.09775438024466684,0.21219414619677235,0.21164869334017572,0.01520481132975537,0.0,0.0,0.0,0
0.16891866203855951,0.13283630882654668,0.3052245362937825,-0.3016069079244624,-0.046853928842727974,0.13333629686117482,0.13311165087035093,0.00773669588526912,0.0,0.0,0.0,0
0.19138443215502832,0.14316461003903808,0.2533372183105071,-0.23783182517555554,-0.08726837408230732,0.24524380473561266,0.24449945509935658,0.019092936319933557,0.0,0.0,0.0,0
0.20213779909408722,0.1422699939789224,0.3200038261693504,-0.303016779532202,-0.10287507027923097,0.10052290135014497,0.09932684449176704,0.01546064873022167,0.0,0.0,0.0,0
0.1712722031092271,0.14170089211663933,0.3514533125865378,-0.3106057014883745,-0.16444916883634708,0.2056996264675025,0.19609350271627207,0.0621262788305677,0.0,0.0,0.0,0
0.16922112302818795,0.1342871361882963,0.3288536902036157,-0.3013503322947202,-0.13165381417337438,0.2560298922983405,0.2544262927262989,0.028610615509832755,0.0,0.0,0.0,0
0.19036581902500338,0.12535841974618328,0.30394816069796465,-0.2975505064774052,-0.06203370444133906,0.13415669526393276,0.13362407275568705,-0.011942615472440375,0.0,0.0,0.0,0
0.15289480675106779,0.13720565277375887,0.37247831428665085,-0.3358242382877406,-0.16112782376822413,0.20507905718642216,0.20496085532706937,0.006961858952029326,0.0,0.0,0.0,0
0.14568832431384837,0.11293970616936339,0.3328213755778247,-0.3103713608699365,-0.12016524619564133,0.19762625696733707,0.18554587104379486,-0.06803577868680122,0.0,0.0,0.0,0
0.15788096365961587,0.15297969225841782,0.22886537834810886,-0.2217445891998305,-0.056645375513111655,0.28506671014262797,0.2839716139097277,0.024963007131466045,0.0,0.0,0.0,0
0.16977994349560846,0.14081024989544497,0.3293034422141664,-0.3163310524527828,-0.09151733337577951,0.22350595398625162,0.22348566370305772,0.003011575419644612,0.0,0.0,0.0,0
0.15695647047504532,0.13543357352878113,0.30772925978687227,-0.29855891998927775,-0.07456452657807457,0.2518621961781298,0.25107304931770447,-0.019922092510082624,0.0,0.0,0.0,0
0.15710831606215994,0.11029034970025538,0.2572118036362315,-0.24843138481197655,-0.06663151634329599,0.26479479004581347,0.2643945282838039,0.014553839664888204,0.0,0.0,0.0,0
0.19577154381895845,0.11676121351033186,0.2866963309151255,-0.26932724924857177,-0.09827318541897784,0.23518454338219297,0.2349830446404464,-0.009733353861675084,0.0,0.0,0.0,0
0.1969621439631116,0.13367661615026177,0.3269896245090617,-0.3095544555590859,-0.10534824906041443,0.20998254740797423,0.20993703975330238,-0.004371447765040986,0.0,0.0,0.0,0
0.1364913402192257,0.1243911731003707,0.35144799512463165,-0.3416982984938227,-0.0822068493712632,0.17047347446498995,0.17022699606015165,0.009163804259296497,0.0,0.0,0.0,0
0.14083819924979188,0.1401471426921489,0.3321657583010195,-0.32375719589274227,-0.074265531004362,0.23958449462510154,0.23535882890870083,0.04479901471561851,0.0,0.0,0.0,0
0.15436718892769302,0.11901502988721775,0.3447156865636671,-0.32879078418561103,-0.10356410960207846,0.24954540525441812,0.24897927797496044,0.016799655432750603,0.0,0.0,0.0,0
0.13300496808152376,0.13977965233908984,0.29377490472252704,-0.2805498133263691,-0.0871521479211459,0.2258382894569632,0.224582876912826,-0.023779494998959337,0.0,0.0,0.0,0
0.14941843450404307,0.12457305974357853,0.3163985410299908,-0.2992051141897118,-0.10288020416303756,0.2240229740757379,0.2232390482949922,-0.018724855942967453,0.0,0.0,0.0,0
0.14351731885717456,0.15959949723303465,0.2711416622700139,-0.26424486604086117,-0.060765547719029284,0.2431535830063074,0.24315127271924572,-0.001059954629321378,0.0,0.0,0.0,0
0.14708530424646427,0.13699452759459438,0.3531645216055094,-0.33946692617661467,-0.09740321017835667,0.20551455461809212,0.20204355008971875,-0.03761164749138322,0.0,0.0,0.0,0
0.18967045573960184,0.14494364141890087,0.3811130224405991,-0.3540506911075723,-0.14105050159449622,0.21585989903841085,0.21585414520596974,-0.0015760743234550143,0.0,0.0,0.0,0
0.20275150522677912,0.15349757768642613,0.4127811511526907,-0.38201807893859024,-0.15636644816267173,0.24485482775456757,0.24462926270759627,-0.010507640165937212,0.0,0.0,0.0,0
0.20197626186789544,0.1404080778658013,0.34146960485756184,-0.3198603229532503,-0.1195444053137654,0.24612121878180118,0.24612093520053147,-0.00037361832801166935,0.0,0.0,0.0,0
0.2100698950256707,0.15572668474680654,0.35842593227682823,-0.31272448768429856,-0.17513578655176806,0.21876244436533937,0.21618441031427377,0.033485934386962096,0.0,0.0,0.0,0
0.17342413824367567,0.13926068667353356,0.36160948780240665,-0.34341410964919067,-0.11326151580555734,0.24800943452945176,0.24355307096411657,-0.04680364557987361,0.0,0.0,0.0,0
0.20071040226736442,0.1659554345370573,0.3306435812749453,-0.31711912836788064,-0.09359827061178519,0.22140450509701276,0.21410709236426237,-0.05637470954758327,0.0,0.0,0.0,0
0.18317142810591625,0.13875086531092037,0.3520171058591556,-0.32490620666997105,-0.13546955261159596,0.19406176946721376,0.18677284544710482,0.05268656918359662,0.0,0.0,0.0,0
0.18964318678627254,0.1353602919710519,0.2863422509028921,-0.27413210044918485,-0.08272530541166258,0.19780927477982077,0.1975117849525483,0.010844537508669897,0.0,0.0,0.0,0
0.20310522304297016,0.1444766201850995,0.3851066188050465,-0.3555187990173911,-0.1480320620429481,0.24946328302719115,0.24946310937458066,0.0002943465143195116,0.0,0.0,0.0,0
0.15838290294383908,0.12862223056053648,0.3763848799724498,-0.34237239206351194,-0.15635447874808142,0.23613756923419246,0.23562338040802738,-0.015574794025188807,0.0,0.0,0.0,0
0.14947518333306364,0.16335633940149868,0.33601172461278206,-0.3290251695138195,-0.06816389736259555,0.2327507768990035,0.23167906611086425,-0.022309963538461885,0.0,0.0,0.0,0
0.11304870665198369,0.12699195062874774,0.3371097483773704,-0.3214974241310955,-0.10140211402196934,0.2035459226766396,0.20257292513440653,-0.019878446638876564,0.0,0.0,0.0,0
0.18243273725775644,0.12100311515964095,0.34092446723309877,-0.3380426895128319,-0.044233838010095256,0.08684349393809825,0.0860431158476875,-0.01176327567465522,0.0,0.0,0.0,0
0.17854507929168723,0.14290845297254165,0.35455854971668377,-0.343984006275961,-0.08594631233239575,0.12738393112749985,0.1238202709659901,-0.029920000123736856,0.0,0.0,0.0,0
0.13205012821981763,0.15601695246283506,0.3312255447439707,-0.32367470800324794,-0.07032101314651487,0.25699745890446546,0.25684434054851274,-0.008870096479296104,0.0,0.0,0.0,0
0.17946863614606184,0.14370293531895056,0.3448010391403824,-0.32989023212252544,-0.10030050519530695,0.2450691670655526,0.24489105085196178,-0.009341833804216462,0.0,0.0,0.0,0
0.16591603079641995,0.1210735452345529,0.3684332872721221,-0.3565808765622149,-0.09269932923308832,0.20308675875951793,0.19625991810490528,-0.05221375421191717,0.0,0.0,0.0,0
0.1867637917930446,0.1418906577027871,0.26805013484420764,-0.25367986291528927,-0.08658753918017276,0.22453842868292706,0.224514047125597,-0.003308866676542691,0.0,0.0,0.0,0
0.18365677199203057,0.14680780846304636,0.3471742089653256,-0.3335857850389902,-0.09617928774232085,0.150065977183486,0.15006518490725107,-0.00048763386580220755,0.0,0.0,0.0,0
0.1739503859199176,0.13482092517850017,0.2598037826944695,-0.2542854322512869,-0.05326278670076628,0.1368089489610301,0.12981113297825592,0.043194424069818334,0.0,0.0,0.0,0
0.17413999080993364,0.12518988239805845,0.32943631410680824,-0.3210328926840283,-0.0739335300604861,0.21611407891968348,0.21107240701686342,-0.046408340881901114,0.0,0.0,0.0,0
0.18342246116604088,0.1262102529337184,0.3037325429061424,-0.2919234898045054,-0.0838697425809239,0.15234629121321588,0.15057132905186835,-0.02318765434398177,0.0,0.0,0.0,0
0.1898939316229823,0.13384882058914918,0.34216955090460116,-0.3280514848381271,-0.09727396805803963,0.23184380249466802,0.22835236591887167,-0.040084232990545844,0.0,0.0,0.0,0
0.15215149561483826,0.13976252212877616,0.2807450806486909,-0.2730706851742561,-0.06519356722025785,0.1919502214518943,0.19040016979063643,-0.024344667981471627,0.0,0.0,0.0,0
0.1587906898016218,0.13777156352902242,0.3615169113510651,-0.34394778228496786,-0.11133014081580166,0.2243561095180804,0.21806654512059906,-0.052750789351957796,0.0,0.0,0.0,0
0.15286107882026795,0.14275742656007226,0.33289430306576306,-0.32083829791854884,-0.08877726962668207,0.16744174318567837,0.16136447981638247,-0.04470170035520979,0.0,0.0,0.0,0
0.15903351803633095,0.14548354850030384,0.3138225084398801,-0.30206405969209327,-0.08509918122890552,0.19760112043280628,0.1970079323722665,-0.015299587533815476,0.0,0.0,0.0,0
0.13954707543909944,0.12541891361829607,0.2602060703797584,-0.24867937191705627,-0.07658830880372137,0.1307910487664715,0.11772766973683647,0.056978015196809756,0.0,0.0,0.0,0
0.1696107489061888,0.14470736668433015,0.3106947780682142,-0.2896187244374766,-0.1124821744725175,0.16471567797860684,0.16399819551907951,-0.015357292679306222,0.0,0.0,0.0,0
0.25309984385680356,0.2138290579394065,0.2870271914129108,-0.2787018971026573,-0.06862842823322968,0.10283038107155494,0.076314048706739,-0.06892208094149997,0.0,0.0,0.0,1
0.2810506478006362,0.22731619669832384,0.17298744002956998,-0.16133905634429974,-0.06240483399477118,0.1561996329267602,0.14298883597764683,-0.06286905528328102,0.0,0.0,0.0,1
0.2988734277337317,0.21547533262400206,0.07154223552535387,-0.02202055185909656,-0.06806898530010598,0.2211468227281595,0.21862805936965363,-0.03328195996360824,0.0,0.0,0.0,1
0.2644221047208103,0.22215748490615106,0.16055458699535632,-0.15309653084030028,-0.048365562644452215,0.1550309777843704,0.1492039840254919,-0.04210433735019122,0.0,0.0,0.0,1
0.24178050611821522,0.22317853591846137,0.12599188894957414,-0.11626189576254053,-0.04855025926585748,0.1416620145511981,0.13414954715324942,-0.04551950532773799,0.0,0.0,0.0,1
0.16100949835196918,0.17692751287065975,0.11903504483648956,-0.11666754847631765,-0.023622553455356046,0.024473536717956088,0.02447191949912629,-0.0002813458964108534,0.0,0.0,0.0,1
0.25544999800873897,0.20779609328390514,0.11483602577703007,-0.09443073670782212,-0.06534637542420152,0.1544993957183576,0.15225583889975877,-0.026234000805602616,0.0,0.0,0.0,1
0.26460591258443206,0.19979327696031307,0.10363723582896749,-0.0941644409530745,-0.04328665741615964,0.1709027841228909,0.16848593823121735,-0.028640011160994024,0.0,0.0,0.0,1
0.27942693397789514,0.22783461401449756,0.1412848676853774,-0.1298132829451875,-0.055766705191066177,0.1398337234596801,0.1312010208881387,-0.04837108986273178,0.0,0.0,0.0,1
0.2806927595135053,0.22110570651107633,0.1320565414590388,-0.12049025508599105,-0.05404654079065231,0.1295794472464767,0.11200819893782799,-0.06515363780639104,0.0,0.0,0.0,1
0.26107556238548807,0.2275044411211605,0.17003856837651393,-0.16498670676996757,-0.041140020961773265,0.12670857511151828,0.12352604982369145,-0.02822017047691547,0.0,0.0,0.0,1
0.2455726486674293,0.26505045328059706,0.3471214800117616,-0.33774419255416793,-0.08013851933676423,0.12983373521256622,-0.11761618538613705,-0.05498392250886252,0.0,0.0,0.0,1
0.32878242900601856,0.3064843798694063,0.3331670265472205,-0.3267464134249515,-0.06509261780146061,0.12636176215473166,-0.028081259663651617,-0.12320202023729783,0.0,0.0,0.0,1
0.3448318990174098,0.33113620949149725,0.34680278953641974,-0.3410955309023713,-0.06265790954597579,0.13874753747822174,-0.05299409796707388,-0.1282283304770312,0.0,0.0,0.0,1
0.3346026735631813,0.3290565266450873,0.3661163975009883,-0.3567429387089003,-0.08231459287659428,0.1290553207135007,-0.04435563982954982,-0.1211934528750451,0.0,0.0,0.0,1
0.3593743401040036,0.3149904622528107,0.33876631028261167,-0.3280804122271218,-0.08441478599970818,0.13603547369617325,-0.05775389282191796,-0.12316711398606633,0.0,0.0,0.0,1
0.33258772237613343,0.3174305958839356,0.30398826860364186,-0.29500710807139796,-0.07334625850028348,0.130468691254786,-0.060166734165827684,-0.1157671952564944,0.0,0.0,0.0,1
0.35270034360892066,0.320157912919941,0.31216074534634225,-0.3021254819628491,-0.07851448327474417,0.14080698870854458,-0.05947514523854079,-0.12762960145680421,0.0,0.0,0.0,1
0.3202489813271479,0.3032320196473891,0.2673651865396555,-0.25461403163344504,-0.08158331856910359,0.13628414548172563,0.03674237570676015,-0.13123782281456606,0.0,0.0,0.0,1
0.35470626330721666,0.2965926545335808,0.15398655172831333,-0.13198914883756332,-0.07931407631884817,0.18003353825441937,0.14275617669314167,-0.10969388730627605,0.0,0.0,0.0,1
0.33074688978244854,0.271799019424005,0.1528330166721524,-0.1425997494595235,-0.054984019852967685,0.17617571687260264,0.14653263352980142,-0.09780629083242227,0.0,0.0,0.0,1
0.3323147719895406,0.2547492036895739,0.15982294883383122,-0.14507214348303565,-0.06706301632926268,0.17231098431803485,0.15351757964646884,-0.07825233578711975,0.0,0.0,0.0,1
0.31613269558651597,0.2495011880624799,0.18670977356532734,-0.18068627909479218,-0.04704261994930425,0.16232577012741306,0.15309722102188014,-0.05395272525864965,0.0,0.0,0.0,1
0.3104015377808227,0.25538811839843856,0.14411434690345568,-0.12791805549183935,-0.06637707482705357,0.1397114781911504,0.1338667950492073,-0.039987226980747595,0.0,0.0,0.0,1
0.3266982780960792,0.2857435710259763,0.14203080816458494,-0.12611445279040057,-0.06532913029623885,0.169152271881619,0.15233494429371086,-0.07352928552451168,0.0,0.0,0.0,1
0.3139521384957007,0.2927681053558631,0.17805024533936953,-0.16797314086577117,-0.05905009579244953,0.17557370781481108,0.16582805106655046,-0.05768175062626111,0.0,0.0,0.0,1
0.333872783255048,0.29095407260287776,0.1484307749177285,-0.1396778394718374,-0.050217488021176475,0.1880747114963242,0.17861467452173915,-0.05889732718824152,0.0,0.0,0.0,1
0.3206896880163457,0.2783440652887715,0.16709834627331546,-0.16108767740186347,-0.04441415896479417,0.15629158232882462,0.14502359622215133,-0.05826847557335086,0.0,0.0,0.0,1
0.31449407443703065,0.269738268789589,0.17552693534037236,-0.1693479209247182,-0.046162611586203085,0.1753403868824799,0.16670428584116637,-0.0543500906557149,0.0,0.0,0.0,1
0.3194477159207511,0.2938079591074189,0.14436591088087328,-0.13249540185243142,-0.05732787029383666,0.19506039199271294,0.1843066945489423,-0.06387173763718759,0.0,0.0,0.0,1
0.20583445040091347,0.18528129992942446,0.22162858575513483,-0.21963154931771195,-0.029685224744350917,0.20179066057628378,0.20004529286345965,-0.026483041724576033,0.0,0.0,0.0,1
0.2968703073638014,0.24112011128936453,0.2022562621117485,-0.19090014402999214,-0.06681863941105473,0.1826269063128341,0.17593907796697167,-0.04896966156232395,0.0,0.0,0.0,1
0.31638682646089916,0.2629191115887275,0.1149516052409096,-0.10248644531638551,-0.05206150280075902,0.21378826608006793,0.2066997300119258,-0.054595277511144624,0.0,0.0,0.0,1
0.340216736680143,0.32345546520868873,0.16715951514251545,-0.1556988356830509,-0.060829072569152084,0.16466964445057763,0.14824784136445135,-0.07168451251323481,0.0,0.0,0.0,1
0.342456334861267,0.32994127833872616,0.2640099163797591,-0.2583647455836249,-0.0543037216621124,0.10403675591129197,0.04709453168665372,-0.09276719067515471,0.0,0.0,0.0,1
0.3292303848563372,0.29698663097486994,0.23012065948670718,-0.21780620223133962,-0.07426961823086076,0.13436293367976077,0.10206086007734669,-0.08738980940192084,0.0,0.0,0.0,1
0.337834566438463,0.2843798728684778,0.18408522629517832,-0.16996446211037186,-0.07070680419647729,0.12822482190875814,0.11054751864618563,-0.06496807735114211,0.0,0.0,0.0,1
0.336504911628236,0.2865373642763675,0.08288784027537656,-0.04142599473160121,-0.07179332159758096,0.21317229352547137,0.20193982007555827,-0.06828422800882261,0.0,0.0,0.0,1
0.3447862364816462,0.29282060643632324,0.09915915445337307,-0.047839968663331345,-0.08685548520501955,0.19720930742261558,0.187745119304309,-0.06035959833794848,0.0,0.0,0.0,1
0.3468940786639703,0.30222399351674506,0.15275109779653112,-0.12747343842766293,-0.08416305824691875,0.1840339390017745,0.17528772521084945,-0.05605982603357408,0.0,0.0,0.0,1
0.19351140551580748,0.10108785855910767,0.27216979455948404,-0.269821762203697,-0.03567371177552623,0.11554075018503707,0.104878137493339,-0.04847928660004623,0.0,0.0,0.0,1
0.17681733579750725,0.07789743827364803,0.405204066093059,-0.4052040660761672,-3.699895206167783e-06,0.13725428588387503,0.12748631505743016,-0.05085251681647778,0.0,0.0,0.0,1
0.13851871034342603,0.09705493802638454,0.3517960589600905,-0.35161137256363334,0.011397797320942865,0.10062172543175484,0.08654391374713859,-0.05133110774366063,0.0,0.0,0.0,1
0.16811038679330065,0.0861143339306659,0.43579738438477506,-0.4356552554018374,-0.011129181343259626,0.1284420357230978,0.11369651303642367,-0.059753321782574406,0.0,0.0,0.0,1
0.14368480884665985,0.1334500048791492,0.4136849567019871,-0.41326875317155376,-0.018552117225652257,0.10828168347588693,0.09500378806476095,-0.051953856735743396,0.0,0.0,0.0,1
0.32869504774320346,0.31205119323414243,0.25579770390273887,-0.23953796937548258,-0.08974422850180196,0.18059924461337065,0.15433755939766308,-0.09378701889970117,0.0,0.0,0.0,1
0.33553951994326936,0.35621155852073244,0.16903281057625036,-0.15520169904853748,-0.06696658617365639,0.23057165971967186,0.21307565477051268,-0.08810252896484551,0.0,0.0,0.0,1
0.39755589287525883,0.30442610940485937,0.15811073225722735,0.1354327458587547,-0.08159028743713677,0.2965798553218363,0.2860439553764902,-0.07834836421581391,0.0,0.0,0.0,1
0.3650831329676648,0.31131185173221465,0.1311867807183573,0.11363017240965687,-0.06556031843575821,0.25054704024648067,0.2414068816046372,-0.06705622186043807,0.0,0.0,0.0,1
0.3270007883336735,0.3235550695196946,0.10697080096188794,-0.08608122034130065,-0.06350413973104659,0.20683846214688287,0.1783035833009365,-0.10483311311476677,0.0,0.0,0.0,1
0.26353010230375135,0.26609828229488564,0.13895563303345881,-0.12550240330585125,-0.05964742002957654,0.2103580983031217,0.19502164615880668,-0.0788485069688387,0.0,0.0,0.0,1
0.2599336115602884,0.17029016146074133,0.13928271390300956,-0.1310541118911554,-0.04716454334145657,0.130954417848617,0.1289828624150277,-0.022638037841125162,0.0,0.0,0.0,1
0.24645658619037686,0.19793385910998784,0.1602818056397782,-0.14795554963340551,-0.06163937501163131,0.09417039983435684,0.08526025730559274,-0.039984406074703084,0.0,0.0,0.0,1
0.2476017966695248,0.20250405975003888,0.21238058298518556,-0.19801903546634184,-0.07677221907765167,0.17517716946652295,0.16709798719770846,-0.052586151948753206,0.0,0.0,0.0,1
0.2615878328814487,0.21943084852407693,0.2527223838029757,-0.24477424123430322,-0.0628822240639569,0.1279728568751629,0.1137106037157102,-0.05871073751367496,0.0,0.0,0.0,1
0.2417434400664533,0.21079323035881792,0.22889282656364648,-0.22063991043344525,-0.06090940794505239,0.19809690865754,0.1838716063293542,-0.07371307621810902,0.0,0.0,0.0,1
0.24695544006403675,0.18349368853262266,0.25749725458187517,-0.24993729612780738,-0.06193693664949652,0.17082012820695622,0.16770108022042618,-0.03249405935772163,0.0,0.0,0.0,1
0.23665038598998317,0.22578560647650509,0.19589872287637541,-0.19281437595517237,-0.03462551154297049,0.12258620171551128,0.10939721685434498,-0.05531388429281965,0.0,0.0,0.0,1
0.2676410321823273,0.2621638551117072,0.20893604678798486,-0.19986041379287717,-0.06091048059185631,0.19231401642550686,0.17181236952508547,-0.08640133443347738,0.0,0.0,0.0,1
0.1655562180199961,0.14665362752218872,0.3493853454953471,-0.34934951546047965,0.005003568169930404,0.05103321099802838,0.011946601105450996,-0.04961519270139462,0.0,0.0,0.0,1
0.33988310732001203,0.30385428894704153,0.147394602491887,-0.11465713020571121,-0.09262241271275527,0.17630943703555388,0.161025861242736,-0.07180313084280569,0.0,0.0,0.0,1
0.32300794060638977,0.325373249393336,0.16812954236183783,-0.15525311807798112,-0.06452915884982129,0.1846429391628333,0.16177087623191772,-0.08901235074891196,0.0,0.0,0.0,1
0.35104585572450925,0.3428911185044372,0.10965201531946266,-0.07382466092910903,-0.08107702450338047,0.18225863755107985,0.16974540111284595,-0.06636798748655051,0.0,0.0,0.0,1
0.30783475170523855,0.33788658244782205,0.2229089949356419,-0.21499746651675286,-0.058860083372314034,0.21419608479748112,0.20375868744104858,-0.06604816450796201,0.0,0.0,0.0,1
0.34160668012756257,0.3402631843500156,0.1507864052526686,-0.1240466005718866,-0.08572619725370317,0.1664425386605761,0.15572616022310373,-0.05875782244046824,0.0,0.0,0.0,1
0.3306663339545833,0.364806534826335,0.18339014415302096,-0.1713226306527174,-0.06542553934587303,0.2186700460394396,0.20740966534065922,-0.06926629597550592,0.0,0.0,0.0,1
0.3400352703591617,0.3311686590896176,0.2404820638361923,-0.22422089759720923,-0.08692877606187892,0.17895884885978455,0.16321079126798788,-0.07340645202498555,0.0,0.0,0.0,1
0.3413079556286369,0.34050237322210614,0.1979962203047566,-0.18667349270560218,-0.06599629062349788,0.15962464495761505,0.142990768961679,-0.07094834226105919,0.0,0.0,0.0,1
0.3486982384549007,0.34584761527954816,0.19381814388167293,-0.18434456640903019,-0.05985443787392485,0.1861184557028376,0.17230285490852915,-0.07036906808804186,0.0,0.0,0.0,1
0.3434679248418587,0.3615570474332459,0.17380633579409724,-0.15521207067706733,-0.07821672121936292,0.20033071594943846,0.18555793827788486,-0.07550263104604553,0.0,0.0,0.0,1
0.3338285522504616,0.3513444105036877,0.20150123224243122,-0.18474177039393375,-0.08045635380088548,0.22089689635860615,0.2050361457643869,-0.08219256505882934,0.0,0.0,0.0,1
0.32129753423589336,0.33004145460002154,0.19374319823015484,-0.17876947440845414,-0.07468535251422552,0.1727582717821712,0.16092606985953267,-0.06283486698265016,0.0,0.0,0.0,1
0.30992631327441394,0.3217151951863081,0.1906849757470687,-0.16847023549395146,-0.089322671972309,0.16445270455653074,0.1388224254301874,-0.08816476753010605,0.0,0.0,0.0,1
0.3178682046939067,0.3285270669573857,0.22841041630904615,-0.21939708124507876,-0.06353140183887086,0.17075462448279355,0.15565108829698673,-0.07021310770948315,0.0,0.0,0.0,1
0.34214556810981767,0.34007350216195137,0.23366905391746975,-0.21319480724980036,-0.09565145540139912,0.18904291973115742,0.17539788993551444,-0.07051812324962983,0.0,0.0,0.0,1
0.3478755892348185,0.333963202175064,0.2224978899823785,-0.20592244896933015,-0.08426895072969771,0.17812180527688765,0.16185315203326064,-0.07437025408048364,0.0,0.0,0.0,1
0.32908578557699164,0.33251619141534283,0.22957828456130033,-0.2199620852166673,-0.06574853465473574,0.1924116847792509,0.16501098473930192,-0.0989627776234867,0.0,0.0,0.0,1
0.3390403626746621,0.3263551985316583,0.16659680963605764,-0.15385094150073136,-0.06390919167264882,0.18819511031488306,0.16229827954614948,-0.0952715487582255,0.0,0.0,0.0,1
0.3109876147562497,0.29906471193286394,0.2086183377659681,-0.20080579108661673,-0.056556565651687034,0.2018555880834418,0.19269935152951084,-0.06010522739843963,0.0,0.0,0.0,1
0.3079242946209008,0.33351523728374,0.2415801169761845,-0.23442866944307875,-0.058345110003964404,0.1859694672782639,0.17337192950923844,-0.06728162318200213,0.0,0.0,0.0,1
0.3161433362308805,0.3058154287426421,0.17071192550632736,-0.15844180032559735,-0.06355121886841662,0.1822456292177273,0.16830194853410788,-0.0699136859891384,0.0,0.0,0.0,1
0.32728938340829417,0.3183304301140772,0.19969337508542648,-0.18984940863308689,-0.06192451933342738,0.20775647908368658,0.19759925797905256,-0.06416609577789607,0.0,0.0,0.0,1
0.32978839714476466,0.3239691532476222,0.22624386841454275,-0.20709633704032482,-0.09109003886077292,0.20004849355119805,0.1853765653325452,-0.07519926061878757,0.0,0.0,0.0,1
0.3257459663560474,0.3211551167301289,0.10416736888756985,-0.08658649951415376,-0.05791043811649592,0.22591515871955678,0.21558624470635848,-0.06752947528814843,0.0,0.0,0.0,1
0.3490826739668027,0.3054405681350149,0.10212190342480017,-0.08431987878390076,-0.057611120462741354,0.2377992088696604,0.23036066071861108,-0.05901211513173664,0.0,0.0,0.0,1
0.3559086850163124,0.3288324220055148,0.07429459274594055,-0.056224051378683464,-0.04856482840340656,0.2576044450817994,0.25247464684451004,-0.05115274016748003,0.0,0.0,0.0,1
0.31615994825571825,0.2975861234769716,0.15351414854063414,-0.14372657836230723,-0.053937597966719285,0.24387755141386255,0.24170620850438787,-0.03247104639605178,0.0,0.0,0.0,1
0.287348936533619,0.3160162913916239,0.2141762800494512,-0.20218867929475232,-0.07064854493098027,0.16288037442418804,0.1509945716702827,-0.06107909379379779,0.0,0.0,0.0,1
0.2881171091009456,0.2920132965499211,0.22979130011681465,-0.2211862506644495,-0.06229513726110003,0.13925383827148397,0.11732349606214312,-0.07501219064323414,0.0,0.0,0.0,1
0.3281100225779404,0.3228788196741993,0.19499512517834294,-0.18092965257936655,-0.0727156080963871,0.15583634812951502,0.14303178835053426,-0.06186174035372249,0.0,0.0,0.0,1
0.2693631764451948,0.31901216860237064,0.21954442550820666,-0.20964442704230987,-0.06518411602399868,0.18309740890907683,0.17358751355619972,-0.0582411906350984,0.0,0.0,0.0,1
0.29213535281071346,0.3160879640624784,0.21356325355904382,-0.19960074024074737,-0.0759526679325364,0.19993188098472406,0.1943440965973415,-0.046937502616277466,0.0,0.0,0.0,1
0.27004631702247894,0.29228904258411637,0.2631415801948185,-0.2527663672311576,-0.07316183994535444,0.17335567773054741,0.16222297444842776,-0.06112198918983391,0.0,0.0,0.0,1
0.2623743375965623,0.2759463466628379,0.25910499206166143,-0.25016531923986157,-0.06747377239262513,0.17861642197766847,0.17593004334489495,-0.030861724656407654,0.0,0.0,0.0,1
0.30064973142127394,0.27736402821357153,0.18272936891187896,-0.1729585128153484,-0.05895231214835029,0.16867769779521324,0.16016186053420764,-0.052918278162789045,0.0,0.0,0.0,1
0.31157483190546525,0.246313978892766,0.19557058545029934,-0.1805503076583421,-0.07516275871634075,0.1676374549702387,0.16581561407571865,-0.0246474833926537,0.0,0.0,0.0,1
0.30488455562453515,0.30445383761836503,0.19477097890953013,-0.18419986355890464,-0.06329411102351899,0.1766477100669869,0.17122323733996467,-0.043439802793433506,0.0,0.0,0.0,1
0.30498103125532283,0.27148687638299523,0.19155100288221333,-0.1813924735653609,-0.06155125700602345,0.19840522744883202,0.19081501625285907,-0.05435314021695424,0.0,0.0,0.0,1
0.2745064726961594,0.27583121866762333,0.24124201157272274,-0.23048625559616223,-0.07123057018523901,0.184065435293182,0.17348693776735438,-0.06150095034854892,0.0,0.0,0.0,1
0.2758276217710662,0.28621015636215896,0.19077591066854963,-0.18240284508366036,-0.05589857061500438,0.25228803527410526,0.2500571740599036,-0.03347629674326719,0.0,0.0,0.0,1
0.2790172525448521,0.26201967903918955,0.15657017643938384,-0.1430326241423423,-0.06368585856542427,0.1840332206520437,0.17987964358950814,-0.03887853039500493,0.0,0.0,0.0,1
0.27247379464264515,0.2449972267885999,0.1714393821460957,-0.16511617584091762,-0.04613144509232504,0.2631709929180195,0.263163368211418,-0.0020032835740093438,0.0,0.0,0.0,1
0.17402953891907874,0.1304966434064524,0.2294009228828768,-0.2277625771305475,-0.02736771598739997,0.16514472665032084,0.16309848641197205,-0.02591649032050763,0.0,0.0,0.0,1
0.14083391663387668,0.16544870477418105,0.36478427623578724,-0.36470837655676536,0.007440985028594594,0.02742198411224095,0.0022305283569364386,-0.027331116989631022,0.0,0.0,0.0,1
0.25855162944330695,0.15585834396747023,0.24484191973858863,-0.23937407576727862,-0.05145500473072201,0.13600794971469296,0.13527931830051224,-0.014059460364578162,0.0,0.0,0.0,1
0.26320138416882544,0.19921271623863027,0.25539507787818383,-0.24964271974705277,-0.053899520236251365,0.17541417209801427,0.1751717139635694,-0.009219674609073318,0.0,0.0,0.0,1
0.2783834631771806,0.17988664401589208,0.22241061049040356,-0.214113392431934,-0.060182512742512004,0.1116657374751829,0.10730005711315133,-0.03091819317798061,0.0,0.0,0.0,1
0.15414238890302706,0.12545723295040145,0.38794482440384853,-0.3876734853484128,-0.01450708583923152,0.1305145981369279,0.1265527957325025,-0.03191316686152092,0.0,0.0,0.0,1
0.26291710143941244,0.1690209643732976,0.2720935223058805,-0.26804159639290737,-0.04678234158272165,0.19398840284054306,0.19316867440636998,0.01781470360995738,0.0,0.0,0.0,1
0.2929806428011313,0.2484280156733344,0.2234210518253276,-0.21212764747268187,-0.07013435375364441,0.2093957715597224,0.20498604302678808,-0.04274706201964337,0.0,0.0,0.0,1
0.31622625181163344,0.2437517804655666,0.1501037585597553,-0.14511976572061702,-0.03835872692046152,0.2448404163612598,0.24451190461647637,-0.012679037218110003,0.0,0.0,0.0,1
0.2967503775510096,0.2744321709504697,0.15075176527185755,-0.13195338516816996,-0.0728999236984636,0.24340702075184945,0.23549452525737055,-0.061557341764381955,0.0,0.0,0.0,1
0.2996632521163512,0.2669153100194723,0.13878225859506985,-0.1264502495579982,-0.05719134276679308,0.24982794617635784,0.24514440568476598,-0.04814792884600569,0.0,0.0,0.0,1
0.2917455012928697,0.2690924551668418,0.1078344583571689,-0.09106586865518362,-0.057751865556541444,0.18572711481708404,0.18101338394750965,-0.04157783075329653,0.0,0.0,0.0,1
0.29739543703339866,0.2950012648393796,0.2731203098874218,-0.26184140956318946,-0.07767740927041385,0.16660038286389683,0.16134459042457003,-0.041516390873060735,0.0,0.0,0.0,1
0.29158274296888376,0.288862971943695,0.1970970829706077,-0.1926636132934756,-0.041569125901619715,0.17202901138680016,0.16849503632482585,-0.0346901065523794,0.0,0.0,0.0,1
0.27607291773888903,0.21995925573556493,0.29524404655489433,-0.2868876795461942,-0.06974601315278751,0.11639400458079817,0.1161692613232377,-0.007229593762319882,0.0,0.0,0.0,1
0.3160601443869785,0.2208128591181773,0.24657616579618769,-0.23871312530165242,-0.06177256144492175,0.09462025596482453,0.09369693827559222,-0.013186227535909312,0.0,0.0,0.0,1
0.2541882504462745,0.2602756687583917,0.14629346020407194,-0.12736716147060576,-0.07196792811663416,0.18110461756543425,0.17402125063767876,-0.050154629198314114,0.0,0.0,0.0,1
0.2836663873355131,0.27018248919084287,0.17808646897826377,-0.17380335709279157,-0.038822461236012455,0.21575326119284197,0.2143811018636284,-0.024294297254361448,0.0,0.0,0.0,1
0.24395041767311038,0.24567620490021708,0.0894697875998013,-0.08089566020836063,-0.03821956374171503,0.13005773326050077,0.12020358115460397,-0.049659974410667,0.0,0.0,0.0,1
0.2380201905049044,0.1745992432575184,0.18030578175253392,-0.17651932888126068,-0.036757332121656064,0.0766867603077494,0.06606880335631475,-0.038932922181141534,0.0,0.0,0.0,1
0.2753593786534306,0.19673014640824119,0.1545321851206265,-0.1463434386620785,-0.04963662154814773,0.18527624100511134,0.18472407595469614,-0.014293398604521643,0.0,0.0,0.0,1
0.3231475646576519,0.24580650300821652,0.1455597835252805,-0.14168625402667337,-0.03335649861444553,0.15695716926604217,0.15617572971510302,-0.015642711784217406,0.0,0.0,0.0,1
0.28989956996448385,0.2567367456345499,0.15472252314896334,-0.1494021574214716,-0.0402250485070101,0.1390840364824081,0.13420723057560002,-0.03650737549410468,0.0,0.0,0.0,1
0.3060768628650761,0.24547473178260748,0.18436175211531014,-0.17384316184590415,-0.061382495244538905,0.182717271232932,0.18089534694561485,-0.025738583104640105,0.0,0.0,0.0,1
0.3266019175625455,0.23388894333151797,0.3508480381704596,-0.3382186197711891,-0.09328725061942861,0.43300073627424285,0.2410543598578636,-0.3596976969728219,0.0,0.0,0.0,1
0.30640280746702064,0.2478578120231794,0.24049533371744614,-0.235662814351873,-0.04796919294318411,0.2463473060045465,0.21941648885464257,-0.11199731958577482,0.0,0.0,0.0,1
0.3035268248503558,0.29695168438679415,0.25582386776347865,-0.24851513460000177,-0.06071308913412997,0.11249339035253483,0.10495530059010048,-0.04048638970134812,0.0,0.0,0.0,1
0.2706255706354614,0.22809160173525506,0.25885131029389363,-0.2512352414547376,-0.06232859931079241,0.10014538507164795,0.09131790773792527,-0.04111128649794868,0.0,0.0,0.0,1
0.3147834392045774,0.32614120571975297,0.19413484699942488,-0.1861118437153938,-0.05523332733365736,0.10254325223211141,0.09919215898595403,-0.026000657184841316,0.0,0.0,0.0,1
0.29375566222263466,0.2544379675418978,0.20821526543779484,-0.2052808860044799,-0.03483323990884397,0.1614374801678096,0.15461478665912323,-0.046436276221136885,0.0,0.0,0.0,1
0.27502581794643777,0.23781605166051667,0.11998884053162118,-0.11574578328256369,-0.03162650003444294,0.14827309305453817,0.13954525659788528,-0.050120170440553086,0.0,0.0,0.0,1
0.2824768605214836,0.22089089177305424,0.12117094127067693,-0.11682692717310456,-0.03215378820157834,0.1460193512394526,0.14100653989533807,-0.037931604805690196,0.0,0.0,0.0,1
0.29790453111479864,0.2523312235451513,0.1332959020357531,-0.13086247140288615,-0.025353719211466542,0.17724144776823378,0.1691198697349433,-0.05303772683491771,0.0,0.0,0.0,1
0.29434674841321695,0.2627600934792033,0.21709756292290586,-0.2057281409070543,-0.06933457915061049,0.14666636592758966,0.14282305322716676,-0.03335563462558505,0.0,0.0,0.0,1
0.2759580222613324,0.2487521636610674,0.1965519122930385,-0.19129429762949887,-0.045156903353606885,0.14821016545534718,0.13546572398893655,-0.06012728805172108,0.0,0.0,0.0,1
0.29046748755987556,0.24859748657019823,0.2037397836844531,-0.19909477668143727,-0.04325701508375706,0.1675458832643557,0.1593245409031533,-0.05183930617622633,0.0,0.0,0.0,1
0.2960788503765525,0.2541435023845414,0.15726372375294853,-0.1538964794825101,-0.03236900386995329,0.18129036659134964,0.17122208181296433,-0.05957512667599196,0.0,0.0,0.0,1
0.268194937069748,0.2178628088818513,0.14156509063415315,-0.13481874079051986,-0.043180806128586935,0.13358585637960557,0.13081197938812658,-0.027081489494356688,0.0,0.0,0.0,1
0.22070760306865403,0.20640253567559724,0.21277118789962168,-0.2094656585689293,-0.037359286402457614,0.20543829445896647,0.20498000984815318,-0.013714532177949936,0.0,0.0,0.0,1
0.25887237489814674,0.21313872177949003,0.1741411032808473,-0.17061193303189165,-0.03488111464664022,0.1313746600357435,0.13036959309513005,-0.016219448070677187,0.0,0.0,0.0,1
0.2670819046388229,0.2393564956242919,0.15189053781287973,-0.15105443881797925,-0.01591514971563922,0.10560568089136281,0.09493259681841167,-0.0462640454115423,0.0,0.0,0.0,1
0.26440406438646696,0.22745762376637818,0.3248503833952402,-0.3132937145373298,-0.08587677231613151,0.12079907284114177,0.11831130046662741,-0.02438959165658345,0.0,0.0,0.0,1
0.27830333720425043,0.24049289026667334,0.28270424883417855,-0.27043161376314745,-0.0823919570489558,0.10402196914925341,0.09551196053463035,-0.04120722582896645,0.0,0.0,0.0,1
0.30277820079908846,0.24720324812947703,0.16711202410722764,-0.16364218494285085,-0.03387718861334917,0.0853274553949194,0.04094503484914941,-0.07486173098034737,0.0,0.0,0.0,1
0.2460085656262418,0.18196243195042278,0.24303873203578924,-0.24037288499458873,-0.03589848783643123,0.11369628525492383,0.10169852183671478,-0.05083557747283151,0.0,0.0,0.0,1
0.2719230780153515,0.22918651331706302,0.17189252029955987,-0.16043640978646972,-0.0617024873871594,0.046064720719968436,0.02105355625433325,-0.04097201806177375,0.0,0.0,0.0,1
0.2858514393560903,0.24883321435110062,0.18630399224218364,-0.18351894231566193,-0.03209322882971374,0.12902342830037472,0.12591432885368317,-0.028153629245773266,0.0,0.0,0.0,1
0.29752107095604896,0.2380064516024249,0.159698517611658,-0.1499997950192114,-0.0548058210553915,0.15101049728586946,0.1485152258781805,-0.027338580301080148,0.0,0.0,0.0,1
0.2920250060708716,0.22726687753278596,0.12813527258235727,-0.12233266178971211,-0.03812306308783323,0.21491903446226124,0.20575453727012774,-0.06209075427908937,0.0,0.0,0.0,1
0.29457908135793054,0.23674663698364945,0.05095851583813164,-0.034950116358149645,-0.03708449410436812,0.19315640808877385,0.1893043627135402,-0.03838302024824703,0.0,0.0,0.0,1
0.30388077536134916,0.23317564424305465,0.039769349217822714,-0.026973550092536398,-0.02922376999318475,0.2361386109886292,0.2318249214329669,-0.04492938239323877,0.0,0.0,0.0,1
0.27907964441471755,0.2437599923338689,0.09321149970751956,-0.08425137928902844,-0.03987591711322999,0.18160258337842167,0.17943499652795492,-0.027974636918634003,0.0,0.0,0.0,1
0.26604257900826395,0.23362514351084124,0.12280988074930867,-0.10936549289883629,-0.05586998991098894,0.1744244888913307,0.17164185245378413,-0.03103186767236771,0.0,0.0,0.0,1
0.29305088101156007,0.2227144356690426,0.08777292543144667,-0.07980646824065386,-0.036537844295302956,0.15302816767401956,0.14977127138738613,-0.03140360438984305,0.0,0.0,0.0,1
0.27290479532441336,0.23841536574527286,0.08086704333117795,-0.07377222472659858,-0.03312306682683306,0.1751766254603616,0.17395925850454697,-0.020616170551972506,0.0,0.0,0.0,1
0.2757394783475661,0.2564892096231861,0.07409426608150572,-0.059399716091258804,-0.04429033748386684,0.18548766628444674,0.18110796136425428,-0.040069697704550496,0.0,0.0,0.0,1
0.2997615233327797,0.22668185822055958,0.07790694410071308,-0.06926470066185393,-0.03566361144549728,0.22481196424159822,0.22174499598712452,-0.03700778324671397,0.0,0.0,0.0,1
0.3119786687666857,0.24053745445402291,0.12399078208031933,-0.1171329345740896,-0.040664353910412496,0.20533971768225254,0.2031754567218067,-0.029734381508826208,0.0,0.0,0.0,1
0.1608274070934535,0.10340032308285144,0.3524204767020792,-0.3522447425397608,0.011128061467227272,0.060708496154231115,0.03554580704459847,-0.04921399299850062,0.0,0.0,0.0,1
0.23893915918968409,0.2050605145809845,0.15159580516484789,-0.14481012478538752,-0.04484769674374619,0.1273099802140044,0.12436823707344603,-0.027209789953862442,0.0,0.0,0.0,1
0.2779933985559736,0.22041389164541975,0.08905174138731245,-0.076795703796178,-0.04508472604510829,0.17914517095126065,0.1770914695850851,-0.027048173235013195,0.0,0.0,0.0,1
0.30021528225900806,0.23698676391487491,0.1333620518037968,-0.13063999132593615,-0.02680726632235943,0.16712632173135036,0.16654403122613218,-0.0139389052080837,0.0,0.0,0.0,1
0.2605831858416577,0.20194418704796285,0.147178220577735,-0.13820852601485253,-0.050594781837954864,0.17770457743217802,0.17705406205639201,-0.01519131165107991,0.0,0.0,0.0,1
0.22465630091211025,0.11359543798313364,0.3735580772061412,-0.37339407313288775,-0.011068116153214097,0.0702398537018533,0.04147417922349573,-0.05668800142706664,0.0,0.0,0.0,1
0.25240483505785816,0.1926827752560035,0.07694802769149513,-0.059320615531011825,-0.049010851233507256,0.15934361279541912,0.15553616724211963,-0.03462495658232424,0.0,0.0,0.0,1
0.2557184379949094,0.14032456667039447,0.06313020938540742,-0.03536144855883502,-0.0522971442132957,0.14641177719847911,0.14340416140572146,-0.029523803852804474,0.0,0.0,0.0,1
0.2685471248603697,0.22159039329241487,0.07946146202281185,-0.06596538728103431,-0.0443022756488414,0.20415019231922757,0.20141344874071404,-0.033315517260720295,0.0,0.0,0.0,1
0.2933452738430168,0.216287684335144,0.09943037999331915,-0.08609554260666794,-0.04973889834806624,0.22398263522480566,0.2230199952562288,-0.020743736359683143,0.0,0.0,0.0,1
0.2789243485489646,0.2232491026687763,0.09342359669027314,-0.07323923038270112,-0.0579998582023822,0.15971957418942268,0.15836640112081193,-0.020746695527061477,0.0,0.0,0.0,1
0.28476417046940217,0.22072101158732974,0.11443615244278639,-0.10438824320250122,-0.04689059252135876,0.1319616667223939,0.12857497859613964,-0.02970448388971592,0.0,0.0,0.0,1
0.26495524114320046,0.18963127999137164,0.09401160049787459,-0.08765333772798777,-0.033986370993609884,0.14092061645045617,0.1404927872176114,-0.010972551234947382,0.0,0.0,0.0,1
0.1718054029314598,0.10206364839263157,0.31836998506548897,-0.317873064593674,-0.01778095038027063,0.07771348457752099,0.06365679665114596,-0.04457799821992061,0.0,0.0,0.0,1
0.2708325258570791,0.18584374806357742,0.16729556464996123,-0.16336506135259124,-0.03605083467568335,0.12091446641278811,0.11863897926313247,-0.023347393586678766,0.0,0.0,0.0,1
0.3013161562139846,0.23245229525526445,0.13491044865329035,-0.12367617333784583,-0.05389836086876113,0.18977742041187773,0.18402337503280897,-0.046377437830487415,0.0,0.0,0.0,1
0.2915087829547359,0.21022199400032537,0.09651005812891926,-0.08823187050389449,-0.039106627922020694,0.16653032877543641,0.16592294536574573,-0.014210088078921226,0.0,0.0,0.0,1
0.27233376200814224,0.22513555583782477,0.08072939111867802,-0.06481414852692363,-0.04812858548848462,0.16611490324283537,0.16326648301425623,-0.030630321636119655,0.0,0.0,0.0,1
0.24946134292966485,0.21377870700085191,0.19707123207038726,-0.1820373737312498,-0.07549480164070708,0.11712347241573827,0.11517178477607896,-0.021292434858717894,0.0,0.0,0.0,1
0.2763024923759062,0.2006060374894235,0.07664363233183848,-0.06080452535521554,-0.04665893347843461,0.10137780529067462,0.09838807718922875,-0.024438610282917113,0.0,0.0,0.0,1
0.2860793626174759,0.19639289730023318,0.1260443363930461,-0.12157263348552744,-0.033275659635189525,0.10856089519712678,0.09686440418719104,-0.04901790660016024,0.0,0.0,0.0,1
0.24713112217134253,0.20342393691316651,0.18437728475904352,-0.1780577011659496,-0.04785852265390992,0.10462405664292398,0.10415241898476114,-0.009923046308696311,0.0,0.0,0.0,1
0.2614927863005987,0.22513139161973275,0.13996821760627892,-0.1322251152884459,-0.04590883168667919,0.09492635188428819,0.08614486944039491,-0.03987572884797239,0.0,0.0,0.0,1
0.28734395046073097,0.21437051617999664,0.11806788330009428,-0.10120866858985444,-0.060801566338653586,0.11618008954117684,0.10220976818600251,-0.05523564513210193,0.0,0.0,0.0,1
0.2727470969140351,0.2029405301806227,0.13017521438689225,-0.12260618102401952,-0.043741408475021885,0.06832215628526758,0.06041095069275066,-0.0319129139356872,0.0,0.0,0.0,1
0.2515126443065374,0.2124532166836178,0.18756733441960108,-0.17652359885145227,-0.06341075610498609,0.08103431846442545,0.07413956373984697,-0.032709109701413344,0.0,0.0,0.0,1
0.2824907971589934,0.16887569722533743,0.14289500972774852,-0.1394861024264008,-0.031025973554184714,0.12363042582940602,0.11880870742238948,-0.034190250531128265,0.0,0.0,0.0,1
0.2705350244021153,0.2250294032636628,0.10343030565395239,-0.09560946998584025,-0.039454497547133066,0.1320977987366343,0.1277352758801715,-0.033667903511813965,0.0,0.0,0.0,1
0.3028312630243646,0.2269340829632089,0.1720806538443373,-0.1625612639040249,-0.05644100375986068,0.12187506261902475,0.12089311749049411,-0.01543972253056353,0.0,0.0,0.0,1
0.2871841821248162,0.23289971563351333,0.2163928381712119,-0.20919747952620793,-0.055337825866888964,0.15365438105249696,0.14756686248862388,-0.042821605666876886,0.0,0.0,0.0,1
0.26909433894916013,0.23909011479540468,0.19074505555446275,-0.16770246029319097,-0.09088212712126506,0.13978643795653065,0.1333621243166402,-0.041890237935920074,0.0,0.0,0.0,1
0.2946746622219887,0.2127245919880775,0.1994388674449609,-0.19097787821104914,-0.057474445466958284,0.15178958523795671,0.1403179798898453,-0.057887327683560426,0.0,0.0,0.0,1
0.276139123092635,0.23191177003129207,0.11043055152912559,-0.10082528954873794,-0.04504628395816925,0.12414034760453543,0.11322166990099618,-0.0509085392464245,0.0,0.0,0.0,1
0.2847480935037084,0.2639715802370115,0.2916700335766452,-0.28810433128862356,-0.04546760142493108,0.02338673043694907,0.017682271709050606,-0.015306091197226958,0.0,0.0,0.0,1
0.26667610846885326,0.24876521478943822,0.37069176168696993,-0.36288991992874237,-0.07565241699179401,0.07462300317678436,-0.024319610714827578,-0.0705489130873156,0.0,0.0,0.0,1
0.2556772839702682,0.1658877625344749,0.38158552233600207,-0.37517073119670874,-0.06967376342473844,0.04038134609655885,0.003643202957171434,-0.040216665510493604,0.0,0.0,0.0,1
0.3058856231766027,0.31113332475164207,0.35177604136089874,-0.3418402612923144,-0.08301577582090633,0.12981374764171116,-0.1117408485501804,-0.06607262551217048,0.0,0.0,0.0,1
0.32432211631026037,0.313526731537056,0.369629434262039,-0.35799788203940186,-0.09199692999322062,0.12236819291693594,-0.07735643925907622,-0.09481537819844049,0.0,0.0,0.0,1
0.33472182728040367,0.3546584116242304,0.3705244938413376,-0.358158933964628,-0.09492406732594574,0.12264356131633902,-0.062243773883221984,-0.10567476399372247,0.0,0.0,0.0,1
0.3499693374893246,0.3463507855332877,0.35120852104804035,-0.34230123464550377,-0.07859573790553517,0.12396028277142826,-0.05877981342488425,-0.10913791842667815,0.0,0.0,0.0,1
0.3235281415280965,0.3299185265630889,0.298755191566695,-0.285479683475603,-0.08806823951188157,0.08949036395894325,-0.00631955372641577,-0.08926695067158434,0.0,0.0,0.0,1
0.35838468927662753,0.3711434218704971,0.17888021064380943,-0.15902501802822136,-0.08190954401715039,0.2075981729121913,0.19165576482826727,-0.07978138382211714,0.0,0.0,0.0,1
0.18266621879505685,0.21629253144872926,0.2829881323125396,-0.28241867144411026,-0.017943718942379543,0.03905653805004944,0.01325297499863296,-0.036739240848724264,0.0,0.0,0.0,1
0.3269373324226157,0.3193127850158516,0.16956657032394618,-0.1535991184659363,-0.07183406279692833,0.20215299346911217,0.19699790955121008,-0.045361397696457265,0.0,0.0,0.0,1
0.31734429884004023,0.3175843930437867,0.1006382982272673,-0.08649806612792812,-0.051440758414014166,0.19634528669448237,0.1928070723880344,-0.03710666307139102,0.0,0.0,0.0,1
0.33024356300540114,0.3312861357937389,0.1959573206903231,-0.18919032269405126,-0.051051869026029546,0.15259866745084782,0.14611786312088343,-0.04399912936367276,0.0,0.0,0.0,1
0.3476791538106831,0.34325007118188405,0.17540723506495184,-0.16695921364069707,-0.05378028536193662,0.18845132133740533,0.177876012000312,-0.06224166505387578,0.0,0.0,0.0,1
0.3053576427069701,0.3021001872969801,0.3142388975237607,-0.30408131924437426,-0.07925046374343522,0.1001988644042781,0.014081897106245092,-0.09920439809704021,0.0,0.0,0.0,1
0.31022755016979653,0.33447461875464624,0.33275119069411485,-0.3210634685852685,-0.08741626878532086,0.09164330784564854,0.02453790870186649,-0.08829715119657695,0.0,0.0,0.0,1
0.3408485347974853,0.34543575616399375,0.3103484791569254,-0.2951450629650965,-0.0959456633847815,0.11051376646017198,0.011727970889285856,-0.10988970505026163,0.0,0.0,0.0,1
0.3464438113503497,0.32909309080604776,0.3447043136131593,-0.331307844068424,-0.09516394423442155,0.11751498945465387,-0.01894134323752246,-0.11597843878448172,0.0,0.0,0.0,1
0.3036757221206337,0.3520951115702817,0.20732511470392606,-0.18341722923598394,-0.09665310758786093,0.09756893128518154,-0.07375833849762993,-0.06387021100796146,0.0,0.0,0.0,1
0.3023798164760005,0.340904820726086,0.20741280516349017,-0.18769920315215793,-0.08825576968013418,0.08554685894629313,-0.049140632430388125,-0.07002473362975727,0.0,0.0,0.0,1
0.15183545087497022,0.23058318454266333,0.1972533516327071,-0.19114971662011604,-0.04868953241083464,0.07529873297130206,0.04168272318032179,-0.062709247925295,0.0,0.0,0.0,1
0.2905033716919049,0.3278178973085883,0.2249551698967351,-0.1994333315231555,-0.10407292991380666,0.0883992120038382,-0.06138041604098629,-0.0636149762990993,0.0,0.0,0.0,1
0.3071618126044752,0.3427108666997121,0.196364560821504,-0.17450705149658308,-0.09003515826937304,0.10326160498894277,-0.06769496101607302,-0.07797660750458953,0.0,0.0,0.0,1
0.322966408988151,0.31685165284453276,0.1628826193090325,-0.13878498829576885,-0.08526121449237341,0.06698952820087668,-0.021499475750308573,-0.06344579915989669,0.0,0.0,0.0,1
0.3454946103262532,0.33844548202715424,0.14476733628465746,-0.110534355121787,-0.0934865658411185,0.06182366723134076,0.025812797250767898,-0.056177088995624416,0.0,0.0,0.0,1
0.06148176019481827,0.04336018081476601,0.1753153469411081,-0.17426788051027417,-0.01913574392433963,0.06987599644240522,0.0698288493697097,-0.0025664517375979154,0.0,0.0,0.0,1
0.316787729255852,0.3323034010346932,0.19061604274190172,-0.1686367482055315,-0.0888601311345345,0.10340099193379583,-0.05309079327797335,-0.08873067565396091,0.0,0.0,0.0,1
0.3303709584497948,0.3523321623846014,0.1754666070245485,-0.1494990745044455,-0.0918616182255766,0.07641857543376365,-0.03433838013144188,-0.06826913154035595,0.0,0.0,0.0,1
0.36940799121743384,0.3825122216331245,0.1035761844477747,-0.08317073178848172,-0.06173050589884938,0.08835306211699936,0.08375740916825085,-0.02812401100256783,0.0,0.0,0.0,1
0.35512328730682224,0.3670512478831124,0.1869204159007295,-0.16983486539336828,-0.07807278896848874,0.09897778243454258,-0.09451606521878786,-0.029382219644157003,0.0,0.0,0.0,1
0.32274752637412674,0.3358846067484757,0.17478240333938583,-0.15188136926275678,-0.08649241693906969,0.08241110913062202,-0.06452239687707086,-0.05126842312161599,0.0,0.0,0.0,1
0.3437763816217657,0.3310547498763238,0.18964274236436457,-0.1699802302523068,-0.08408977972886797,0.06977593236728644,-0.05302292807892287,-0.04535691607309192,0.0,0.0,0.0,1
0.33726343097443734,0.334655002949153,0.1885313383853207,-0.15142441821356967,-0.1123152310332052,0.07284903959698057,-0.019904936790836977,-0.07007692959566099,0.0,0.0,0.0,1
0.33798669612174925,0.32892154670857093,0.18969020023723343,-0.15673291417488933,-0.10685113794568821,0.07323005294210663,-0.01795108134325826,-0.07099576982124685,0.0,0.0,0.0,1
0.3199436067664726,0.3365254825211486,0.19391074763098073,-0.1687195086122544,-0.09557774563383108,0.06808319852769365,-0.04691260302362641,-0.04934095255777886,0.0,0.0,0.0,1
0.31208014682870494,0.33478971349178727,0.19994911927117293,-0.16733360522256063,-0.10944914280403464,0.07169927430263588,-0.023841376125120512,-0.0676193368792179,0.0,0.0,0.0,1
0.2238298120821788,0.24576932323335726,0.22531399570530056,-0.20497889060442095,-0.09354170763498511,0.0754323492821248,-0.0508848797187534,-0.055684543045880115,0.0,0.0,0.0,1
0.284158721587176,0.3031889824082421,0.20205763921447262,-0.17256853245100337,-0.10510657054929051,0.07038275411001582,-0.022333087034643324,-0.06674552643896065,0.0,0.0,0.0,1
0.2939980961161256,0.3185573344321323,0.21371397444840162,-0.18560308268550493,-0.10594884884777973,0.08412707487274126,-0.054149859371438125,-0.06438289723752179,0.0,0.0,0.0,1
0.311749530066058,0.348800334088672,0.21959423128674196,-0.1866784234735592,-0.1156407913490807,0.09219753185150432,-0.07098185918228139,-0.058838427464845876,0.0,0.0,0.0,1
0.31423325349942377,0.326216813272035,0.2043192245889332,-0.17160306359514055,-0.11089965780553636,0.08733575662584278,-0.043958053733098024,-0.07546670721189913,0.0,0.0,0.0,1
0.31103512453372,0.3425359111550015,0.2083455661559357,-0.17332934171462772,-0.11560628978395245,0.07810148969157774,-0.01853482280752821,-0.07587030404273569,0.0,0.0,0.0,1
0.2827665425502341,0.28103096148837986,0.09949132913975774,-0.045537406591285454,-0.0884582905946953,0.15338531466882355,0.10822855378449507,-0.10869054651518997,0.0,0.0,0.0,1
0.3094410625281177,0.32465654329285,0.07467497297249204,-0.004301113263766272,-0.07455100276411224,0.15642628035116318,0.1271584996862586,-0.09110377128330346,0.0,0.0,0.0,1
0.31665141517528816,0.37829247050204434,0.09434339842315986,-0.007619634308220404,-0.0940351955335877,0.16748835927463118,0.13863006698786362,-0.09398965378938463,0.0,0.0,0.0,1
0.3175531478346188,0.36618767448393075,0.10775088466188229,-0.08099536754135202,-0.07106337722244532,0.14142193829277155,0.12215814807366668,-0.0712569399405883,0.0,0.0,0.0,1
0.316775604619397,0.3514928102919277,0.24232872302831726,-0.21649385218515893,-0.10887434027614336,0.08994186342773387,-0.08133410447277156,-0.038396643687507566,0.0,0.0,0.0,1
0.3244764801133176,0.36668644048379717,0.19854616226272276,-0.16925081927919955,-0.10380143892343285,0.09827619827145433,-0.07534442361776779,-0.0630985655652849,0.0,0.0,0.0,1
0.3277706490085067,0.3548043052940402,0.21150565393323306,-0.19302991536649636,-0.08645283927857891,0.10159385772411712,-0.08304626005465203,-0.0585203436268385,0.0,0.0,0.0,1
0.3183693361705767,0.2820686939901863,0.0865027869226276,0.05031300431612925,-0.07036571425109442,0.2524699480211468,0.24170594141805327,-0.07293361733119484,0.0,0.0,0.0,1
0.29594208001496497,0.2680269313116538,0.08298694434855632,-0.03537490175298204,-0.07506962940015924,0.2613464789876294,0.24939634364372565,-0.07812455347950557,0.0,0.0,0.0,1
0.30377887863177594,0.255054950043097,0.06269998546961192,0.00972960950017138,-0.06194047850044203,0.2701505677131468,0.2575125740668595,-0.08166151745587234,0.0,0.0,0.0,1
0.3172373206864815,0.2674857571490413,0.0757766895393048,-0.023565941046075022,-0.07201911621332979,0.24629492581850926,0.23401484461403513,-0.07680001942847396,0.0,0.0,0.0,1
0.279353809084325,0.25026522857856587,0.05406337723978022,-0.009687921981967459,-0.05318827809059152,0.2490503393162504,0.2384608438097134,-0.07185052180115963,0.0,0.0,0.0,1
0.2915332788163047,0.2619721554259171,0.06436142139822493,-0.020183155597176473,-0.06111491466524395,0.2741617590232486,0.2657883766970086,-0.06723993548101376,0.0,0.0,0.0,1
0.26519190634040385,0.25616982273934047,0.06606234973577932,-0.000402402631612917,-0.06606112415584899,0.2524814518357753,0.24289533267631358,-0.06891110857593202,0.0,0.0,0.0,1
0.2973965756138492,0.2550506530331522,0.06982527820603592,-0.006429455408591059,-0.06952863855778604,0.2688027937341173,0.25531350845991635,-0.08408302038553692,0.0,0.0,0.0,1
0.28638706177239115,0.24423868048183045,0.04624050300345726,0.03169234307869294,-0.03367164249327858,0.28890192099307677,0.28112601167629153,-0.06657691426066228,0.0,0.0,0.0,1
0.30083214587568907,0.25241765696910423,0.06314894208975173,0.012174097877816613,-0.06196434642531267,0.2629996771475178,0.25485803917635963,-0.06493234977174116,0.0,0.0,0.0,1
0.2988645622971143,0.26009159705072754,0.06375938429293924,0.005000380658103072,-0.06356300243607736,0.24151169207507175,0.23536440036198733,-0.05414329553330147,0.0,0.0,0.0,1
0.3046626623228524,0.26957507495492367,0.06967326278033142,-0.016668345812201897,-0.067650053912336,0.22886282850569764,0.22071782835999862,-0.06051309375395177,0.0,0.0,0.0,1
0.27867362887302705,0.25090431418149073,0.05389695844255627,0.018877597116642754,-0.050482853093504525,0.2648165665055391,0.25846435956808045,-0.057654043473503364,0.0,0.0,0.0,1
0.2969773377559954,0.26468298549387115,0.06667563670489002,0.01836816010997114,-0.06409564122603768,0.2573143967767983,0.24790658153061176,-0.06894219043817597,0.0,0.0,0.0,1
0.2901426545795663,0.2492656849348543,0.09541047510590708,0.028361038144268654,-0.09109780609495628,0.27940120169436616,0.2706213606928512,-0.06949180271805898,0.0,0.0,0.0,1
0.2857226181388022,0.2535392618756956,0.08581150140427149,-0.019205917982641738,-0.08363460101955007,0.24577958098220654,0.2359464763727421,-0.06882486988782527,0.0,0.0,0.0,1
0.2732590138919145,0.25574748043593937,0.0782530728014029,-0.008252201428550843,-0.07781673710998349,0.2582305878865062,0.24996489257379453,-0.06481195106446012,0.0,0.0,0.0,1
0.2773143241332466,0.2563299034056068,0.06728516696659526,0.008813411095311523,-0.06670545313981191,0.26013751533510854,0.2513096543562487,-0.06719363446091171,0.0,0.0,0.0,1
0.29543705862173547,0.2613204891050434,0.05812758631741046,-0.005653925736054218,-0.05785196120149418,0.2572079669287872,0.2527264036967421,-0.047804844170349844,0.0,0.0,0.0,1
0.3110755210198436,0.2763072112869927,0.05041052882505987,-0.01834635784988092,-0.04695351499159892,0.23565139946024594,0.2270549630136054,-0.06306842188023014,0.0,0.0,0.0,1
0.2923226147553379,0.25308598162120677,0.055355141615498996,0.000125423302581464,-0.055354999523684556,0.21649680510752353,0.2092297411005913,-0.05562177685713163,0.0,0.0,0.0,1
0.2851267845652761,0.2556245808771927,0.0691455898074786,-0.027915555552862653,-0.06326005333541167,0.21959648533687992,0.2120705715774233,-0.05699727224293715,0.0,0.0,0.0,1
0.2764063560980128,0.2387507067988135,0.04030512143298596,0.006297600103818884,-0.03981008724758242,0.1945442528143468,0.18926161478527695,-0.04502785218019981,0.0,0.0,0.0,1
0.28086605906038725,0.221633843925137,0.06576812646873915,-0.051505956644521664,-0.04089722349183038,0.20020917456234222,0.19890924977068922,-0.022777706965276003,0.0,0.0,0.0,1
0.26528987182362024,0.23632803306987626,0.08892970851466438,-0.06915991894239353,-0.055905265122211216,0.18582278154220158,0.18160020375931965,-0.03938873106174351,0.0,0.0,0.0,1
0.2653604149050933,0.2360942895113737,0.10216171395612056,-0.08265372530615984,-0.06004479570675603,0.17529249379800665,0.17255443702699652,-0.030861377873006447,0.0,0.0,0.0,1
0.2652480845181181,0.24978981994314056,0.08370813464132974,-0.07135407072269753,-0.043768120777927695,0.20054064779544636,0.19633122813370332,-0.04087297735336886,0.0,0.0,0.0,1
0.256012262198763,0.21214453688911525,0.09868166307877912,-0.07553504182096718,-0.06350218960869317,0.17256722371106806,0.1696961416199874,-0.03134750737514856,0.0,0.0,0.0,1
0.2677108720570771,0.23000888481500983,0.12770605261042833,-0.12111741108072324,-0.04048961109273077,0.20386837459613,0.20105461994631996,-0.03375431763062051,0.0,0.0,0.0,1
0.2309903350814195,0.20948082327323522,0.12981047870685394,-0.12509571199667718,-0.03466732210810312,0.1212641123579249,0.12057942316935959,-0.012868086652643537,0.0,0.0,0.0,1
0.24967618466481276,0.1960027242083091,0.16344948918040134,-0.1581879205056711,-0.041137784571189676,0.16738781173619435,0.16665692812200897,-0.015625230454850272,0.0,0.0,0.0,1
0.24913082960900643,0.23320587081006777,0.1637729386262106,-0.15799789565371938,-0.04310731254973966,0.1386816650242523,0.13609523834432904,-0.02665877555138624,0.0,0.0,0.0,1
0.22250132506770565,0.217675532568991,0.16057458122712107,-0.1581655573761711,-0.027710153304347264,0.1262268522386443,0.12621558218950177,-0.0016867242340294565,0.0,0.0,0.0,1
0.2538042405921858,0.23561098043444306,0.18259686638115316,-0.17868190342750634,-0.0376084166077222,0.15518933944137003,0.1547276123761047,-0.011962317695106812,0.0,0.0,0.0,1
0.23692075773187488,0.2088952054491001,0.1968111286179137,-0.19349086810173363,-0.03599867093511206,0.16549308281573322,0.1642986319292242,-0.019847418120260443,0.0,0.0,0.0,1
0.12916500438377101,0.2488118881754596,0.4383155845186671,-0.4054814202655488,-0.1664492999425776,0.3817105462656446,0.36066609960881507,-0.1249916226128018,0.0,0.0,0.0,0
0.2393953549678874,0.2920549716913003,0.10675680181874295,0.10660727557667471,0.005648320873081833,0.5128670710497475,0.503693226056254,0.09657000876146841,0.0,0.0,0.0,0
0.3338446852782921,0.36486888978382265,0.061214598013924176,0.02898240305150738,-0.05391889579142275,0.3715347371895409,0.3668115149296329,-0.059053987617509233,0.0,0.0,0.0,0
0.31076357376847186,0.375300444411724,0.16102981098890204,0.13806098290842922,-0.08288404566308241,0.41920188196168834,0.4088668160509054,-0.09251024036622316,0.0,0.0,0.0,0
0.29038486628531235,0.34150788824683337,0.16420154132541076,0.14333497063571268,-0.08010762988941791,0.3441232071635181,0.3293451041114499,-0.09976263882999394,0.0,0.0,0.0,0
0.3110801403321857,0.27964762726307585,0.47748020291094423,-0.4747280821856029,-0.051191719606356864,0.44885816344963037,-0.4183914861596717,-0.16254911628328317,0.0,0.0,0.0,0
0.3852193011439193,0.2748147225751201,0.14375204206184355,-0.14337477598111525,0.010407843643860942,0.1140614558195641,-0.05161465929051897,-0.10171500700487622,0.0,0.0,0.0,0
0.1028232024702632,0.09923797396734745,0.1269965351886573,-0.1263798525329825,0.01250011294610839,0.09410012033605578,0.08821488784295381,-0.03275616293333604,0.0,0.0,0.0,0
0.2228710461990125,0.2648476110134843,0.290042475768392,-0.28989984283103,-0.009094991830802531,0.13082896471871625,0.11103626623729967,-0.06918934592443125,0.0,0.0,0.0,0
0.35672805459207196,0.18066825768491082,0.5764874879655333,-0.563417550480519,-0.12205936093287814,0.18299783430884986,-0.1776511317337166,-0.04391221647171702,0.0,0.0,0.0,0
0.31005914732011725,0.250729658198693,0.2857386580065853,-0.2840494422535236,-0.03102410409450217,0.12386149348511555,0.1028653333811072,-0.06899559954632611,0.0,0.0,0.0,0
0.31637201808209275,0.20334515571017306,0.29555536261221055,-0.2954524920658675,-0.007797262398033193,0.08293780076191362,-0.06559215933798498,-0.05075773269762223,0.0,0.0,0.0,0
0.2191239154358239,0.16257088367630143,0.2583448314590398,-0.2574860085005554,0.021047740212468476,0.0685561360015025,0.018368218060076685,-0.06604962035283761,0.0,0.0,0.0,1
0.19070173448904895,0.13645017721449063,0.3184033414897986,-0.31840176857173463,0.001000820793572978,0.09202312570754374,-0.07294774159016004,-0.05609708247210039,0.0,0.0,0.0,1
0.15718478352567966,0.1746635283518639,0.2695295158350127,-0.2664602431076184,0.0405598169286458,0.052819476773174494,-0.00782789452144751,-0.052236205776769545,0.0,0.0,0.0,1
0.2603365006248378,0.19975478685484904,0.2816057456667394,-0.2810918155045273,-0.01700550642848137,0.08348665852244896,-0.016613579358117,-0.0818169367072341,0.0,0.0,0.0,1
0.2867038000258963,0.24843257116603829,0.23756904480809865,-0.2369904287931119,-0.016570688322738305,0.09386045843869333,0.026460953706525476,-0.0900533374576578,0.0,0.0,0.0,1
0.29364021555304304,0.24396591567524015,0.31640514468258046,-0.3140184588524895,-0.03878947127136488,0.06968538024974343,-0.02793009136080516,-0.06384326289537846,0.0,0.0,0.0,1
0.2699641440728609,0.18099230923512932,0.3076264769955786,-0.30722286630134027,-0.015753087643381285,0.08124416931883997,0.026152661539785557,-0.07691978511861405,0.0,0.0,0.0,1
0.28348406792831254,0.14016262157395304,0.2588892228694443,-0.2587096621625696,-0.009640561273801605,0.06065090692017463,-0.038025000070759846,-0.04725073417269196,0.0,0.0,0.0,1
0.17001584665232355,0.09234297040624714,0.19084878749083514,-0.1892651573650162,-0.02453487098636573,0.054115326390493775,0.02415850986236174,-0.048423495862854035,0.0,0.0,0.0,1
0.18884957651734297,0.1426408916859098,0.18604921280457803,-0.1859142981016673,-0.0070840205086905176,0.12638180908681218,0.12365686655404808,-0.026102509881039855,0.0,0.0,0.0,1
0.2748285760500051,0.21164455574899455,0.3952160340421208,-0.3937784852045961,0.0336781554417185,0.12458808122186366,-0.06630573236932094,-0.10547862265650647,0.0,0.0,0.0,1
0.302662817212034,0.31613058911980907,0.07997306218463612,0.017599098644282704,-0.07801257848639849,0.3212913057830111,0.28909905788239565,-0.1401778795076584,0.0,0.0,0.0,1
0.3241511566134586,0.3379404934142601,0.08627604085456592,0.05091198553271879,-0.0696528890617967,0.4562150172040699,0.4421883653270378,-0.11225681044779381,0.0,0.0,0.0,1
0.3358335668125726,0.32745969408486925,0.18153959453685922,0.15527870281123066,-0.09404865144098958,0.4221750992259218,0.3995063757010656,-0.13647882685829293,0.0,0.0,0.0,1
0.3234936049248909,0.3202721630929735,0.20574245943325273,0.17998113434924756,-0.09968325281611624,0.44142598841219005,0.4193764445997336,-0.13776901306377104,0.0,0.0,0.0,1
0.31389220907292925,0.33072148983581595,0.2639729273907835,0.24264443973533736,-0.103948940642914,0.44184019326858537,0.42589662336068196,-0.11762152268012133,0.0,0.0,0.0,1
0.295024237894034,0.3166739554343088,0.16010947757751764,0.14484146920450516,-0.06823484160475503,0.3964016118165676,0.37175738161019406,-0.1375888333735893,0.0,0.0,0.0,0
0.3080913430100477,0.33657196918795024,0.14044386341034873,0.09152829002256381,-0.10652253702935419,0.3296155565571785,0.30038788893294144,-0.13569646755501552,0.0,0.0,0.0,0
0.27270768547704294,0.2239315244223012,0.21813068937946492,-0.2168804744871891,-0.02332075117512967,0.0940897231527743,0.045548453748784995,-0.08232991172144244,0.0,0.0,0.0,0
0.26447091112591853,0.14101317290545562,0.2659023987188924,-0.2648420647731614,-0.02372269738350598,0.04596694384247565,-0.04120283311768323,-0.020378578686789113,0.0,0.0,0.0,0
0.343519611983253,0.33922066272705154,0.16683976488747368,0.108668836381361,-0.12659617350942517,0.4935329047563412,0.4714985224545785,-0.1458213681199744,0.0,0.0,0.0,0
0.3356396046231058,0.3337209857596959,0.1239905758680469,0.08967423796075244,-0.08562823103537899,0.4708735314924473,0.444506238782102,-0.15535792977494803,0.0,0.0,0.0,0
0.3346244259504465,0.33340808270669275,0.18408346745586884,0.13890028704083052,-0.12080328327719742,0.4485633945801877,0.4263721621707774,-0.1393409425944775,0.0,0.0,0.0,0
0.33920652331760254,0.3289778094225005,0.17849176378269851,0.12839849872348516,-0.12398844810632084,0.38486973464583374,0.3587261714183032,-0.13942828474137026,0.0,0.0,0.0,0
0.30789274375987163,0.34403534701744864,0.21923094584204966,0.1927482412536839,-0.104452492112019,0.43467597208847086,0.40580911629845484,-0.1557631594444728,0.0,0.0,0.0,0
0.3555714752658267,0.34623297933834596,0.20634780676040493,0.17666273323121304,-0.10662877680113687,0.4533027839332793,0.43083811267339495,-0.14093237594565816,0.0,0.0,0.0,0
0.34009358324982775,0.3084271550863183,0.20509957163142084,0.18555058878205288,-0.08738886248273199,0.45252699207744396,0.4382268181485566,-0.11286245794794188,0.0,0.0,0.0,0
0.31386985511791804,0.32972417580117297,0.18188370773629847,0.15126158431279169,-0.10100305070188452,0.40948712533575665,0.39219983182189666,-0.11772424446399166,0.0,0.0,0.0,0
0.31516849299388466,0.3256678777018617,0.206675791807803,0.17137205575952547,-0.11552705927243374,0.44655225278014543,0.42530759418720415,-0.1360968948569928,0.0,0.0,0.0,0
0.3025623792461822,0.292731868873811,0.10682864472340303,0.07404096407258579,-0.07700840845414952,0.43368933187942266,0.40148989546867425,-0.1639887204126339,0.0,0.0,0.0,0
0.3429644640555629,0.30750805148472143,0.16274613198750018,0.11385531133454306,-0.11628960210529185,0.38620968308249715,0.35943059087810153,-0.141306651109216,0.0,0.0,0.0,0
0.3374084039602316,0.3140782554707743,0.19572833024936787,0.1674467722777078,-0.10134672030205558,0.4215496598305995,0.3975914123527347,-0.14008991586353334,0.0,0.0,0.0,0
0.31204407437158965,0.33835312071924706,0.1643973815541846,0.14046341861960066,-0.08541971137604586,0.3842331546867141,0.35845296016599026,-0.13837121271689198,0.0,0.0,0.0,0
0.3650461761288739,0.31995533677269994,0.17817210007404843,0.13634576905457016,-0.11469580857954026,0.44139241991548944,0.4220876624480883,-0.12910954096409913,0.0,0.0,0.0,0
0.32589367683695114,0.3135568495311387,0.126700812438172,0.09777615759583475,-0.08057865026349925,0.3774753931329298,0.3550249223049353,-0.1282379700526898,0.0,0.0,0.0,0
0.31343306866118686,0.3277681555333185,0.1491312630362666,0.12616462961097774,-0.07951490331954715,0.38374337001810455,0.34923165237558706,-0.15904787647708157,0.0,0.0,0.0,0
0.3643968910247877,0.3268652650428696,0.15686819319957915,0.11616321005710566,-0.10542171819378222,0.3518497460445892,0.32008378432558876,-0.14609796303662775,0.0,0.0,0.0,0
0.3336455048657742,0.3032409267788104,0.15986117476946846,0.10725113943200106,-0.11854445701597358,0.34325015955030785,0.3133137896035927,-0.14019679481196215,0.0,0.0,0.0,0
0.34882675685143416,0.30632810877584726,0.13192636994860515,0.10598349427848147,-0.07856249759484046,0.3974660615374801,0.3659369810385316,-0.15514314674687146,0.0,0.0,0.0,0
0.3283908099323209,0.3319241997965745,0.1463512110293128,0.10260457121512459,-0.10435985308300737,0.42446211415934837,0.3879770415393206,-0.17216823631268327,0.0,0.0,0.0,0
0.3327119203247816,0.2806130183884034,0.1414186942567983,0.11748441687621843,-0.07871885972594315,0.4534553487433924,0.4322016537900764,-0.13719870176176802,0.0,0.0,0.0,0
0.3535211994788532,0.31255284429700014,0.19344684331106213,0.15161796897359733,-0.12014022087267814,0.418079428529628,0.3968227608649862,-0.13161346822856043,0.0,0.0,0.0,0
0.34811641511123215,0.28479277160955785,0.21276834375512838,0.17490465852145215,-0.12115580271615013,0.40246740630357775,0.38547361020409965,-0.11571563841135282,0.0,0.0,0.0,0
0.33964780278035167,0.3117506309331923,0.1700826518405417,0.14068007552073308,-0.09558883202859922,0.41684625020259075,0.39922992366494037,-0.11990106070609542,0.0,0.0,0.0,0
0.3481400301394148,0.30284859748848725,0.1886634506735496,0.15603566201121113,-0.10605078877959352,0.4147113506722917,0.39418173464273487,-0.1288652957567748,0.0,0.0,0.0,0
0.3422767209900637,0.34423804358329857,0.1658391002360657,0.14122736465036326,-0.08693353001587578,0.39234532161809094,0.36183988599446854,-0.15167975573263973,0.0,0.0,0.0,0
0.35688869534513606,0.3030072334017009,0.14156943576063657,0.12596597344842142,-0.06461020565496287,0.3404235458989109,0.3120624234324736,-0.13603394607170474,0.0,0.0,0.0,0
0.3175136956092543,0.3236538991784984,0.11751218371837088,0.09817037889931393,-0.06458862151358616,0.35332619563730755,0.3262047432457843,-0.13575664259064768,0.0,0.0,0.0,0
0.3024718148419754,0.30413183838593594,0.1780104016107817,0.1524428208462153,-0.09191784078230134,0.3500201857903213,0.3216650188520076,-0.13800632633190635,0.0,0.0,0.0,0
0.29915491288903306,0.3073189284808519,0.1135317198929586,0.04812434335860152,-0.10282752062632179,0.3290975409947309,0.2972418341206056,-0.14125326027174362,0.0,0.0,0.0,0
0.3058962631004323,0.2973401879123407,0.12921904355235786,0.08370469642082276,-0.09844330862828646,0.3744614395574581,0.33762622551951976,-0.16195648044115496,0.0,0.0,0.0,0
0.29378876791720476,0.26461321142220956,0.08456047770374997,0.05731798168063574,-0.0621701163385167,0.36437574641065945,0.33314558590785665,-0.14759303222861195,0.0,0.0,0.0,0
0.23107338661373927,0.1763156001709264,0.37223063685325536,0.3695920832468146,-0.044241824255558566,0.1166100433740381,-0.09686493697259763,-0.06492369521977115,0.0,0.0,0.0,0
0.3293135122625561,0.2945962422525923,0.20049158056264157,0.18959021338605406,-0.06521061926355766,0.4612662969849477,0.4471636861132318,-0.11318672429146918,0.0,0.0,0.0,0
0.340068634081606,0.2952793413253588,0.16533908119952082,0.13610644201382693,-0.09387251042897761,0.45912662202692933,0.4389036270665927,-0.13476223952446087,0.0,0.0,0.0,0
0.33775740733305726,0.3069220845055844,0.19282116946162406,0.1396736493994336,-0.13293334817115096,0.48208556525955687,0.4684765308601949,-0.11373755872544167,0.0,0.0,0.0,0
0.20363914958328846,0.21085470174018212,0.4576361176224848,-0.45516402328029143,0.04750292689802395,0.19081379307588867,0.177438260605592,-0.0701823859758991,0.0,0.0,0.0,0
0.31415443740337945,0.294032714589742,0.13298269735783133,-0.1038701960804101,-0.083038425820711,0.1967112194747654,0.18568195627176787,-0.06494239741754693,0.0,0.0,0.0,1
0.18390837214997546,0.1716067802179189,0.2048691869163968,-0.20352052830261452,-0.02346866649833801,0.27615512964405675,0.2754139830340312,-0.020218644317959288,0.0,0.0,0.0,1
0.19140964963273704,0.1538121028914056,0.23633663900872812,-0.2336061147155248,-0.0358216429754266,0.1508553525959559,0.14527913318538116,0.04063632448628268,0.0,0.0,0.0,1
0.17754394025187817,0.17204363206742865,0.27033625144272994,-0.2671705469083981,-0.04125030555976971,0.21817756432725374,0.2166358513972397,0.02589126233241667,0.0,0.0,0.0,1
0.18132347003263014,0.17412527192012434,0.2297074798989879,-0.22729047118924398,-0.03323504217110888,0.19726873146958956,0.1970658385134585,0.008944702712138724,0.0,0.0,0.0,1
0.2127239892224587,0.20502927766136475,0.2559314507566881,-0.251246214826375,-0.04874676421919813,0.18362148812741014,0.18361471037151367,-0.0015776683142448432,0.0,0.0,0.0,1
0.1970779380548337,0.177837017998247,0.2783837575410674,-0.27488523507456364,-0.04399572707304303,0.1919815266750395,0.19178953220952846,-0.008583817293556409,0.0,0.0,0.0,1
0.21257751604255437,0.17297457246690418,0.27659506210904533,-0.2707110496491924,-0.05674818041963218,0.1804339496639292,0.17961901278932374,0.017129519430330926,0.0,0.0,0.0,1
0.1952831722174301,0.16493861089277637,0.29087948053260526,-0.2889210684676389,-0.033697008627416807,0.15995034101657477,0.15683484265186332,0.03141566045277172,0.0,0.0,0.0,1
0.18235720393243002,0.17650284325913262,0.29613107613243456,-0.2928959609572108,-0.043652838467914,0.12201018932382311,0.11953737185779721,0.024439783717657364,0.0,0.0,0.0,1
0.19466904144166114,0.16169638827719446,0.2700636381931521,-0.266730273376897,-0.04230047208256164,0.12828401426496905,0.12813291399251045,-0.006224521485439666,0.0,0.0,0.0,1
0.22061744431026714,0.1539178829307066,0.2521103860067333,-0.249015316260561,-0.03938297855821509,0.18027174645847682,0.1802340159147873,-0.0036880995671957468,0.0,0.0,0.0,1
0.22272116846019785,0.16048279319257605,0.2455938242658823,-0.2441763432044328,-0.02634843329027592,0.18447257793401672,0.18430389235982358,0.007887158591053604,0.0,0.0,0.0,1
0.19415038704887252,0.14620932622563929,0.25974222654385193,-0.2588088671637472,-0.02199987562182057,0.15280022783428174,0.1502627703187001,-0.027731020218484243,0.0,0.0,0.0,1
0.19031466849838713,0.13599849964393587,0.26248761334398496,-0.25765002265606723,-0.0501618678315452,0.14857921439137317,0.14818581201037873,-0.010805001989001726,0.0,0.0,0.0,1
0.20013910680567382,0.12759058312394853,0.2106650961102611,-0.21031010566527544,-0.012224654359376976,0.18279897789399033,0.18266814014163713,-0.0069149762315414195,0.0,0.0,0.0,1
0.20731733413831605,0.1300240395385963,0.24437550551991646,-0.24075684224967536,-0.04189905259167158,0.17493345544431171,0.17424943866533565,-0.015454674325342962,0.0,0.0,0.0,1
0.1955691376147464,0.11097101671982049,0.22556515820025813,-0.22469972199750843,-0.019740200813312233,0.08110717538200721,0.07930043770288062,-0.017023938398009635,0.0,0.0,0.0,1
0.18749487156075306,0.16337847116629586,0.25062466163515756,-0.24890564465597945,-0.029303601794463882,0.23268373320692753,0.22682554451371142,-0.05188344683201901,0.0,0.0,0.0,1
0.200350499094172,0.14940928949618454,0.3099998194189662,-0.3023799928842639,-0.06830979390324746,0.19363159024530288,0.19221619054382652,-0.023369399516124628,0.0,0.0,0.0,1
0.23083161673453076,0.15612133937401132,0.20509731043433357,-0.19921182164844847,-0.04878070174673737,0.17860225033687444,0.17141562645943398,-0.05015423043887081,0.0,0.0,0.0,1
0.25295986300490875,0.19023851411914472,0.2538361927490203,-0.24750310135946182,-0.05634738296288269,0.1704771480107458,0.14849695302977794,-0.08373238880355466,0.0,0.0,0.0,1
0.22417002605425274,0.18038257953811193,0.21737861363217773,-0.21488729774012755,-0.03281632116178434,0.2237670924399229,0.2133843284381274,-0.06737091387257842,0.0,0.0,0.0,1
0.2855165698482933,0.18714863039422192,0.23701390395677546,-0.23311345243750364,-0.04282182809618598,0.20704520718986957,0.19194693163169763,-0.0776150324194509,0.0,0.0,0.0,1
0.2713692074258659,0.22411214492865894,0.18269996202612468,-0.1625500911360006,-0.08340709799546618,0.2289699283101396,0.21753171168149593,-0.07146455403393343,0.0,0.0,0.0,1
0.3134236148229827,0.2392401368556216,0.18906950226510874,-0.17054766445759517,-0.08161354565778581,0.23331220854472698,0.21437990115423522,-0.09206435052243894,0.0,0.0,0.0,1
0.3009904497238507,0.24540511795677916,0.1496314160805992,-0.12930635918359992,-0.07529559185614551,0.2145589916311692,0.1934951363075428,-0.09271026434602349,0.0,0.0,0.0,1
0.28699387230101814,0.24119841335042413,0.18740432539975943,-0.17823005001367379,-0.05791744513238,0.20732478274659838,0.18352500271916328,-0.09644759674484031,0.0,0.0,0.0,1
0.31519746555350203,0.22776076271781773,0.17273722805847033,-0.15759147246369504,-0.07073243784889952,0.15154150220737117,0.13240198371328732,-0.07371934345918366,0.0,0.0,0.0,1
0.28761173915037114,0.22376278063787522,0.11913787246639863,-0.10388711694529908,-0.058320661764194856,0.228221059446585,0.2142755834879368,-0.0785546070948478,0.0,0.0,0.0,1
0.2643061663043885,0.213565023780608,0.08369546044791934,0.05959318311495033,-0.05876719004527295,0.2663045951518519,0.2577883327337949,-0.06680803024578687,0.0,0.0,0.0,1
0.2456380284065404,0.21449762882681306,0.06805752935177407,-0.03272222743966087,-0.059674811544358435,0.23251512101356636,0.21807956314819654,-0.08065101138265508,0.0,0.0,0.0,1
0.2584498155145498,0.21587340620836926,0.11658330357795794,-0.10958110891034771,-0.039795065562564604,0.25248085169630796,0.24443028875741543,-0.06324882932718666,0.0,0.0,0.0,1
0.2462039765171695,0.20933217617915723,0.14226131730809075,-0.13674772245184103,-0.039221713456547666,0.25825857347880604,0.24855121925249635,-0.0701411589824786,0.0,0.0,0.0,1
0.23930128781703905,0.20790823044527224,0.24702513958073283,-0.24518534304681475,-0.03009264262068564,0.23013900026087064,0.2253981548687203,-0.04647183257468327,0.0,0.0,0.0,1
0.25453065822638704,0.23567244919473185,0.23477599646770697,-0.22663800443210014,-0.06127791987690277,0.24487794292048276,0.23568455065414765,-0.06646803375999427,0.0,0.0,0.0,1
0.19612563365466035,0.15997767486599584,0.188938447935908,-0.18470044922664755,-0.03979297882672789,0.22340232895963177,0.21720195134268955,-0.05226770434518297,0.0,0.0,0.0,1
0.22385264782759245,0.17224375287439242,0.16071311810245545,-0.1484865417833923,-0.06148539045515348,0.18681550743853517,0.18407795940608518,-0.03186437949198209,0.0,0.0,0.0,1
0.14972282147396176,0.1514758125830365,0.20099356488102318,-0.19973365820520808,-0.022469510531989485,0.15877862668160486,0.15780926811954593,-0.01751819586800278,0.0,0.0,0.0,1
0.13149500233766484,0.1374088821936676,0.26402549455886765,-0.2639605231817203,-0.005856959850222506,0.11764132136803197,0.11757277878876561,0.004015243592182511,0.0,0.0,0.0,1
0.1325524392464537,0.1375745658357577,0.19140742354208223,-0.19123538016565714,-0.008113640361431267,0.1411546773458723,0.14112860767761876,-0.002712753507801954,0.0,0.0,0.0,1
0.1483264252970608,0.10759187032793055,0.22611368575058916,-0.2259492187518558,-0.008622611503610607,0.18904568210459663,0.18903950851302587,-0.0015277904129219878,0.0,0.0,0.0,1
0.13273143060566545,0.12147530831881126,0.26513173776662996,-0.2651230826098855,-0.002142297501490834,0.13902216189629613,0.13900858610699393,-0.001942803864116043,0.0,0.0,0.0,1
0.1617390093601415,0.1338985323717009,0.2581944546262687,-0.2581383040535312,-0.005384457272835961,0.14975386735826274,0.1496867662426026,-0.004482499368499564,0.0,0.0,0.0,1
0.19653193255069198,0.1131854729023969,0.2656946880663904,-0.26226398727500794,-0.04255899723103183,0.16785288373235183,0.16753580865673937,-0.010312293391813254,0.0,0.0,0.0,1
0.17504134347753877,0.12468405479460704,0.27049337200804935,-0.2699169150682709,-0.017650021538592686,0.12840106590486464,0.1276793803938688,-0.01359446754172962,0.0,0.0,0.0,1
0.15134725525991605,0.1342624311080575,0.2613352203537047,-0.2612010275557509,-0.008373804460293578,0.1254097471145651,0.12423322822386496,-0.017137960100789617,0.0,0.0,0.0,1
0.17754900760469922,0.13038370049890696,0.2397244728755001,-0.23972437942714522,-0.00021166886045752647,0.0790211707649076,0.07582762562611992,-0.022237729671926724,0.0,0.0,0.0,1
0.17088668043211325,0.12890753915059872,0.30020972953362757,-0.29893671385667514,-0.027617436796816597,0.17222430059732305,0.16978665199327306,-0.028873907272003833,0.0,0.0,0.0,1
0.18276465645230588,0.11849066270727583,0.29705181819717635,-0.29562384955883947,-0.02909161848816551,0.1415539508007281,0.14154150564123621,-0.0018770104173520615,0.0,0.0,0.0,1
0.17244427547785618,0.13251527394933232,0.12101196242428441,-0.12035203974306868,-0.012620680625831517,0.21634866014089923,0.21608950398739807,0.010586265216901956,0.0,0.0,0.0,1
0.1828196513137759,0.17228232260015064,0.3152122960902645,-0.3109098440327522,-0.05190241314261111,0.20783298022854188,0.20666208157753216,-0.022030245316812358,0.0,0.0,0.0,1
0.24512895646963573,0.24073098758349393,0.22204011392383813,-0.213531272370994,-0.0608786326303029,0.2678933061219817,0.2603988422304671,-0.06292270202397612,0.0,0.0,0.0,1
0.21138677672293968,0.15711710065604514,0.3446444547689122,-0.3417339324360885,-0.0446958569078573,0.1294376002483603,0.12242617457708652,-0.042022900143553366,0.0,0.0,0.0,1
0.26539371013107377,0.230060824217023,0.26308491062503864,-0.25596394347060936,-0.06079580447332909,0.31369081446698055,0.3008611948227847,-0.08879452984707999,0.0,0.0,0.0,1
0.30039998305079474,0.27291491150245734,0.30769540453412164,-0.30174996587090863,-0.06019485084558518,0.264521808027863,0.25487926260999494,-0.07076968569744295,0.0,0.0,0.0,1
0.3097942836614686,0.2927631650049195,0.25408520142762414,-0.239230433688799,-0.08560425913227379,0.2500775858556861,0.24192592675113578,-0.06332965271507604,0.0,0.0,0.0,1
0.24519291637978552,0.2934618806215594,0.26184459979788544,-0.2486666544212407,-0.08202127420530636,0.26085309289098274,0.24592956288580584,-0.08696543088830251,0.0,0.0,0.0,1
0.27289616154303903,0.2817304916524681,0.19116963766131476,-0.1817013126350155,-0.05941770233079304,0.2933966509262704,0.2772272163838482,-0.09605553222389006,0.0,0.0,0.0,1
0.28789540949523884,0.28002073865219235,0.2079034452428311,-0.1941512241547518,-0.07435821879960673,0.23323086351527875,0.2172189730175263,-0.08492675348377428,0.0,0.0,0.0,1
0.2909149173675594,0.27561245594364686,0.2806709030518499,-0.27338530876101197,-0.06353446917687325,0.20688210997818302,0.193760056527393,-0.07250688190459223,0.0,0.0,0.0,1
0.29378186734026446,0.30517948967310593,0.18052677831291414,-0.15752986643268366,-0.08817175777844563,0.2804057001299318,0.26555577321789775,-0.09004159025695672,0.0,0.0,0.0,1
0.3040534573740292,0.3106124623329555,0.21802796983917844,-0.20967127526634108,-0.059784211631332344,0.2653096890176149,0.2429291611027056,-0.10665202188687867,0.0,0.0,0.0,1
0.31444076611061283,0.2939452140423878,0.16809730935399936,-0.1280563086287518,-0.1088957631518877,0.288340928380398,0.2690035142570492,-0.1038152218926846,0.0,0.0,0.0,1
0.2870688833786674,0.27739076515690025,0.1233790163425799,-0.09268244272936135,-0.08143921956515332,0.27005374086938316,0.2502507395872642,-0.10150660221667959,0.0,0.0,0.0,1
0.29411122015865404,0.289003857029048,0.1342704644113198,-0.11606113131432737,-0.06751571232883463,0.26206486969271114,0.24496522730994533,-0.09311301378456435,0.0,0.0,0.0,1
0.2833030692438538,0.3068374771564218,0.12864434723181514,-0.11970913195555508,-0.04710723724808458,0.28805635702941385,0.2725911881382409,-0.09311556784146952,0.0,0.0,0.0,1
0.29734599881412227,0.28935798779930216,0.15599096946115168,-0.14133200564857634,-0.06601853325226743,0.259609894493568,0.24852570920262937,-0.0750484455821146,0.0,0.0,0.0,1
0.31249129971133766,0.2992715679293534,0.20531064477965297,-0.19728672971722777,-0.056836670709308416,0.2559969130706544,0.24389878327522677,-0.07776762191663161,0.0,0.0,0.0,1
0.2830449429889263,0.27805684028515626,0.19657530371041268,-0.1837404715722111,-0.06986622313580768,0.18339801844193454,0.1711098717689735,-0.06600185566810692,0.0,0.0,0.0,1
0.2991306207297688,0.3035753983156,0.20861058167929092,-0.20134758596617633,-0.05456669693288516,0.22146345806484743,0.21010652215119624,-0.07000937514054326,0.0,0.0,0.0,1
0.3187380434399728,0.29447889795868765,0.16154521910652422,-0.1470784145998776,-0.0668191422794503,0.23730670185096195,0.22582720761251573,-0.07291462847272194,0.0,0.0,0.0,1
0.3318451285860612,0.2738836143192945,0.16962571231943346,-0.14438415946942987,-0.08902862895822582,0.22179858065335503,0.2149989668294658,-0.05449820769626382,0.0,0.0,0.0,1
0.31032683161043867,0.28919034839216406,0.13639675113742,-0.1184741302117743,-0.06758664210779251,0.24129235723968182,0.22673174243641478,-0.08255130909942919,0.0,0.0,0.0,1
0.3039034393477604,0.28572059968997116,0.0841136571156559,-0.0452283706940067,-0.07091898051816345,0.22823003576870618,0.2190167459546714,-0.06419201054969245,0.0,0.0,0.0,1
0.3352120865200436,0.27325598560503506,0.11884553627296103,-0.08513804290533174,-0.08292029391082492,0.2689639089067158,0.2622876482575852,-0.05955479716937471,0.0,0.0,0.0,1
0.29611235978619255,0.2762502629192424,0.16202388066148268,-0.1469458592500323,-0.06825432113702457,0.22489044864754587,0.21706525620963163,-0.058808064409070986,0.0,0.0,0.0,1
0.28687002588758953,0.2600324033696119,0.15818093297163546,-0.1398619306923141,-0.07389078358493271,0.24265926056773363,0.23673330390788885,-0.0532997144470248,0.0,0.0,0.0,1
0.3007026423486635,0.28444629877351846,0.13508668113025962,-0.11224968621544729,-0.07515596691761782,0.1959452051293391,0.1911818724443785,-0.042941996481767886,0.0,0.0,0.0,1
0.33945422108143236,0.25049864125872007,0.19375588619211556,-0.19081189937302548,-0.033647622378861014,0.17795802254605136,0.1645414138608259,-0.06778776374229593,0.0,0.0,0.0,1
0.27135589964487267,0.23798115378883433,0.08889677051803771,0.06344260405860531,-0.06227095469638873,0.20562902408549155,0.19702062041220011,-0.05887419365684269,0.0,0.0,0.0,1
0.2715453479325712,0.21602796917400102,0.1250038317408659,-0.11639669110744433,-0.04558254324998668,0.2360761297543742,0.23092734030352677,-0.049035727180732736,0.0,0.0,0.0,1
0.2780003024083811,0.23786786592559164,0.07859953030803143,0.06762710638660305,-0.04005571927226157,0.26364912976221977,0.25334575363580625,-0.07298488020871992,0.0,0.0,0.0,1
0.28553871704143446,0.2352830580086963,0.12679098598213764,-0.1233473477998473,-0.029349376774748154,0.22478660443454465,0.22095939399397266,-0.04130331389887271,0.0,0.0,0.0,1
0.264194829755554,0.23666468870041968,0.1843834846984512,-0.17521038210221798,-0.05743336515596806,0.09424801900090096,0.08453059481743815,-0.04168054252771055,0.0,0.0,0.0,1
0.2824546685794903,0.26060318349165185,0.1945151937596794,-0.18521262850485803,-0.05943435745162123,0.19801913959692233,0.1899489218244969,-0.055955220886138676,0.0,0.0,0.0,1
0.24918220026111843,0.22449761146716188,0.2055011526038137,-0.1981385332968125,-0.05451463422315019,0.18038514870411446,0.1770781813776749,-0.03438196551945165,0.0,0.0,0.0,1
0.27242810921691296,0.21608126473329284,0.17823354214349496,-0.17340144134926547,-0.04122057354057848,0.15825013299549914,0.15320117947389783,-0.03965480047736609,0.0,0.0,0.0,1
0.2697879343369267,0.22456290521516015,0.22054755313150345,-0.2170630317129146,-0.039049500072236155,0.15365327333731768,0.14464429276109383,-0.05183972394713763,0.0,0.0,0.0,1
0.25461526541445983,0.21864408892865597,0.22575066541576763,-0.22099858656447052,-0.04607589035675916,0.17490070042127429,0.1652000077671559,-0.0574387712401995,0.0,0.0,0.0,1
0.27695501486603086,0.23869039429533132,0.1570825966904861,-0.1453287806968247,-0.05961952435402476,0.18241945519460057,0.1743914236158657,-0.05352092116851653,0.0,0.0,0.0,1
0.2633686014111268,0.25256501764847933,0.22539864860757933,-0.22165617272311477,-0.040903445916740576,0.2330742012647575,0.22628016250928717,-0.05586475946404204,0.0,0.0,0.0,1
0.2640813404666955,0.22782663240674492,0.1813988290366269,-0.17279611249741833,-0.055199988058322484,0.15475862942351437,0.14792957064811904,-0.045465102099388394,0.0,0.0,0.0,1
0.25415411800391824,0.2149815524917644,0.132502553338059,-0.12252410231897991,-0.05044572322837001,0.20714855737617757,0.19781659619977335,-0.061474540185082575,0.0,0.0,0.0,1
0.2392518655932507,0.22126606495385615,0.15744926957004382,-0.15234408363167345,-0.039768739866458215,0.13458087491091475,0.12591256981933371,-0.04751880315494801,0.0,0.0,0.0,1
0.26430335378537506,0.21095013817769093,0.23644075002180767,-0.23219294781196043,-0.04461684947715574,0.07407763729871956,0.06504799176109562,-0.035443689362269895,0.0,0.0,0.0,1
0.2393584438936903,0.21889791825573074,0.19258915089879267,-0.18805801815790105,-0.041530264271257625,0.1392109687333379,0.13196360081186737,-0.044331725394355016,0.0,0.0,0.0,1
0.24250513912320262,0.2179538050044338,0.2033168202620028,-0.20134309036804057,-0.028261092733625842,0.11118613098117754,0.1037333835467759,-0.040021754840349644,0.0,0.0,0.0,1
0.22832663731421257,0.2001913787259352,0.25727507932966726,-0.2523715246618199,-0.049990798992964734,0.11846785660707804,0.11477849298305248,-0.029334801816521188,0.0,0.0,0.0,1
0.23222855665946301,0.1964090492073423,0.22258497569960925,-0.21944810074459078,-0.03723711168696578,0.1126433684701482,0.10584202240361787,-0.03854860248846426,0.0,0.0,0.0,1
0.23404049707007435,0.19676155665860404,0.16305930620417874,-0.158572053458728,-0.03799001449947663,0.1267909923307115,0.12190692618102601,-0.034851930869041085,0.0,0.0,0.0,1
0.2843891983350256,0.24859968971152424,0.35227613367885346,-0.3468056197784227,-0.06184121966638021,0.07448287378721426,-0.02806294734595468,-0.06899398143215292,0.0,0.0,0.0,1
0.3193584712449581,0.24449910278923276,0.30442257062837375,-0.2930392425613478,-0.08246880517540428,0.11057116796356464,0.09572743441932048,-0.055337523294068,0.0,0.0,0.0,1
0.296276714916054,0.28354866772844933,0.2293827232295959,-0.2176143204399677,-0.07252889945171137,0.1340453044840364,0.10436301942161214,-0.08412195808124201,0.0,0.0,0.0,1
0.30646414603009453,0.2665706396247325,0.279372887469799,-0.2691917824847028,-0.07473282074110017,0.11138453963083964,0.06692460162641191,-0.08903714598930126,0.0,0.0,0.0,1
0.2991736467336909,0.2874309579762512,0.26999186601781405,-0.25788584303913564,-0.07994060092203176,0.11641362297510234,0.06387311555025331,-0.09732603312625694,0.0,0.0,0.0,1
0.3269271558174754,0.2814601744915287,0.23768057669581538,-0.22259888121967508,-0.08331743285894222,0.12306089230906198,0.06091707916640826,-0.10692564089934695,0.0,0.0,0.0,1
0.3306238733250701,0.2831103392483973,0.09526161112015814,-0.015767909443961593,-0.09394757892024289,0.28015692495898586,0.26521436181878544,-0.09027316814828862,0.0,0.0,0.0,1
0.33959890565629813,0.29889800673022154,0.09847775364493255,0.05459509917621563,-0.08195878908873169,0.3029399034765076,0.28567973502188587,-0.10079520879575989,0.0,0.0,0.0,1
0.3107213270441481,0.3104209402012184,0.10556499162159778,-0.057238346739102774,-0.08870027688030209,0.26212434707481674,0.2356872404448109,-0.11472008551648176,0.0,0.0,0.0,1
0.3037765604466096,0.31498683908510566,0.13599673545284954,-0.12010319346843777,-0.06379917689528096,0.25542329592770363,0.23445133313154337,-0.10135892903643638,0.0,0.0,0.0,1
0.3241687232187076,0.30758210192217605,0.10565333874706333,-0.06564012015612646,-0.08278890393217557,0.2946674687229637,0.273843612189419,-0.1088052994419382,0.0,0.0,0.0,1
0.32814073820360945,0.2979454504786542,0.11609591272370899,-0.0806714524091641,-0.08348878797387722,0.2660066033713508,0.2501321373063212,-0.09051755036309146,0.0,0.0,0.0,1
0.3119761293111961,0.29778795851328677,0.11281286970205023,-0.06556166993363216,-0.09180637780636615,0.2583568482345734,0.23927555717413737,-0.09744469594959242,0.0,0.0,0.0,1
0.3014074599949868,0.2819044695850245,0.142044049337305,-0.1159162203438724,-0.08209714863093334,0.24309643396269642,0.2301772244335672,-0.07819412738459879,0.0,0.0,0.0,1
0.2593805392113426,0.20956349952385742,0.21764375422232932,-0.20981040982017848,-0.057865323666928876,0.24061195952944492,0.23427624359888113,-0.05485213536223475,0.0,0.0,0.0,1
0.25451685587885875,0.2023831518317254,0.20613906925165076,-0.20102798235391617,-0.045618704307010385,0.2128535125769708,0.20432837926478314,-0.05963666022994246,0.0,0.0,0.0,1
0.2456145363971528,0.12926314074189377,0.2050189344915731,-0.19599178943985138,-0.06016628600989846,0.08658899071629014,0.08584457003186807,-0.011329744450316653,0.0,0.0,0.0,1
0.24613795231087085,0.1464951410176334,0.29071724231756474,-0.282277299095353,-0.0695416522392323,0.07495778268507555,0.07443840615598077,0.008808681741342242,0.0,0.0,0.0,1
0.2236055971505116,0.18504636910092756,0.2665633731656873,-0.2642322747611757,-0.03517579974931623,0.03814022451705969,0.03601242417338043,-0.01256113177099284,0.0,0.0,0.0,1
0.2603978557981986,0.17932388570830296,0.19577328199099872,-0.18985736616893273,-0.047763568259950054,0.18313785972378913,0.18126696898428601,-0.026110565284194042,0.0,0.0,0.0,1
0.27951064735685627,0.20554600809640755,0.2857480297216058,-0.27992607875165837,-0.05738751540622784,0.11442981525371461,0.10495812977957278,-0.045584795844377905,0.0,0.0,0.0,1
0.23151968378074622,0.19163120613262177,0.2539295029491362,-0.2523940610002313,-0.02788243963154714,0.133704342271575,0.12848529546525642,-0.036991620557637446,0.0,0.0,0.0,1
0.26449639167688055,0.23671145026643725,0.24546129650004525,-0.23910116135596285,-0.0555147072199156,0.21416325222072846,0.20192475991127895,-0.07136028262648428,0.0,0.0,0.0,1
0.28264886719867743,0.22735195219393425,0.18137413941888675,-0.17561181965342434,-0.04535490324049796,0.18531239064840235,0.1680265487607904,-0.0781521659288072,0.0,0.0,0.0,1
0.28752990805535567,0.22763498696542508,0.22097995865713477,-0.2073187768376566,-0.07649226692056481,0.20089452034760577,0.1936262597476744,-0.05354885471997232,0.0,0.0,0.0,1
0.29382232179806667,0.25616376845812616,0.21870776744592077,-0.2073289730803895,-0.06962603293747313,0.19205091828888987,0.1759992499710576,-0.07686233944677355,0.0,0.0,0.0,1
0.2826701396758137,0.2833443459055399,0.20775583285696003,-0.18891203563914338,-0.08645651436857808,0.1930538083306454,0.17773660163171748,-0.07536228069381742,0.0,0.0,0.0,1
0.29451536706244347,0.2819263801363191,0.2373746658212851,-0.23030843041012794,-0.05748703206628462,0.18929415779825826,0.18000327174239514,-0.05857559507666438,0.0,0.0,0.0,1
0.2893173231187241,0.24750252082349403,0.1712894161518279,-0.14840416906090406,-0.08553517809051836,0.18746406711007396,0.17556983500312334,-0.06571156286702023,0.0,0.0,0.0,1
0.2599129445936356,0.26226136410735135,0.16885731551877553,-0.1374448037040418,-0.09809036109100994,0.16977559679374682,0.15553103149970737,-0.06807239901244805,0.0,0.0,0.0,1
0.2881123404618366,0.2341250022433883,0.20189682538146678,-0.18804540182790608,-0.0734932306440248,0.1702225479975572,0.15210638990720338,-0.07641571825337035,0.0,0.0,0.0,1
0.27873824739094605,0.2578288897354774,0.13903494613871564,-0.11505557350936607,-0.07805723062104127,0.21677000385678122,0.2071852846773804,-0.06374552835471507,0.0,0.0,0.0,1
0.2758268046742636,0.26088244356486645,0.18904126436707766,-0.17705526039151684,-0.06624224030930354,0.21457866822945695,0.19944223317977505,-0.07916312578083057,0.0,0.0,0.0,1
0.31228048342141,0.23046810388309266,0.3180841112796305,-0.3164547977138101,-0.03215373776816459,0.08891622091638653,-0.023410612363092605,-0.08577900425416857,0.0,0.0,0.0,1
0.3024785924698476,0.242893213924821,0.30071066526163603,-0.2986290039871837,-0.035321695595176644,0.12124901871952413,-0.023628043857083506,-0.11892451422618994,0.0,0.0,0.0,1
0.30915877209310416,0.2519106932509366,0.25431154918842597,-0.24568319262035207,-0.0656820593045634,0.12175394859192153,0.028066215791973655,-0.11847494050997721,0.0,0.0,0.0,1
0.31769661448545794,0.24398786120675506,0.20755346364723448,-0.19647505493211473,-0.06690286287885128,0.12459570062007712,0.043092719298832766,-0.11690639912528267,0.0,0.0,0.0,1
0.3315138452741741,0.24715630419923465,0.24470259642069148,-0.23676929676812647,-0.06180340446087627,0.11879894451975813,0.023185812156046086,-0.1165144082664162,0.0,0.0,0.0,1
0.24911428380485315,0.20663883840598268,0.11710335570081071,0.10982412577003453,-0.0406430475633685,0.2760947537583734,0.26895239439664115,-0.062393289713000705,0.0,0.0,0.0,1
0.2793648709453249,0.18323669698421588,0.0709179465838197,-0.02133659826001041,-0.06763212788576464,0.2494578998755961,0.24516442887016815,-0.046083040558400505,0.0,0.0,0.0,1
0.21721368937516097,0.17605154901913841,0.2217262822670261,-0.2188066506677146,-0.03586354516125855,0.2569126868671863,0.24695709361098078,-0.07082600220635216,0.0,0.0,0.0,1
0.2006715367268949,0.028655827094202297,0.27022985627264506,-0.25385704824713906,0.09263246880216529,0.2022526116133952,0.19719988539634775,-0.0449257621427416,0.0,0.0,0.0,0
0.1959149136451594,0.1895190405537547,0.3940926920534505,-0.31993259434652244,0.23011341769796753,0.16030034440293595,0.1290480600206064,-0.09509363080994357,0.0,0.0,0.0,0
0.15644097351531375,0.20463734957456206,0.29168079198821706,-0.2766722691549671,0.09235875646366719,0.6776338077166996,0.5568407319262807,-0.38615537886767404,0.0,0.0,0.0,0
0.1609099580619552,0.18350312670701616,0.31295276285492774,-0.2657792056660357,0.1652296753433346,0.402747749770521,0.19187279235578833,-0.3541053254313054,0.0,0.0,0.0,0
0.32208919749058734,0.30259376468088484,0.09455107999858382,0.005283358786745157,-0.09440335189403563,0.3608214790097406,0.34165427226158396,-0.11603662335738726,0.0,0.0,0.0,0
0.18329250239195044,0.21198199968492035,0.07700817815293523,0.07329618683243436,-0.023620510118519594,0.29035274555551,0.2766166003611605,-0.0882494943682781,0.0,0.0,0.0,0
0.2823175901284247,0.23227704118680623,0.17855828890218206,-0.1735692867645399,-0.041913783266653834,0.20397946450204377,0.19163570080883857,-0.06988118569433284,0.0,0.0,0.0,0
0.26577956724324253,0.19185532770525157,0.12906353361169706,-0.12875961619326146,-0.008851945893511445,0.0962027538729704,0.06801115266855395,-0.068040083520216,0.0,0.0,0.0,0
0.230407286541643,0.16816480539417006,0.18308166197091927,-0.1791946413519727,-0.037525664028393066,0.13818057180209017,0.11564936782132056,-0.07562469270074099,0.0,0.0,0.0,0
0.23850231268678512,0.18341636978482345,0.10865067308935147,-0.07028669995688464,-0.08285377825989589,0.10604177837666227,0.08665485718320709,-0.061121145995826506,0.0,0.0,0.0,0
0.25478296137180856,0.20070743762597051,0.10189625292257239,0.061589884655931064,-0.08117593527474722,0.17480039826719504,0.15727656079887123,-0.07628409177311457,0.0,0.0,0.0,0
0.25417962341152844,0.2288287087204724,0.2997130518768711,0.2937068659620151,-0.05970084046409145,0.16729933016218154,0.14568468713003638,-0.08224984989979031,0.0,0.0,0.0,0
0.26235411268437425,0.26475425011812587,0.16463738946037504,0.16115676991043945,-0.03367440452867565,0.22437639452045371,0.20761282650944252,-0.08509806511759488,0.0,0.0,0.0,0
0.2816052300630356,0.28215425696475666,0.14132542180781005,0.12847878551913422,-0.05887339399664117,0.17262558585836837,0.15714678363484935,-0.07144565267507012,0.0,0.0,0.0,0
0.2714226503611058,0.26777440084401183,0.058515573891973253,0.033307107579000905,-0.04811142247562259,0.2219795674418277,0.20759534259265003,-0.07860726490281415,0.0,0.0,0.0,0
0.24104528467483757,0.23633130925347978,0.06494730261607658,-0.05282440345368418,-0.037785374377748676,0.06406349487211305,0.008295888131075053,-0.06352408689108363,0.0,0.0,0.0,0
0.24714234344990854,0.3016402339964233,0.2005177563300707,-0.1985468039845071,-0.02804527110197583,0.1001625875485787,0.05381853481208079,-0.08447549499770651,0.0,0.0,0.0,0
0.24514050609128918,0.2445452548241588,0.09336478909751174,0.07041790253628462,-0.06130499853693148,0.10385210253397993,0.08622424559954774,-0.057884701532591086,0.0,0.0,0.0,0
0.2544241345492898,0.24161368760206894,0.19311334327446153,-0.1883288537723055,-0.042720091145146064,0.20492166013495888,0.19262221370425736,-0.0699254573109036,0.0,0.0,0.0,0
0.19525506471627146,0.17343628007772266,0.2509191837716196,-0.23972815753913146,-0.07410025146724647,0.08078512984542027,0.05856314107325232,-0.05564706381989764,0.0,0.0,0.0,0
0.19666741786879594,0.16999225882572894,0.18246877996082425,-0.17520137439264374,-0.050983664749803655,0.13027470706441674,0.1052049715879679,-0.07683367265655378,0.0,0.0,0.0,0
0.1873981456217702,0.15637696498112377,0.30832454086503736,-0.30741214616447915,-0.023702212769802566,0.14587116790756108,0.12778102741607947,-0.07035912633913972,0.0,0.0,0.0,0
0.21926889294583032,0.16486013982104283,0.16401265453160924,0.15808807642982137,-0.04368421840005792,0.16757967065614782,0.1591763671948624,-0.052400669307455475,0.0,0.0,0.0,0
0.22270608585132043,0.19721332179693277,0.2914225229521427,-0.2878803062245578,-0.04529918511239419,0.12761104433286297,0.12455047999535336,-0.027780506990531976,0.0,0.0,0.0,0
0.20273069454949008,0.1813810216808947,0.30813407838028106,-0.3065611087012518,-0.03109496568778349,0.05947828782042834,0.012528488148058289,-0.05814381916226072,0.0,0.0,0.0,0
0.23941980210241803,0.2121771981238733,0.2921733223819471,-0.2894493586824597,-0.03980350575034828,0.08789052938392897,0.08115147326215266,-0.03375179317857646,0.0,0.0,0.0,0
0.2763347275890119,0.21274194124123566,0.31647022942019576,-0.3107370478162459,-0.05996576709853233,0.09302956654196713,0.01912126914684112,-0.09104327167451942,0.0,0.0,0.0,0
0.22788971994261367,0.16983647481983324,0.32542906125309085,-0.3245174027124075,-0.02434192360642692,0.1314355211431601,0.09397038508784933,-0.0918959354085663,0.0,0.0,0.0,0
0.23921248964617695,0.16529553078104078,0.332779710425862,-0.3325269825401665,-0.012966940805461919,0.11088587582329963,0.06405415851629333,-0.0905137682005881,0.0,0.0,0.0,0
0.25582225735886743,0.19032914313821214,0.36954650853321197,-0.3684461574647279,-0.02849650888379496,0.1705837337714085,0.15858043769191998,-0.06285741808914729,0.0,0.0,0.0,0
0.2773400021588362,0.255840020819735,0.07914451431379015,-0.0398413989696495,-0.06838506470061241,0.34851407795581757,0.3251474543690224,-0.12546392091250025,0.0,0.0,0.0,0
0.30429513259589197,0.28043493703887545,0.10696961316199123,0.07269893932877679,-0.07846886236270333,0.30756455370027175,0.2955055228863767,-0.08527860597181693,0.0,0.0,0.0,0
0.2983843830852704,0.25825935152433266,0.08039945305006846,0.057921604620339955,-0.05575984010876622,0.4461317592628891,0.43428482116010114,-0.10212855003836789,0.0,0.0,0.0,0
0.2735951171418494,0.22018296935424062,0.1622276531951034,-0.14391868606555164,-0.07486803899098692,0.20304419177936148,0.18907716390077622,-0.07400520188860463,0.0,0.0,0.0,0
0.25899617858690166,0.14731579401364178,0.22403670796679442,-0.22350219713303787,-0.015466557254392665,0.19902746769199312,0.18375765991244505,-0.07645296148213977,0.0,0.0,0.0,0
0.18242300180108087,0.14418897053737192,0.29523939099796465,-0.294310404739188,-0.023402642139390417,0.1429143135738569,0.11810943936863,-0.08046528044016629,0.0,0.0,0.0,0
0.1918922461452415,0.1223404783620895,0.2917988315636742,-0.2917983096320082,0.0005519038214990079,0.10258548401947547,0.09063603525446627,-0.04805091721144565,0.0,0.0,0.0,0
0.27077858043810893,0.17880007701483977,0.1349149026447803,-0.10209180104265218,-0.08820031244569412,0.2526553015210354,0.22986542956767064,-0.10486460640442774,0.0,0.0,0.0,0
0.26822582809724205,0.2533570181683723,0.16772472713253456,-0.14889192574776902,-0.0772190296416888,0.18789722506786471,0.16508915125293416,-0.08972702673548046,0.0,0.0,0.0,0
0.25978223435585185,0.2515916046968384,0.10237920610331738,-0.02366921701109611,-0.09960557217559256,0.19719999766657914,0.17050249344497465,-0.09907945704708518,0.0,0.0,0.0,0
0.22136522262107441,0.15442903200657165,0.24251562665238086,-0.24028026312347392,-0.032851549794661275,0.19522558528509523,0.17473695906344824,-0.08706333491870616,0.0,0.0,0.0,0
0.25867309486868545,0.2745816606248464,0.23129587037042879,-0.22213573223608832,-0.0644476230310402,0.25902285811772974,0.23978387146600993,-0.09796191102795805,0.0,0.0,0.0,0
0.2972873788258831,0.2658414350034134,0.08497134965149158,-0.042278984975825065,-0.07370629342878394,0.2603312287719409,0.24949493627115127,-0.07432782419096365,0.0,0.0,0.0,0
0.25421777998854467,0.2282662433845648,0.1301710317508284,-0.12146953583049508,-0.04679368944846347,0.13960361220799597,0.11157365806780073,-0.08390761209145452,0.0,0.0,0.0,0
0.2587269986933899,0.2184420603878649,0.24301724782239237,-0.22103315190310932,-0.10100360636604548,0.14072505150537945,0.12858226424155372,-0.057185150552455086,0.0,0.0,0.0,0
0.23215274879801798,0.20661944497761922,0.16519315538100482,-0.1595066383908367,-0.042969883569631086,0.11910143361281546,0.08800053117398143,-0.08025620226328313,0.0,0.0,0.0,0
0.23426079531516517,0.19045364578833618,0.17722346822628862,-0.16362069086872214,-0.06809131523033167,0.11020987174117942,0.08623730776796178,-0.0686246499309181,0.0,0.0,0.0,0
0.17110452067222515,0.16778904352434038,0.23315419221084605,-0.23192714021146807,-0.023888888187234315,0.08585841534217165,0.04977600478510697,-0.06995725003673217,0.0,0.0,0.0,0
0.1638938617934205,0.15098944871633466,0.2710035182508646,-0.268461805530077,-0.03702925702573368,0.11901971835426246,0.10917971452707981,-0.04738653071193669,0.0,0.0,0.0,0
0.2166402057224984,0.1483274632434512,0.22038999642807178,-0.2167621779716272,-0.03982346954450481,0.12999016450326706,0.09712913926518343,-0.08639081648642426,0.0,0.0,0.0,0
0.14472388989713106,0.1998347658367754,0.1554984980793789,0.1536313929200546,-0.02402452943111278,0.2381311942178291,0.21421891939148854,-0.10400346260751324,0.0,0.0,0.0,0
0.20486552696082305,0.261479202161922,0.05558702338594102,0.03349323264201838,-0.04436350455156568,0.26078686803070017,0.22808827301939302,-0.12643389675357097,0.0,0.0,0.0,0
0.13096538473007588,0.10382090127739523,0.22015789069405337,-0.2169504987552141,0.037442995669665365,0.06535790795849346,0.04674245572263147,-0.04568149478430778,0.0,0.0,0.0,0
0.2836428360359995,0.30600514184148997,0.09152269098578283,-0.0024355728675157333,-0.09149027789927253,0.27270914307705624,0.21470910831748144,-0.16813766836534386,0.0,0.0,0.0,0
0.2016962228243566,0.35142981385130584,0.29870749376608563,-0.2984018900695086,-0.013508472710154778,0.10928899805329688,0.04346580718099094,-0.1002736690342906,0.0,0.0,0.0,0
0.3187987295169646,0.3381145223986649,0.20758244516379332,-0.19014146705150575,-0.08328681797067533,0.07729816351983929,-0.06126878938819796,-0.0471289882179159,0.0,0.0,0.0,1
0.3153439190493283,0.3265703482627171,0.19381114220452048,-0.1751519289232808,-0.08297325254004957,0.10562574462571125,-0.09392163899204986,-0.048327255837498466,0.0,0.0,0.0,1
0.30829277616551254,0.3097033239857532,0.05698586837547554,-0.04664589935543965,-0.032734527151453086,0.14964781818018172,0.13943079030929076,-0.054346335661342594,0.0,0.0,0.0,1
0.2733898780240984,0.30072846048956653,0.2012773153797988,-0.1830531544358211,-0.08369050327005104,0.08335740330854653,-0.043318874154226014,-0.07121749664481344,0.0,0.0,0.0,1
0.30271237057625633,0.3345675668038188,0.2366957416149419,-0.22074606793597348,-0.08541690458834196,0.12532245202968323,-0.11477882127592624,-0.05031440319869884,0.0,0.0,0.0,1
0.3058605540266276,0.3421958821453704,0.23609028370766447,-0.22098830898925856,-0.08308302685406618,0.14707469358154976,-0.13656956510894078,-0.054586805897226996,0.0,0.0,0.0,1
0.29580119319592085,0.34081099334265774,0.22467329498686672,-0.20044150627119547,-0.10149528089517236,0.13260606790503468,-0.12046865641182662,-0.055422667452622046,0.0,0.0,0.0,1
0.24538654036821558,0.25398706338572874,0.21957388005652215,-0.1893807647209929,-0.11111982161958281,0.08751725206539072,-0.06937368993505129,-0.05335316817090153,0.0,0.0,0.0,1
0.2877582611493171,0.27931634536711747,0.048041712191363634,0.038548348733465285,-0.028671081601519023,0.1654920754702978,0.15165430392959803,-0.06624650287446011,0.0,0.0,0.0,1
0.25119754600881466,0.24450966496567625,0.06690059154053733,0.06671427893990343,0.004989402168854803,0.22024793640026,0.2166534962464715,-0.03962847527666346,0.0,0.0,0.0,1
0.2557504006305258,0.25523924552950605,0.08687721659347479,0.0852019512697809,-0.016978759167012466,0.2356944470801428,0.22955167755861094,-0.053459327665448204,0.0,0.0,0.0,1
0.29200106690519273,0.337934245318225,0.23675288451241275,-0.2208907652243329,-0.08520092818482954,0.12390044603339712,-0.10676171882311922,-0.06287492283262047,0.0,0.0,0.0,1
0.30794975973499095,0.34966027599625155,0.22659358539872174,-0.21071588773781263,-0.08332747205281908,0.1139918641164847,-0.08616684804929836,-0.07462854267637979,0.0,0.0,0.0,1
0.31638263141245376,0.3308635452310942,0.225502884770433,-0.2094539917764067,-0.08354984361874139,0.12693667991736077,-0.11549968386693608,-0.05265684889053206,0.0,0.0,0.0,1
0.3168937353681835,0.3386231034672081,0.22013493650543495,-0.19698001552267802,-0.0982764659261687,0.10992677713749288,-0.09352204797908119,-0.05777129800891151,0.0,0.0,0.0,1
0.3288615416842591,0.33508854536241794,0.2057222032525192,-0.18265913972384756,-0.09464282110342422,0.07583054950943095,-0.06089922830931847,-0.04518358363644659,0.0,0.0,0.0,1
0.34261915198055837,0.338390423454048,0.20760356922265716,-0.19260403455665104,-0.0774785636578723,0.08995290922340467,-0.06789981865287373,-0.05900119070545051,0.0,0.0,0.0,1
0.32301198151940785,0.34253056667205345,0.21338948895485724,-0.20055262011978256,-0.07289527117382391,0.09734879869919894,-0.07814963389427049,-0.058046734019827906,0.0,0.0,0.0,1
0.3085167917907293,0.3297451946849821,0.20127589389720835,-0.18154829611988724,-0.08690340407651477,0.07845065518700832,-0.04345481131751386,-0.06531603687173729,0.0,0.0,0.0,1
0.3052569514979899,0.31514279826034236,0.17540452379748409,-0.1624290459396797,-0.06620839828713258,0.08394345852157227,-0.061129946964990904,-0.05752941693273384,0.0,0.0,0.0,1
0.31669129223613673,0.32210557693150155,0.1713934377240232,-0.15322847649755084,-0.07679026295760515,0.07406445562934157,-0.021646076718020154,-0.07083072038591937,0.0,0.0,0.0,1
0.31883891761491273,0.3194850254252682,0.20160432407054824,-0.18065444411638,-0.08948896750406933,0.05288347425908921,-0.022204831284197896,-0.04799590938144685,0.0,0.0,0.0,1
0.3069271494729632,0.30139771208614957,0.1918284767371412,-0.17431845088580117,-0.08007023272144552,0.06647107610257308,-0.04341076130809706,-0.050337955469858774,0.0,0.0,0.0,1
0.3333252829484504,0.3381989991376075,0.19467602735237857,-0.1766078901361784,-0.08190487633438928,0.06633029096403971,-0.029005014687637977,-0.05965246535009323,0.0,0.0,0.0,1
0.27264389937660644,0.30796399536849894,0.11086472129308762,0.10931862308392763,-0.018450611762978488,0.18412019099434723,0.1833996600505558,-0.01627296608290809,0.0,0.0,0.0,1
0.27467938135068637,0.2980790145978483,0.19845119940200673,-0.16957598787876152,-0.10308667653502644,0.08092480465080977,-0.030513751259837324,-0.0749515509634357,0.0,0.0,0.0,1
0.3117517093461419,0.325067465170533,0.24083646702508785,-0.21691194558040472,-0.10464899289362403,0.09878796857532392,-0.07277006073641087,-0.06681003663865374,0.0,0.0,0.0,1
0.3043374949709782,0.3234145951998371,0.25498233463991554,-0.2334701227976623,-0.10250703751092585,0.09611516791235232,-0.0717645352140283,-0.06393728949786791,0.0,0.0,0.0,1
0.22593500361262864,0.2551424801939906,0.20603546827076208,-0.18534294075038368,-0.08999226910991832,0.06558435766113502,-0.00517612760100376,-0.06537978030616046,0.0,0.0,0.0,1
0.25211797204665337,0.2514129249601381,0.08895864069289953,0.0786646517191004,-0.041539286510977005,0.21743761816333254,0.20423757805838047,-0.07460649771561555,0.0,0.0,0.0,1
0.255211646807923,0.27564257296784994,0.07816184139960519,0.07292846947344861,-0.02811959799209992,0.22581477312268058,0.2180758729564752,-0.05861079588880347,0.0,0.0,0.0,1
0.268834052893404,0.25662888322843963,0.058669985899249405,-0.015924581944277472,-0.05646746793790311,0.14492902854180764,0.13110473717655916,-0.06177354776874523,0.0,0.0,0.0,1
0.3223810676555791,0.31012195946833415,0.2424699211756226,-0.21832311352632675,-0.1054830828857561,0.11399772501586518,-0.09531587512804642,-0.06253291339260852,0.0,0.0,0.0,1
0.3289131339934487,0.34047350913111923,0.23818584002671983,-0.21432565535022663,-0.10390865145852891,0.08895267084203104,-0.06327103406092804,-0.0625248262595875,0.0,0.0,0.0,1
0.3006073548650654,0.29379519724425507,0.0600749187696837,0.05420343899820159,-0.02590334082608523,0.18467243277760328,0.18155437544849123,-0.033792250346887,0.0,0.0,0.0,1
0.2590513878471445,0.2645626732476071,0.14807300292007078,0.1465569231132913,-0.02113486411908331,0.2881434627491891,0.283774485816278,-0.0499869615479911,0.0,0.0,0.0,1
0.27137272555635555,0.2861232704875255,0.13919669343548557,0.13827162270566168,-0.016021167801246534,0.26689330579430803,0.2628451688074206,-0.04630824885927564,0.0,0.0,0.0,1
0.7784992187786224,0.34235874200074023,0.3983490077525532,-0.3975221829869502,0.025652407503651723,0.5023770347015583,-0.49483343153176507,-0.08673269299421457,0.0,0.0,0.0,0
0.7463618358538453,0.33484824719212275,0.6190839004047339,-0.6162340686754995,-0.05933336619456506,0.6394565991059459,-0.6384165852529782,0.03645553200913855,0.0,0.0,0.0,0
0.7235904740136054,0.33440324804472815,0.5235628212095229,-0.5180531743208014,-0.0757557676287175,0.5157719064889145,-0.5157596296217721,-0.0035586480047928833,0.0,0.0,0.0,0
0.7370744579188924,0.3307693882853759,0.5371362389367692,-0.5367806345050863,-0.01954199578996275,0.42636995825824314,-0.4263398325414613,-0.005068381758979282,0.0,0.0,0.0,0
0.5644220750939072,0.2956626656801733,0.41122456476294006,-0.41056692394296057,-0.023247443482772752,0.286455720897481,-0.28645524588626037,-0.0005216695675079615,0.0,0.0,0.0,0
0.662976136010255,0.31741132781957376,0.541133182829802,-0.5406537672758512,-0.022773350432942877,0.3548406633982917,-0.3531295686956277,-0.03480523112665191,0.0,0.0,0.0,0
0.6837694373806038,0.33344721140262595,0.5942108046028628,-0.5912356704745882,-0.05938739146692517,0.3369910380790582,-0.33612353083728946,-0.02416468007392184,0.0,0.0,0.0,0
0.6070094852064666,0.31750374704520673,0.4252857803314291,-0.4136331665174438,-0.09887162640952767,0.24980818872171545,-0.2443264172985612,-0.052045489357614313,0.0,0.0,0.0,0
0.18730862050865932,0.16765647337644424,0.6866597290460974,-0.6851230459981625,0.04591291033968054,0.3574197374458439,0.3535290663325346,-0.052593421393767104,0.0,0.0,0.0,0
0.30090280324995916,0.3071160707642193,0.28666847732423223,0.2860488842906268,-0.018837507464668116,0.7493908801295217,0.5830855132007827,0.4707419415313226,0.0,0.0,0.0,0
0.36367078659326846,1.2629646545302822,0.14495416864143834,-0.1255143463247281,-0.07251110172385158,0.3796854285152825,0.05537258018831732,0.37562601346302155,0.0,0.0,0.0,0
0.383226396866786,0.8264003071029277,0.09143247365048927,0.03460168338771528,-0.0846322677504492,0.4021109397068212,0.37158636660576627,-0.15367751945105027,0.0,0.0,0.0,0
0.38427220819786584,1.2504012493073755,0.07540139707928879,0.07124261919148017,-0.024695341509003717,1.3146679597861697,0.689342536741382,-1.1194457162039106,0.0,0.0,0.0,0
0.37860129394691305,1.799434083498682,0.10078290056172311,0.0988092967897187,0.019847315021318434,0.924800330476758,0.5103538780553516,-0.7712292593021769,0.0,0.0,0.0,0
0.2371181561222503,1.0464897174561418,0.5757043977098822,-0.5522270685520015,-0.16272927917544908,0.7647941726700005,0.6790166189322914,-0.35191839645541373,0.0,0.0,0.0,0
0.6936724249683096,0.381578271014356,0.4196963965834206,-0.41863024628316614,-0.029896190426266494,0.2663481129612146,-0.2613998668023468,-0.051102122399322,0.0,0.0,0.0,0
0.7375119526804252,0.3510215087618959,0.42219622037450183,-0.4188192666954773,-0.053292310356913335,0.20194493570720323,-0.1957248858896621,-0.0497345564096554,0.0,0.0,0.0,0
0.332779431089324,0.2495703871749378,0.07750767508236654,-0.047955070107345295,-0.06089130436830287,0.03750444083723453,0.017921529002534332,-0.032945437934939426,0.0,0.0,0.0,0
