left_ear,right_ear,l_pupil_dist,l_pupil_dx,l_pupil_dy,r_pupil_dist,r_pupil_dx,r_pupil_dy,pitch,yaw,roll,label
0.077079,0.43375,0.348395,-0.346328,-0.037888,0.784935,0.544043,-0.565809,-162.943034,-65.94855,159.098888,1
0.272263,0.263837,0.180317,-0.172838,-0.051395,0.279072,0.270094,-0.070217,-173.537468,-0.204669,-4.675828,1
0.307148,0.298782,0.260364,-0.257032,-0.041524,0.214192,0.199463,-0.078055,-171.343373,0.967542,-6.276448,1
0.301694,0.274554,0.243291,-0.238768,-0.04669,0.221294,0.199516,-0.095732,-172.021258,2.381317,-6.823003,1
0.232794,0.206044,0.134246,-0.085699,-0.103332,0.146462,-0.136851,-0.052183,-172.093536,0.614107,-5.930863,1
0.267184,0.28675,0.259457,-0.258158,-0.025923,0.225648,0.192141,-0.118317,-171.42636,0.076699,-6.542128,1
0.248635,0.26695,0.240528,-0.239252,-0.024735,0.227474,0.208765,-0.090341,-171.910512,-1.530393,-6.571609,1
0.254661,0.26442,0.355097,-0.354717,-0.016435,0.14434,0.120566,-0.079359,-171.694215,-1.487471,-6.944138,1
0.238383,0.257667,0.1829,-0.180296,-0.030751,0.255568,0.246441,-0.06769,-173.479067,-3.763032,-2.578977,0
0.184738,0.304761,0.506117,-0.506109,0.002854,0.507243,0.438323,-0.255281,-179.251321,-33.341741,-2.855968,0
0.190573,0.34257,0.482777,-0.482683,0.009549,0.510719,0.476796,-0.183028,-178.430071,-33.708565,-2.722149,0
0.165647,0.30407,0.4728,-0.472648,0.011991,0.269827,0.252517,-0.09509,-178.500191,-32.311876,-2.247581,0
0.233507,0.350882,0.513479,-0.513473,0.002417,0.300628,0.295623,-0.054628,-177.379652,-34.285144,-2.602716,0
0.207566,0.361863,0.49808,-0.497797,-0.016782,0.555248,0.553571,-0.043124,-178.714776,-33.195863,-2.285438,0
0.204776,0.363365,0.544614,-0.544352,-0.016901,0.513549,0.506693,-0.083639,-149.219238,-40.915414,158.947342,0
0.284194,0.290178,0.289865,-0.284363,-0.056209,0.218117,0.198904,-0.089511,-169.174004,-5.803876,-3.04395,1
0.268869,0.282606,0.27517,-0.271542,-0.044534,0.181206,0.157343,-0.089882,-172.037358,-0.658505,-0.100902,1
0.267129,0.277971,0.306442,-0.298058,-0.071192,0.187361,0.173105,-0.071687,-171.450116,-1.619238,-0.800904,1
0.267004,0.279658,0.172476,-0.172367,-0.006126,0.159443,0.157508,-0.024769,179.068037,15.995965,-2.893075,1
0.262412,0.246863,0.239636,-0.234481,-0.049441,0.121816,0.104228,-0.063053,179.555814,9.725736,-1.801532,1
0.263546,0.274951,0.245588,-0.236938,-0.064607,0.279673,0.247399,-0.130424,178.71737,11.037117,-2.184163,1
0.264135,0.241267,0.277567,-0.270498,-0.062247,0.337644,0.312846,-0.127008,177.088185,7.690658,-2.179147,1
0.273318,0.234409,0.260973,-0.256688,-0.047097,0.334513,0.283122,-0.178159,-179.786657,7.569079,-1.36267,1
0.270373,0.257776,0.301665,-0.299717,-0.034224,0.33933,0.289509,-0.177001,179.246138,6.962291,-1.818559,1
0.280757,0.255131,0.299942,-0.298532,-0.029045,0.412237,0.33866,-0.23505,178.772586,8.832733,-1.990091,1
0.269303,0.256139,0.29099,-0.288303,-0.039456,0.37058,0.284384,-0.237602,177.859013,6.337611,-1.966341,1
0.267972,0.260392,0.325876,-0.321516,-0.05313,0.380686,0.294263,-0.241519,179.51816,4.461747,-1.290787,1
0.267074,0.261966,0.295241,-0.290971,-0.050034,0.304096,0.260159,-0.157455,178.183056,5.068746,-1.451698,1
0.12019,0.231823,0.487398,-0.417193,-0.252005,0.169747,-0.001968,-0.169736,176.66446,-23.0651,27.851307,0
0.190304,0.251937,0.193885,-0.130932,-0.142997,0.151697,0.151297,-0.010996,178.510872,-23.692926,28.095862,0
0.206447,0.186852,0.208437,-0.182526,-0.100649,1.475412,1.0086,-1.076832,-175.078582,-39.119406,-153.228296,0
0.148411,0.283157,0.690458,-0.642063,-0.253943,0.294027,0.281542,0.084772,-173.893382,-10.786223,26.226088,0
0.226504,0.299594,0.253599,-0.245789,-0.06245,0.243633,0.125881,0.208592,135.408262,72.466307,0.80228,0
0.210056,0.247324,0.196245,-0.149973,0.126572,0.201644,0.06466,-0.190996,-176.552934,6.024288,-50.856767,0
0.090945,0.236279,0.2356,-0.137217,-0.191517,0.28719,0.224353,0.179287,172.234085,-9.20381,44.007625,0
0.138722,0.248679,0.302581,-0.202742,-0.224612,0.335839,0.303627,0.14352,171.113266,-10.967752,41.469891,0
0.184735,0.229862,0.284186,-0.159925,-0.234917,0.5099,0.3111,0.403998,173.939018,-10.474042,41.472449,0
0.121321,0.181654,0.303979,-0.202802,-0.226439,0.226826,0.154437,0.166131,173.299159,-10.033012,40.883522,0
0.154889,0.140755,0.246022,-0.206488,-0.133751,0.194473,0.180142,-0.07327,171.451424,3.495606,20.490867,0
0.314269,0.299205,0.33022,-0.32679,-0.047471,0.207401,0.176673,-0.108636,-165.781456,14.884325,-4.846657,1
0.270099,0.298466,0.171319,-0.164372,-0.048293,0.329879,0.320074,-0.079831,-169.787512,-10.323916,2.580652,1
0.282393,0.217344,0.316373,-0.313513,-0.042445,0.152128,0.107041,-0.108098,-172.268765,12.228816,-4.100455,1
0.332766,0.239162,0.384423,-0.379025,-0.064191,0.149487,0.097449,-0.113357,-171.113015,8.668441,-4.808042,1
0.185442,0.170438,0.182635,-0.181142,-0.023306,0.146882,0.12687,-0.074014,-173.940744,8.768573,-6.922615,1
0.226012,0.24086,0.258316,-0.254055,-0.046722,0.21351,0.192553,-0.09225,-174.633669,7.121325,-3.122969,1
0.124498,0.155611,0.140458,-0.137686,-0.027767,0.30094,0.298817,-0.035685,-169.872832,2.159354,-1.407113,1
0.23922,0.220504,0.231522,-0.229059,-0.033679,0.143746,0.138628,-0.038016,-177.263309,4.828717,-7.249342,1
0.273914,0.246343,0.235871,-0.235115,-0.018867,0.127182,0.103304,-0.074185,-176.005647,12.83558,-7.351732,1
0.262837,0.224139,0.159075,-0.159057,0.002425,0.191804,0.171904,-0.085076,-174.946498,11.426304,-7.199859,1
0.270548,0.262986,0.264755,-0.26475,-0.00171,0.107716,0.059837,-0.089567,-173.84811,11.349694,-6.846009,1
0.240123,0.278724,0.322354,-0.321947,-0.01619,0.117168,0.056328,-0.10274,-172.828487,0.592968,-5.408694,1
0.277081,0.266974,0.333717,-0.331511,-0.038305,0.126866,0.105392,-0.070623,-176.76971,13.01898,-2.12336,1
0.22746,0.254835,0.24098,-0.2342,-0.056761,0.179007,0.178963,-0.003997,-172.651692,-1.832943,-0.878293,1
0.240068,0.289745,0.274581,-0.263921,-0.075768,0.161343,0.159173,-0.026375,-173.712842,-7.764965,-0.43293,1
0.249109,0.288017,0.263925,-0.252173,-0.077877,0.162237,0.154122,-0.05067,-172.607403,-6.649818,-0.853704,1
0.264118,0.232799,0.181322,-0.179564,-0.025192,0.161314,0.093307,-0.13159,-173.238099,16.291614,-5.99365,1
0.248295,0.276946,0.219188,-0.217719,-0.025336,0.238418,0.219666,-0.092681,-172.831474,10.468783,-5.897137,1
0.257118,0.263446,0.316413,-0.31631,-0.008072,0.179053,0.149772,-0.098123,-171.784175,7.703669,-6.449199,1
0.235886,0.277755,0.190409,-0.189785,-0.015397,0.276181,0.262784,-0.084971,-171.923092,3.699679,-6.360632,1
0.238034,0.283546,0.121366,-0.117233,-0.031403,0.289096,0.28626,-0.04039,-169.697156,-10.603871,-5.493019,1
0.262214,0.312296,0.239656,-0.231735,-0.061108,0.241297,0.234877,-0.055287,-169.229951,-19.881451,-4.549978,1
0.226986,0.289484,0.157229,-0.15177,-0.041073,0.298757,0.290512,-0.069705,-170.341098,-18.680701,-5.104252,1
0.251634,0.272793,0.155874,-0.149846,-0.042931,0.281285,0.27815,-0.041878,-166.368984,-15.982314,-5.153458,1
0.24072,0.296007,0.204748,-0.204443,-0.01117,0.279398,0.273894,-0.055185,-164.489537,-11.409638,-4.583404,0
0.138937,0.21618,0.349196,-0.326731,-0.123227,0.162508,-0.012755,-0.162006,-177.318911,-19.831401,17.837525,0
0.159103,0.229689,0.232749,-0.21122,-0.097767,0.383071,0.338739,-0.178883,-166.389301,-15.003506,23.722405,0
0.118638,0.261935,0.430764,-0.384528,-0.194154,0.131374,0.131352,-0.002446,-169.972184,-10.875631,16.017171,0
0.180124,0.257323,0.197203,-0.092838,-0.173984,0.512035,0.511722,0.017904,-167.783652,-12.733941,15.512773,0
0.147286,0.248516,0.322275,-0.277163,-0.164445,0.259851,0.242715,-0.092801,-169.530697,-11.280329,19.446477,0
0.148296,0.208532,0.232204,-0.230369,-0.029134,0.043099,-0.000059,-0.043099,-169.573571,-0.70632,-3.12907,1
0.271717,0.308201,0.193982,-0.16973,-0.09392,0.095591,0.059977,-0.074434,-174.335248,0.042211,-2.520208,1
0.273313,0.301579,0.192314,-0.165597,-0.097787,0.088369,0.052803,-0.070859,-173.279192,-0.420351,-2.657246,1
0.264894,0.29349,0.205507,-0.187923,-0.083176,0.093518,0.068152,-0.064038,-173.030565,-1.457385,-2.092977,1
0.247317,0.243335,0.286446,-0.260347,-0.11946,0.128565,0.062499,-0.112351,-172.88879,-0.138171,-179.237805,1
0.253543,0.251267,0.263491,-0.240284,-0.108126,0.136907,0.093609,-0.099904,-161.722943,-5.59944,179.605344,1
0.225525,0.224917,0.113081,-0.077178,-0.082649,0.278948,0.257337,-0.107655,-162.538496,-0.324523,-179.595939,1
0.237534,0.251153,0.257665,-0.230191,-0.115774,0.136475,0.092303,-0.100526,-161.586486,-0.976366,-179.18354,1
0.24505,0.26567,0.237632,-0.208353,-0.114272,0.154927,0.119775,-0.098268,-161.464958,-1.299047,-178.566782,1
0.331903,0.30275,0.394076,-0.386534,-0.076728,0.189687,-0.115707,-0.150309,-176.972437,-11.127595,0.132658,1
0.219798,0.240641,0.120793,-0.113983,-0.039986,0.144625,0.126914,-0.069347,-175.216391,-5.571057,-1.208206,1
0.22945,0.243084,0.216685,-0.20386,-0.073441,0.145419,0.100081,-0.105501,-176.910611,0.825369,-3.381766,1
0.226127,0.259307,0.236013,-0.221568,-0.081299,0.124445,0.077492,-0.097372,-174.913333,0.004371,-2.273569,1
0.240145,0.266037,0.233172,-0.218132,-0.082387,0.125866,0.05912,-0.111118,-175.613818,-0.372454,-2.515485,1
0.203924,0.259249,0.219784,-0.201208,-0.088433,0.129868,0.065971,-0.111864,-175.952717,-5.324236,-1.824471,1
0.257467,0.261326,0.12764,-0.096768,-0.083235,0.25829,0.251127,-0.060407,179.356627,-11.661541,12.372573,1
0.154337,0.201921,0.106692,-0.078777,-0.071955,0.193494,0.18317,-0.06236,-176.920355,-4.987513,10.950052,1
0.244949,0.251878,0.163912,-0.118039,-0.113727,0.204866,0.191809,-0.071967,-176.373645,-5.14159,11.231463,1
0.246399,0.251833,0.155157,-0.111864,-0.107518,0.208893,0.197774,-0.067245,-175.730174,-4.809188,10.636429,1
0.235136,0.271523,0.14503,-0.105916,-0.099074,0.235629,0.227902,-0.059848,-175.486415,-6.716178,10.888739,1
0.231546,0.279743,0.158512,-0.111043,-0.113117,0.209501,0.195849,-0.074389,-175.534646,-7.087064,10.912527,1
0.063274,0.191315,0.066448,-0.045295,-0.048618,0.239197,-0.148322,-0.187659,171.344272,-24.345956,27.510102,0
0.083102,0.253962,0.020956,0.019382,-0.007966,0.332267,0.330091,-0.037962,-174.671398,-32.886332,17.814221,0
0.163935,0.1435,0.260901,-0.238862,-0.104949,0.314512,0.292021,-0.116796,-164.842843,10.493999,16.683333,0
0.220604,0.271173,0.295531,-0.293322,-0.036069,0.208691,0.170171,-0.120805,-172.486008,-6.241493,-6.588245,0
0.322165,0.224877,0.223332,-0.22065,-0.034506,0.301135,0.261108,-0.150016,-167.778812,6.012274,-11.582061,0
0.308987,0.246855,0.301922,-0.301914,-0.002277,0.188169,0.168393,-0.083973,-167.245557,3.462759,-12.116597,0
0.303286,0.234288,0.290906,-0.289637,-0.027146,0.18864,0.1721,-0.077244,-169.518585,2.673198,-12.919716,0
0.303547,0.233538,0.280573,-0.279858,-0.020017,0.254052,0.244922,-0.067494,-168.924792,4.455012,-14.399803,0
0.291646,0.180953,0.301052,-0.298942,0.035584,0.196402,0.192868,-0.037089,-167.368049,4.719952,-12.779705,0
0.227657,0.192534,0.388697,-0.387845,0.025724,0.129944,0.12919,-0.013978,-165.388682,1.103625,-11.637576,0
0.229557,0.206161,0.247678,-0.246206,0.026964,0.395959,0.378988,-0.114681,-169.176222,-4.038021,-14.099204,0
0.125882,0.132562,0.232605,0.188231,-0.136654,0.409674,0.402461,0.076533,-178.751232,0.742128,-16.243102,0
0.189815,0.197155,0.123462,-0.122351,0.016528,0.150902,0.132797,-0.07167,175.664248,0.972201,-7.848979,0
0.203276,0.276664,0.172274,-0.168973,-0.033561,0.276945,0.270851,-0.05778,-170.288353,-21.487304,1.901919,0
0.161654,0.281824,0.192133,-0.186971,-0.044233,0.181058,0.148486,-0.103604,-165.871128,-12.924871,1.318121,0
0.151734,0.278744,0.338882,-0.33618,-0.04271,0.478003,0.384996,-0.283311,-159.170963,-9.025409,-2.803241,0
0.226842,0.168122,0.229085,-0.214318,-0.080917,0.188848,0.078639,-0.171696,-166.427307,-6.817448,-3.658644,0
0.262792,0.318491,0.314735,-0.314067,-0.020484,0.340517,0.268492,-0.209437,-167.487642,-16.814421,-5.238117,0
0.314466,0.260895,0.298465,-0.289494,-0.072629,0.139876,0.11072,-0.085477,-175.000211,4.891717,-1.009929,0
0.145839,0.206315,0.252628,-0.247138,-0.052381,0.275845,0.269342,-0.059542,-174.787866,1.584253,-0.500467,0
0.290236,0.2309,0.221589,-0.217495,-0.042401,0.213791,0.172124,-0.126807,-175.170918,4.714001,-2.026676,0
0.227301,0.266629,0.27684,-0.272868,-0.04673,0.222332,0.20645,-0.082522,-172.090795,-10.69415,-1.57093,0
0.108653,0.174589,0.125011,-0.059612,-0.109883,0.2249,0.034087,0.222302,-161.406244,-9.061569,7.754061,0
0.280816,0.313221,0.367661,-0.34615,-0.123915,0.452108,0.445512,-0.076943,-168.363425,-9.743487,13.188039,0
0.200494,0.253381,0.157287,0.155022,-0.026596,0.325909,0.265957,-0.188371,163.320688,0.237254,10.895185,0
0.167398,0.114383,0.408339,-0.402376,-0.069533,0.375129,0.304275,-0.219406,163.29578,0.244625,10.024917,0
0.26946,0.287152,0.310278,-0.30902,-0.027919,0.053803,0.029699,-0.044864,175.567077,12.271334,0.434685,0
0.169152,0.179551,0.300667,0.29998,-0.020304,0.307698,0.276572,-0.134855,-162.84136,-17.300645,3.523498,0
0.176672,0.190325,0.389305,-0.321177,-0.220009,0.117343,-0.066411,-0.096741,-166.010326,-20.713788,9.091244,0
0.130613,0.141296,0.326369,-0.326221,-0.009829,0.264604,0.22672,-0.136431,163.442578,0.328936,13.113945,0
0.151506,0.182793,0.422572,-0.404385,-0.122638,0.526787,0.043052,-0.525025,-169.745243,-17.356193,5.427751,0
0.204177,0.393095,0.358953,-0.358629,-0.015237,0.302311,0.245084,-0.176991,139.987506,69.561154,-49.068319,0
0.286084,0.279445,0.262778,-0.244895,-0.095281,0.673422,0.648448,-0.181691,-173.847743,-20.081546,9.476808,0
0.254365,0.266815,0.262752,-0.253555,-0.068909,0.371456,0.363083,-0.07842,-171.959387,-13.751722,8.751104,0
0.166408,0.196588,0.092925,-0.053126,-0.076241,0.180875,0.174515,-0.047542,97.490074,0.661024,10.398563,0
0.25298,0.327677,0.117529,-0.114335,-0.027213,0.144914,0.143258,-0.021844,-178.64245,-24.835129,5.194914,0
0.337441,0.252431,0.322017,-0.304179,-0.105689,0.207216,0.19386,-0.073192,-170.476503,10.589522,1.039672,1
0.214849,0.11766,0.164126,-0.151518,-0.063084,0.427605,0.423122,-0.061759,-165.87552,7.005147,-0.574426,1
0.237119,0.199341,0.141344,-0.139041,-0.025408,0.148939,0.137821,-0.056466,-166.326072,3.811484,-4.747405,1
0.186599,0.237449,0.179102,-0.177202,-0.026022,0.275138,0.270836,-0.048467,-165.977305,-8.00508,1.037984,1
0.316483,0.251525,0.271174,-0.269038,-0.033967,0.17547,0.158257,-0.075792,-170.996069,10.926378,-6.809525,1
0.315184,0.254951,0.221654,-0.211003,-0.067881,0.23318,0.212843,-0.09524,-171.778212,8.841525,-6.624432,1
0.283465,0.215891,0.173822,-0.16896,-0.040824,0.247337,0.236568,-0.072187,-174.917005,6.953107,-6.774668,1
0.2623,0.263548,0.253207,-0.251063,-0.032879,0.199003,0.173458,-0.097541,-171.096716,3.726623,-5.519394,1
0.331774,0.317448,0.277849,-0.277698,0.009147,0.087417,0.07372,-0.046979,-171.732135,3.425416,-4.545617,1
0.263867,0.193462,0.070768,-0.028216,-0.0649,0.139988,0.033554,-0.135907,-169.703799,6.148141,-3.421378,1
0.282646,0.27359,0.200495,-0.199691,-0.017937,0.213048,0.203235,-0.063913,-170.968724,3.173887,-3.620694,1
0.252335,0.227055,0.154375,-0.154287,0.005212,0.193526,0.192495,-0.019951,-170.840299,3.480789,-3.961621,1
0.303037,0.275252,0.26053,-0.259832,-0.019065,0.222122,0.208392,-0.076884,-170.233096,2.552415,-4.380722,1
0.339725,0.320938,0.293136,-0.291901,-0.026879,0.259435,0.255312,-0.046073,-169.740588,3.942843,-4.195426,1
0.363905,0.296641,0.335986,-0.334569,-0.030824,0.200892,0.196827,-0.040211,-171.160454,3.52593,-5.218326,1
0.260985,0.240888,0.431199,-0.426339,-0.064554,0.385613,0.370127,-0.108183,-165.838879,4.652315,-1.681771,0
0.306206,0.255605,0.380888,-0.343958,-0.163611,0.244223,0.231102,-0.078976,-133.043282,6.604651,-169.534577,0
0.289247,0.288452,0.183032,-0.176264,-0.049314,0.387954,0.351477,-0.164233,-166.540532,-11.495329,4.996405,0
0.288997,0.33917,0.352869,-0.34946,-0.04893,0.186119,0.162452,-0.090829,-170.143933,-9.497882,-2.281018,0
0.280444,0.250673,0.234584,-0.215334,-0.093064,0.111942,0.109931,0.021124,-178.247699,-16.514365,22.807073,0
0.325515,0.292252,0.098058,-0.059028,-0.078301,0.336299,0.336163,0.009574,-175.874431,-18.678222,23.859594,0
0.313918,0.343422,0.141038,-0.085174,-0.112415,0.313614,0.30706,-0.063777,-174.414547,-17.979157,24.214697,0
0.295718,0.304171,0.157083,-0.093385,-0.126311,0.601865,0.601658,0.015764,-173.03488,-17.193739,23.228172,0
0.257218,0.318122,0.342195,-0.322251,-0.115114,0.057689,0.046144,-0.034623,-177.429375,-14.87423,22.361917,0
0.274637,0.32534,0.157798,-0.10845,-0.114624,0.6308,0.630199,0.027525,-173.338782,-16.471049,22.979038,0
0.315681,0.317448,0.150332,-0.108292,-0.104273,0.252361,0.246588,-0.05367,-176.290086,-19.543276,19.409513,0
0.290256,0.335524,0.201519,-0.169573,-0.10888,0.432689,0.432657,0.005215,-173.87231,-19.429901,19.869636,0
0.307853,0.301883,0.173201,-0.164287,-0.05485,0.291818,0.276578,-0.093073,-172.836776,-20.014086,15.987438,0
0.331192,0.250309,0.218206,-0.210058,0.059071,0.099493,0.024897,-0.096328,-176.646808,8.138812,-19.499646,0
0.123601,0.174006,0.065955,-0.041221,-0.051486,0.18771,0.171845,-0.075528,176.496567,3.985751,-18.260542,0
0.249156,0.236215,0.110589,-0.110579,-0.001442,0.239769,0.215785,-0.104527,-177.78954,-8.491049,-17.949493,0
0.271893,0.287512,0.224664,-0.204039,0.094033,0.159403,0.113185,-0.112243,-174.352264,12.893468,-18.185591,0
0.310372,0.275739,0.233426,-0.201607,0.117653,0.119054,0.10153,-0.062174,-175.221725,12.25177,-17.465482,0
0.31087,0.254383,0.179357,-0.156928,0.086848,0.110289,0.065806,-0.088505,-174.062121,11.028248,-17.657145,0
0.292511,0.237486,0.261334,-0.240251,0.102835,0.122677,0.106262,-0.061302,-176.146041,12.581874,-18.286455,0
0.309871,0.272785,0.272849,-0.251077,0.106803,0.126851,0.069466,-0.10614,-173.858191,11.978858,-17.715499,0
0.319727,0.274265,0.282948,-0.26863,0.08887,0.099803,0.037985,-0.092292,-173.67286,10.579482,-17.386794,0
0.253193,0.236861,0.262342,-0.25861,-0.044098,0.114711,0.108668,-0.036743,-162.973562,-5.20671,-1.957357,0
0.163956,0.256049,0.285934,-0.280596,-0.054989,0.487184,0.464866,-0.145765,-155.322797,5.337628,6.590574,0
0.090644,0.139769,0.163018,-0.159609,-0.033166,0.160892,0.152562,-0.0511,177.185777,1.270698,-0.990878,0
0.205876,0.249379,0.174891,-0.166962,-0.052065,0.22236,0.215951,-0.053003,-178.296405,2.852146,-0.258021,0
0.192225,0.198709,0.252467,-0.248731,-0.043276,0.168181,0.167836,-0.010778,176.356537,5.808113,-2.359409,0
0.306426,0.401778,0.126827,-0.091973,-0.087327,0.904454,0.562726,-0.708079,174.005449,-39.987309,2.777135,0
0.289402,0.30177,0.077209,-0.07495,-0.01854,0.278341,0.255997,-0.109268,175.214029,-29.100267,1.173004,0
0.239245,0.276753,0.185037,-0.184741,-0.01045,0.207215,0.192976,-0.075485,175.719559,-29.958189,1.694358,0
0.258373,0.303186,0.081615,-0.075921,-0.029948,0.203733,0.194496,-0.060649,178.951088,-30.205272,1.026427,0
0.216087,0.304617,0.044477,-0.039757,-0.019939,0.1753,0.173986,-0.021424,179.355829,-29.606008,0.656865,0
0.157226,0.270995,0.20114,-0.200318,-0.018166,0.344747,0.333653,-0.086753,179.853214,-28.523007,0.076392,0
0.141264,0.281315,0.161538,-0.15394,-0.048962,0.521459,0.507542,-0.11967,-179.560708,-27.10879,0.563584,0
0.183591,0.25346,0.116189,-0.116058,-0.005532,0.272647,0.212932,-0.170284,176.98913,-29.65212,2.507021,0
0.254912,0.305805,0.043763,-0.036103,-0.024735,0.241688,0.223877,-0.09106,178.540445,-28.381815,1.657094,0
0.259133,0.337619,0.089344,-0.089099,-0.006613,0.275376,0.230542,-0.150606,178.545671,-30.511184,1.538554,0
0.151178,0.287932,0.115419,-0.103832,-0.050402,0.264845,0.262277,-0.036796,-179.116099,-28.157155,0.119563,0
0.223184,0.306031,0.075694,-0.056831,-0.049998,0.204805,0.186216,-0.085257,-179.044884,-29.369361,0.319086,0
0.24418,0.307993,0.206689,-0.204376,-0.030837,0.160169,0.152726,-0.048258,-177.804356,-29.519623,1.272257,0
0.248462,0.328287,0.04292,0.004905,-0.042639,0.219951,0.203555,-0.083329,179.760648,-28.092994,0.541292,0
0.240561,0.306431,0.026583,0.00398,-0.026284,0.253834,0.227466,-0.112653,179.250477,-26.700083,0.190786,0
0.212258,0.278956,0.456487,-0.456324,-0.012196,0.149296,0.137302,-0.058629,177.726282,-25.916579,1.480322,0
0.279913,0.270573,0.246345,-0.245731,-0.01738,0.148513,0.051101,-0.139444,-175.896965,20.267286,-4.790071,1
0.18768,0.197694,0.172378,-0.171835,-0.013674,0.097905,-0.019,-0.096044,-178.317637,19.277787,-6.271076,1
0.292122,0.254264,0.174174,-0.170727,-0.034484,0.131686,0.097796,-0.088189,-177.912851,19.562992,-5.88815,1
0.303936,0.264558,0.192764,-0.182359,-0.062473,0.179638,0.135138,-0.118354,-177.111971,21.011996,-4.974183,1
0.296274,0.260905,0.195366,-0.183122,-0.068075,0.185469,0.139385,-0.122353,-176.996177,20.117404,-5.570656,1
0.257618,0.264486,0.226488,-0.21744,-0.063377,0.227009,0.202628,-0.102349,-178.040912,18.376939,-5.854675,1
0.278461,0.289763,0.22868,-0.2212,-0.058011,0.195486,0.165522,-0.104005,-178.384823,16.056985,-5.651142,1
0.275779,0.270443,0.284743,-0.273618,-0.078816,0.258494,0.242155,-0.090446,-177.178935,14.347733,-6.443604,1
0.190524,0.244083,0.180615,-0.165992,-0.071194,0.435297,0.418121,-0.121072,-174.855175,12.743146,-2.04084,0
0.211986,0.267242,0.183432,-0.18342,-0.002114,0.210937,0.173813,-0.119513,-174.653092,-12.078386,-1.24101,0
0.157695,0.264557,0.233506,-0.233431,0.005898,0.271117,0.193905,-0.189487,-176.566405,-4.026985,-4.152355,0
0.24152,0.25552,0.216634,-0.206666,-0.064958,0.326283,0.285352,-0.158223,-175.530646,-6.472237,-2.616454,0
0.158609,0.285719,0.208021,-0.207152,-0.018994,0.297907,0.250713,-0.160909,-177.329772,-10.877405,-3.532676,0
0.366002,0.287519,0.210942,-0.20378,-0.0545,0.202669,0.183699,-0.085611,-173.777908,17.1229,-3.415444,1
0.358692,0.282326,0.185491,-0.177783,-0.052917,0.218605,0.201978,-0.083625,-174.286931,18.055915,-4.495043,1
0.165231,0.139345,0.153925,0.030029,-0.150968,0.225386,0.137721,-0.178415,-173.960437,-10.745003,11.994102,0
0.167149,0.204771,0.291064,-0.169083,-0.236917,0.23782,-0.133406,-0.196879,-179.887641,-11.891857,24.267937,0
0.112267,0.187295,0.265963,-0.231111,-0.13162,0.379906,-0.224862,-0.306212,177.219393,-16.199414,24.694258,0
0.131152,0.216721,0.317781,-0.237675,-0.210939,0.251274,0.157602,-0.195704,-179.478377,-11.949853,23.530106,0
0.13639,0.204427,0.361457,-0.271162,-0.239003,0.316254,-0.10487,-0.29836,179.649164,-14.59276,23.600585,0
0.153641,0.23782,0.285327,-0.20998,-0.193184,0.270545,0.223892,-0.151877,-178.338803,-13.441021,22.325062,0
0.177462,0.22083,0.184531,-0.074203,-0.168955,0.211192,0.085208,-0.19324,-178.092909,-15.863042,22.454025,0
0.142733,0.21564,0.24765,-0.170042,-0.180045,0.19967,0.034559,-0.196656,-177.80852,-12.136486,21.311674,0
0.220365,0.239372,0.166911,-0.127271,-0.107989,0.329882,0.329329,-0.019087,-151.584565,-12.126036,-170.825071,0
0.316197,0.235753,0.125236,0.079713,-0.096592,0.505322,0.398967,-0.310121,-174.588054,17.045409,-22.10518,0
0.246543,0.297584,0.294468,-0.192889,0.222498,0.352862,0.306878,-0.174176,-178.051933,17.953521,-29.979161,0
0.297844,0.290691,0.19172,-0.127343,0.143319,0.433903,0.343002,-0.265746,-178.583864,18.732471,-29.21308,0
0.288086,0.247406,0.294674,-0.231776,0.181969,0.420403,0.327693,-0.263355,-178.105984,18.213824,-29.291491,0
0.27503,0.224406,0.154509,-0.14907,0.040638,0.531278,0.354227,-0.395954,-176.775529,18.317143,-27.915576,0
0.313169,0.174581,0.751766,-0.73969,-0.134202,0.091244,0.004988,-0.091107,-172.842155,14.055482,-26.433973,0
0.297138,0.282078,0.245216,-0.245214,-0.001177,0.381351,0.26689,-0.272394,174.4205,19.536099,-35.615311,0
0.162094,0.250137,0.198005,0.16968,-0.102052,0.593627,0.396309,-0.441963,172.248942,1.235026,-27.934925,0
0.171781,0.204771,0.052989,-0.051352,-0.013069,0.228303,0.227978,-0.012187,167.797946,14.391322,-20.67386,0
0.151134,0.232798,0.048362,-0.030267,-0.03772,0.238621,0.191673,-0.142132,169.27985,14.392621,-20.365677,0
0.268009,0.544123,0.424491,-0.201135,-0.373814,0.30374,0.139367,-0.269879,-169.610402,-56.375152,162.870243,0
0.231078,0.229422,0.307489,-0.3033,-0.050585,0.187795,-0.110889,-0.15156,172.762167,-16.08036,0.981013,0
0.216096,0.606981,0.437238,-0.280829,-0.33513,1.1458,1.097497,-0.329178,-166.166239,-60.448399,163.985811,0
0.270437,0.558714,0.421969,-0.32008,-0.274967,0.64215,-0.069242,-0.638406,139.066363,71.281102,-28.391496,0
0.104908,0.212945,0.231854,-0.230424,-0.025707,0.183024,0.167923,-0.0728,174.539175,-17.64522,-0.483503,0
0.180009,0.185432,0.320208,-0.314528,0.060049,0.132585,0.054801,-0.120729,173.822688,7.959097,-16.410594,0
0.233384,0.19045,0.117788,-0.117505,0.008169,0.334691,0.252023,-0.220233,175.020904,11.082545,-17.59292,0
0.192748,0.185058,0.149366,-0.149359,0.001359,0.303537,0.235706,-0.191253,177.019357,7.275228,-19.841011,0
0.665648,0.284727,0.53528,-0.392537,0.363923,0.42865,0.357209,-0.236944,-159.839743,67.235365,-168.097855,0
0.632713,0.286147,0.053294,0.035605,0.039656,0.449247,0.414363,-0.173569,-164.400507,68.671734,-173.630026,0
0.344911,0.249545,0.572697,-0.486577,-0.302035,0.408335,0.387514,-0.128726,-167.266588,58.458268,-177.295523,0
0.214903,0.188734,0.051662,-0.040462,-0.032122,0.377279,0.265422,-0.268125,175.233613,19.503003,-14.249243,0
0.199955,0.286945,0.708241,-0.681762,-0.191847,0.503525,0.434822,0.253905,-162.202027,-57.966559,158.503588,0
0.228386,0.383901,0.494165,-0.464644,-0.168242,0.486767,0.432745,0.222876,126.687617,31.711142,-21.950395,0
0.220362,0.422384,0.348271,-0.346866,-0.03125,0.466044,0.46602,0.004666,163.595202,0.362151,0.032108,0
0.202885,0.362579,0.566042,-0.519972,-0.22368,0.548022,0.534839,0.119479,163.776902,0.487651,9.809307,0
0.210862,0.363047,0.753417,-0.735684,-0.162497,0.04331,0.042975,0.005376,163.577492,0.412323,9.352067,0
0.335709,0.270579,0.309561,-0.293421,-0.098651,0.251951,0.235533,-0.089461,-178.948732,18.191483,2.003209,1
0.300299,0.289363,0.251595,-0.243885,-0.061808,0.203885,0.181474,-0.092933,-174.269803,14.61969,-1.486518,1
0.338505,0.307405,0.278789,-0.274943,-0.046147,0.205749,0.178597,-0.102155,-172.31224,21.023081,-0.981825,1
0.202724,0.214127,0.122532,-0.041999,-0.11511,0.259874,0.249908,-0.071277,-173.385131,14.431516,-0.306051,1
0.33751,0.235664,0.196287,-0.176251,-0.086395,0.177294,0.165636,-0.06323,-172.434043,14.25667,1.367005,1
0.324184,0.267355,0.328107,-0.321222,-0.066864,0.133614,0.088256,-0.100318,-172.195578,12.496562,0.930077,1
0.315207,0.266998,0.358482,-0.34616,-0.093181,0.196387,0.162089,-0.110883,-174.497702,10.2646,0.782827,1
0.295189,0.219503,0.351801,-0.340655,-0.087852,0.142656,0.117024,-0.081585,-171.761562,12.333944,0.450187,1
0.270718,0.173065,0.304146,-0.296571,-0.067457,0.12726,0.117488,-0.048906,-167.667699,7.784813,0.752449,1
0.168442,0.245103,0.32473,-0.31612,-0.074282,0.199587,0.183491,-0.078523,-177.225958,11.594545,0.349452,1
0.283878,0.285946,0.113586,-0.110425,-0.026608,0.421097,0.402199,-0.124733,-176.744122,8.601047,2.502261,1
0.302633,0.288526,0.255727,-0.240038,-0.088192,0.14065,0.129042,-0.055951,-175.776292,20.724341,4.709524,1
0.343704,0.269358,0.306393,-0.286971,-0.107352,0.146885,0.123471,-0.079562,-172.559092,20.522168,4.280875,1
0.282863,0.296099,0.150736,-0.137644,-0.061445,0.378424,0.364069,-0.103241,-171.563738,0.33255,4.683585,1
0.132335,0.288481,0.143836,-0.105943,-0.097288,0.840433,0.836482,-0.081392,-167.890835,-6.181901,9.828994,1
0.087624,0.131416,0.163138,-0.162901,-0.008782,0.198163,0.185741,-0.069057,169.716407,-7.698714,-4.711996,0
0.056239,0.102427,0.24257,-0.242389,0.009376,0.09332,0.078351,-0.050693,169.726827,-12.754849,-4.743455,1
0.174043,0.161384,0.193928,-0.191925,-0.027807,0.179364,0.16518,-0.069908,170.867087,-12.840502,-3.46325,1
0.104279,0.186656,0.2087,-0.20861,-0.006125,0.136559,0.130277,-0.040942,167.606099,-8.71808,-3.747861,1
0.232513,0.248475,0.375067,-0.279755,-0.249824,0.205281,0.205207,-0.005515,-175.450966,9.682439,32.030153,0
0.295087,0.238828,0.149836,-0.089029,-0.120519,0.122365,0.122331,0.002922,-178.334379,13.146668,31.875438,1
0.241931,0.233543,0.24362,-0.166529,-0.177817,0.154648,0.154016,0.013968,175.169799,14.804138,25.133178,1
0.221649,0.217729,0.245673,-0.190691,-0.154894,0.194187,0.191578,0.031727,177.325,20.265882,24.724961,1
0.277601,0.239809,0.69315,0.690976,-0.054856,0.110168,0.083913,-0.071383,169.827523,27.341718,6.918266,1
0.252263,0.257652,0.211984,-0.197838,-0.07614,0.087258,0.02643,-0.083159,173.551012,18.194055,3.718879,1
0.160666,0.092693,0.17955,-0.175449,-0.038157,0.197323,0.173767,-0.093495,175.622958,14.351595,5.823989,1
0.272996,0.198247,0.144904,-0.128722,-0.066541,0.204388,0.202991,-0.023851,175.61798,11.208685,6.228483,1
0.270013,0.258736,0.265582,-0.244473,-0.103763,0.161981,0.156549,-0.041596,176.239367,9.431899,7.918847,1
0.188482,0.192778,0.236895,-0.236876,-0.003003,0.105911,0.104546,-0.016946,174.6863,-14.231797,1.346639,1
0.242158,0.21349,0.168842,-0.168112,-0.015687,0.192434,0.18481,-0.053629,172.380404,-6.174742,-3.015927,1
0.247016,0.239646,0.174678,-0.170649,-0.037298,0.220345,0.21539,-0.046467,174.350962,-5.076821,-3.423537,1
0.196691,0.231964,0.199315,-0.197875,-0.023918,0.223404,0.216298,-0.055897,173.676767,-4.251564,-3.856522,1
0.231982,0.225425,0.167369,-0.165302,-0.026225,0.244062,0.241534,-0.035041,175.73247,-7.920478,-3.29422,1
0.221686,0.262446,0.224127,-0.222859,-0.023806,0.180534,0.1669,-0.068825,173.868653,-9.149866,-2.247007,1
0.236262,0.285522,0.219855,-0.217089,-0.034761,0.094827,0.043574,-0.084223,175.13955,-8.22291,-3.417064,1
0.220073,0.237249,0.262578,-0.261717,-0.021239,0.158904,0.151903,-0.046647,174.391251,-7.382021,-3.18463,1
0.247688,0.249423,0.256193,-0.255471,-0.019221,0.160111,0.151893,-0.050639,174.233377,-3.714158,-3.855677,1
0.233383,0.266324,0.243381,-0.242625,-0.019167,0.115919,0.0938,-0.068109,175.033793,-11.762658,-2.613514,0
0.291685,0.274795,0.107582,-0.103069,-0.030833,0.365353,0.362182,-0.048031,176.659448,-18.387179,-0.415854,0
0.193874,0.264617,0.40091,-0.400801,-0.009336,0.083567,-0.063816,-0.053953,-178.736272,-24.811309,-2.607676,0
0.237793,0.318509,0.415105,-0.41051,-0.061588,0.496592,0.490635,-0.076683,-161.154149,-44.082684,163.584482,0
0.211646,0.292707,0.308262,-0.306413,0.033712,0.172336,0.009435,-0.172078,-151.755118,-41.260072,160.145979,0
0.246599,0.320895,0.063235,-0.062349,0.010546,0.598591,0.567889,-0.189243,-125.812801,-41.030546,85.339858,0
0.237882,0.319416,0.49378,-0.493774,0.002445,0.555294,0.535298,-0.147675,163.796807,0.413266,8.547975,0
0.172293,0.353743,0.482121,-0.482064,0.007369,0.373323,0.330999,-0.172656,163.745342,0.36167,2.407389,0
0.196824,0.336421,0.487503,-0.487413,0.009338,0.543116,0.496933,-0.219164,-117.484017,-57.413662,136.974167,0
0.19283,0.414992,0.451657,-0.446543,-0.067773,0.387822,0.155173,-0.355426,-152.93987,-47.856743,159.822124,0
0.19243,0.359678,0.462795,-0.460964,0.041118,0.504502,0.411334,-0.292107,139.371658,70.004287,-52.437775,0
0.269041,0.238029,0.364714,-0.362868,-0.036651,0.078269,0.046885,-0.062673,179.123792,-6.649199,-2.283707,0
0.20486,0.187498,0.211956,-0.211936,-0.002919,0.144744,0.092106,-0.111657,-172.074466,-8.253758,-4.553177,0
0.175421,0.173006,0.095081,-0.094393,-0.011414,0.108821,0.043339,-0.099819,-171.958167,-14.795879,-4.243329,0
0.197772,0.258021,0.07516,-0.061881,0.042659,0.308292,0.219358,-0.216624,-173.640744,-18.602742,-3.126325,0
0.098002,0.240559,0.198208,-0.187325,-0.064773,0.222109,0.066418,-0.211946,-168.970071,-19.672358,-6.239134,0
0.215101,0.300517,0.411596,-0.411128,-0.019605,0.488305,-0.319211,-0.369521,-172.680211,-7.482958,-0.330757,0
0.098224,0.27625,0.225196,-0.216297,-0.062682,0.45401,0.380945,-0.246994,-133.202546,-19.99572,169.476485,0
0.110195,0.214942,0.065241,-0.002513,-0.065192,0.344502,0.258935,-0.227232,-135.862311,-23.587338,168.279034,0
0.105057,0.192857,0.110604,-0.109746,-0.01375,0.244438,0.190958,-0.152595,-163.723522,-20.865517,-0.570841,0
0.128659,0.224547,0.199412,-0.084191,-0.180768,0.231877,0.086096,0.215301,-169.902819,-9.375072,8.834571,0
0.144558,0.306914,0.214803,-0.203435,-0.068952,0.546031,0.512683,-0.187899,-167.61515,-17.780512,6.011828,0
0.245704,0.272075,0.156499,-0.143854,-0.061629,0.258757,0.250186,0.066046,178.531256,-1.481924,11.167273,0
0.301796,0.31967,0.289297,-0.287388,-0.033179,0.160452,0.047937,-0.153123,-176.705756,12.474638,-6.752062,0
0.19177,0.271586,0.205165,-0.205128,0.003918,0.094654,-0.008314,-0.094288,-176.589922,12.041931,-9.11968,0
0.245234,0.242467,0.175577,-0.175489,-0.005534,0.100536,0.029328,-0.096164,174.360467,8.783909,-11.456787,0
0.202756,0.23093,0.04868,-0.047308,0.011477,0.655445,0.597172,-0.270174,177.254469,12.062177,-11.488155,0
0.222975,0.243048,0.071776,-0.059907,-0.039534,0.326211,0.284678,-0.159286,178.99252,10.733914,-12.27566,0
0.243344,0.253899,0.083178,-0.083173,-0.000991,0.320577,0.275513,-0.163896,179.541101,11.030418,-12.508147,0
0.237826,0.330362,0.143685,-0.119336,-0.080026,0.4009,0.388716,-0.098085,-172.234365,-12.446502,9.182083,0
0.290443,0.278871,0.334583,-0.312669,-0.119095,0.398812,0.344838,-0.200345,-169.377076,5.839927,8.540723,0
0.258452,0.078584,0.250531,-0.244342,-0.055342,0.281888,0.269439,0.082847,174.342569,-18.244861,26.422249,0
0.247194,0.112509,0.118997,-0.103474,-0.058765,0.35782,0.293297,0.204969,178.241023,-19.510753,24.391049,0
0.1019,0.102096,0.109103,-0.103212,0.035368,0.278411,0.100206,0.259753,176.909359,-21.161434,25.398298,0
0.183508,0.22478,0.188475,-0.188277,0.00863,0.156674,-0.041659,0.151034,176.910653,-19.294592,26.184944,0
0.134765,0.190515,0.119006,-0.091079,-0.076597,0.14237,0.044194,0.135337,177.25028,-13.54456,25.799361,0
0.216165,0.130051,0.098325,-0.047006,-0.086362,0.46353,0.312193,-0.342631,171.156803,19.145382,-23.535877,0
0.229002,0.15375,0.099047,-0.08016,-0.058178,0.416442,0.274339,-0.313308,172.130695,18.078589,-20.839766,0
0.359366,0.291884,0.306787,-0.297353,-0.075494,0.236967,0.236565,-0.013804,-172.239681,20.992796,-4.119485,1
0.3263,0.26437,0.30583,-0.299785,-0.060505,0.170825,0.147668,-0.085881,-173.512369,14.615411,-4.014313,1
0.324144,0.226941,0.294568,-0.288088,-0.061447,0.19317,0.182127,-0.064375,-173.337236,17.124199,-3.4715,1
0.301483,0.228146,0.308317,-0.302732,-0.058419,0.168916,0.151589,-0.074521,-173.182129,16.504967,-3.503067,1
0.223162,0.195179,0.055229,-0.030825,0.045826,0.276972,0.270788,-0.058203,-171.874242,16.372833,-2.747229,1
0.340925,0.221295,0.273383,-0.267004,-0.058715,0.214299,0.198453,-0.080875,-171.943795,16.686465,-4.558709,1
0.240332,0.337045,0.341032,-0.34065,-0.016138,0.076589,0.052104,-0.056135,-179.802498,-22.522222,0.558186,1
0.289849,0.272162,0.328339,-0.327363,-0.025299,0.105531,0.081321,-0.067259,-179.951098,-3.399712,-3.624538,1
0.259628,0.278291,0.334137,-0.333544,-0.019892,0.147367,0.143479,-0.033629,178.037328,-14.946952,-2.954147,1
0.145726,0.283309,0.300109,-0.299967,-0.009209,0.717134,0.547779,-0.462839,-169.083948,-44.438936,174.034881,0
0.295793,0.380556,0.137355,-0.13734,0.002024,0.150462,0.13576,-0.06487,-176.471029,-33.225369,-3.345803,0
0.24089,0.294845,0.272528,-0.271511,-0.023521,0.12335,0.008879,-0.12303,172.771169,-29.053087,-3.058643,0
0.236028,0.218304,0.283735,-0.280633,-0.041843,0.075599,0.050695,-0.056082,172.774618,-1.549967,-2.441676,0
0.293414,0.212201,0.527899,-0.490718,-0.19461,0.246504,0.215065,-0.120463,-171.717997,17.629855,179.283535,0
0.340302,0.204892,0.360662,0.266023,0.243535,0.108066,0.094096,0.053144,-173.879389,43.438482,179.814504,0
0.323355,0.248805,0.08227,-0.023287,-0.078906,0.429213,0.400147,-0.155262,-172.418206,28.350984,-10.369878,0
0.232082,0.133352,0.169765,-0.162244,0.049971,0.374288,0.352171,-0.126755,-161.312431,16.27299,-5.642242,0
0.274482,0.200653,0.232793,-0.229633,-0.038226,0.258174,0.255846,0.034586,-159.554066,9.513489,-5.912741,0
0.207406,0.235698,0.385334,-0.383369,-0.038867,0.188852,0.188807,0.004152,-171.265205,-3.220913,-1.585098,0
0.208407,0.257259,0.363896,-0.360952,-0.046199,0.582302,0.550838,-0.18882,-162.328091,-14.992919,5.534645,0
0.157637,0.260174,0.242868,-0.236992,-0.053104,0.381462,-0.018017,-0.381037,-167.108362,-21.049674,9.977223,0
0.222398,0.318161,0.153091,-0.139695,-0.062626,0.341366,0.240167,-0.242591,-175.076318,-26.509353,11.519068,0
0.151379,0.304528,0.435341,-0.385018,-0.203182,0.622657,0.021877,-0.622273,-167.166764,-42.885716,-172.901312,0
0.17747,0.323582,0.182841,-0.166774,-0.074949,0.226749,0.190952,-0.122279,-176.543197,-28.096001,13.048981,0
0.231571,0.220432,0.164549,0.01133,-0.164159,0.106107,0.077456,-0.072521,168.274963,20.570076,-13.738207,0
0.181441,0.160367,0.403772,-0.403764,0.002423,0.17939,0.054068,-0.171048,164.286846,0.064775,-0.14952,0
0.201765,0.31018,0.19662,-0.15726,-0.118019,0.395031,0.393522,0.034497,164.457926,-28.76147,24.26022,0
0.176835,0.329327,0.254421,-0.210496,-0.142902,0.631493,0.604783,0.181716,-168.760722,-47.931036,-156.644487,0
0.285835,0.1917,0.153549,-0.086669,0.12675,0.721904,0.704643,-0.156918,-173.355418,20.987527,-4.323005,0
0.138232,0.184067,0.249997,-0.223007,-0.112989,0.445036,0.444206,0.027171,161.595893,-25.214871,21.038954,0
0.346066,0.242712,0.363189,0.036392,-0.361361,0.463744,0.403477,-0.228614,-166.940114,25.841408,-11.947653,0
0.274472,0.248489,0.208604,-0.17857,-0.107834,0.489098,0.237511,-0.427558,-162.398422,-7.888918,15.020398,0
0.162983,0.234689,0.211568,-0.19743,-0.076043,0.279727,0.277578,-0.034603,-178.558568,-17.702654,14.985064,0
0.206287,0.208774,0.287777,-0.222828,-0.182108,0.069137,0.046023,-0.051592,179.603314,5.55913,23.940235,0
0.227157,0.328048,0.205084,-0.059757,-0.196185,0.341825,0.33822,-0.049508,165.992495,-17.910603,42.964433,0
0.209559,0.205985,0.217447,-0.107054,-0.189269,0.127723,0.119967,0.04383,171.208244,-15.656963,41.467841,0
0.223313,0.131567,0.049257,0.002006,-0.049216,0.042178,0.001462,-0.042153,172.496416,16.248352,22.279175,0
0.226124,0.206508,0.410081,-0.409549,-0.02088,0.167778,-0.097013,-0.136886,173.892054,27.743037,11.111975,0
0.0805,0.050941,0.124064,-0.119166,-0.034514,0.090159,0.090108,-0.003025,163.088204,-2.322824,-7.975199,0
0.130786,0.131472,0.105426,-0.103403,-0.020557,0.031722,-0.027965,0.014975,169.441074,-2.591236,-10.54948,0
0.136985,0.160503,0.259682,-0.250465,0.068573,0.107822,0.103289,-0.030936,165.127939,3.720594,-26.468179,0
0.155436,0.186389,0.14816,-0.145523,0.027832,0.128564,0.12581,-0.026466,173.542593,-5.917125,-22.030152,0
0.109911,0.180106,0.105162,-0.097267,-0.039977,0.239639,0.23544,-0.044666,165.05621,14.496763,-14.853695,0
0.164369,0.051392,0.22344,-0.217615,0.050685,0.144111,0.136953,-0.044852,160.024056,-19.511864,0.041884,0
0.128166,0.140928,0.062902,-0.043317,-0.04561,0.079234,0.074597,0.026707,159.371394,-1.676537,-8.4164,0
0.111849,0.211454,0.063828,-0.063816,0.001266,0.161857,0.159606,-0.026899,158.880114,-1.227472,-7.842718,0
0.164163,0.249787,0.205205,-0.202808,-0.031275,0.2963,0.129302,-0.266598,166.187486,-20.533706,11.945875,0
0.141454,0.150605,0.081948,-0.081943,-0.00088,0.307165,0.30578,-0.029136,154.440672,7.681993,4.382897,0
0.084885,0.160743,0.035456,-0.020761,-0.028742,0.195421,0.182917,-0.068782,165.587889,-24.23265,-0.00348,0
0.203176,0.261119,0.163715,-0.1419,-0.081651,0.229566,0.229108,0.014487,163.429477,7.868989,1.743809,0
0.146121,0.160082,0.019136,-0.01726,-0.008263,0.19033,0.188106,0.029011,157.349854,21.35359,3.191488,0
0.138618,0.122397,0.101516,-0.083015,-0.058429,0.10533,0.105263,-0.003745,154.81875,3.007904,12.293335,0
0.213968,0.149383,0.105784,-0.073852,-0.075737,0.243385,0.213934,0.116054,161.939336,-1.687917,39.031573,0
0.175671,0.180055,0.164351,-0.159115,-0.041158,0.149994,0.128986,-0.076554,163.379959,11.197564,-5.998251,0
0.262291,0.245765,0.250943,-0.238554,0.077876,0.440085,0.39222,0.199596,166.776569,-6.749618,-33.700698,0
0.274718,0.257249,0.083747,0.004525,-0.083625,0.290555,0.290406,0.009308,-176.34752,28.833095,13.677776,0
0.237027,0.21475,0.19794,-0.147457,-0.132048,0.562393,0.510832,0.235238,169.471854,-8.717458,34.96857,0
0.099346,0.164334,0.226687,-0.172991,-0.146497,0.029699,0.007167,-0.028821,173.091887,2.488884,33.598372,0
0.103107,0.125679,0.247399,-0.196513,-0.150297,0.089812,0.089803,0.001246,171.99508,-2.475277,31.558187,0
0.159525,0.197638,0.203849,-0.162628,-0.122909,0.413707,0.308665,0.275462,160.319233,-7.270275,31.066745,0
0.202973,0.199786,0.114144,-0.080093,-0.081326,0.393932,0.378562,0.108964,158.880155,-8.146125,31.273597,0
0.143457,0.211433,0.368108,-0.326004,-0.170953,0.232386,0.003722,-0.232356,164.81287,-7.782535,25.634371,0
0.269916,0.265449,0.134299,-0.131362,-0.027934,0.14878,0.110607,-0.099506,176.320905,17.517419,-16.093246,0
0.279773,0.226471,0.083932,-0.067942,-0.04928,0.221347,0.183333,-0.124031,177.119928,16.926413,-18.35758,0
0.204754,0.217459,0.18415,-0.182221,-0.026585,0.149188,0.091908,-0.117515,-177.001009,13.72607,-16.477145,0
0.153531,0.170206,0.078536,-0.035818,-0.069892,0.323631,0.187383,-0.263864,178.089186,16.763218,-17.196429,0
0.215075,0.230899,0.185657,0.027804,0.183563,0.328899,0.275731,-0.179295,177.351127,10.189093,-3.799457,0
0.242039,0.197598,0.152735,0.025727,-0.150552,0.350027,0.166747,-0.307757,179.956576,11.911496,-2.319439,0
0.094161,0.203938,0.240579,-0.236021,-0.046606,0.191374,0.187365,0.038966,-175.063474,11.396926,23.97057,0
0.155441,0.2196,0.263973,-0.233132,-0.12382,0.199322,0.198867,0.013456,-172.996635,8.317681,22.856933,0
0.12036,0.232553,0.148114,-0.14148,-0.043832,0.290808,0.280591,0.076405,-175.218373,5.555569,21.844917,0
0.240728,0.308051,0.141583,-0.116727,-0.080128,0.227036,0.224274,0.035304,-175.349437,-18.598927,17.340175,0
0.276418,0.354049,0.16653,-0.130653,-0.103257,0.29694,0.246572,-0.165457,-176.395377,-20.810525,18.402387,0
0.246469,0.337897,0.099636,-0.059848,-0.079658,0.179116,0.092017,-0.153673,-176.113444,-20.885872,18.407044,0
0.267411,0.358794,0.108339,-0.070136,-0.082573,0.327723,-0.189689,-0.267246,-177.040293,-23.266577,17.820532,0
0.169695,0.255725,0.267503,-0.249149,-0.09738,0.350877,0.347086,-0.051442,-169.203376,-17.105726,6.445232,0
0.22212,0.24059,0.359581,-0.345417,-0.099926,0.41279,-0.077051,-0.405535,178.916252,-26.287282,11.018197,0
0.251216,0.278711,0.506029,-0.485666,-0.142105,0.570448,0.549815,-0.152034,-171.137051,-20.440367,11.892505,0
0.245543,0.291222,0.615638,-0.592707,-0.166459,0.414251,0.379774,-0.165456,-167.086319,-17.864098,9.86464,0
0.258481,0.306446,0.347444,-0.32692,-0.117648,0.639731,0.634604,-0.080832,-175.675054,-20.086618,9.188222,0
0.217007,0.313407,0.699205,-0.685755,-0.136482,0.514258,0.514207,0.007211,-174.895042,-19.979476,11.676503,0
0.216701,0.231708,0.325507,-0.310318,-0.098272,0.042165,0.029904,-0.029726,-178.564811,-0.491496,7.226149,0
0.254362,0.233836,0.15881,-0.154465,-0.036894,0.135409,0.117576,-0.067166,178.468901,10.980564,-6.297706,0
0.177729,0.245951,0.201256,0.201216,0.004016,0.227138,0.186554,-0.129573,-178.098847,8.187853,-9.854467,0
0.237778,0.21761,0.125841,-0.119188,-0.040375,0.246557,0.238693,-0.061774,-175.681669,-5.566746,-1.067896,1
0.2993,0.297961,0.365155,-0.358621,-0.068768,0.224577,0.195639,-0.110273,-176.532484,-7.6802,-0.490844,1
0.275729,0.247883,0.212037,-0.209237,-0.034346,0.21453,0.199434,-0.079051,-175.87593,-8.338639,-1.277856,1
0.275309,0.259485,0.236829,-0.231562,-0.049668,0.215915,0.206169,-0.064137,-174.010464,-8.732811,-1.459179,1
0.158327,0.288483,0.322338,-0.318201,-0.051476,0.268504,0.26061,-0.064632,-174.362178,-9.901184,-0.167631,1
0.23218,0.282491,0.235044,-0.221014,-0.079989,0.276296,0.267702,-0.068373,-172.990926,-12.014912,0.992335,1
0.174425,0.289077,0.398665,-0.387106,-0.095304,0.297271,0.288181,-0.07295,-171.842877,-10.741078,0.92133,1
0.268151,0.307736,0.329112,-0.315275,-0.094427,0.310567,0.304628,-0.060447,-173.277438,-13.001463,2.238334,1
0.240103,0.301508,0.248849,-0.227065,-0.10182,0.300153,0.279242,-0.110072,-171.165785,-11.51417,1.468882,1
0.250384,0.296737,0.251612,-0.208486,-0.140862,0.241151,0.22188,-0.094462,-172.85545,-12.534205,1.290277,1
0.226202,0.31263,0.50701,-0.484481,-0.149456,0.189768,0.175879,-0.071264,-172.630948,-12.364861,0.389275,1
0.25152,0.306574,0.236237,-0.215663,-0.096423,0.265394,0.254647,-0.074759,-170.631373,-10.614403,-0.212785,1
0.283293,0.281781,0.309737,-0.30065,-0.074474,0.259031,0.243189,-0.089196,-173.355423,-11.50175,0.158949,1
0.251401,0.299603,0.430638,-0.424314,-0.073528,0.270497,0.239711,-0.125328,-172.52055,-13.803505,-1.369085,1
0.26536,0.301033,0.245878,-0.201235,-0.141281,0.315171,0.299944,-0.09678,-172.971701,-12.60275,-1.562062,1
0.254923,0.283662,0.272884,-0.265887,-0.061397,0.259988,0.250043,-0.071221,-174.014963,-7.790328,-5.588292,1
0.31835,0.289479,0.222854,-0.215965,-0.054981,0.308485,0.20462,-0.230854,-171.517229,-7.873802,-8.797079,1
0.28296,0.296013,0.238687,-0.238581,-0.007141,0.340399,0.317218,-0.123468,-172.746974,-4.845478,-9.461912,1
0.229439,0.221532,0.149114,-0.147732,-0.020257,0.267824,0.237938,-0.122944,-174.308381,-12.32819,-9.674784,1
0.21333,0.253527,0.209537,-0.207435,-0.029605,0.19231,0.178303,-0.072051,-179.078004,-10.537267,-6.462823,1
0.20667,0.268522,0.257242,-0.256639,-0.017607,0.203498,0.183194,-0.088607,-176.449235,-16.647507,-4.478339,1
0.288517,0.263452,0.257313,-0.255398,-0.031334,0.201148,0.187736,-0.072221,-176.103864,-6.850929,-5.630569,1
0.191957,0.29778,0.250464,-0.243738,-0.057654,0.199388,0.170118,-0.103998,-174.246724,-15.569566,-1.182599,1
0.246748,0.305624,0.22142,-0.204695,-0.084419,0.394001,0.392857,-0.029991,-175.573622,-12.802439,8.63169,1
0.264057,0.317088,0.188222,-0.156255,-0.104938,0.281719,0.274683,-0.062568,-175.796932,-14.453939,9.415521,1
0.207362,0.281712,0.266521,-0.236763,-0.122378,0.264959,0.263769,-0.025079,-178.153313,-13.170618,11.320722,1
0.254749,0.311727,0.203935,-0.172924,-0.108106,0.257868,0.247158,-0.073546,-177.934719,-12.914994,10.56467,1
0.330474,0.262188,0.287366,-0.264368,-0.112646,0.105029,0.090269,-0.05369,178.558825,14.262261,9.268455,1
0.290364,0.258951,0.183483,-0.169563,-0.070102,0.251948,0.250723,-0.02481,-178.611312,-8.224152,9.207351,1
0.286978,0.262066,0.163634,-0.146735,-0.072421,0.252747,0.243027,-0.069417,-177.804477,-8.333491,9.454941,1
0.282029,0.266784,0.277672,-0.246704,-0.127432,0.214926,0.206324,-0.060197,-177.848799,-8.142169,9.375823,1
0.259159,0.262981,0.104728,-0.087608,-0.057384,0.178791,0.16294,-0.0736,-170.883618,-2.126384,0.235723,1
0.229284,0.328009,0.234148,-0.231798,-0.033088,0.277413,0.266067,-0.078526,-173.434973,-9.214772,-2.410901,1
0.30546,0.324329,0.227107,-0.20891,-0.089074,0.243506,0.236598,-0.05759,-173.217678,-12.528887,-1.988646,1
0.248373,0.296464,0.177437,-0.168799,-0.054688,0.258297,0.24937,-0.067319,-174.286161,-11.384357,-1.874196,1
0.282901,0.299455,0.308295,-0.300637,-0.068289,0.239224,0.228227,-0.071698,-173.480392,-11.108857,-1.340449,1
0.222495,0.33726,0.675118,-0.650489,-0.18069,0.30252,0.291196,-0.081996,-172.369137,-15.025124,4.261714,1
0.256635,0.299786,0.238694,-0.192413,-0.141251,0.251046,0.245258,-0.053595,-173.064958,-9.940318,6.036148,1
0.306226,0.305232,0.250018,-0.232557,-0.091794,0.266005,0.25779,-0.065596,-174.137436,-12.541521,6.039526,1
0.3012,0.308642,0.213135,-0.175052,-0.121587,0.330497,0.328454,-0.036693,-174.191739,-11.684654,4.939552,1
0.262545,0.307028,0.165842,-0.149418,-0.071957,0.258416,0.253106,-0.052116,-174.682266,-9.292289,3.444731,1
0.234988,0.326968,0.235106,-0.233564,-0.026882,0.264667,0.204151,-0.168437,-174.638112,-11.171653,-6.95443,1
0.226854,0.301927,0.504445,-0.500233,-0.065051,0.429403,0.376647,-0.206213,-165.980969,-17.599391,-6.312022,1
0.217438,0.261363,0.28996,-0.26585,-0.115761,0.186196,0.129078,0.134193,-165.83354,-11.782677,-1.860393,1
0.347361,0.271532,0.274988,-0.242705,-0.129277,0.178402,0.17838,-0.0028,179.661633,13.378696,0.459703,1
0.315182,0.286635,0.225026,-0.211371,-0.077195,0.235537,0.22387,-0.07321,-178.600401,1.972016,3.06699,0
0.143425,0.277393,0.35256,-0.289486,-0.201238,0.132255,0.046273,-0.123896,179.830828,-12.787545,28.646387,0
0.204234,0.235758,0.310172,-0.231102,-0.206879,0.249001,0.234725,0.0831,-178.184775,-9.71954,25.373318,1
0.226699,0.301151,0.33846,-0.268815,-0.205654,0.35694,0.340421,0.107328,-178.059046,-13.149843,25.799352,0
0.285543,0.271203,0.169783,-0.159065,-0.059369,0.138137,0.130573,-0.045083,175.082535,17.256937,13.445498,0
0.295526,0.292985,0.141247,-0.094397,-0.105071,0.125027,0.123971,-0.01622,175.141441,12.544353,8.970944,0
0.332208,0.239486,0.38369,-0.37716,0.070486,0.578108,0.407213,-0.41035,-168.466964,10.564614,-23.519699,0
0.162358,0.319517,0.09492,-0.005531,-0.094758,0.115623,0.042827,-0.107399,172.03419,-32.164611,27.336757,0
0.214501,0.300518,0.256864,-0.167337,-0.194878,0.32436,0.275005,0.171993,-176.728366,-16.27002,38.400994,0
0.212482,0.246799,0.243194,-0.174761,-0.16912,0.199441,0.175483,0.094776,-175.641385,-14.03546,35.247727,0
0.223248,0.260665,0.228689,-0.167424,-0.155782,0.176808,-0.098771,-0.146647,-179.171571,-19.427131,37.581786,0
0.232632,0.257534,0.196722,-0.1589,-0.115976,0.187064,-0.020984,-0.185883,-176.8848,-20.686763,38.236371,0
0.281251,0.209773,0.253174,-0.231467,-0.102567,0.345489,0.315974,0.139725,-179.458617,-13.303151,25.170409,0
0.277326,0.224703,0.244626,-0.230846,-0.080945,0.170258,0.170216,-0.003806,179.011846,15.427762,5.999719,0
0.231574,0.150317,0.251692,-0.213779,0.132843,0.447777,0.36276,-0.262506,-166.256826,3.845992,-25.098361,0
0.252297,0.202272,0.335066,-0.273729,0.19324,0.453166,0.351775,-0.285682,-162.284002,8.01329,-22.856243,0
0.278508,0.210336,0.229986,-0.221185,-0.063016,0.355304,0.310411,-0.172876,-170.109824,43.747113,157.149195,0
0.141427,0.186039,0.165972,-0.163556,-0.028216,0.545141,0.485,-0.248905,166.433261,-11.892881,-0.029997,1
0.26103,0.240489,0.127174,-0.123091,-0.031967,0.132164,0.127852,-0.033484,171.348651,8.955163,-3.528546,1
0.288177,0.255043,0.175794,-0.175408,-0.011649,0.247688,0.244054,-0.042272,173.834132,2.150424,-4.51066,1
0.22173,0.207825,0.149544,-0.146995,-0.027492,0.246899,0.245317,-0.0279,173.281465,2.984189,-6.240432,1
0.238723,0.266691,0.155988,-0.153372,-0.028446,0.042535,0.042352,-0.003946,172.795411,-2.163053,-6.024124,1
0.242543,0.214981,0.221229,-0.22066,-0.015866,0.151871,0.140183,-0.058424,173.14199,-4.590363,-2.635761,1
0.257821,0.241161,0.191036,-0.190959,-0.005445,0.09243,0.063956,-0.06673,171.669563,-1.529549,-3.430679,1
0.255906,0.285378,0.241835,-0.236962,-0.0483,0.165558,0.162461,-0.031875,171.536108,-22.338177,1.366178,1
0.243704,0.256385,0.144281,-0.144271,0.001655,0.271196,0.267267,-0.045993,173.603901,-25.125807,0.622675,1
0.245095,0.240002,0.290208,-0.289918,0.01297,0.044308,0.024935,-0.036626,173.577113,-23.799713,-2.150822,1
0.250066,0.275075,0.186293,-0.181909,-0.04018,0.274595,0.274594,0.000867,165.830743,-32.923154,10.388924,1
0.201312,0.259602,0.317908,-0.282243,-0.146304,0.131033,0.127257,-0.031228,164.823045,-26.786089,25.493676,1
0.258218,0.240112,0.137333,-0.084394,-0.108342,0.134295,0.133478,-0.01479,169.92623,-27.005446,23.939659,1
0.210449,0.161945,0.322099,-0.284592,-0.150848,0.066882,0.043145,-0.051105,169.14424,-3.204528,24.22254,0
0.198817,0.198173,0.237122,-0.187269,-0.145455,0.099897,0.099252,0.01133,171.11364,-8.150519,25.249652,0
0.117433,0.192778,0.328304,-0.287043,-0.159343,0.113422,0.110439,0.025841,171.243043,-10.717466,24.333138,0
0.196034,0.207197,0.069833,-0.06921,0.009304,0.185942,0.173265,-0.067482,174.572628,5.002984,-30.274107,0
0.087246,0.145452,0.167122,0.094389,-0.137915,0.227578,0.223157,0.044639,153.70667,-17.928772,0.657217,0
0.226721,0.245053,0.244549,-0.18042,-0.165085,0.383466,0.339686,0.177931,163.609783,-22.077562,35.748024,0
0.226136,0.318386,0.491177,-0.356944,-0.33741,0.292679,-0.010197,-0.292501,171.014811,-22.021028,40.912932,0
0.154452,0.250143,0.275739,-0.232648,-0.148011,0.38191,0.381027,0.025961,176.458373,-45.022192,-148.958475,0
0.283313,0.222931,0.244337,-0.239032,0.05064,0.367712,0.243145,-0.275849,-167.041741,13.194272,-22.979894,0
0.32485,0.229674,0.33774,-0.311149,0.131358,0.243157,0.140249,-0.198634,-171.816234,9.086667,-28.850656,0
0.273151,0.226052,0.287817,-0.260152,0.123124,0.252658,0.050139,-0.247633,-172.674751,13.113396,-35.907389,0
0.208546,0.384943,0.279202,-0.188338,-0.206112,0.477869,-0.115331,-0.463743,166.525361,-71.450808,-140.29524,0
0.222523,0.202055,0.258767,-0.153185,-0.208554,0.951895,0.77443,0.553501,-174.485433,-3.532581,37.441398,0
0.212833,0.189893,0.222029,-0.161247,-0.152631,0.370411,0.292607,0.227125,-177.363849,2.255541,36.041098,0
0.250548,0.22045,0.20609,-0.143774,-0.147656,0.543034,0.517185,0.165546,-177.016266,1.227142,35.516065,0
0.243963,0.211035,0.170699,-0.163143,0.050225,0.257183,0.191253,-0.171947,175.380634,-4.148427,-30.691536,0
0.18725,0.2008,0.149016,-0.113186,0.096927,0.261925,0.214229,-0.1507,-179.514953,0.580881,-31.038332,0
0.294677,0.281273,0.326054,-0.304745,0.115939,0.273862,0.131233,-0.240371,-169.163929,-5.626586,-32.045403,0
0.312304,0.241078,0.361471,-0.339085,0.12523,0.188717,0.115045,-0.149596,-168.014268,2.878334,-29.491645,0
0.280124,0.220732,0.260821,-0.244983,0.089504,0.190923,0.127952,-0.141704,-167.352192,-5.726425,-28.844813,0
0.305058,0.30284,0.303138,-0.301666,-0.029836,0.129099,0.097133,-0.085039,179.114199,-3.703146,-2.292067,1
0.3152,0.314095,0.14773,-0.1405,-0.045651,0.181251,0.161204,-0.082856,-179.38998,11.812893,-5.539459,1
0.287542,0.281162,0.149236,-0.147078,-0.025283,0.169392,0.140805,-0.094168,178.534001,-12.330713,-2.783141,1
0.346965,0.265683,0.28744,-0.284956,-0.037708,0.169984,0.135775,-0.102272,-178.980619,7.33573,-6.411188,1
0.252725,0.174588,1.347064,-1.310192,0.313012,0.362186,0.172186,-0.318639,-170.234841,45.934198,-177.293613,1
0.283679,0.3166,0.100423,0.09707,-0.025734,0.739576,0.723273,0.15443,176.711581,-33.909813,9.594591,1
0.269446,0.299545,0.37969,-0.365753,-0.10193,0.121933,0.030865,-0.117962,173.238292,-29.797089,12.345581,1
0.28502,0.274716,0.246462,-0.241525,-0.049086,0.109975,0.108058,-0.020443,173.481063,-26.189887,9.81762,1
0.267832,0.286867,0.221337,-0.218453,-0.035616,0.048008,0.032585,-0.035255,175.753544,-24.835667,5.789858,1
0.271293,0.276343,0.289967,-0.289965,0.00103,0.136103,0.092737,-0.099619,176.557403,-21.763562,-2.212414,1
0.300145,0.283573,0.150952,-0.150513,-0.011504,0.147826,0.131892,-0.066761,176.997865,-26.807767,-2.454477,1
0.236431,0.26735,0.18812,-0.187844,-0.010191,0.200076,0.179615,-0.088141,177.902221,-3.789213,-10.127709,1
0.223444,0.334586,0.196543,-0.191282,-0.04517,0.176888,0.149459,-0.094611,-178.676022,-25.386968,-4.624389,1
0.265885,0.291759,0.247421,-0.244188,-0.039868,0.214606,0.198477,-0.081626,179.355731,-8.797214,-3.96219,1
0.260019,0.281176,0.292254,-0.292132,-0.008459,0.23581,0.215608,-0.095496,179.712874,-6.604849,-3.24952,1
0.221391,0.243202,0.254657,-0.252751,-0.031096,0.219998,0.207281,-0.073713,179.591934,-5.202641,-3.681776,1
0.237998,0.276839,0.161043,-0.157299,-0.034522,0.251142,0.229521,-0.101943,-179.20616,-8.458554,-3.242501,1
0.258362,0.275181,0.256581,-0.252744,-0.044207,0.248148,0.218537,-0.117554,-179.713273,-12.831221,-2.137581,1
0.237701,0.278506,0.232165,-0.226538,-0.050802,0.257341,0.227335,-0.120594,-176.878275,-15.612835,-2.666724,1
0.25267,0.279561,0.179398,-0.169402,-0.059048,0.252091,0.224569,-0.114536,-178.962655,-12.677764,-1.63107,1
0.234283,0.298915,0.189443,-0.183388,-0.047512,0.265491,0.246835,-0.097764,-177.920505,-12.967005,-1.798818,1
0.247201,0.271448,0.125176,-0.116833,-0.044935,0.251512,0.239523,-0.076725,-178.856713,-13.540761,-1.938719,1
0.246585,0.299005,0.234587,-0.227027,-0.059075,0.26469,0.249261,-0.08905,-178.440678,-14.39921,-1.694996,1
0.245985,0.289629,0.242124,-0.232897,-0.066204,0.266102,0.250375,-0.090126,-178.700884,-16.328309,-1.819251,1
0.236803,0.283284,0.20984,-0.199101,-0.066269,0.263277,0.243357,-0.100459,-178.195157,-16.414369,-1.830283,1
0.260264,0.276402,0.250151,-0.245898,-0.045928,0.282478,0.261558,-0.106683,-178.813319,-15.889712,-1.461234,1
0.269421,0.304944,0.26638,-0.259736,-0.059125,0.250608,0.224486,-0.111401,-179.165834,-14.661819,-2.328022,1
0.269777,0.275171,0.259577,-0.253234,-0.057033,0.21136,0.18628,-0.099865,-178.603543,-4.088859,-3.939231,1
0.272901,0.274966,0.144914,-0.142404,-0.026855,0.18447,0.152155,-0.104299,179.87993,2.049195,-8.932575,1
0.327969,0.272875,0.208886,-0.208734,-0.00796,0.214775,0.189032,-0.101958,-178.981537,13.133569,-15.635641,1
0.298595,0.300163,0.279694,-0.278483,-0.025998,0.221287,0.17781,-0.131725,-176.672068,9.644047,-13.971136,1
0.289177,0.293584,0.24261,-0.241965,-0.017673,0.191324,0.132826,-0.137703,-178.722792,8.455519,-14.417891,1
0.264016,0.268173,0.191607,-0.189561,-0.027926,0.200623,0.170815,-0.105222,-179.119125,-7.016162,-10.865346,1
0.271624,0.322299,0.268979,-0.268575,-0.014742,0.198734,0.169691,-0.103442,179.685369,-7.495909,-6.838188,1
0.244762,0.324675,0.227284,-0.225366,-0.029458,0.187177,0.167011,-0.084513,-177.499836,-14.675336,-4.913008,1
0.255049,0.316664,0.19891,-0.19383,-0.044663,0.253028,0.219586,-0.125718,-179.145332,-13.741616,-4.835035,1
0.247685,0.317299,0.214374,-0.209093,-0.047291,0.205873,0.174628,-0.109037,-178.639564,-16.098117,-5.341527,1
0.24318,0.291741,0.193195,-0.188185,-0.043713,0.229364,0.194617,-0.121376,-177.60197,-16.039685,-5.456458,1
0.244129,0.321798,0.221825,-0.218955,-0.035572,0.279519,0.245519,-0.133608,-177.623138,-17.09453,-5.508286,1
0.275551,0.323861,0.226306,-0.22148,-0.046486,0.194716,0.144989,-0.129972,-178.163189,-15.584406,-4.875495,1
0.251251,0.239546,0.224524,-0.222712,-0.028466,0.16636,0.149405,-0.07317,-179.784495,-5.924251,-7.48249,1
0.265391,0.248203,0.207812,-0.207094,-0.017262,0.223062,0.194403,-0.10938,179.503082,-5.566864,-6.714915,1
0.260523,0.235915,0.227321,-0.225608,-0.02785,0.226128,0.211733,-0.07939,178.713812,1.304212,-8.695731,1
0.094596,0.135367,0.198361,-0.197389,-0.019619,0.090121,-0.010938,-0.089454,-179.545011,-6.866378,-7.25117,1
0.256215,0.285142,0.259849,-0.259624,-0.010814,0.252742,0.230229,-0.104273,-179.75405,-1.511476,-7.178953,1
0.281921,0.258697,0.275833,-0.275297,-0.017189,0.202488,0.183853,-0.08485,179.965007,-1.597309,-7.042836,1
0.259858,0.270793,0.225427,-0.222061,-0.038811,0.225774,0.20965,-0.083789,-179.283286,-0.170761,-7.063617,1
0.252121,0.253098,0.263689,-0.257654,-0.056092,0.224328,0.208525,-0.082708,173.017918,-9.95651,0.096627,1
0.243721,0.256248,0.154535,-0.152261,-0.026413,0.179907,0.167931,-0.064544,178.718448,-2.218836,-0.965747,1
0.230951,0.260954,0.139672,-0.137109,-0.026635,0.201046,0.184108,-0.08077,173.973527,-1.551954,-1.643344,1
0.276393,0.275618,0.208236,-0.207985,-0.010223,0.212563,0.195332,-0.083837,179.32294,3.462023,-2.137373,1
0.266737,0.263559,0.24238,-0.239637,-0.036361,0.174464,0.160588,-0.068186,-178.82981,0.906761,-1.548864,1
0.257092,0.275704,0.10841,-0.106883,-0.018129,0.201438,0.189167,-0.069234,178.209923,-0.623722,-4.763804,1
0.099616,0.193577,0.188274,-0.184058,-0.039622,0.305891,0.288607,-0.101366,177.314857,0.130162,-5.316237,1
0.249241,0.283659,0.082975,-0.078582,-0.026641,0.165815,0.159077,-0.046787,178.384843,-3.953148,-5.463947,1
0.233242,0.263787,0.266656,-0.265911,-0.019923,0.159556,0.150701,-0.052417,178.797576,-4.016188,-5.604774,1
0.280679,0.240795,0.174309,-0.170528,-0.036111,0.142937,0.139028,-0.033202,178.141117,5.694476,-4.88687,1
0.245922,0.214406,0.13795,-0.135412,-0.026341,0.191833,0.184003,-0.054247,176.902893,-2.654815,-3.137908,1
0.198674,0.265894,0.213235,-0.212233,-0.020645,0.23394,0.224225,-0.066718,179.729693,-11.3875,2.124555,1
0.265356,0.274808,0.269283,-0.261904,-0.062605,0.148807,0.138321,-0.054869,-176.377879,-14.792193,3.666974,1
0.240293,0.310484,0.264731,-0.256675,-0.064811,0.222036,0.207756,-0.078341,-172.939152,-12.848095,2.009551,1
0.244016,0.260376,0.170517,-0.170399,0.006344,0.065756,0.044043,-0.048827,179.072734,23.509358,-9.651038,1
0.240108,0.258967,0.130838,-0.130787,-0.003671,0.216962,0.199093,-0.086222,-172.991369,5.38277,-9.634343,1
0.275782,0.255795,0.227764,-0.227763,0.000773,0.115805,0.092148,-0.07014,-174.293202,4.178164,-12.740147,1
0.194207,0.274489,0.129353,-0.129352,-0.000551,0.1781,0.153162,-0.090891,-175.560628,2.825527,-15.967047,1
0.24246,0.244667,0.178355,-0.178355,0.00044,0.148462,0.115056,-0.093826,-171.773179,2.432914,-14.229422,1
0.270202,0.288839,0.197326,-0.19732,0.001527,0.214566,0.195113,-0.089272,-179.256452,2.314629,-14.041998,1
0.238197,0.238576,0.158735,-0.158677,0.004262,0.130904,0.116247,-0.060187,176.332894,1.586654,-10.978545,1
0.195386,0.26494,0.111377,-0.110893,0.010373,0.109903,0.100818,-0.043755,-178.709185,-9.39383,-8.784362,1
0.20399,0.241592,0.171718,-0.171714,0.001097,0.117233,0.101141,-0.05928,172.08522,-5.851841,-6.839249,1
0.226948,0.26865,0.18573,-0.185066,0.015696,0.198413,0.187351,-0.065324,174.542424,-7.297897,-7.801468,1
0.215923,0.250968,0.150661,-0.149896,0.01516,0.129717,0.114491,-0.060979,173.790633,-7.805878,-2.777096,1
0.277822,0.245436,0.172125,-0.172,-0.006544,0.128815,0.109232,-0.068278,176.029125,-14.482904,-0.141809,1
0.280699,0.31809,0.313142,-0.301341,0.085157,0.125898,0.063483,-0.108721,-171.696351,-19.025781,-25.601122,1
0.221113,0.289866,0.335699,-0.310104,0.128567,0.246911,0.156444,-0.191024,-168.840713,-20.040783,-17.389785,1
0.297916,0.251474,0.296328,-0.291235,-0.054706,0.295121,0.170727,-0.240726,-168.96678,-4.262049,-8.943815,1
0.241445,0.270036,0.195831,-0.186341,-0.060223,0.225503,0.218519,-0.055688,179.560253,4.243371,-3.943511,1
0.256529,0.246321,0.139693,-0.13091,-0.048752,0.254266,0.251178,-0.039508,-177.573513,10.932225,3.2432,1
0.231985,0.21269,0.129668,-0.125417,-0.032928,0.212228,0.212168,0.00503,179.107558,-2.840346,1.796886,1
0.24862,0.25067,0.140577,-0.134858,-0.039688,0.231214,0.229273,-0.029894,-177.890141,-6.791919,3.477063,1
0.226637,0.266958,0.181278,-0.173073,-0.053921,0.17533,0.175327,-0.001103,-173.318106,-8.391096,1.187424,1
0.244124,0.237165,0.181214,-0.168885,-0.065699,0.17836,0.176599,-0.025003,-174.708545,-8.250903,1.34138,1
0.260606,0.246137,0.114651,-0.109248,-0.03478,0.243799,0.23894,-0.048431,-176.786579,-2.885271,-0.504972,1
0.23827,0.248196,0.221801,-0.220126,-0.027209,0.203037,0.199901,-0.035545,-178.162186,-5.706325,0.162376,1
0.250479,0.28836,0.148218,-0.14673,-0.020947,0.250336,0.246894,-0.04137,176.360631,-2.837209,-1.700466,1
0.266267,0.244638,0.180655,-0.176732,-0.037444,0.245154,0.229591,-0.085957,176.916081,5.15644,-5.974787,1
0.268562,0.292713,0.153799,-0.150411,-0.032104,0.202628,0.199739,-0.034093,-177.424335,-3.657185,-5.05117,1
0.257893,0.247838,0.185236,-0.184873,-0.011592,0.23235,0.205639,-0.108161,-177.057377,8.583392,-7.810158,1
0.282686,0.266337,0.13003,-0.129942,-0.004785,0.202606,0.197142,-0.046735,-176.420889,4.527421,-7.319382,1
0.292277,0.234407,0.219048,-0.219047,0.000107,0.241681,0.23685,-0.048083,179.944111,4.979044,-6.716094,1
0.283411,0.243938,0.240708,-0.240479,-0.010511,0.260034,0.247137,-0.080877,-177.567968,-3.183993,-6.73526,1
0.263967,0.247611,0.206372,-0.204309,-0.029111,0.209091,0.196951,-0.070209,-175.90752,-5.741647,-6.483332,1
0.245547,0.241612,0.200869,-0.199507,-0.023353,0.262709,0.248602,-0.084929,-176.538601,-4.076493,-7.168405,1
0.28066,0.264776,0.194416,-0.193666,-0.017061,0.177777,0.163131,-0.07066,-177.499239,4.646171,-9.244394,1
0.277262,0.260873,0.16562,-0.164579,-0.018539,0.219428,0.204777,-0.078835,-174.909798,0.93341,-8.31491,1
0.266233,0.246085,0.155624,-0.152536,-0.030848,0.251818,0.24871,-0.03944,-177.53828,3.748207,-8.150598,1
0.271374,0.245611,0.137707,-0.137173,-0.012106,0.265415,0.250044,-0.089012,-177.632748,2.521436,-7.745025,1
0.27191,0.263769,0.100451,-0.093389,-0.036999,0.19826,0.174195,-0.094674,-176.969265,-2.514764,-8.023045,1
0.235539,0.272896,0.147819,-0.144943,-0.029018,0.141342,0.135039,-0.041739,178.714224,7.995722,-12.787268,1
0.256054,0.287057,0.218636,-0.21753,-0.021971,0.184985,0.168496,-0.076345,-177.360617,-6.327971,-11.488496,1
0.239866,0.271712,0.112422,-0.109761,-0.024315,0.233434,0.232431,-0.021619,-174.90398,-15.976272,2.967934,1
0.280546,0.2604,0.197127,-0.195057,-0.028493,0.21457,0.207326,-0.055281,177.403439,-9.695109,2.327978,1
0.265663,0.244455,0.154521,-0.152316,-0.026013,0.254841,0.238391,-0.090077,177.860622,-1.959249,-0.404043,1
0.257126,0.291624,0.214014,-0.21109,-0.035258,0.171274,0.164794,-0.046666,177.833672,1.055258,-1.255707,1
0.269007,0.272195,0.294335,-0.290247,-0.048887,0.092267,0.074041,-0.055056,179.191115,-1.61998,-1.29298,1
0.252397,0.241147,0.160749,-0.154209,-0.045386,0.10961,0.108667,0.014345,168.32954,24.417213,-14.514167,1
0.255513,0.230004,0.170001,-0.169184,-0.016649,0.209331,0.200094,-0.061497,170.194948,24.891399,-13.224171,1
0.255567,0.228938,0.169688,-0.1696,-0.005464,0.166671,0.157519,-0.054471,175.984727,0.596965,-7.533677,1
0.273161,0.293924,0.163826,-0.162287,-0.022403,0.16171,0.141173,-0.078869,-172.395397,-8.647209,-9.540723,1
0.182616,0.276261,0.085937,-0.069369,-0.050727,0.486276,0.485451,-0.028313,173.973939,-15.652008,-0.581121,1
0.26362,0.275676,0.218642,-0.183196,-0.119346,0.308324,0.307018,-0.028351,-178.348321,2.825488,13.897128,1
0.268123,0.272911,0.185362,-0.15921,-0.094927,0.246374,0.242285,0.044702,-174.079669,-4.854224,12.712872,1
0.162952,0.229627,0.275554,-0.250852,-0.114032,0.170117,0.163229,0.047917,-174.534578,6.173269,10.91799,1
0.289755,0.29234,0.117418,-0.106352,-0.049763,0.231464,0.230989,-0.014815,-174.891286,8.869851,6.856587,1
0.273086,0.253194,0.147917,-0.13661,-0.05672,0.2432,0.242943,0.011184,-177.690443,0.390278,1.327961,1
0.267169,0.240163,0.168388,-0.15925,-0.054718,0.240397,0.239985,-0.01406,-177.113073,2.243538,0.829013,1
0.223599,0.393297,0.213002,-0.156467,-0.144527,1.311514,1.310076,-0.06141,179.298473,-26.789535,14.770304,0
0.290966,0.266327,0.182851,-0.159784,-0.088902,0.263537,0.261846,0.029812,-174.025377,9.969254,11.129261,0
0.305745,0.264193,0.245037,-0.244158,-0.020737,0.377816,0.376152,-0.035414,-169.758255,27.326616,8.993443,0
0.255184,0.273285,0.189416,-0.186952,-0.030452,0.399128,0.397196,-0.039223,-168.457048,25.509301,9.176074,0
0.195895,0.222594,0.26062,-0.255847,-0.049651,0.306603,0.30657,0.004511,-155.647498,0.176468,-166.967805,0
0.283167,0.239954,0.250004,-0.243095,-0.058365,0.287249,0.285261,-0.033739,-167.918053,22.658489,8.942411,0
0.216377,0.242432,0.098472,-0.095841,-0.02261,0.357385,0.334826,-0.12496,-167.577461,2.411041,5.871878,0
0.236661,0.270336,0.283805,-0.273994,-0.073975,0.200636,0.084349,-0.182044,-169.263796,-2.798842,5.977268,0
0.21555,0.265172,0.242298,-0.232439,-0.068414,0.177263,0.136162,-0.113499,-168.969033,-5.164892,5.821664,0
0.209217,0.237254,0.230421,-0.218361,-0.073568,0.287327,0.233769,-0.167059,-173.527764,-6.439177,4.999732,0
0.220814,0.268184,0.253233,-0.245014,-0.063992,0.327503,0.251222,-0.21011,-173.690457,-3.169651,4.353377,0
0.167877,0.266074,0.254945,-0.254533,-0.014493,0.277294,0.093593,-0.261022,-173.376425,-11.604405,3.392674,0
0.175897,0.176418,0.18267,-0.180416,-0.028607,0.377717,0.327346,-0.188453,-174.941687,-6.474023,0.670925,0
0.207194,0.222158,0.163084,-0.159075,-0.035939,0.176734,0.10668,-0.140904,-151.103148,-29.702778,173.83581,0
0.253172,0.268538,0.203192,-0.195426,-0.055639,0.299102,0.283826,-0.094366,-177.596812,-8.269559,-0.248209,0
0.283444,0.25466,0.181278,-0.177771,-0.035486,0.188803,0.187135,-0.025037,-179.789088,-0.354097,-0.957637,0
0.22748,0.269505,0.209043,-0.204327,-0.044152,0.172276,0.171557,-0.015716,179.629049,-1.5288,-0.569866,0
0.263861,0.266054,0.156051,-0.152439,-0.033382,0.197671,0.196395,-0.022417,-177.390823,-3.044524,-0.147998,0
0.223215,0.266152,0.262141,-0.259575,-0.036587,0.09494,0.080077,-0.051004,-178.180611,2.643578,-1.564291,0
0.256623,0.242867,0.215494,-0.201751,-0.075724,0.212604,0.211567,0.020974,135.36351,71.973709,-40.103923,0
0.194914,0.266874,0.212,-0.203415,-0.059718,0.210275,0.209636,-0.016381,-172.735536,-10.782483,2.86009,0
0.217155,0.247082,0.193708,-0.186756,-0.051429,0.227752,0.227752,-0.000259,-175.6397,-14.176304,7.351757,0
0.249541,0.248607,0.167054,-0.151273,-0.070877,0.25951,0.259362,0.008736,135.362225,73.734647,-22.045592,0
0.251599,0.237753,0.171805,-0.162818,-0.054839,0.17615,0.16049,-0.072608,-175.250081,-11.254413,7.581604,0
0.252554,0.258958,0.237943,-0.218957,-0.093139,0.213809,0.21157,0.03086,-157.120647,-43.011922,178.891062,0
0.246992,0.254898,0.261944,-0.245692,-0.090831,0.180189,0.18007,0.006537,-173.326712,-12.368251,8.688469,0
0.199045,0.262879,0.268397,-0.259538,-0.068388,0.351976,0.349123,-0.04472,-172.798383,-11.194492,7.787402,0
0.245324,0.25128,0.221647,-0.208868,-0.074171,0.304069,0.302273,0.032998,-173.786951,-8.376349,7.94908,0
0.240978,0.265392,0.136458,-0.121561,-0.061997,0.29395,0.291546,-0.037518,-173.075064,-7.268288,7.831055,0
0.154669,0.24076,0.152337,-0.149815,0.027603,0.191343,0.159024,-0.106412,173.868155,12.472423,-22.217918,0
0.206352,0.260405,0.213651,-0.213504,0.007935,0.124342,0.102091,-0.07098,173.637764,9.126916,-23.951771,0
0.2084,0.262518,0.142104,-0.141989,0.005705,0.142497,0.121601,-0.074288,174.745698,8.428187,-23.579763,0
0.264733,0.266674,0.201858,-0.197662,0.040946,0.090688,0.089636,-0.013778,176.171412,7.316195,-23.532159,0
0.222806,0.268647,0.162967,-0.162654,0.010095,0.149554,0.138833,-0.055604,176.740357,8.1944,-24.564093,0
0.255863,0.264468,0.108053,-0.107338,0.012416,0.139413,0.135688,-0.032011,175.859075,9.608208,-24.459916,0
0.224387,0.273636,0.182086,-0.181869,-0.00889,0.111634,0.106753,-0.032648,178.146712,8.763623,-24.730159,0
0.270482,0.285354,0.099298,-0.09682,-0.022044,0.168275,0.167096,-0.019886,176.756406,5.584392,-23.959496,0
0.230944,0.266771,0.201077,-0.200867,0.009174,0.188911,0.171779,-0.078609,178.269193,3.262456,-19.836013,0
0.204939,0.232268,0.034518,0.017402,-0.02981,0.654007,0.64233,-0.123036,174.161248,-20.315106,-3.196067,0
0.217841,0.271756,0.225504,-0.121136,-0.190206,0.246153,0.174657,-0.173453,175.492841,-12.414504,18.067082,0
0.236875,0.264827,0.192537,-0.192521,-0.002484,0.174772,0.173165,0.023648,171.091267,6.8806,-3.483874,1
0.240108,0.331947,0.151153,-0.149108,-0.024783,0.18618,0.182733,-0.03566,175.837619,-4.189121,-3.044885,1
0.236963,0.286171,0.158186,-0.155805,-0.027341,0.182692,0.165264,-0.077872,174.678536,-15.08114,-2.286402,1
0.234352,0.284902,0.195351,-0.194139,-0.021728,0.170327,0.138309,-0.099407,178.222968,-8.187569,-2.789317,1
0.202142,0.286726,0.207632,-0.206488,-0.021762,0.18222,0.132994,-0.124566,176.613727,-13.165443,-2.006161,1
0.178389,0.286515,0.141581,-0.141337,-0.008307,0.189465,0.090784,-0.166299,176.056638,-10.900245,-3.497965,1
0.233058,0.285775,0.195259,-0.193133,-0.028738,0.110632,0.061772,-0.09178,176.366881,-12.231175,-4.036359,1
0.173551,0.287366,0.138724,-0.137357,-0.019426,0.184357,0.159601,-0.092275,173.463815,-8.734481,-4.434735,1
0.196126,0.275368,0.142933,-0.141258,0.021817,0.178701,0.175384,-0.034273,174.574254,-11.163766,-4.429942,1
0.160633,0.310136,0.101828,-0.100534,-0.016181,0.187145,0.178702,-0.055578,176.339899,-13.885951,-4.591642,1
0.190475,0.278873,0.147859,-0.147278,-0.013086,0.22519,0.215299,-0.066007,175.96387,-12.008469,-4.857566,1
0.179094,0.30237,0.206658,-0.205606,-0.02083,0.10944,0.091425,-0.060154,175.806803,-14.795641,-5.428549,1
0.186622,0.292342,0.170733,-0.16827,-0.028893,0.197111,0.131176,-0.147124,175.856193,-10.867657,-2.450532,1
0.236934,0.287811,0.217926,-0.215665,-0.031312,0.201932,0.147193,-0.138242,176.042949,-14.726603,-0.553085,1
0.290656,0.236454,0.0857,-0.077643,-0.036277,0.294826,0.293068,-0.03215,174.952573,11.132873,12.890662,1
0.297163,0.313599,0.135032,-0.111262,-0.076515,0.219043,0.212216,0.054259,177.814566,-12.236358,19.555685,1
0.20856,0.190929,0.176019,-0.147162,-0.096572,0.194613,0.191623,-0.033985,170.841982,-0.05221,1.746535,1
0.206859,0.251027,0.093835,-0.08603,-0.037466,0.20756,0.198692,-0.060021,172.74779,-3.165317,-4.906041,1
0.226147,0.297537,0.221801,-0.220812,-0.020923,0.201147,0.191687,-0.060961,173.179385,-15.925731,-2.943573,1
0.149615,0.248195,0.151294,-0.144512,-0.04479,0.292802,0.26812,-0.117663,174.506852,-19.923214,-3.764793,1
0.134971,0.216234,0.195159,-0.192207,-0.033813,0.200587,0.180706,-0.087066,172.64131,-23.543795,-1.593569,0
0.200362,0.227019,0.21687,-0.189762,-0.10499,0.27413,0.227438,-0.153034,169.609988,-25.591141,3.684453,0
0.150438,0.208283,0.178645,-0.1649,-0.068717,0.190512,0.188715,-0.026105,169.808745,-24.204122,7.589326,0
0.175049,0.239777,0.186616,-0.186454,-0.007767,0.164477,0.163669,-0.016284,178.891672,-14.496403,-1.674317,0
0.207529,0.259026,0.187801,-0.182947,-0.042423,0.177874,0.171279,-0.047984,177.748803,-12.653569,-2.031884,0
0.19948,0.26819,0.195492,-0.191011,-0.041617,0.189442,0.183249,-0.04804,178.173234,-13.57782,-3.788253,0
0.180837,0.253231,0.210872,-0.208053,-0.034365,0.168064,0.15321,-0.069082,179.629515,-11.249189,-4.594412,0
0.227802,0.247061,0.166321,-0.165233,-0.018993,0.213002,0.18857,-0.099051,-178.894059,-5.85788,-8.205888,0
0.251397,0.224553,0.156187,-0.153062,-0.031083,0.144485,0.135982,-0.048833,-178.034497,-2.333435,-9.821773,0
0.197173,0.226231,0.160709,-0.157269,-0.033073,0.238779,0.22794,-0.071125,177.981134,-0.8559,-9.785622,0
0.16428,0.252547,0.13209,-0.044995,-0.12419,0.301161,0.272858,-0.127461,-179.347405,-5.407638,-5.932179,0
0.168092,0.227747,0.290239,-0.289012,0.026656,0.349702,0.30021,-0.179347,-178.129805,-3.747972,-7.577097,0
0.179273,0.267,0.269264,-0.262474,-0.060087,0.301167,0.285652,-0.095419,176.365228,-8.369725,-6.004256,0
0.192622,0.19066,0.200198,-0.194596,-0.047026,0.161133,0.15022,-0.058291,176.568969,-8.280142,-6.656441,0
0.239215,0.226356,0.186833,-0.185878,-0.018869,0.239861,0.222686,-0.089131,-178.374741,-8.497405,-7.723222,0
0.253849,0.222858,0.176926,-0.172794,-0.038011,0.206534,0.194212,-0.070271,179.292645,-8.371052,-8.368594,0
0.236149,0.203187,0.173723,-0.171842,-0.025496,0.327967,0.309608,-0.108193,177.970146,-8.039778,-8.98641,0
0.189882,0.23157,0.17197,-0.1706,-0.021667,0.261782,0.231883,-0.121491,178.033639,-8.56238,-8.80777,0
0.177872,0.237552,0.200179,-0.194381,-0.047831,0.237858,0.23718,-0.017951,178.259583,-11.766665,-7.1653,0
0.148212,0.242072,0.040592,-0.033351,0.023139,0.293433,0.278945,-0.091063,168.408383,-18.144902,8.025584,0
0.177742,0.287518,0.274073,-0.259224,-0.08899,0.13843,0.138277,0.006502,175.918959,-16.827029,14.803214,0
0.181974,0.251391,0.320144,-0.29587,-0.122283,0.214636,0.210471,-0.042074,-179.734675,-16.791419,16.537952,0
0.206773,0.180941,0.115872,-0.11472,-0.016298,0.125417,0.080376,-0.096275,-178.038807,2.573798,-5.226424,1
0.301411,0.291907,0.110643,-0.110583,-0.003646,0.23278,0.213891,-0.091853,-179.137079,-2.82153,-5.208238,1
0.304696,0.308515,0.201229,-0.200744,-0.013963,0.1319,0.118672,-0.057571,179.427382,-3.890193,-6.012856,1
0.263868,0.270098,0.147076,-0.146753,-0.009737,0.137607,0.130537,-0.043539,179.683501,-4.494264,-4.74198,1
0.273048,0.290578,0.154187,-0.153545,-0.014049,0.182146,0.168529,-0.069104,-179.948322,-6.228186,-7.460385,1
0.288945,0.284805,0.185079,-0.182392,-0.031422,0.193199,0.174856,-0.082166,179.96585,-3.6678,-7.176482,1
0.28274,0.277826,0.16016,-0.153791,-0.044717,0.194207,0.174455,-0.085335,-179.66696,-8.18372,-5.654715,1
0.168183,0.203329,0.201768,-0.199444,-0.030536,0.190939,0.159097,-0.105575,-178.594106,-14.221382,-0.30234,1
0.252137,0.283725,0.218961,-0.216232,-0.034464,0.180771,0.16553,-0.072648,-175.273832,-10.164391,-1.20673,1
0.281432,0.279977,0.214793,-0.208912,-0.049918,0.213854,0.203506,-0.065718,-176.793015,-10.397851,-0.9873,1
0.284503,0.263084,0.252857,-0.246792,-0.055049,0.180338,0.165316,-0.072057,-176.915797,-6.026185,-2.030225,1
0.278329,0.260672,0.172527,-0.165922,-0.047279,0.143565,0.120211,-0.078488,-177.875127,-6.444576,-4.022841,1
0.295018,0.254526,0.214672,-0.210004,-0.044524,0.169628,0.148559,-0.081879,-176.554739,-5.26958,-4.270974,1
0.262706,0.270162,0.164474,-0.159705,-0.039316,0.216361,0.185146,-0.111951,-174.717894,-5.84298,-5.580545,1
0.291439,0.265943,0.264191,-0.261823,-0.035294,0.165727,0.146576,-0.077337,-177.50907,-1.821363,-5.677087,1
0.290591,0.261179,0.24344,-0.242389,-0.022604,0.151098,0.134623,-0.068608,-177.39644,-2.567125,-5.755915,1
0.258314,0.244667,0.201346,-0.196457,-0.044099,0.162549,0.131964,-0.094908,-175.386839,-4.416552,-3.591961,1
0.250875,0.245982,0.196374,-0.192101,-0.040745,0.148286,0.120562,-0.086335,-176.048998,-4.838521,-5.354543,1
0.290238,0.260656,0.201829,-0.197165,-0.04314,0.155844,0.135055,-0.077766,-179.711549,-2.933773,-5.281508,1
0.283815,0.22431,0.241223,-0.238945,-0.033076,0.172922,0.16342,-0.056534,-179.18537,-4.598884,-5.267671,1
0.311853,0.265718,0.261681,-0.25805,-0.043442,0.152791,0.135837,-0.069952,-178.294026,-2.864878,-5.53288,1
0.264531,0.291422,0.18589,-0.185608,-0.010247,0.170726,0.152178,-0.077389,-175.724137,-10.131966,-2.989277,1
0.242792,0.281936,0.209478,-0.207592,-0.02805,0.223894,0.209292,-0.079534,-176.324394,-10.900473,-1.84775,1
0.252761,0.266749,0.25787,-0.2558,-0.032609,0.19365,0.178074,-0.076091,-175.414428,-10.865985,-1.362633,1
0.232134,0.267932,0.268509,-0.267762,-0.020007,0.076083,0.018503,-0.073799,-175.652023,0.287842,-5.609442,1
0.292737,0.246915,0.208606,-0.208061,-0.015069,0.183186,0.162054,-0.085414,-178.216477,9.707837,-11.915221,1
0.310304,0.234226,0.135571,-0.132365,-0.029306,0.198333,0.181751,-0.079388,-176.977447,17.632296,-12.436003,1
0.31598,0.245286,0.165824,-0.162399,-0.03353,0.209784,0.191935,-0.084679,-178.65635,18.049455,-13.452314,1
0.306554,0.265361,0.279867,-0.2778,-0.033957,0.168036,0.134554,-0.100656,-178.001595,10.818617,-11.845607,1
0.279441,0.248966,0.276155,-0.275941,-0.010855,0.141256,0.12739,-0.061033,-177.830326,13.365958,-11.651753,1
0.302866,0.250406,0.279236,-0.278376,-0.021897,0.194354,0.177641,-0.078848,-177.485278,11.88708,-10.789322,1
0.293935,0.226005,0.291198,-0.291177,-0.003554,0.173934,0.148736,-0.09017,-177.234197,10.627139,-10.440576,1
0.280472,0.256533,0.257274,-0.256807,-0.015496,0.211142,0.184108,-0.103369,-176.807869,7.18737,-10.395959,1
0.298967,0.263769,0.260209,-0.260109,-0.007216,0.182874,0.164673,-0.079534,-177.837507,6.805753,-10.437376,1
0.295043,0.252014,0.283666,-0.283447,-0.011159,0.232808,0.216639,-0.085248,-176.554765,5.963677,-10.78001,1
0.289789,0.269586,0.277967,-0.277416,-0.017502,0.225404,0.201532,-0.100954,-177.006917,6.304088,-10.860341,1
0.283872,0.246393,0.214114,-0.211488,-0.033432,0.17681,0.151454,-0.091234,-177.394378,5.864488,-10.601825,1
0.263291,0.235731,0.25487,-0.254668,-0.010142,0.186526,0.171214,-0.074012,-177.482286,7.132837,-10.271581,1
0.277922,0.259176,0.278544,-0.277998,-0.017432,0.20055,0.177954,-0.092479,-176.621404,6.213674,-9.916636,1
0.257055,0.226297,0.185326,-0.18523,-0.005963,0.174736,0.15729,-0.076107,-175.171869,-3.295262,-7.95509,1
0.259089,0.202675,0.279496,-0.162985,-0.227054,0.185634,0.065343,-0.173753,-173.760266,21.260753,-5.190795,0
0.315865,0.189814,0.330123,-0.136273,-0.300684,0.265262,0.22577,-0.139255,-142.172888,30.764143,-170.090201,0
0.215079,0.242627,0.185163,-0.142809,-0.11786,0.283097,0.279731,0.043522,-165.287945,23.665395,-8.628091,0
0.24097,0.180486,0.265835,-0.232591,-0.128724,0.360966,0.322311,0.162517,169.638736,-13.058414,-7.45625,0
0.146396,0.203164,0.144563,-0.142888,0.021946,0.175436,0.16509,-0.059356,179.960489,-9.632132,-13.830267,0
0.281598,0.243184,0.165051,-0.162576,-0.028475,0.188589,0.173073,-0.074909,-176.84721,7.089829,-15.632564,1
0.256923,0.221845,0.148375,-0.145671,-0.028193,0.180037,0.161335,-0.079902,-178.833507,5.619084,-15.467903,1
0.287817,0.259836,0.17417,-0.173557,-0.014601,0.173173,0.144523,-0.095405,-176.957946,6.162891,-15.031567,1
0.20335,0.258656,0.15939,-0.158917,0.012265,0.178465,0.158681,-0.081671,-178.501959,-15.672786,-5.447831,1
0.221784,0.287371,0.240726,-0.239622,-0.023019,0.172655,0.148581,-0.08794,-175.721164,-6.673782,-8.037804,1
0.25562,0.267863,0.152557,-0.145414,-0.046134,0.208033,0.201668,-0.051069,-177.750333,-7.351484,-5.916899,1
0.267813,0.256937,0.280407,-0.27677,-0.045013,0.122462,0.113241,-0.046619,-177.981616,-5.858177,-5.347917,1
0.279586,0.25592,0.179356,-0.173497,-0.045469,0.197561,0.186116,-0.066264,-176.378898,-5.549864,-5.552146,1
0.272103,0.239149,0.246438,-0.245719,-0.018804,0.152098,0.126488,-0.084467,-177.079342,1.543061,-9.671004,1
0.275533,0.282004,0.174066,-0.168716,-0.042824,0.169169,0.152979,-0.072219,-174.382668,-8.073929,-3.719392,1
0.244884,0.253634,0.244296,-0.240334,-0.043817,0.245564,0.206601,-0.132733,-171.623621,-15.855644,-1.549008,1
0.270697,0.264109,0.210688,-0.206469,-0.04195,0.156178,0.138784,-0.071628,-176.314102,-3.923972,-4.196281,1
0.257307,0.225666,0.196904,-0.19348,-0.036562,0.199214,0.185085,-0.073687,-177.442536,-10.869323,-4.813799,1
0.262399,0.253831,0.147034,-0.143295,-0.032945,0.159727,0.1432,-0.070757,-178.293984,-6.984677,-4.812829,1
0.275228,0.254209,0.202363,-0.198989,-0.036802,0.187613,0.164763,-0.089732,-177.524813,-6.91303,-4.99755,1
0.271677,0.279741,0.15321,-0.148753,-0.036683,0.203411,0.181149,-0.092527,-177.965587,-11.618681,-4.527471,1
0.272981,0.275209,0.242225,-0.23863,-0.041579,0.207374,0.188003,-0.087513,-179.242617,-12.424274,-4.496481,1
0.26377,0.268055,0.213474,-0.205311,-0.058469,0.155595,0.133962,-0.079145,-175.662801,-3.942611,-5.809536,1
0.264254,0.262187,0.19666,-0.194373,-0.029907,0.166516,0.142516,-0.086119,-176.824301,-5.504884,-7.977445,1
0.217039,0.257956,0.227664,-0.227186,-0.014737,0.168961,0.143945,-0.088474,-178.369683,-12.13945,-6.066314,1
0.262102,0.262763,0.156985,-0.147658,-0.053304,0.167301,0.15195,-0.070006,-175.5032,-10.442301,-6.079791,1
0.277988,0.270537,0.255373,-0.254778,-0.017423,0.160222,0.13283,-0.089596,-177.539673,-11.116222,-5.959457,1
0.267019,0.279679,0.228618,-0.223276,-0.049133,0.19636,0.168373,-0.101033,-177.784044,-11.775336,-6.778406,1
0.258325,0.276524,0.246001,-0.244808,-0.024202,0.145119,0.122839,-0.077266,-179.643594,-11.449787,-6.480155,1
0.217831,0.272384,0.034424,-0.023472,-0.025182,0.583452,0.559894,-0.164119,-178.346419,-23.750895,0.891916,1
0.287828,0.257844,0.219781,-0.218925,-0.019375,0.160957,0.139983,-0.079447,179.669749,-1.651822,-5.962597,1
0.27025,0.281079,0.234242,-0.232347,-0.029735,0.192519,0.180371,-0.067302,178.957619,-10.67629,-5.053126,1
0.283028,0.263236,0.194753,-0.19119,-0.037083,0.176799,0.14763,-0.097279,179.427861,-3.874483,-8.343537,1
0.250955,0.283377,0.217562,-0.217484,-0.005855,0.155127,0.148295,-0.04553,166.535747,7.343165,-11.526424,1
0.273934,0.224155,0.221508,-0.2214,-0.006916,0.125195,0.112362,-0.055215,-171.95297,1.318091,-11.549617,0
0.205886,0.272845,0.263878,-0.263763,0.0078,0.193113,0.168675,-0.094028,-170.958316,4.599865,-13.350869,0
0.154531,0.209957,0.288597,-0.243177,0.155413,0.351022,0.29546,0.189525,-167.611407,11.339738,7.114384,0
0.177699,0.228653,0.223441,-0.218796,-0.045326,0.142884,0.124916,-0.069367,-179.529201,-4.336876,10.192832,0
0.10327,0.171421,0.098723,-0.070355,-0.069256,0.165644,0.139793,-0.088858,177.06853,-7.436185,12.494042,0
0.100704,0.149206,0.123792,-0.075683,-0.097962,0.248447,0.24836,-0.006598,174.294351,-6.464522,15.048042,0
0.084373,0.166676,0.20416,0.167458,-0.116786,0.355555,0.342981,-0.093718,163.620032,-6.341157,9.182468,0
0.21608,0.221786,0.227215,-0.076031,-0.214116,0.298853,0.081871,0.28742,-167.871224,-45.717132,169.687502,0
0.217956,0.186514,0.079817,-0.075735,-0.025201,0.280419,0.258244,-0.109292,178.227127,21.034691,-17.067455,0
0.132924,0.197868,0.141101,-0.134296,-0.043291,0.330349,0.330168,0.010921,179.782467,14.955507,-13.162731,0
0.167507,0.144433,0.133309,-0.127141,-0.040081,0.337661,0.335903,0.03441,-179.956104,15.105331,-9.793951,0
0.190546,0.145103,0.149457,-0.145995,-0.031983,0.332868,0.325068,-0.07164,-177.188452,16.230123,-10.096652,0
0.222424,0.190143,0.109755,-0.099101,-0.047173,0.242269,0.241056,-0.024216,179.977543,14.268617,-10.619147,0
0.221425,0.231438,0.143883,-0.138565,-0.038758,0.233401,0.231694,-0.028175,-177.98193,13.280682,-9.324365,0
0.227433,0.185652,0.12425,-0.121137,-0.027641,0.187094,0.18602,-0.020018,-176.5213,10.869144,-8.848666,0
0.224412,0.239866,0.110929,-0.10551,-0.034248,0.180527,0.179065,-0.022935,-177.845484,8.729433,-9.618817,0
0.223011,0.189208,0.142432,-0.141508,-0.016194,0.121377,0.12136,0.002069,-178.098399,10.269194,-8.420383,0
0.279884,0.192248,0.090462,-0.082468,-0.037182,0.148763,0.147934,0.015688,-177.754599,8.65602,-7.907016,0
0.265674,0.183092,0.147579,-0.142138,-0.039702,0.145018,0.144073,-0.016521,-178.965434,7.538937,-8.642679,0
0.224526,0.189972,0.154333,-0.147967,-0.043871,0.047949,0.045262,0.015825,-176.673483,4.562581,-8.128882,0
0.199714,0.217819,0.158596,-0.158505,-0.005368,0.128437,0.127196,-0.017813,-179.490493,-2.915442,-7.906516,0
0.203266,0.186584,0.147325,-0.144188,-0.030241,0.110382,0.065503,-0.088846,-179.530376,0.690479,-6.516925,0
0.231272,0.202681,0.210973,-0.205253,-0.048795,0.080187,0.071299,-0.036692,-178.486017,3.386285,-5.841522,0
0.230236,0.18004,0.19693,-0.194655,-0.029849,0.068927,0.05916,-0.03537,-178.323271,3.210878,-3.964265,0
0.216417,0.240274,0.2202,-0.216752,-0.038818,0.191572,0.18949,-0.028169,-177.633343,-5.490607,1.44385,0
0.184681,0.186356,0.175342,-0.175274,0.004869,0.194988,0.185645,-0.059633,179.178643,1.930146,-3.197761,0
0.269472,0.232468,0.154941,-0.154937,-0.001173,0.336429,0.329884,-0.066038,175.830329,18.673666,-10.744425,0
0.26829,0.215059,0.117251,-0.112121,-0.034304,0.132443,0.126826,-0.038161,177.019351,21.523463,-12.462852,0
0.283634,0.240507,0.119157,-0.108021,-0.050299,0.203834,0.202627,-0.022147,177.423533,19.141029,-10.869464,0
0.283123,0.185281,0.134312,-0.12037,-0.05959,0.20975,0.203575,-0.050519,175.45683,19.187851,-9.746549,0
0.299101,0.233002,0.13682,-0.125426,-0.054662,0.179592,0.176728,-0.031945,176.690311,18.988557,-9.669801,0
0.194456,0.136723,0.082431,-0.052267,-0.063743,0.048174,0.038806,0.028546,177.552161,18.740794,-9.502994,0
0.207164,0.178582,0.126423,-0.120209,-0.039149,0.138941,0.089567,-0.106218,-178.364903,13.794758,-6.781825,1
0.309465,0.263077,0.288763,-0.287034,-0.031551,0.187931,0.176528,-0.064466,-179.534338,8.87576,-5.529664,1
0.250612,0.202739,0.18218,-0.178886,-0.034487,0.090116,0.080822,-0.039858,-179.788981,11.173175,-5.244286,1
0.279369,0.242107,0.282227,-0.27931,-0.040473,0.091536,0.079551,-0.045282,179.414463,9.247517,-6.863295,1
0.29033,0.241885,0.292747,-0.289935,-0.040478,0.045172,0.043364,-0.012649,179.23851,16.116191,-7.412303,1
0.282739,0.284872,0.165538,-0.159065,-0.045837,0.267884,0.252575,-0.089263,-173.109179,-11.356008,-0.626409,1
0.208057,0.202443,0.107541,-0.094318,-0.051663,0.166924,0.165735,-0.019887,-173.20719,-1.167118,0.677561,1
0.296134,0.299373,0.206076,-0.199471,-0.051754,0.228246,0.219605,-0.06221,-174.572946,-8.849535,1.04662,1
0.315731,0.268717,0.278079,-0.272641,-0.054726,0.214473,0.194802,-0.089725,179.464855,-9.682119,-2.689792,1
0.292778,0.278777,0.275439,-0.271468,-0.046601,0.155456,0.126903,-0.089791,179.989629,-4.708543,-3.059575,1
0.142336,0.238746,0.269675,-0.26935,-0.013231,0.096052,0.095915,0.005131,-178.737694,-0.694297,-3.469238,1
0.315513,0.235955,0.302783,-0.301586,-0.026895,0.115565,0.105284,-0.047651,179.710184,15.804976,-7.448483,1
0.307709,0.238007,0.282764,-0.278871,-0.046763,0.153003,0.146401,-0.044459,179.881598,15.795412,-7.008215,1
0.311986,0.293051,0.078016,-0.061638,-0.047824,0.2871,0.275495,-0.080801,-178.183595,-4.519175,-1.481003,1
0.283632,0.285922,0.189826,-0.180335,-0.059273,0.16573,0.158261,-0.049195,-178.807686,-8.809883,0.229008,1
0.126993,0.198231,0.307371,-0.298961,-0.071407,0.159789,0.150454,-0.053817,171.951999,-6.382667,6.849451,0
0.160609,0.213239,0.207248,-0.183864,-0.095633,0.194321,0.180717,-0.071429,169.598141,-6.426516,13.017487,0
0.212598,0.22859,0.131247,-0.131199,-0.003568,0.221209,0.214823,-0.052769,-178.739726,-6.006384,-3.825896,0
0.2227,0.245585,0.246656,-0.241169,0.051739,0.120507,0.092231,-0.07756,-173.997087,4.833594,-14.336768,0
0.284532,0.236633,0.235871,-0.231244,-0.046489,0.151328,0.139036,-0.059742,-173.105381,8.613205,-6.384866,0
0.276628,0.348744,0.166235,-0.114315,-0.120691,0.279152,0.252914,0.118153,-169.12866,-5.247779,29.23661,1
0.3275,0.290722,0.126183,-0.101263,-0.075286,0.250463,0.243179,0.059963,-170.106976,0.763603,26.307799,1
0.328788,0.295307,0.143673,-0.127098,-0.066991,0.269339,0.265221,0.04692,-173.769044,6.496651,19.815641,1
0.278797,0.259743,0.155812,-0.149121,-0.045169,0.196866,0.187914,-0.058691,-172.923738,4.550777,-3.246341,1
0.247788,0.290166,0.128737,-0.128558,-0.006796,0.219188,0.209983,-0.062854,-150.324759,-7.767816,178.128515,1
0.290107,0.236937,0.267533,-0.263665,-0.045332,0.260083,0.241157,-0.097398,-176.728183,8.696608,-6.767941,1
0.269951,0.245846,0.246374,-0.244086,-0.033501,0.269092,0.255375,-0.084816,-175.375381,8.763761,-8.556792,1
0.249455,0.260944,0.305631,-0.303267,-0.037943,0.203583,0.196429,-0.053493,-158.093202,-4.473097,172.103025,1
0.213086,0.226933,0.275076,-0.271701,-0.042962,0.229676,0.207449,-0.098571,176.401934,-2.886372,-6.040633,1
0.260892,0.267438,0.220011,-0.218173,-0.028385,0.191424,0.167149,-0.093297,-179.926437,-2.082456,-7.549066,1
0.254185,0.280617,0.225288,-0.222067,-0.037957,0.239666,0.216256,-0.103309,179.345222,0.925354,-8.48802,1
0.258694,0.267166,0.239925,-0.239448,-0.01512,0.187507,0.160924,-0.096239,179.185927,-3.323727,-7.682348,1
0.240408,0.268834,0.299027,-0.298678,-0.014431,0.17597,0.153436,-0.086156,177.769107,-8.22367,-7.179375,1
0.264448,0.242583,0.250613,-0.2496,-0.022512,0.19323,0.169847,-0.092141,179.342365,-6.785023,-7.749042,1
0.265826,0.250473,0.264821,-0.264437,-0.014245,0.212252,0.19455,-0.084858,-177.869546,3.122113,-6.416005,1
0.273666,0.242044,0.253139,-0.249276,-0.044054,0.277241,0.255527,-0.107555,-178.689414,5.315684,-6.314912,1
0.304261,0.277309,0.205765,-0.200777,-0.04503,0.296069,0.255842,-0.149002,-179.424434,1.904419,-7.603476,1
0.285004,0.247978,0.287102,-0.286073,-0.024279,0.230975,0.206044,-0.10438,179.062347,4.094727,-8.723313,1
0.297036,0.26094,0.266615,-0.261489,-0.052032,0.233515,0.225818,-0.059463,177.54607,18.229754,0.030386,1
0.2958,0.254024,0.136414,-0.089498,-0.102951,0.306249,0.291102,-0.09512,177.280434,33.899149,5.52076,0
0.361734,0.272338,0.258247,0.235901,-0.105082,0.385617,0.383356,-0.041698,-165.836815,34.924898,-161.573415,0
0.302103,0.232192,0.082776,-0.024524,-0.079059,0.402913,0.398019,0.062609,176.786772,32.949869,12.768362,0
0.287162,0.247247,0.087682,-0.020833,-0.085171,0.326006,0.32572,0.013651,176.101168,35.687406,10.7091,0
0.318534,0.237442,0.099278,-0.038741,-0.091407,0.31603,0.315728,0.013801,179.071405,37.89226,11.045466,0
0.192573,0.208864,0.132677,-0.115539,-0.065222,0.252532,0.252496,0.0043,-175.476907,-2.223212,6.830388,0
0.227425,0.228404,0.191382,-0.174236,-0.079176,0.150779,0.150428,-0.010282,-178.14549,-14.732008,8.562986,0
0.220721,0.218378,0.197382,-0.187406,-0.061958,0.15332,0.15332,-0.000151,-177.717748,-15.156289,10.647443,0
0.249244,0.302154,0.182303,-0.173056,-0.057323,0.190972,0.190969,0.001143,-177.138619,-15.364302,9.955639,0
0.16202,0.247125,0.143779,-0.1434,-0.010426,0.205046,0.184145,-0.090191,-175.110961,-17.793906,-9.193362,0
0.188567,0.21616,0.134133,-0.126121,-0.045663,0.20768,0.196531,-0.067131,-179.46717,-20.72329,-0.303914,0
0.149888,0.11767,0.211176,-0.204878,-0.051189,0.089002,0.087601,-0.015731,-170.510155,-10.571997,-2.443708,1
0.216974,0.254055,0.158964,-0.154895,-0.035735,0.228158,0.218287,-0.066385,-172.444372,-13.193563,-0.410412,1
0.188341,0.24299,0.196124,-0.193234,-0.033545,0.155192,0.147616,-0.047896,-174.455697,-17.637802,-1.633971,1
0.193825,0.259882,0.296497,-0.295287,-0.026763,0.115923,0.106363,-0.046098,-173.548038,-17.500524,-0.861137,1
0.236772,0.256842,0.223016,-0.217652,-0.048621,0.120348,0.1107,-0.047214,-178.419736,-20.885975,-0.509313,1
0.230685,0.2543,0.229926,-0.228476,-0.025785,0.163306,0.151208,-0.061685,-177.54638,-15.306864,-2.244073,1
0.217504,0.260897,0.268503,-0.267096,-0.02745,0.197168,0.180351,-0.079679,-176.352469,-16.47964,-2.285238,1
0.165854,0.253698,0.167242,-0.16389,-0.033315,0.20267,0.193354,-0.06074,-175.909835,-17.642567,-2.980056,1
0.175481,0.264506,0.16914,-0.167057,-0.026464,0.244533,0.239129,-0.051124,-176.398106,-16.455166,-1.734385,1
0.228444,0.256096,0.141574,-0.140635,-0.016276,0.158515,0.149683,-0.052172,-177.320732,-17.721627,-2.533067,1
0.172079,0.239456,0.199806,-0.199118,-0.016559,0.161592,0.1551,-0.045342,-176.30225,-18.602809,-2.730497,1
0.214366,0.247817,0.293674,-0.293367,-0.013413,0.205568,0.196747,-0.059569,-173.905262,-18.778345,-3.049997,1
0.222115,0.268747,0.257917,-0.257305,-0.017756,0.151565,0.141869,-0.053341,-172.115722,-15.064862,-3.469473,1
0.254957,0.252143,0.278629,-0.277845,-0.020888,0.230454,0.217426,-0.076388,-174.04621,-17.821442,-3.568915,1
0.202466,0.25375,0.151027,-0.14416,-0.045023,0.218829,0.211421,-0.056457,-177.169767,-15.639809,-1.675855,1
0.149902,0.255794,0.161272,-0.153601,-0.049148,0.281097,0.276392,-0.051217,-175.310263,7.207318,-1.578681,1
0.189781,0.223041,0.237437,-0.234509,-0.037178,0.224617,0.223377,-0.02357,-174.963671,8.354072,0.020216,1
0.198291,0.218672,0.228532,-0.224277,-0.04389,0.225517,0.222217,-0.038437,178.962529,11.361577,1.174092,1
0.21704,0.221055,0.204554,-0.197903,-0.051737,0.249915,0.244398,-0.052222,-179.242028,-0.46679,0.237377,1
0.161138,0.214618,0.127003,-0.118841,-0.044793,0.248312,0.246532,-0.029676,176.638152,15.376822,-4.498836,1
0.127018,0.214766,0.140664,-0.132971,-0.04588,0.338989,0.335925,-0.045477,-178.381504,9.879405,-1.919281,1
0.187917,0.21621,0.184304,-0.181494,-0.032059,0.24367,0.243459,-0.010149,178.756152,9.832235,-2.675106,1
0.176047,0.216111,0.179572,-0.175681,-0.037181,0.310585,0.3027,-0.069538,178.342552,7.777675,-2.738949,1
0.169502,0.21428,0.178773,-0.17856,-0.008739,0.281022,0.280985,-0.004548,175.190353,17.217078,-9.349925,1
0.223507,0.16896,0.183654,-0.183649,-0.001386,0.247449,0.246649,-0.019881,176.81787,18.496713,-7.888189,1
0.188491,0.218546,0.141392,-0.138106,-0.030308,0.1664,0.162457,-0.036006,177.026723,14.657675,-3.568137,1
0.161645,0.238535,0.251195,-0.248276,-0.038183,0.169949,0.162765,-0.04889,176.10517,0.043952,2.239121,1
0.198822,0.22867,0.178643,-0.164779,-0.069003,0.229306,0.227753,-0.026642,-178.797865,-3.36057,6.164104,1
0.217865,0.259529,0.221821,-0.211162,-0.067936,0.213317,0.212945,-0.012595,179.287657,-4.55516,6.524309,1
0.222063,0.248723,0.177765,-0.167406,-0.059797,0.209534,0.20928,-0.010315,179.371364,-3.109508,5.928192,1
0.230858,0.248563,0.137424,-0.126051,-0.054741,0.205119,0.198722,-0.050827,177.744738,8.572526,-1.431953,1
0.244444,0.25594,0.304282,-0.304102,0.010461,0.162856,0.142429,-0.078969,177.355425,3.698195,-11.231941,1
0.216488,0.231696,0.254583,-0.254575,0.001937,0.182864,0.170682,-0.065627,178.779162,-1.581907,-10.598028,1
0.200133,0.257086,0.192844,-0.191155,-0.02547,0.218158,0.208366,-0.064624,178.309027,-1.723458,-10.12234,1
0.235939,0.249712,0.150007,-0.145568,-0.036223,0.193567,0.186287,-0.052585,-179.395072,-7.151221,-6.660136,1
0.216789,0.248176,0.187451,-0.186737,-0.016347,0.233055,0.21066,-0.099685,179.741334,-7.636487,-7.319347,1
0.210383,0.239037,0.215426,-0.21358,-0.028146,0.219213,0.18979,-0.1097,-179.863861,-13.606734,-5.488444,1
0.202266,0.226063,0.267516,-0.266993,-0.016724,0.170973,0.158824,-0.063298,-179.092678,-14.514684,-4.940102,1
0.225751,0.248586,0.169889,-0.166512,-0.033705,0.230545,0.219027,-0.071959,-178.909005,-17.72259,-3.913307,1
0.215916,0.269928,0.252211,-0.251977,-0.010874,0.18634,0.183207,-0.034022,178.73777,-15.760193,-0.979988,1
0.202485,0.240506,0.230466,-0.228948,-0.026405,0.254456,0.245475,-0.06701,178.863659,-16.705222,-0.667583,1
0.2481,0.279127,0.228104,-0.222944,-0.048241,0.201726,0.190535,-0.066258,-179.195553,-17.374701,-1.373789,1
0.237837,0.278798,0.290993,-0.28756,-0.044571,0.1611,0.14775,-0.064214,-179.540328,-19.894981,-0.788804,1
0.221979,0.28804,0.229906,-0.226573,-0.039004,0.159078,0.142557,-0.070591,-179.694795,-20.077764,-0.381564,1
0.221234,0.266131,0.30066,-0.298022,-0.039743,0.173355,0.160807,-0.064752,-179.346936,-19.049027,-0.335446,1
0.225077,0.243934,0.306158,-0.299348,-0.064212,0.171692,0.156831,-0.069872,179.498735,-18.330943,1.125564,1
0.230149,0.257379,0.265433,-0.261131,-0.047598,0.119958,0.11371,-0.03821,177.901377,-19.796301,2.625831,1
0.232307,0.26083,0.244266,-0.232295,-0.075529,0.166654,0.160343,-0.045427,178.742557,-18.142791,2.22792,1
0.217054,0.261262,0.230786,-0.217802,-0.07632,0.213435,0.190965,-0.095325,177.139022,-17.01202,4.195931,1
0.171362,0.265762,0.231503,-0.231023,-0.014904,0.189169,0.182885,-0.048355,176.377666,-9.856783,-1.741802,1
0.230017,0.224785,0.199631,-0.196751,-0.033787,0.160268,0.156461,-0.034725,178.540676,-2.304679,-2.233768,1
0.183703,0.25475,0.228885,-0.22548,-0.039332,0.209991,0.190817,-0.087665,-179.662933,-8.604551,-2.478553,1
0.114949,0.234398,0.12947,-0.123079,-0.040174,0.119313,0.066432,-0.099108,-179.033422,-5.31545,-0.812031,1
0.221664,0.259365,0.26011,-0.251802,-0.065213,0.273341,0.236569,-0.136932,-179.72929,-8.159347,-0.006817,1
0.253123,0.241406,0.139772,-0.113392,-0.081721,0.215407,0.205906,-0.063268,179.563003,-9.676363,-1.51871,1
0.198538,0.22787,0.151416,-0.138403,-0.061411,0.161515,0.153994,-0.048714,175.407154,-7.745373,-2.896436,1
0.220908,0.271985,0.146486,-0.122724,-0.07998,0.229057,0.212502,-0.0855,177.818847,-8.066974,-2.040957,1
0.170112,0.227466,0.250207,-0.244512,-0.053077,0.248302,0.236885,-0.074426,176.977322,-7.756122,-3.018118,1
0.287117,0.275122,0.282431,-0.280151,-0.035816,0.221308,0.198264,-0.098331,177.991562,2.700913,-5.52223,1
0.266907,0.275214,0.166404,-0.165109,-0.020721,0.209498,0.20096,-0.059199,178.506702,4.808141,-6.312482,1
0.238448,0.320888,0.140653,-0.139312,-0.019377,0.22099,0.203233,-0.086792,176.354276,2.750008,-5.673816,1
0.249135,0.285576,0.147284,-0.1416,-0.040521,0.20281,0.189505,-0.072246,177.649936,3.348657,-5.616555,1
0.261855,0.313203,0.254088,-0.253981,0.007381,0.223963,0.208216,-0.082495,177.327445,-2.435591,-4.650195,1
0.265322,0.313888,0.210606,-0.210553,0.004744,0.225144,0.212417,-0.074625,178.64641,0.702097,-4.521818,1
0.259644,0.284993,0.161531,-0.161494,-0.003453,0.149217,0.143391,-0.041291,177.446366,-3.158951,-3.402853,1
0.212701,0.282115,0.503586,-0.501799,-0.042385,0.182646,0.170252,-0.066136,179.366667,-12.243123,1.477047,1
0.235385,0.285793,0.152068,-0.151204,-0.016185,0.188498,0.179855,-0.056426,-177.318856,-5.338406,-2.137647,1
0.233875,0.27555,0.132651,-0.12961,-0.028243,0.226275,0.216606,-0.065438,-175.040301,-2.905591,-5.452072,1
0.246557,0.251964,0.202352,-0.200002,-0.030751,0.199046,0.175865,-0.093225,179.226786,-9.96961,-6.909327,1
0.244851,0.245043,0.164869,-0.159757,-0.040735,0.242313,0.224108,-0.092148,-174.490009,-1.648601,-7.909275,1
0.114998,0.200011,0.234054,-0.233056,-0.021599,0.203104,0.193793,-0.06079,-178.831546,-5.211354,-7.487052,1
0.248427,0.261075,0.14876,-0.141688,-0.045324,0.25572,0.231663,-0.108282,-176.001129,4.159059,-11.361319,1
0.286267,0.240644,0.225924,-0.224546,-0.024914,0.246284,0.236962,-0.067116,-177.081136,1.966758,-9.056192,1
0.24549,0.270696,0.240125,-0.238479,0.028068,0.160903,0.140941,-0.077624,-178.781193,-1.155426,-8.765575,1
0.264731,0.286073,0.251492,-0.247225,0.046129,0.195202,0.176432,-0.083521,-178.88298,-6.057417,-7.36809,1
0.257422,0.268509,0.126421,-0.122905,-0.02961,0.185196,0.161954,-0.089825,178.215657,-7.77454,-6.433397,1
0.223585,0.252364,0.07653,-0.060129,-0.047343,0.21837,0.196955,-0.09431,177.84741,-3.540062,-8.078676,1
0.22868,0.242174,0.124785,-0.113144,-0.052629,0.266039,0.236752,-0.121347,178.551282,-7.296491,-6.702005,1
0.224255,0.257295,0.191382,-0.187222,-0.039688,0.183339,0.170422,-0.067599,179.251747,-8.905868,-7.180814,1
0.205676,0.267043,0.236164,-0.235717,-0.014523,0.214036,0.199027,-0.078738,-178.644824,-9.527588,-6.9066,1
0.237112,0.26325,0.309356,-0.308834,0.017976,0.165041,0.143395,-0.081708,-178.973172,-5.597232,-8.930998,1
0.269946,0.251652,0.246541,-0.246334,0.010111,0.17669,0.1607,-0.07345,-176.345059,-2.655295,-9.663925,1
0.195948,0.228772,0.13475,-0.104075,-0.085592,0.247205,0.237314,-0.06923,174.203785,-10.600626,-5.066565,1
0.192245,0.20717,0.139315,-0.137168,-0.024363,0.228077,0.222929,-0.048185,177.457275,-5.058341,0.682824,1
0.261938,0.242595,0.22608,-0.224042,-0.030288,0.22747,0.210116,-0.087144,179.664953,3.9137,-4.03846,1
0.272057,0.216511,0.155058,-0.144818,-0.055413,0.256753,0.243534,-0.081323,178.667753,4.901607,-3.487212,1
0.235871,0.26174,0.094439,-0.088508,-0.03294,0.220073,0.20762,-0.072977,-178.782859,-0.21337,-6.581595,1
0.22553,0.217585,0.141385,-0.140705,-0.013855,0.238024,0.230652,-0.058783,-178.933143,10.522165,-10.106402,1
0.154092,0.115596,0.115253,-0.087677,-0.074807,0.100863,0.0909,-0.043708,-178.540082,8.120003,-8.900027,1
0.27104,0.230806,0.150875,-0.146378,-0.03656,0.225394,0.214222,-0.070082,-178.027818,6.378403,-10.437664,1
0.267392,0.254967,0.256851,-0.256564,-0.012135,0.218028,0.192157,-0.103013,-177.543648,1.775866,-9.079717,1
0.237059,0.253283,0.195453,-0.194817,0.015758,0.226035,0.198738,-0.107681,-176.883624,-1.997378,-9.004769,1
0.208828,0.277878,0.266658,-0.266639,-0.003242,0.22371,0.187964,-0.121308,-176.766688,0.381027,-11.335279,1
0.265755,0.264613,0.202282,-0.202241,0.004079,0.217215,0.204089,-0.074364,-178.023851,2.655149,-11.436489,1
0.241554,0.271924,0.136109,-0.131484,-0.035178,0.224851,0.203163,-0.096348,179.174122,-9.298476,-10.203697,1
0.256205,0.271382,0.173861,-0.173803,0.004495,0.153713,0.122477,-0.092882,-177.9496,-10.753839,-9.406759,1
0.252864,0.279991,0.257183,-0.257182,0.0004,0.2109,0.181709,-0.107053,-177.039436,-12.467816,-8.998515,1
0.250381,0.236604,0.203462,-0.20335,-0.006743,0.201181,0.188253,-0.070956,179.558092,-9.403404,-4.848468,1
0.251058,0.269132,0.151269,-0.150292,-0.017157,0.213405,0.201485,-0.070325,-178.340868,-7.310509,-4.839792,1
0.251718,0.255887,0.17328,-0.169363,-0.036635,0.253139,0.232667,-0.099726,-179.399333,-9.347541,-2.129492,1
0.233972,0.260017,0.197914,-0.195523,-0.030671,0.236528,0.224607,-0.074143,-179.541933,-8.227449,-2.439287,1
0.281398,0.269886,0.218783,-0.215393,-0.038365,0.200254,0.188932,-0.066381,-179.253646,-8.318912,-2.88577,1
0.196631,0.24303,0.184438,-0.169729,-0.072177,0.181896,0.166787,-0.072583,177.839983,-5.260432,-2.964176,1
0.255627,0.226149,0.264041,-0.261702,-0.035065,0.206023,0.194991,-0.066512,176.703165,-3.88423,-1.630513,1
0.238542,0.284282,0.260047,-0.25733,-0.037498,0.160765,0.146508,-0.066187,176.727171,-6.616018,0.1385,1
0.259854,0.233824,0.250316,-0.247968,-0.034207,0.168468,0.15422,-0.067805,173.786367,-7.581697,-1.536698,1
0.23571,0.230784,0.144353,-0.140403,-0.033538,0.236005,0.217274,-0.092143,175.27369,-9.606304,-4.87101,1
0.206979,0.212061,0.182682,-0.181476,-0.020948,0.202087,0.189334,-0.070655,175.981978,-0.742489,-3.726402,1
0.244128,0.261399,0.138574,-0.134566,-0.03309,0.175495,0.152744,-0.086417,-178.6995,8.186555,-9.008311,1
0.267858,0.249352,0.162395,-0.161877,-0.012961,0.244501,0.222592,-0.101162,177.34543,6.680011,-12.742895,1
0.297192,0.256172,0.143817,-0.142672,-0.018112,0.276544,0.261095,-0.091139,179.851965,13.452843,-13.015743,1
0.224403,0.260242,0.196251,-0.196144,-0.006486,0.184898,0.177358,-0.052264,177.063314,0.161113,-6.28174,1
0.233155,0.257761,0.228346,-0.228069,-0.011235,0.17773,0.162089,-0.072903,-179.834347,-9.351455,-2.756117,1
0.276464,0.306048,0.291929,-0.290455,-0.029302,0.200955,0.184218,-0.08029,-179.208827,-6.603149,-1.561208,1
0.271951,0.303979,0.314055,-0.31053,-0.046926,0.212073,0.188526,-0.097124,-177.101752,-5.126691,-2.269084,1
0.285089,0.271499,0.280434,-0.280215,-0.011081,0.191338,0.179603,-0.065978,-177.046342,1.104761,-1.830182,1
0.296416,0.254818,0.139647,-0.127679,-0.056563,0.183191,0.177948,-0.043516,179.88408,1.891782,2.745945,1
0.286512,0.30409,0.183677,-0.175793,-0.053237,0.203306,0.189902,-0.072597,-179.236755,6.996386,0.813886,1
0.280096,0.290352,0.175977,-0.172276,-0.035902,0.184573,0.175794,-0.056247,178.45136,-3.686293,-4.86319,1
0.275456,0.267133,0.285046,-0.28497,0.006585,0.227181,0.189228,-0.125715,177.753295,-8.665889,-9.092562,1
0.253713,0.275757,0.198155,-0.193863,-0.041016,0.20576,0.191816,-0.074458,178.304526,-1.447815,-6.409792,1
0.243281,0.241778,0.162914,-0.156161,-0.046418,0.202242,0.183044,-0.086005,178.06768,-9.954934,-2.330977,1
0.189658,0.244951,0.220857,-0.218484,-0.032293,0.234755,0.213007,-0.09868,179.181496,-2.920532,-8.792955,1
0.277847,0.251009,0.216961,-0.216916,-0.004403,0.162953,0.143449,-0.077305,177.726248,11.514773,-11.80824,1
0.282108,0.267767,0.309689,-0.309687,0.001172,0.16148,0.143841,-0.073387,-179.462243,-6.02883,-9.597759,1
0.212337,0.267181,0.186916,-0.182003,-0.042574,0.250563,0.225791,-0.108629,179.656964,-7.210247,-9.403939,1
0.282171,0.255904,0.150442,-0.14784,-0.027864,0.174813,0.14742,-0.093952,-179.763378,-3.036513,-9.445662,1
0.284641,0.280432,0.165242,-0.1644,-0.016654,0.164834,0.14967,-0.069058,179.712914,2.248314,-7.77067,1
0.220375,0.254727,0.198262,-0.193323,-0.043978,0.217492,0.206317,-0.06882,178.319337,-7.19394,-2.758695,1
0.268751,0.240387,0.315984,-0.31513,-0.023218,0.180399,0.169348,-0.062169,176.314119,6.141441,-3.927431,1
0.263906,0.242564,0.127413,-0.116033,-0.052635,0.202406,0.191029,-0.066904,175.515335,18.916817,-6.283556,1
0.259473,0.285895,0.195751,-0.182643,-0.070427,0.225758,0.204427,-0.095792,179.395598,-0.414445,-3.809019,1
0.245085,0.240182,0.247015,-0.246156,-0.020584,0.207765,0.18971,-0.084712,178.712616,-4.666062,-3.760603,1
0.235888,0.265445,0.259492,-0.258287,-0.024986,0.226509,0.21201,-0.079737,178.149313,-0.496123,-6.131679,1
0.26637,0.251954,0.229697,-0.229585,-0.007148,0.199868,0.184138,-0.07772,179.910842,-2.881663,-5.316836,1
0.264875,0.264182,0.250236,-0.250215,0.003205,0.197051,0.186292,-0.064224,178.88807,-1.674541,-4.781333,1
0.248444,0.257011,0.298982,-0.297505,-0.029677,0.230394,0.218521,-0.073007,-179.242386,-2.584271,-4.885545,1
0.256482,0.249675,0.087657,-0.086833,-0.011994,0.281797,0.280985,-0.021385,-169.692126,4.251083,3.458555,1
0.211646,0.226437,0.301304,-0.297163,-0.049781,0.209354,0.206771,-0.032786,173.512804,6.727276,2.181078,0
0.258486,0.238467,0.175942,-0.152722,-0.087359,0.343683,0.34269,0.026103,-163.418124,-24.755908,-173.254175,0
0.268582,0.226861,0.284407,-0.268152,-0.094775,0.207314,0.203974,-0.037063,-178.240516,18.038282,2.632895,0
0.232823,0.238565,0.15772,-0.151779,-0.04288,0.267723,0.257888,-0.071897,-173.779048,5.541986,-4.635885,0
0.16733,0.163458,0.151166,-0.13528,-0.067458,0.217557,0.199442,-0.086914,-175.29653,8.74785,1.918457,0
0.257646,0.191934,0.15909,-0.140263,-0.075074,0.181653,0.178419,-0.034123,-175.238956,8.387051,-0.513723,0
0.276225,0.155083,0.159507,-0.137101,-0.081522,0.298627,0.295727,-0.041518,-174.246008,12.563004,-1.526367,0
0.199473,0.277029,0.367704,-0.363958,0.052349,0.140163,0.105185,-0.092637,-157.768103,8.738171,165.119012,0
0.218774,0.294649,0.313345,-0.308859,0.052834,0.171846,0.122121,-0.120903,-179.422591,-4.761336,-18.609654,0
0.249259,0.260451,0.291069,-0.289982,0.025136,0.157237,0.134731,-0.081061,174.794135,4.729335,-15.764617,0
0.228224,0.257191,0.246491,-0.241492,-0.049391,0.178004,0.14997,-0.095888,175.805104,9.36044,-9.718195,0
0.193295,0.29567,0.322944,-0.320203,-0.041985,0.117239,0.117221,0.002035,-175.018213,-17.183958,2.669953,0
0.206561,0.232544,0.262898,-0.254424,-0.066208,0.281186,0.276952,-0.048617,179.789177,-6.484867,9.701274,0
0.292406,0.21524,0.213676,-0.20619,-0.056065,0.292861,0.285086,-0.067033,-170.677273,7.33829,6.488029,0
0.220751,0.287803,0.170396,-0.128711,-0.111662,0.277781,0.276619,0.025381,140.546323,73.643578,0.001889,0
0.191863,0.231543,0.198234,-0.116397,-0.160463,0.293797,0.293589,0.01105,-178.409265,-11.165298,16.937277,0
0.204929,0.147202,0.271423,-0.135875,-0.234964,0.119037,0.116546,-0.024224,173.523842,27.949982,-5.440681,0
0.263111,0.258305,0.250227,-0.248663,-0.027934,0.243403,0.22299,-0.097572,-178.207015,-6.535926,-1.877684,1
0.281591,0.270056,0.218509,-0.21849,-0.00292,0.197289,0.179323,-0.082258,-177.65629,-2.573327,-2.874061,1
0.254897,0.292419,0.277371,-0.275917,-0.028359,0.224016,0.207868,-0.083511,-179.726908,1.642822,-4.986963,1
0.24639,0.275092,0.185594,-0.179157,-0.048458,0.240825,0.228856,-0.074977,-179.686077,4.311136,-5.465459,1
0.221646,0.257793,0.141631,-0.13391,-0.046123,0.258562,0.242808,-0.088876,-179.614879,3.281945,-7.724963,1
0.243581,0.244982,0.229706,-0.224866,-0.046907,0.197258,0.179019,-0.082844,179.830324,1.520361,-6.799948,1
0.275024,0.28426,0.230453,-0.227501,-0.036768,0.225245,0.216901,-0.060739,179.321604,4.626417,-6.580487,1
0.278849,0.264513,0.139333,-0.133965,-0.038301,0.225357,0.214508,-0.069081,178.732892,5.146732,-6.383482,1
0.231024,0.264738,0.212448,-0.208159,-0.042475,0.22065,0.208965,-0.070854,179.611269,8.379645,-6.776736,1
0.261051,0.257229,0.176053,-0.171208,-0.041018,0.220224,0.201481,-0.088904,179.267237,7.481718,-7.504811,1
0.26014,0.263472,0.190736,-0.185822,-0.043013,0.186793,0.182138,-0.041439,-179.030117,11.422937,-9.627556,1
0.265076,0.27259,0.199249,-0.192044,-0.0531,0.250971,0.227496,-0.10598,179.627375,11.374502,-12.568724,1
0.278031,0.316225,0.244433,-0.243214,-0.024385,0.19197,0.180174,-0.066255,-179.659124,-3.305516,-7.951652,1
0.225113,0.256296,0.249112,-0.248113,-0.022285,0.195691,0.181104,-0.074137,177.018138,-6.329605,2.457634,1
0.242443,0.28991,0.036933,0.017967,-0.032268,0.37673,0.37417,-0.043837,-179.254755,-10.435374,3.120909,1
0.275808,0.2878,0.238752,-0.236314,-0.034027,0.17472,0.166011,-0.054472,178.914809,-6.718208,1.207592,1
0.282641,0.278531,0.215179,-0.212254,-0.035363,0.224595,0.217708,-0.055195,179.618878,-2.180489,-0.530554,1
0.240308,0.290484,0.034255,-0.000976,-0.034241,0.259938,0.248598,-0.07594,-177.312733,-13.551815,-1.689667,1
