left_ear,right_ear,l_pupil_dist,l_pupil_dx,l_pupil_dy,r_pupil_dist,r_pupil_dx,r_pupil_dy,pitch,yaw,roll,label
0.23687214299822865,0.246838542550642,0.23653475834811022,-0.22680318232109478,-0.06714915037305488,0.11959133050284143,0.10777950151299676,-0.05182340576467144,90,39.31223998089134,-13.029173415560384,1
0.21986021569504433,0.205735666058274,0.17214270491498743,-0.16458118086290466,-0.05045934760993548,0.1124737390010756,0.10224303652605822,-0.04686900304906431,90,37.958274623344174,-13.260458350601679,1
0.22771120610625195,0.21865058727187525,0.1782780124950984,-0.16866711988973057,-0.0577447175705771,0.17173011016673737,0.16208360853264503,-0.05674622968018255,90,38.9488561017648,-12.945759880995348,1
0.24600602361603086,0.2248982455544746,0.17141274550409283,-0.15970049367385827,-0.062274245411541106,0.1751369189236518,0.17061636544923037,-0.03953474688124933,90,39.21050783919903,-12.97881183668239,1
0.25136231021756206,0.23521625167954363,0.19091769851459617,-0.17888878805421599,-0.06669609519757526,0.14730608040234028,0.13508386297208355,-0.05874888329185579,90,39.45797710900014,-13.145593267106992,1
0.23024735925933643,0.2278006187706846,0.16711959341893373,-0.15776849312323746,-0.05511860921805529,0.14124383754352143,0.13777735261361213,-0.031100204996190428,90,38.4937871626736,-13.234344545776581,1
0.2279494661293942,0.24015222403361675,0.18486645700523022,-0.17735061970950375,-0.052176284021781504,0.11856509226999357,0.1114143214316852,-0.040552806128666616,90,38.098785817355456,-12.610478405142056,1
0.2065289505450202,0.20786107325664196,0.20164720853798124,-0.1955086477750811,-0.04937575676705505,0.1426167740394859,0.1360472031197585,-0.04278671243179304,90,38.77735105472287,-12.642997469579816,1
0.24311106344099193,0.2433536175174984,0.21724380240505187,-0.2090507726670684,-0.05909859668982764,0.1343017291791002,0.12230148157256573,-0.05549145939378178,90,42.68271094082759,-12.201958958930904,1
0.06986149519632477,0.06905393870511582,0.15330988652538713,-0.1499112231595084,-0.0321021257434325,0.16772325133157925,0.16731047990535416,-0.011759776829352872,90,38.16485330767554,-12.744727847154216,1
0.24301365858616053,0.2274049714506992,0.2544019810256538,-0.2435381204708035,-0.07354965552146066,0.08400507764334078,0.07567443605579247,-0.03647235662116571,90,40.274954326529134,-13.263046743047923,1
0.2405259290186927,0.22041865355114681,0.2206463001842873,-0.21098155910354796,-0.06458770396329876,0.11370843805094491,0.10964555788836058,-0.03012408536928124,90,39.43608220026859,-13.189099025124035,1
0.22138429248131644,0.23351633269096836,0.201584807457629,-0.19564715785419462,-0.0485656691635687,0.1583856037654105,0.1524130196644266,-0.04308446259273435,90,38.787457104868786,-13.626479898102472,1
0.2137803999676123,0.23222088987374515,0.24491551923294286,-0.23652283326308426,-0.06356540652229982,0.10492690490927079,0.09756170851647579,-0.03861823928126924,90,39.82815836365274,-12.945062714352407,1
0.2272150368421745,0.22048742335028085,0.2288569441550606,-0.22046299157691726,-0.061413111246285554,0.13519844359285652,0.12322977823884379,-0.05561511399912965,90,39.39430831451603,-12.979018931887563,1
0.2139505852053903,0.24199245893724156,0.2099147009311706,-0.20076145300019713,-0.061310852679378317,0.10728866954591493,0.1011127595120792,-0.03587573660268136,90,39.321788464329224,-12.534467309109871,1
0.23082765184711374,0.22689979406505784,0.23013868386854144,-0.21878341351423583,-0.07139770153025479,0.1320902785205174,0.1200789552726289,-0.05503531757209957,90,39.534789734475915,-12.609503109067619,1
0.21784304417238973,0.21618524006149265,0.2266786982680824,-0.2185155175546975,-0.06028433325761385,0.13747804181879134,0.12892840373826445,-0.04772503213023971,90,39.17474252033797,-13.171322799390552,1
0.17312569612449935,0.16058182337056529,0.2126719032983962,-0.20943907007011614,-0.03694068733425733,0.07969042864676126,0.06849398053833111,-0.04073253058575256,90,39.23595962993278,-14.324393939710555,1
0.20206960770986657,0.20160719560503337,0.19244605857304048,-0.183497737183001,-0.058000568178393115,0.10869000478674358,0.10029718939559529,-0.04188067501708192,90,40.1906719510982,-14.21648054858015,1
0.23345783160011768,0.23971801294740502,0.19808165152675722,-0.1910041487925375,-0.05247624048658482,0.12392290017418275,0.11711761623855992,-0.04050122410715345,90,39.03523146889142,-14.93530229558877,1
0.23938226614822147,0.20778936370923587,0.2217533949427519,-0.21276684817217634,-0.06248869087694313,0.10921773869102407,0.09805835846938159,-0.04809441525864594,90,39.596086123927,-14.363435967485325,1
0.11086926708824454,0.1013061328278604,0.16462742530007035,-0.1611468703308126,-0.03367306554970175,0.11911943779306813,0.11725943448919407,-0.0209682017209639,90,35.70953611871549,-14.216917511481107,1
0.22505349242655198,0.20956596518149695,0.2460722412667629,-0.24010724040755876,-0.05385221467975794,0.12062104333337255,0.11036290301599054,-0.04867715822348716,90,39.844245259378205,-14.189512884076635,1
0.19675604951582654,0.20178644205030935,0.19077012061065513,-0.18922168633588102,-0.024256799830343626,0.12865665153396155,0.11971703299781172,-0.047120759693919094,90,38.25218445069098,-13.93715749765783,1
0.20398014061380362,0.1953321242288057,0.22231877317018037,-0.21875894775280907,-0.039625240465868024,0.1231085521784171,0.1163201138702859,-0.04031558915196164,90,39.29834092851186,-13.794550423792826,1
0.21000899669863365,0.19762432675845357,0.17501196056028423,-0.1683102750404809,-0.04796704759469941,0.1337763585146578,0.11929490399052786,-0.06053792182866036,90,38.33562832691274,-13.647760197590436,1
0.21050420170810544,0.21236311325424548,0.19314985013551123,-0.18656821068534474,-0.049991672997002856,0.1479894035819256,0.13560894242143776,-0.05925435264917876,90,37.92627669319719,-13.65444826380486,1
0.1892104960639654,0.19706327573814159,0.194090430742714,-0.18854906017841394,-0.04604722805695365,0.16164386555820615,0.15067198418515307,-0.05853795738073209,90,37.760489823677084,-13.757187673618224,1
0.21341260588845043,0.1890753521905073,0.17442000490434967,-0.1667439052030392,-0.05117429226157639,0.1532643570909286,0.14291711687636996,-0.05535937913526195,90,38.212329011909894,-13.8251826337494,1
0.2229383987432102,0.23466593682121645,0.18815052603604576,-0.18106766829181745,-0.05113824348767866,0.15456126018923433,0.14376156187457556,-0.05676087101751326,90,38.85008491604861,-13.788251308362042,1
0.23578143889370054,0.22700875291890557,0.22238141479459417,-0.2139858628186984,-0.06052721833838503,0.13303897995914926,0.11777884210830157,-0.06186690989696098,90,39.26938553967461,-13.303010262134308,1
0.23526692380120404,0.25083124339685436,0.20272224258972335,-0.19484074820551622,-0.05597669585927046,0.10171455111057869,0.08663099180293578,-0.05330029237130127,90,39.54871808700801,-13.509593819543895,1
0.24447976495702634,0.2269842144138246,0.1240348248687876,-0.10999960621288687,-0.057312515328160486,0.12372132125150133,0.11098816567978328,-0.05466802000488195,90,39.11361367205263,-13.406823448185854,1
0.25303102220171103,0.2070891019834601,0.0937013174501947,-0.07241435565123168,-0.05946509890279415,0.23150692144795623,0.22637449584446348,-0.04847723496111508,90,39.097812318918194,-13.31405284388328,1
0.25472942309491803,0.23325035710545305,0.1285947891770814,-0.10566564418144989,-0.07328977720812932,0.27928839330325833,0.27135990067649446,-0.06607428349031533,90,39.68498114709278,-13.051129953192621,1
0.24544416508726882,0.20614404177758178,0.24514603726741896,-0.23549942261730988,-0.06809259530104905,0.18506188089822945,0.17143704455137557,-0.06969389870770705,90,39.704036556456956,-13.114543514172153,1
0.15958342045469578,0.05677813063029501,0.22676628992940176,-0.225253776368978,-0.02614739910316015,0.1250205186992722,0.12333119716031397,-0.02048281969941708,90,36.353966328943635,-13.712033648434767,1
0.11344235031296719,0.09651149604987648,0.1989638300708308,-0.19686842593315793,-0.0287998011634654,0.19578370543411244,0.19489496060999248,-0.018633669588698405,90,37.14302570413355,-14.02578516693811,1
0.19106582799481195,0.17587687189707524,0.22588042012829637,-0.22313443199792632,-0.03511394956849023,0.03504573078533712,0.027546990488671347,-0.021664869288675077,90,37.09192511853226,-14.173314592727923,1
0.22041508440075833,0.22206758323085532,0.263871804479505,-0.25902141478201546,-0.0503610552271615,0.07006215213090206,0.055331085133859974,-0.04297878754831508,90,37.00752602063444,-12.314471113427778,1
0.24351504695770188,0.23942878036276097,0.21009315909632958,-0.20243695942076317,-0.05619975942610388,0.11534083127230903,0.0946476877701153,-0.06591906066046473,90,36.152620295018,-12.119647419307435,1
0.23359901721780932,0.20603729134470714,0.15243387633836433,-0.1445426415429881,-0.04840982783810529,0.1139847974859912,0.1073307937185324,-0.03837492381324391,90,34.68029192498783,-12.98579658066237,1
0.2371489514146007,0.18163502049858282,0.12548920235924146,-0.11830760822215486,-0.041843156495558156,0.12576677901671574,0.11990135531144283,-0.03795981689521904,90,36.49956295903922,-16.35535709347561,1
0.2517778298289155,0.18826314279114018,0.1341910475661092,-0.12766360335357463,-0.04134297552996095,0.07485670741371069,0.05712610301484643,-0.048374941851738094,90,35.93956519007014,-17.05778507650673,1
0.14095871676331537,0.14838390707805457,0.16221209274751436,-0.162086642758046,0.006378344060473693,0.11003528207047274,0.11002278306247085,0.0016584654102436488,90,38.22210695635411,-17.440662777196973,1
0.27767650569114366,0.22261337955438923,0.1552627004877243,-0.1522774446562929,-0.0302999341862395,0.1493718361238933,0.14382275353065505,-0.04033560454342637,90,37.87339778360206,-17.700205683995712,1
0.2704820947474621,0.2513089447632954,0.13750280452228672,-0.12787141396749074,-0.05055613455802177,0.07096430248418714,0.04631002554214696,-0.05377093788797909,90,38.03449280809413,-18.83223229604262,1
0.1079765322372896,0.09217542043399317,0.1784430985942945,-0.17715305279206542,-0.02141810734833472,0.16908360662479396,0.15800311888517002,-0.06020199707490524,90,36.130924696389535,-15.906531637721423,1
0.20101129133726378,0.21043794116950254,0.17729078914212276,-0.17320072720901245,-0.03786201274240311,0.0949222966663698,0.0830307888947824,-0.04600141845561285,90,35.870152004374,-13.56009787419866,1
0.24440288915047767,0.22125815514174774,0.16374261530961867,-0.15621836174375264,-0.04906595074521447,0.1273221139867354,0.11717231995399892,-0.04981534047508812,90,34.433434561775066,-13.648590912242605,1
0.24727064791195558,0.1976654102163144,0.10872643232141353,-0.09917182196653426,-0.04456889961824224,0.20988814214870702,0.2083269502158236,-0.025552182458835292,90,35.29389374531007,-12.549460184081621,1
0.26950100928641557,0.22045320254482192,0.11958127025284022,-0.10341556214150739,-0.06004083362378335,0.18264164820800086,0.17727211698029616,-0.043960984991914476,90,36.02498942964952,-12.444217756018508,1
0.26503230287539775,0.21738153381409425,0.0682040580836574,-0.04403555479099062,-0.0520832358185297,0.17637468780149135,0.17080345360004745,-0.04397966274734246,90,35.30728653113916,-12.300472728243408,1
0.1033458853289367,0.04169498772265453,0.19728618351679256,-0.1954748429271009,-0.02667253248656338,0.14035052039914095,0.13791153172467743,-0.026051448974346372,90,32.58627755409525,-13.238240657445667,1
0.22952536114175404,0.21689480453273657,0.23010624973535643,-0.21955487721416028,-0.06888063631199429,0.14458125604689148,0.1355135376479885,-0.0503966339572793,90,34.7564275940837,-12.940768828430668,1
0.22769695687238065,0.23710259873041722,0.23223067135151546,-0.22590693238695508,-0.05382511138763477,0.15249745609534202,0.1429411941095887,-0.05313463222866661,90,35.804846087971185,-13.28509896523272,1
0.2514140892884216,0.24168571236509964,0.22070231808240817,-0.20874782284961368,-0.07165095716384241,0.11612963723805297,0.10494699283295354,-0.04972143743257808,90,34.61521782878812,-12.986399054423977,1
0.25598420803304966,0.24218200926871347,0.15255396582305294,-0.14039533413146912,-0.0596813424987604,0.12568088722070786,0.11849361461558251,-0.04189210794312095,90,34.6453517961632,-12.955777654828564,1
0.2665590477775555,0.2239156727819137,0.13855141640897564,-0.1291879931925102,-0.05006952570002339,0.1292492250017702,0.12166282973841579,-0.04362932527096269,90,34.4543726199744,-13.07065981598587,1
0.2643403192390901,0.22121599305288842,0.17110796528068428,-0.1607176654700054,-0.05871769570042138,0.11000957620731015,0.10343758140469367,-0.037453619457394935,90,33.51550977095995,-12.868288845814588,1
0.2632831294434689,0.22742460421917277,0.16313985539121134,-0.1572828832353012,-0.043320977115664815,0.13276334753817154,0.12632665467043674,-0.040837271815310314,90,34.24518200753898,-12.538601782162736,1
0.22528935843662523,0.20011071153962556,0.15287667352054898,-0.1455547152334062,-0.046745076532513655,0.1639684919849711,0.160844254156453,-0.03185580431695102,90,33.815519674810766,-12.666543726468849,1
0.20335305278374935,0.2148181090321036,0.18297745648206556,-0.17441422739486967,-0.0553211249243623,0.13840713698780316,0.13505736157868548,-0.030266229572986452,90,33.73503889546244,-12.324882505607423,1
0.23624088017404354,0.22047993020780687,0.21898838721352154,-0.21170187257378742,-0.056019915058228356,0.1185201922787413,0.11128382960669175,-0.040779225665265,90,34.49902288638977,-11.902268850053591,1
0.22173911260148924,0.222606083687164,0.17649057884976455,-0.1679327093379487,-0.054291155422784954,0.09846345540726709,0.08410667465325322,-0.05119686835647943,90,35.05271498150905,-11.705655825213578,1
0.24824209721667995,0.23462431055207583,0.20089098909873893,-0.19410936685346425,-0.05175657640162155,0.159713210447301,0.1490349427397414,-0.05741859832794472,90,35.34468190116046,-12.18249235509001,1
0.2508805940330967,0.24316211641142182,0.22408396473460224,-0.21152177376803885,-0.0739740662205414,0.09687903733212526,0.07782207199416935,-0.05769985255556242,90,35.5518528023825,-12.047182716159897,1
0.2532776148389736,0.22939137182596755,0.18716006242112346,-0.18145601858407936,-0.04585414141703096,0.13484736874808106,0.12111845398912664,-0.05928012282008835,90,36.86599447403735,-11.686522071125493,1
0.2615605052869127,0.22365649372192956,0.20288886392242672,-0.19492952904825303,-0.056270505673569976,0.112443041027927,0.10479260686868706,-0.04076698445154943,90,36.632891179297104,-11.018137054248076,1
0.2528856671634262,0.24861199377304782,0.16865018856421288,-0.16210885581449178,-0.046514567280163795,0.12231705089181437,0.11660266756399837,-0.03694968005044687,90,35.36226529205082,-11.257462445375738,1
0.2544755043881606,0.2279364801773929,0.2536415691023656,-0.24462792124300872,-0.06701660782995841,0.12777761891203818,0.121264893487469,-0.04027338453995213,90,35.821226920265715,-10.837139906679305,1
0.2158868795030759,0.2076560820194317,0.18362239476616798,-0.17668581860091523,-0.0499930531672842,0.15852688595313738,0.15506581042483852,-0.03294492384703693,90,35.150823874769266,-11.348835250270653,1
0.2278325330798433,0.21604556150268311,0.17390150136201696,-0.16438854853390478,-0.05672862845935574,0.12939829710971468,0.12198283554823995,-0.04317530690690036,90,34.74810054189088,-11.540795178280087,1
0.2264331131981903,0.19666298945870836,0.18674013629409933,-0.17866496667931658,-0.054320421432620475,0.1355801579184814,0.12987430736062394,-0.03891842120125817,90,34.19314222661795,-11.393940836696457,1
0.21130375500149032,0.21494568412060974,0.1695578181426786,-0.16064572450105102,-0.05424762568848595,0.12615536052198442,0.11741217639730987,-0.04614711065796926,90,35.31555157365944,-11.404788243452899,1
0.21663497863951453,0.20708395751407568,0.14818568681456856,-0.1384743805036062,-0.0527621428758148,0.13936608244866736,0.13106520966077176,-0.047379486633633824,90,34.5798473010641,-11.964934910251822,1
0.264184595315128,0.19602553825109956,0.11942489870416868,-0.09931287537827922,-0.06632691169200727,0.2547151091681724,0.25144043720965675,-0.04071232460042843,90,34.75160243668271,-11.22078351529218,1
0.24798813203060704,0.19953686737248313,0.11259353091774936,-0.0972945352155865,-0.05666636234759719,0.22826405505647274,0.2249115674187271,-0.03897775868461135,90,34.30599087140037,-10.959375378093235,1
0.15329457202927912,0.13169478735676673,0.17773807867692248,-0.1696906241352157,-0.05287642851370381,0.2860023479345849,0.2858766735325053,-0.008477650269075177,90,32.634208237939525,-11.587921358068147,1
0.2656257338726777,0.21625823173932918,0.11156058365574996,-0.09500521777704672,-0.05847882027492954,0.24096940777616827,0.2394614979381078,-0.02691554363624924,90,35.10312383301824,-10.828816939840806,1
0.2973913927801858,0.23422020998287105,0.0962581430119804,-0.08438008913715225,-0.046320952638315954,0.19818437714382794,0.19297076936618118,-0.045158936149018676,90,35.989279952212335,-11.233187904289817,1
0.264188429894768,0.22749382970713533,0.10764154948500348,-0.09579801494959977,-0.049086082622762955,0.20564915954791627,0.20277948821212433,-0.034235303170751255,90,35.183156903493206,-10.827658741515785,1
0.24628981359734792,0.2272674480223841,0.12410160734592274,-0.10874264031698598,-0.05980173177034422,0.17986651324973243,0.17253070208369733,-0.05084406973406681,90,35.390620511998286,-10.841402522916688,1
0.22840957753490182,0.21613540122042707,0.14998200543359338,-0.1410970408136188,-0.05085496069728536,0.17317037881844236,0.16156645070896883,-0.06232384860893285,90,35.661192976173254,-11.3806937328706,1
0.22894939222150534,0.21953121200197998,0.23647340835442868,-0.22797325416229622,-0.06283206383219844,0.13422431993056044,0.13145510640158684,-0.02712421541296505,90,35.738865339892065,-11.023134505751413,1
0.24733575412443326,0.21552928374073452,0.19646881795205084,-0.18751304868553284,-0.05864173428653939,0.18556348279166904,0.1800799471406264,-0.04477743609903615,90,35.38841206722445,-10.805075533843272,1
0.24540946947279205,0.20710161795647394,0.10241410859092705,-0.09212734312252413,-0.044734799515130305,0.22535362986809357,0.22249140218203203,-0.03580271567631417,90,36.55627224793476,-10.67965832429686,1
0.2598307269485894,0.23075434070505002,0.11666242042851796,-0.10647463552346055,-0.04767884573253131,0.18852970186417667,0.18541729909564447,-0.03411559293155639,90,35.93084579056176,-11.011931928667567,1
0.2287545174753385,0.21856574814215443,0.10751269406597905,-0.0962858573605954,-0.047833179464257684,0.1886892979667989,0.18711834373680655,-0.0242976666451273,90,35.7472868096578,-10.890653446276769,1
0.19601763365569247,0.21742760453611654,0.2013755263701438,-0.19462760445236427,-0.05169330910269262,0.17694845110946528,0.17468986859390784,-0.028181628070110456,90,36.478943214451604,-10.838830248148769,1
0.1026117909048763,0.07375639708887481,0.21925819095593874,-0.2143545750952211,-0.046111500051702024,0.17186114185472856,0.16868975369276915,-0.03286364372196145,90,33.52294689565198,-11.348976328726042,1
0.22222439767246444,0.20747671171451026,0.2048427110191016,-0.19111103341311808,-0.07373675586452952,0.2111411522538453,0.21057475006346474,-0.015455122477380416,90,35.927082509869635,-10.86113883401123,1
0.20876381669016333,0.20498373471032835,0.2034692845019023,-0.19059892198033432,-0.07121657584895873,0.19875606625949283,0.1965557446277863,-0.029492594473263467,90,36.37611712029122,-11.182151192849892,1
0.23050880374063115,0.21441393413230134,0.151848363598021,-0.1411360744664186,-0.0560226205349797,0.17034032686961986,0.163639762010576,-0.047305974751303784,90,36.962352120501635,-10.48108195573707,1
0.2034074025810215,0.1836936337610864,0.19044884971670442,-0.17967980695874985,-0.06313423262923416,0.22507831414126328,0.22227971580914932,-0.035383264921103795,90,36.38064016355933,-10.814274287626198,1
0.22959400020548248,0.21189080976205918,0.11357215895792404,-0.09713919140197634,-0.05884396981963548,0.1676370999843441,0.16363503772696836,-0.036411148282560674,90,35.5260414104689,-11.139490901475144,1
0.227043417023783,0.2184182106207148,0.26639132666932364,-0.25773261777724615,-0.0673664356956061,0.14431691131399707,0.1402141250757954,-0.03416679704685962,90,37.664851420871656,-11.540763990800107,1
0.10113805456518954,0.11558140535711249,0.1865992087529415,-0.1823129265795163,-0.039765079017094015,0.14702827373640195,0.14677697490167593,-0.008592608254723471,90,32.5267395554336,-12.024997907606643,1
0.1510263873971304,0.18585668331769464,0.1732550726958927,-0.16414542561841067,-0.05544005288065543,0.14164966196052714,0.13641399450199493,-0.03815558723884758,90,34.02847570613416,-11.60305021956445,1
0.18466247180761927,0.16941280098367775,0.16926018281973002,-0.15837554976125573,-0.059717624919184704,0.16351683025423516,0.15971296611986532,-0.035064543766989295,90,34.324071182277244,-11.532903017929796,1
0.2072881742027215,0.19972669265912563,0.13075532198308992,-0.11894279704084539,-0.05430990019325924,0.22139524834308238,0.21525741925174394,-0.05176967689655847,90,35.27190798114194,-11.33463121101351,1
0.22155950494762694,0.1906159577147794,0.1622730201356178,-0.14915354965759822,-0.06391988492224471,0.17889688282510274,0.17572647116862536,-0.033530613104457485,90,36.04213903068656,-11.463625751495895,1
0.27266066893492524,0.21966540241087593,0.10904483835196242,-0.086448407146503,-0.06646389751615582,0.2037478945177081,0.20227813711154832,-0.02442866691165871,90,38.218223895882566,-11.16154500801708,1
0.23112278600522562,0.23281906027253324,0.08718676136950923,-0.07613598862299518,-0.042483439061626035,0.17259832804765293,0.16429157727330018,-0.052900477142427065,90,36.53030110747413,-11.94005140782749,1
0.2103795875705462,0.22620599066020236,0.15683934638948815,-0.13971780782668022,-0.07125668215675425,0.1330898929283085,0.12901002450266047,-0.03270066019962847,90,35.87299850551926,-11.782266871767181,1
0.23659067878954954,0.2056936064159979,0.14475247136680422,-0.12880561723266337,-0.06604839843713162,0.15016324340312326,0.14463555470470937,-0.04036775922201612,90,35.95262790605725,-11.475104147040815,1
0.19917995350133547,0.20261773632291255,0.13802862296024657,-0.1321875054155997,-0.03972863159363411,0.1754348016343778,0.17192484698419744,-0.03491728245373324,90,36.42202272369375,-11.534225911248338,1
0.24762279242570467,0.19849195326374702,0.10062848154199613,-0.08930034039754925,-0.046384701166760675,0.1693670468256116,0.16428088779349945,-0.04119449546005571,90,35.30214228557679,-11.187031648715054,1
0.11408735901647511,0.12210329297494962,0.12672300578597182,-0.12171081474874738,-0.03528735989880147,0.11811996441085722,0.1160629509000598,-0.02194806189148558,90,34.61388644500968,-11.207881615304895,1
0.1333377411975824,0.1007767682351108,0.21533915515225488,-0.2102597028612232,-0.046495258837832364,0.22550543363678532,0.2251677230782095,-0.01233681820767992,90,34.431306872399944,-11.201654830316741,1
0.2168319385929524,0.1805958063799271,0.14202247411322041,-0.1209215320786545,-0.07448735619547317,0.1729445411839113,0.16999946069184485,-0.03178046081785928,90,37.128415308899925,-10.933142553560453,1
0.09352313531933838,0.06533742219874884,0.13094465030998292,-0.11153429799149704,-0.06860467780222901,0.16475053370574122,0.1632150017810795,-0.02244106837761476,90,34.1922929248148,-11.449463543532673,1
0.1425102129818218,0.20179261247199473,0.23153236005168343,-0.22067014442278868,-0.07008509906911706,0.11203890941048011,0.10705976008675815,-0.0330291536684723,90,36.26848149873423,-12.135521778497004,1
0.23258659084162403,0.2800868518464768,0.16085221193514646,-0.15921804896285643,-0.022870220132100275,0.19032422854062345,0.18679631170587563,-0.0364753327971771,90,41.12380077934021,-11.117173338246241,1
0.25934959915138583,0.3192445785301106,0.20256263736736355,-0.1901788256293183,-0.06973977587772552,0.10771325831107109,0.10132722445711738,-0.036536825256232634,90,43.78740606698962,-10.016660622861163,1
0.2320933079930109,0.32254393281146754,0.19740636472558035,-0.18974261087744781,-0.05447030798130543,0.12636800430205142,0.12603248078595253,0.009202515863707683,90,43.87520431554718,-9.400417556442603,1
0.1929416665561362,0.2651063126711068,0.1728079780618306,-0.16152131905556227,-0.06142850130329872,0.02492165717625072,0.022726380281765976,-0.010227445218583552,90,37.99424203066775,-10.883101222838786,1
0.22078862233272228,0.20975385904401028,0.16271070336658713,-0.15888447885501494,-0.03507841742467605,0.13465192222809352,0.13147833253618418,-0.029061800240609878,90,35.48553498342263,-11.069954775753438,1
0.318800978834321,0.25411187308576755,0.15041604005361803,-0.14391830131441183,-0.04373222670052135,0.11472162900260059,0.11194432805408122,-0.025090228726151003,90,33.28964670447186,-10.533289976654132,1
0.2873564635348784,0.24290933773462609,0.20730858012977904,-0.20604746687373238,-0.022831749611958618,0.2585924401207199,0.2541387931761479,-0.04778623118178734,90,33.17582836853144,-13.113332535297825,1
0.3350436356098755,0.22203171028969565,0.11803359770268884,-0.11675286115328899,-0.01734069200352207,0.32184651246410234,0.3195915175221192,-0.038032085312464686,90,34.83232122374981,-13.425282602395912,1
0.3065188588306321,0.2654703773075166,0.03108654507248363,-0.015850960549693798,-0.026741733941455764,0.2270577746196732,0.22554956118053812,-0.026127159556771508,90,32.90733478350329,-12.859625668207235,1
0.324260605140444,0.2368157383962597,0.07409338440937105,-0.048655872919624144,-0.055878758429874005,0.27984490938873263,0.2762117198805258,-0.044947292592879204,90,31.789771237784297,-13.263401073261473,1
0.2488490122336969,0.2538182466820047,0.11170139586169234,-0.1116745485457886,0.0024488863887093945,0.2027690950277111,0.19936006525329986,-0.03702526543533422,90,31.95584793583661,-13.049044876321414,1
0.21156573574757837,0.22636093614952987,0.08551258060297132,-0.06752952084574812,-0.052461083249617846,0.10075658043311284,0.10075465657546957,0.0006226386861752664,90,31.915745552753638,-13.043340870191379,1
0.06091726456239317,0.07151619392992381,0.14204616862955258,-0.14201520520528443,-0.0029657229871048823,0.21952256741646084,0.21713529327372263,-0.03228656098207213,90,29.77714237546118,-13.745503751484254,1
0.15606447375895166,0.15937179479477298,0.17042100375009347,-0.16880878852089637,-0.023386137716533202,0.1688335815563838,0.1654216685648302,-0.03377054678834154,90,32.46129900345289,-13.824225603713074,1
0.10303858952645087,0.1235264763070493,0.17947709783085608,-0.1781690680547753,-0.021628958233801402,0.08719899907250137,0.06985838049269757,-0.05218689600065888,90,32.25194595147087,-14.145605653188063,1
0.12834166900845598,0.2243091425885536,0.2344541474320266,-0.22912464012055805,-0.04970559865551605,0.07167590565266757,-0.06676213364294688,-0.02608165950570255,90,33.33137348748221,-15.132753955409946,1
0.1118073383959598,0.27224853876719973,0.20214434836148856,-0.19650071816744893,-0.04743211290009817,0.04424356933962025,0.031447919126939464,-0.031121083054663438,90,36.24250044935387,-14.95448183224878,1
0.13577554979911644,0.2630071331306552,0.11291154305105165,-0.11130903127142082,0.01895563535171935,0.22021371846964893,0.21272661004893423,0.05693391940942117,90,39.19518377793969,-13.581079226569658,1
0.26187223092684336,0.2922202606589429,0.26009833379104064,-0.25572404824292333,-0.04750109884125445,0.22335644242570302,0.22334142320320102,0.002590184285925157,90,42.20511765120713,-14.179836939671992,1
0.25659144128415123,0.35550326085444256,0.305191350784679,-0.30220381090755155,-0.04259832469393378,0.18893421121870327,0.18867431120584485,0.00990658668934904,90,45.63605221134509,-14.377174144826283,1
0.24374296619023703,0.2836492281846319,0.29615310150461593,-0.293186016350082,-0.04181649611783356,0.39314288924449636,0.3922941057359075,-0.025819875452351534,90,46.44355957044353,-14.943118795366805,1
0.31713395388648064,0.37541494380506035,0.212144179624189,-0.2023258970305926,-0.06379172625965063,0.42295931435761597,0.42213048405240605,-0.02646575212507616,90,46.49182895163353,-15.765739416318794,1
0.29653743254166837,0.3704355059659114,0.19117192010587508,-0.1823018622901472,-0.05755635536160443,0.4864605280081551,0.48302592243029563,-0.05770445017791082,90,45.90781611039641,-14.938812223075066,1
0.27423970871232123,0.3738833159531174,0.1861553584597508,-0.18200718930650903,-0.03907941304603878,0.09446984222935585,0.09416078482600655,-0.0076352925150173665,90,43.43313175921302,-15.447127487852258,1
0.2606234719493946,0.36445631574228243,0.22391233048669204,-0.2196644454538471,-0.04340810002102624,0.0709638443372807,0.07096365580581614,-0.00016357811426239574,90,44.97305076072714,-15.135961154546818,1
0.26947358620231,0.35072640520741416,0.14733458539402225,-0.1401236434101891,-0.04552850327742617,0.2579817702868269,0.25797506697741723,-0.0018597360893993077,90,44.78850042694887,-15.743820181612685,1
0.3119294216712301,0.3169804212234816,0.2803563445569655,-0.2739944099453517,-0.059386389451140505,0.41116149598300494,0.4111156893985127,0.0061372395560424,90,46.62896847922747,-14.809658628933935,1
0.24073222729936342,0.36918925013364323,0.24128318822626385,-0.23453250002474263,-0.056675244620334596,0.18412049142608997,0.18134720339160396,0.03183625582616597,90,42.48149061484345,-14.57290221269205,1
0.22224574135475894,0.2527516620931397,0.13343289333012903,-0.12375735732826389,-0.04988440166599174,0.02979187898413176,0.01526624461594559,-0.025583155175452146,90,34.5424851478495,-13.639197444300692,1
0.23518830587856612,0.2169835960650662,0.25088707633994284,-0.2411897559817926,-0.06907840967949132,0.021421680502952026,0.008815019505662674,-0.01952392959128212,90,34.230303527035424,-11.583246669374926,1
0.17767905100156048,0.22865142843889893,0.20060636768786777,-0.19947309385568845,-0.021293181644829434,0.11437009170627144,0.10521288046446842,-0.04484158406290327,90,31.29029827422427,-12.027015692727835,1
0.12684331747017843,0.1543120054759214,0.2115843095212159,-0.21084297219528614,-0.01769635870532416,0.15727709107985355,0.15283427709547653,-0.03711828556444446,90,35.84917289794002,-13.045546777582123,1
0.1708656117662647,0.22720233157137035,0.13838450741399572,-0.1301552712564144,-0.047009331588349745,0.0534075806240054,0.05058992897448323,-0.017118082674948694,90,35.40630600884523,-13.104074491475762,1
0.2064793829656935,0.2500711386280708,0.10691084922171232,-0.09702786472295577,-0.04489457816497999,0.15036591967383622,0.1489089239279483,-0.020881622877043506,90,37.36128346328994,-13.186773622926859,1
0.22389155252849927,0.2334790306435696,0.07942743519768458,-0.03938879523373207,-0.06897275021425134,0.16676555312718847,0.16114514299382418,-0.042930089672828305,90,38.22705384666866,-12.067803058343817,1
0.20218353028576624,0.25435162976999204,0.14228038206049595,-0.13139974193219867,-0.05456935897948863,0.0434516147083309,0.006675945236697054,-0.042935702811970594,90,36.31803568506503,-12.260873418561768,1
0.21828175020216098,0.2329284788296887,0.20837560450951545,-0.19631390531991955,-0.06986589391647162,0.04742854040532785,-0.018206376159275468,-0.043794911943361436,90,35.65294194754436,-13.849820821056971,1
0.18423732879898932,0.2306556870165237,0.29123860132960794,-0.2855618704284425,-0.05722185825220751,0.04546862841581505,-0.011371636548020782,-0.044023653326764944,90,35.08236671665271,-14.657496723991521,1
0.208415270279561,0.23525112725464903,0.27661916542307247,-0.27271518285584767,-0.046309736765163,0.05225355516986821,0.028209351036450187,-0.043984844457981065,90,35.356279969558145,-15.331552953784886,1
0.18364106268383512,0.21277065758058678,0.24360754618480945,-0.2411605073097144,-0.03444192608297717,0.02470345490147248,0.018027116596910163,-0.016890344912715394,90,34.90954512244402,-14.300066039913771,1
0.07391730341660978,0.04386854334930726,0.1472213811672345,-0.14606534358431836,-0.01841332333890798,0.1320350206314458,0.12289271827858031,-0.04827656229732813,90,32.070179222523656,-14.422338092230662,1
0.17413608191353705,0.19552290986894097,0.19270353814370372,-0.19041918768045635,-0.029583552461072252,0.07920118144737336,0.07517732954267753,-0.024923809209096055,90,32.95555918300528,-14.013958735816683,1
0.19476649909717053,0.21492523860739066,0.2973851765448636,-0.2936248453446552,-0.04714226792324497,0.05598593118258675,-0.05570392140821039,-0.0056122749513239974,90,33.257139973063886,-15.052861751376224,1
0.20636421035971017,0.23645770167840938,0.3003585396946644,-0.2982125160619313,-0.0358405863724866,0.06857746082264422,0.06563703899038315,0.019865730428459624,90,34.88775488045739,-15.552922621566529,1
0.21934520895251544,0.2539480321506694,0.29751222258785714,-0.2947977068409874,-0.040097813287782946,0.038136628885737864,0.02990444383913672,-0.023666996037528996,90,38.162315804573794,-15.877336326383205,1
0.2472632735308423,0.34026485624645736,0.3308950982334464,-0.32887109210621857,-0.03654272583956016,0.15598999196691016,0.15342370696725133,-0.02817878163199571,90,39.10356936895649,-16.330786561690335,1
0.22456804888420756,0.3166343905191312,0.2369900047001426,-0.23491337158886433,-0.03130447534340333,0.07919615917389025,0.07458389200996633,-0.02663221133405638,90,39.45770331071768,-15.283907009709388,1
0.2217291029792196,0.29128398129753047,0.25846896156216115,-0.2533842255972724,-0.0510160593293181,0.2085813054893402,0.2083150958343263,-0.010534792222578696,90,39.245960009983854,-14.916771963151303,1
0.19618787998276213,0.28596241399462835,0.3027061142898746,-0.2974135588883983,-0.05635748945625464,0.049861538362998004,-0.03578299233664898,-0.03472391779969596,90,33.106769726422705,-13.764960135124216,1
0.17021744283183607,0.2641913891673597,0.2603846687109399,-0.2588243832484383,-0.028462507545391383,0.06427030674318132,0.04552092301721166,-0.045370892613257115,90,31.871506109962365,-12.477089179066914,1
0.18405602471987118,0.21097795865763522,0.18160583480207843,-0.1788523687789299,-0.03150411745035023,0.04329110920533342,0.028680544454940577,-0.03242755781733001,90,33.955258445035085,-11.946967217000946,1
0.07602975680632587,0.07260709698295986,0.18691760319592413,-0.18687402967039765,-0.0040357674928418255,0.10790203893153946,0.10790042073902466,-0.0005909398657371721,90,29.384909095960516,-13.338099285224802,1
0.2029849292921429,0.14588287386978324,0.09540483122470975,-0.0770369744396409,-0.05627953793521645,0.17372808358145833,0.17104398000789253,-0.03042045246122799,90,29.931740832771673,-13.263862976636545,1
0.2584693904114722,0.21023465421971482,0.101927007614022,-0.09940423105415784,-0.022536941444670403,0.17039597699716189,0.16021675821703485,-0.05801188984373393,90,32.76425681531864,-14.283838340672887,1
0.2606093530494092,0.22612178109574918,0.07231789517277015,-0.05467873121025172,-0.047329845926823155,0.1722101568516791,0.16725878498108443,-0.040998011775344345,90,33.62405532769317,-14.296134261728952,1
0.2871393301773262,0.22449131749787835,0.13168331557975155,-0.11172423774872915,-0.06970071951954213,0.16454083735775338,0.16155145155891576,-0.03122203801160238,90,32.839632141063674,-14.505236011913345,1
0.2400048789543985,0.23877726537685337,0.057656430861722195,-0.050354139589605454,-0.028084241949945524,0.20805782769354564,0.2035407742257567,-0.04311859102680266,90,33.41202928103369,-15.410324595722734,1
0.2817035974061209,0.20157662462005407,0.13695913239545005,-0.13496333442039266,-0.023295971940309093,0.269400723942676,0.2683809559654246,-0.023418209494382208,90,33.610658288636316,-15.098361815631481,1
0.23765937925532452,0.21544901063661878,0.06532790178791333,0.05182100590577003,-0.03977836219511051,0.19721128102668223,0.1949823204851321,-0.029566603836394086,90,34.66799826428286,-14.934613275621954,0
0.2235455113101488,0.2635689755376777,0.09073123528923414,0.07844421534703386,-0.045592347337009786,0.16112900745978245,0.15839237082571275,-0.029570490513086335,90,36.79524791244411,-12.52303277814867,0
0.25162072789330936,0.2782353994571675,0.06645177116343692,-0.014039849769878288,-0.06495167826312909,0.201641240059044,0.1967309853690381,-0.044227922043391654,90,41.38314559876759,-12.877063889808635,0
0.2492865187909302,0.2948068610347668,0.09638456244254696,-0.06914278382532658,-0.06715101877205876,0.05527885327089234,0.04257663055668798,-0.035255951971038146,90,42.20602451311873,-12.306736638979853,0
0.24434324084316186,0.32520947568312714,0.11499753379065528,-0.08627956574353572,-0.07602808239749176,0.10581985368190336,0.09375186990406575,-0.049075740674497915,90,44.94853432745418,-11.118652481158506,0
0.24333139781648072,0.32123022238277654,0.10260576267994952,0.08770799683713446,-0.05324706401250057,0.18116102655848182,0.17292715126133512,-0.053995535929947686,90,42.55115581498974,-11.423739468574388,0
0.20459691614394138,0.3167836860590485,0.05732033185196251,-0.011885207956031783,-0.056074613466888794,0.03912841187210922,0.03657668652725171,-0.013898871116769932,90,39.19550012288682,-12.10753263608871,0
0.24874418519049932,0.30315279574821047,0.20710578597639323,-0.19738729787901288,-0.06269817557889092,0.06164884852366423,-0.028294385894868643,-0.05477233107259499,90,35.96006569293117,-11.414677644317392,0
0.24416626358938798,0.2706311885724256,0.17371536639073443,-0.16489528589097108,-0.054649549048478095,0.07174961661693938,-0.054865183235762484,-0.04623655645897508,90,34.13689852159393,-10.817490223602947,0
0.1622842251846971,0.14723507527492974,0.14670033741673938,-0.1442599342982996,0.026646957695681834,0.05683854617230176,0.056186566624968313,-0.008584291576995477,90,32.52449652644583,-12.307326123912626,0
0.3122433789088904,0.2963586294251201,0.13340730343708748,-0.12320967704835654,-0.0511554893632621,0.09052688507054076,0.0685605223057229,-0.059114902535159164,90,31.532040144109672,-14.057501830369985,0
0.3443239425988687,0.28630759119623,0.013506992073118645,0.013059533606094456,-0.003447813343929662,0.1969576479188855,0.19438845911050098,-0.03170870603453814,90,31.527144474474888,-10.902837883577766,0
0.3239040521749586,0.25647631544165056,0.05009262161647398,0.032071324689816154,-0.03847987620889164,0.22736140988227252,0.22664318860332572,-0.018057568035925314,90,31.37132999765361,-11.736372408098024,0
0.2571325032027352,0.24844521499669447,0.04896785291392224,-0.025947450706602305,-0.041528067867744184,0.16527276785955833,0.16315365711819996,-0.026381280577642413,90,30.61880373744292,-12.69464014295892,0
0.23544462344863185,0.24471076431577157,0.3285042667830869,-0.32843424528298504,-0.006782316719937959,0.0652826014747255,0.030701483451867895,-0.05761281948631325,90,30.582874729326388,-12.343877982858077,0
0.17361811017896897,0.24088661539717662,0.4411129039723048,-0.4304871858608132,-0.09623604761479689,0.18790069836093995,-0.024815178198583705,-0.18625487745426014,90,26.61582584835859,-10.675318681507614,0
0.22776490456177195,0.22582679350052898,0.44362073880783864,-0.43294236809386766,-0.09674846670457679,0.13711696286081818,-0.09039067193219605,-0.10310474252827119,90,29.741377858535632,-9.672402142346266,0
0.17778556815572977,0.21671531844796446,0.6160120292090966,-0.6159477479142513,-0.008898987002506405,0.0915279554930122,-0.014020804593775088,-0.09044768474247418,90,29.94222633486421,-10.567110105564948,0
0.17144311813735552,0.13096713860908055,0.1268557809189624,-0.12473869607179726,-0.023079143287123616,0.041671181445155386,0.038272653882611536,0.016483061845933924,90,30.93153549662409,-10.632205574804807,0
0.2281547524839125,0.24191487528308384,0.11635859849768476,-0.09563319863005369,-0.0662843478064777,0.10476265430036123,0.1031860146682775,0.01810690787890132,90,32.445283178906166,-10.794691915587203,0
0.24557622983075428,0.24579718552940286,0.08306362956571063,-0.07773083309344697,-0.029282830177909454,0.18417754324970828,0.18406314606566423,0.00649043125748259,90,35.96615209410362,-10.826257249522985,0
0.21798048026936964,0.25704026954466375,0.20199708935934738,-0.19507270150286027,-0.05243534340522762,0.07732595012470835,0.06547693385617193,-0.04113482339190687,90,31.523866787669505,-10.523159998960258,0
0.22527569312462206,0.24167606517791682,0.22434833594885797,-0.2243447023642122,0.0012768571316627059,0.07284888858641654,0.06782484938814022,-0.026584777105558434,90,28.337083750226757,-10.465431604303035,0
0.2198033058121569,0.272282558334533,0.2656707910510188,-0.26406221833485455,-0.02919099288735664,0.04155148211415913,-0.014912933585725466,-0.03878311588502176,90,29.231719599666867,-10.758118020226595,0
0.2410993837953373,0.2875050326917189,0.2617140652705261,-0.2564640264356695,-0.052157982177509804,0.024228998380237156,0.0008186782314920794,-0.024215163192983353,90,30.86598287377042,-11.363264369528729,0
0.2256804341023788,0.15540831422837903,0.23881463186850888,-0.2384589107498274,-0.013029822657936565,0.021123071665095864,0.00365025174268872,-0.02080528343435325,90,28.156390934104977,-17.038135805295475,0
0.22771095284099252,0.07573296176872527,0.3055636671922931,-0.305560847879728,0.0013126122901371232,0.034045438604175596,-0.03297708217939335,0.008461911172083265,90,29.20750476107196,-16.694145990674627,0
0.2732856575982338,0.2305384145142189,0.2079225888787528,-0.20457930744462685,-0.03713636939066217,0.052624849411455614,-0.04291437874238566,-0.030458674835479267,90,31.913258166399725,-15.824578963712737,0
0.1385074679281158,0.08243867169204395,0.11057930216218693,-0.10828009436292148,0.02243219185530167,0.15008613049295266,0.1475970663001017,0.02722044426439441,90,42.81827144778089,90,0
0.28258144945885566,0.2783751771743341,0.1758348899569821,-0.17532945236870803,-0.013322599531358016,0.04847098386360707,-0.04401601235071945,-0.02029844657719821,90,29.294727006697872,-15.559908977577502,0
0.2922829823745956,0.2654007045440972,0.16087277363702757,-0.16071599777073498,-0.00710051816612121,0.05805253009624845,0.01837753482668252,-0.055066890817168014,90,31.600182875740884,-15.909811597469009,0
0.27555676364242976,0.2494591273129083,0.11901720259173096,-0.11604506806816152,-0.02643173641320013,0.10030073833621714,0.07707993859784924,-0.06417882186938376,90,30.93332781047501,-15.174952588443434,0
0.2229888452683119,0.2676551085488311,0.19786342753351835,-0.197337951575073,-0.01441071904750085,0.06890553631296198,0.05749995375129046,-0.0379700968286411,90,30.0130214792829,-14.316600251313996,0
0.29893514878005206,0.27208530544671405,0.19223476325183292,-0.18638503887238195,-0.04706188996448109,0.040944613040930194,-0.015218200589395584,-0.03801141549445944,90,31.72607425460862,-14.16578474493707,0
0.2075895081268063,0.22738469800834415,0.16086761624464352,-0.16027802360162563,-0.013760272765851577,0.06806588273708254,0.06388473865339545,-0.02348839202596963,90,30.58323468116037,-13.674577382222587,0
0.17959856369064547,0.16768307068784527,0.09677066779328915,-0.03600344732883602,0.08982379376088977,0.4243912805682841,0.23369822168921658,-0.3542500532133846,90,29.747856605631085,-14.604781966219052,0
0.12343989184258268,0.19392264852434027,0.058580988640293055,-0.05675226308321486,-0.014522839426493404,0.24867679511889831,0.15318833606586854,-0.19589150600262648,90,28.651803306441963,-13.95463435353683,0
0.11184523548667492,0.18703298504635701,0.056258980461438894,0.022307317564129608,-0.051647424579098204,0.2196855346682467,0.21968210254389095,-0.0012279920068178668,90,29.736733187893485,-13.656618725248173,0
0.08046903897352978,0.22178972636154182,0.057824171747840575,-0.05531304085344116,-0.016855335946498205,0.2964386298236428,-0.011773403581699848,-0.29620474037364947,90,29.692379270541267,-14.223748371223943,0
0.08667488735213055,0.18196589709256944,0.056742405811848674,-0.0567110517280124,-0.0018860618280481915,0.34466674162682037,-0.04402105355375098,-0.34184398433739793,90,28.661046800539005,-13.446608421574373,0
0.17260559691852764,0.23850130138609443,0.07525170156685727,0.010872877369787714,-0.07446206501574415,0.38821953904990186,0.38809026912117184,-0.010017660084806338,90,32.98469987992242,-13.143117605578789,0
0.1672523654460808,0.22555765976515155,0.07160468191398021,-0.0568251439221929,-0.04356757383908757,0.31179285173727217,0.3058603145505938,-0.06053305194249158,90,37.405330893465774,-12.819024836166903,0
0.19181671024522268,0.2556015767855572,0.0811600102252297,0.05344855077994922,-0.06107536065618097,0.2819239915702149,0.2816270970795078,-0.01293503820837449,90,35.49076969058823,-12.372266610486601,0
0.20249873552314665,0.22615932415889317,0.0716625132834639,-0.011884642394511058,-0.07067015696358138,0.2543786529936081,0.2542626549848156,-0.007681235507074923,90,34.00814308982168,-12.16501384327059,0
0.13124282620879027,0.11167211452498167,0.1166752640332676,-0.1146632588697386,-0.02157438997061147,0.0793950774317915,0.07650865445262435,0.02121330040915585,90,30.961922497829438,-12.974192573527104,0
0.13464602825352237,0.2395156741382613,0.1246367048599569,-0.1185340714133326,-0.03852248839998492,0.2735371461092882,0.2735102192840465,-0.0038380006262195817,90,35.90894104171265,-11.966583249574448,0
0.1538913752531411,0.2461605871255286,0.06501864498808729,-0.022834243393214493,-0.060877101809681845,0.25155150447631397,0.25142533958192914,0.007966054255942823,90,34.75585178066521,-11.077130613175346,0
0.18768359885819194,0.22755764611473878,0.08144019234631457,-0.058878293988721374,-0.0562658993208356,0.2795032973413343,0.27947925804167356,-0.003665726279192125,90,35.36287338439819,-11.761550771668041,0
0.09393652142986286,0.13354355757865852,0.07257443405010183,-0.0670235314546643,-0.027836930668416124,0.11096708671885165,0.10756321962507465,0.0272735791336065,90,32.901683175965964,-12.032565596630148,0
0.1722239693354965,0.17050122056030848,0.09139592878386976,-0.07910256284758103,-0.04578209638287311,0.16028493053875792,0.15984625627698448,-0.011850456195735593,90,33.0207722222687,-12.139160019064697,0
0.08949901252060494,0.15260969635535213,0.10693289884906176,-0.10400608048650628,-0.02484713420292274,0.16623884882719706,0.165917373927744,-0.010333435455493657,90,30.833759377740748,-12.387011523331054,0
0.10221576473947921,0.06098843287044184,0.16889587273643422,-0.16837742856002832,0.013223364886228725,0.1034064540187826,0.10323610059994376,-0.005933149724799917,90,29.89900044405691,-13.371983924356156,0
0.1143580225184419,0.05818333994478422,0.11945418056757845,-0.1190590309147164,0.009708162170063022,0.1318456379763511,0.11337338979728522,-0.06730339322251043,90,25.789410732585427,-13.728246222601753,0
0.10678172001307848,0.157312228470432,0.17990557966406046,-0.17971361499758645,-0.00830868092785325,0.20848788237808497,0.20616993907359418,-0.031002472818932675,90,25.51846594747733,-12.032469037455035,0
0.10023042675062445,0.11206305153840415,0.12673087149776435,-0.12661598674928226,-0.005394968960840685,0.1943306676562126,0.19167871784347146,-0.031994960815606585,90,22.992604430266063,-14.79925631729575,0
0.12534542991956416,0.10292463379936878,0.1901473719614146,-0.18991981476130992,-0.009299840044983566,0.14431966964716234,0.14431478782862878,-0.0011870387710319903,90,21.92920261388569,-16.80076454184602,0
0.1021369905481888,0.1747842188912761,0.20980070521932784,-0.2097492185948252,0.004647710123009621,0.18477466550150612,0.18321864834060694,-0.02392914355831569,90,20.0785119742997,-17.99249788672392,0
0.11092054861666327,0.12924856297965326,0.12377874416103386,-0.12327271378127205,-0.011181034973706918,0.23409388278433466,0.23375936560745886,-0.012510193757260554,90,19.489616162433087,-19.09975271103227,0
0.17039010071545868,0.19145255042511397,0.2154208317211235,-0.2152942968991162,-0.00738244282983646,0.18687313393673105,0.17948945427084365,-0.052010614232963596,90,23.26602608310444,-19.75085048365106,0
0.14615507738180958,0.15468101905517725,0.2070888013927635,-0.20702589429093415,0.0051039940566586835,0.0958372044903264,0.08865162222534016,-0.03640960918955618,90,24.075053698725785,-17.732757054194668,0
0.16274611758503582,0.13710538811539197,0.20677306228564155,-0.2058420243268728,-0.019600007857062215,0.24129541593690465,0.2391465900133907,-0.03213076776441919,90,22.657204342321222,-16.344234685187708,0
0.06072787292864979,0.10607567719919057,0.19753820920897755,-0.19753759309052876,0.0004933695273004607,0.17977370445201907,0.17967349442398461,0.006001684253297089,90,20.17568041746454,-16.477547994446724,0
0.10980090506295447,0.09285519621765288,0.18674517052523032,-0.18666226486707188,-0.005563954456360429,0.045800122250758135,-0.04257851501042617,0.01687368536186757,90,22.34445403751646,-17.053816305547446,0
0.1599888184747553,0.13840213951824126,0.24241293946734266,-0.2423940861606183,-0.0030232789411996685,0.08138072678805897,0.07663575227325699,-0.02738218702121297,90,20.364565670289913,-18.995612889528818,0
0.13650119341505926,0.1603800295041258,0.18299524228288422,-0.18091881455456774,-0.02748892937786819,0.06195789589806976,0.061764498837991254,-0.004891579234544473,90,19.72267411092303,-19.631514152639955,0
0.14957032920572919,0.09646678977829123,0.19664429406610137,-0.1966435238066663,-0.0005503940882830703,0.015286038282011714,-0.007998991153364863,-0.013026093308721474,90,19.709530440268665,-20.726822347142637,0
0.1335250760041657,0.12992926668938512,0.16985419807281094,-0.16958854393855013,-0.009496018521472019,0.11852786510724521,0.1086515433605087,-0.04736767813879854,90,18.301742378704446,-23.09590818026867,0
0.11034602552308434,0.1398394359146029,0.14281001790711262,-0.14188773022408974,0.016204111406854547,0.18731257289280107,0.18617625866331444,-0.02060098720575183,90,15.448006352208441,-22.87156126526225,0
0.1326744338551218,0.09971996626181574,0.12576190981399052,-0.11746934743442493,0.0449111386338918,0.20327069691663682,0.19721561401453536,-0.04924406374219155,90,17.681978340208225,-22.722057700327145,0
0.14618100333341164,0.13806754994558199,0.041969679877618085,-0.041923059386144865,0.0019776553631791756,0.20397119626405,0.19984339749351931,-0.040827262749722044,90,14.780153763265432,-22.867844197876657,0
0.1957110382621198,0.22156277200591334,0.0759153712323113,-0.06268676658410566,-0.04281953858426658,0.2874949771252379,0.28021241033217814,-0.06429904329048834,90,17.88286100795686,-20.979684931183215,0
0.1719281757218994,0.19678314485918427,0.03911378508795175,-0.03810471845878272,-0.008827152150233965,0.3121282364525261,0.30269212803499723,-0.0761676546613383,90,19.227733787087153,-19.29487085756152,0
0.11901636974566233,0.10863572868031167,0.18861012431946492,-0.18855056621125585,0.004739512339771209,0.15443373604433414,0.15022319626308273,-0.03581578050405149,90,17.43564956614824,-13.357526290311617,0
0.0962316678696165,0.16786875234343224,0.15061572489999872,-0.14983282127227066,-0.015336957219210447,0.20083148815091234,0.19884736239793344,-0.028160488282254207,90,20.08829078627132,-13.748982948772046,0
0.16518478765034914,0.13060696329504493,0.17852364731808099,-0.17724321999170067,-0.02134323355830033,0.13094444576786402,0.12978257447066582,-0.017404920029094294,90,20.96147187711446,-13.574375314231082,0
0.08084894099674586,0.07059327048391059,0.15946389073142225,-0.1586147900114739,-0.01643413632713947,0.13080874986951502,0.12788994967799225,0.027478897608637053,90,19.840313295208713,-12.528337386107982,0
0.2290168861471887,0.07931443307133691,0.1860189353334596,-0.182206430839775,-0.03746813130146875,0.038131649067485424,0.035243835821220135,-0.014556603216847756,90,20.529770551608408,-12.33503912716299,0
0.22127601024366117,0.12462429398181542,0.2974852980914389,-0.2922492783674404,-0.05556853313038396,0.09644430204437475,-0.09573512775390769,-0.011674275599349202,90,22.933904300068352,-12.912158470147974,0
0.2231620045641303,0.1773407635549719,0.21625510793566763,-0.21098733303030606,-0.04744066830290208,0.11895589959289747,0.0973051362878803,-0.06842672358042977,90,20.897097634186316,-14.298468828155123,0
0.2587798203266605,0.15042990028307388,0.20799504178412734,-0.19773480386356385,-0.06452042116895099,0.04375682985233707,0.040699319279899726,-0.01606939852263172,90,25.9320523481367,-14.97876459659585,0
0.3104014923359706,0.16129720038468148,0.20184170654305575,-0.19325902430752873,-0.058232499722363405,0.15915012607932932,0.15409764424557995,-0.03978289417612924,90,28.65815213804362,-14.742626359398313,0
0.24748060134718408,0.17050776731066988,0.20520526096069136,-0.19795629495576306,-0.05406019250180649,0.009575242494739426,0.008879964647589684,-0.003582107855805174,90,31.165758663440073,-13.647170082606838,0
0.2838747412926056,0.2273839420835901,0.23096250907984,-0.22286149969616695,-0.06063359261688656,0.045302447298925186,-0.01535022737001047,-0.042622555659660714,90,31.791357332268785,-13.592416702996452,0
0.184885117378993,0.07046340344846912,0.2194742347871471,-0.21350836940523044,-0.05082436354076097,0.09616829837295586,0.08888499371621743,0.03671238897181513,90,30.17317344149867,-14.329695740605604,0
0.3070308978159412,0.22724960892694368,0.26281196934933226,-0.26104629581557154,-0.030413199013643047,0.05621141046650404,0.027977651410995136,-0.04875421713204552,90,31.1201537009475,-13.340970781036573,0
0.22705229591244921,0.20694293617541953,0.15647515494831646,-0.1486637734521558,-0.04882168144447437,0.06633395406408081,0.06074435041366938,-0.026651779576548497,90,33.364667643729476,-12.060293269876142,0
0.24352381389971448,0.2635053635035925,0.14366430315940432,-0.1360486306892033,-0.04615411238308028,0.06483998202539666,0.025049965959960355,-0.05980570603595103,90,30.543369347239082,-12.787512210825572,0
0.1413796178802711,0.05125360471340036,0.13560500527169558,-0.13496255371258067,0.01318432971809193,0.15289412453183698,0.1511322948320678,0.02314395763800586,90,30.54933135931603,-13.158604583242951,0
0.2432700042395495,0.23747671706808873,0.10208851389415668,-0.0894608326976216,-0.04918154208812063,0.09586193969366506,0.07719104857526483,-0.056842356581012575,90,33.03279417150408,-12.184370821215278,0
0.12936175025656652,0.1284792555111447,0.22563139648813463,-0.2250427140129284,-0.016288153697737996,0.11303834322882954,0.10838244791556194,-0.03210781873234583,90,29.083476376860713,-13.911173651081885,0
0.20444748952695574,0.2425402974969314,0.18749649018291167,-0.18389742562338002,-0.03656050710813657,0.03783041565416494,0.01847247156490668,-0.03301375687271295,90,29.632184589277248,-13.464854737671624,0
0.2469963150661948,0.23988306910890456,0.19349364246003484,-0.1932381251421384,-0.00994065712129005,0.04898485267886697,-0.012827127049083339,-0.047275581473282535,90,30.457091856483817,-13.43914628152931,0
0.2562975434773793,0.26806674772856,0.16941040477430797,-0.16920739118511063,-0.008291201006115585,0.10214778849657787,0.0955507324538529,-0.03611410004795675,90,31.32447510490823,-13.659481795716001,0
0.2932650076070129,0.2933089990446867,0.05439489722360686,-0.03525998755174286,-0.041419055057034956,0.1182659288100605,0.10574985744123977,-0.052950897711594655,90,30.79293371311969,-13.95599641496309,0
0.30967114129584467,0.2521050806223726,0.09871047854221858,-0.08292849329015804,-0.05354085892715962,0.10885623501189148,0.10624457035769869,-0.02370171239535583,90,30.987896356677854,-14.772786112592623,0
0.23371507002307523,0.13163632115960297,0.07020415299716548,-0.06805146462263972,-0.017251703126446173,0.2215843991384858,0.21856309894212808,-0.036466665907062414,90,30.47077506944065,-16.136264035716014,0
0.22690092082073515,0.13948825602545828,0.15678728311651183,-0.05636220211469715,0.14630637142598837,0.1323707202361108,0.12968046012730414,-0.026551569388595316,90,23.365278676498164,-37.38161583005521,0
0.18583212666326016,0.2504552902514829,0.08649623089398133,-0.0656689767193358,0.056295501201252866,0.0723259585301569,0.062300899050857686,0.036737477523107326,90,25.952013700548534,-25.84983570585648,0
0.16766682738672947,0.1302379540457467,0.1997722506125014,-0.18944665872617372,0.06339491787416987,0.12526329100946457,0.11726660295765849,0.04403902707023271,90,28.674571415487605,-18.32868280928601,0
0.1435640808215843,0.22619648236744533,0.2123283630579282,-0.21230099652216383,0.0034089051843007277,0.13049072804381798,0.12285004858809147,0.04399654153804857,90,32.953424234890484,-11.17914956567465,0
0.23327547105800078,0.2407523855339642,0.1613991681036073,-0.08448887621649563,-0.1375184397097719,0.20372314751648882,0.2036578152749589,-0.005158983568085188,90,32.372340417558654,-5.903239624289487,0
0.23518333385033358,0.23064380739900522,0.1273562913843192,-0.11061140861367175,-0.06312480684855173,0.16126610184409693,0.160826753692238,-0.01189583543963346,90,29.151277219160438,-7.909029507142253,0
0.28159188837795857,0.25384766815713733,0.08802635728943585,-0.008825229956429405,-0.08758284588812787,0.3121666285352667,0.31134442253199435,0.022641875569266955,90,28.412772702830722,-10.045271485456638,0
0.22851571266059645,0.20241413872325467,0.12301080233807914,-0.11366635514142488,-0.04702783431885259,0.2547535897448417,0.25198072207728167,0.037484759426929956,90,30.058886924296427,-9.625305757007258,0
0.1760716845639748,0.196626199012561,0.24628269409847242,-0.24088325712153433,-0.051287638383167286,0.19325782148393983,0.17957162729852208,0.07143259923927615,90,33.379972796959656,-7.474258970091259,0
0.2022715239146719,0.25554490404271013,0.2426636070061226,-0.23131491135080015,-0.07334192492697063,0.10354801015335507,0.10158139513761533,-0.02008508323644656,90,35.17781742114095,-5.977548456892573,0
0.2510466333522242,0.26730416088040426,0.24065985600256878,-0.22247512969864777,-0.09177136239997205,0.023292255319422944,0.006532079943358625,-0.022357573425547738,90,33.24946470069019,-5.637576369674679,0
0.2521112085320878,0.2549373426771323,0.32490021511033895,-0.32199681057134116,-0.04333824824134416,0.016731864014137694,-0.0032421793602598306,-0.016414735647688666,90,32.906982397110774,-6.403717277329567,0
0.2115131730129072,0.2272840027164531,0.14509418251299588,-0.11496179252296765,-0.08852179426006171,0.17123436509157627,0.15638634996213718,0.06974609188933238,90,31.420512673407114,-6.652054744958596,0
0.23191603543132233,0.26191753632130665,0.21793844955338673,-0.21592123093566687,-0.02958360736895543,0.19247122911097642,0.18802832995312432,0.04111594788557077,90,27.557310247293067,-7.213841442933099,0
0.23393748390752414,0.26523358751604786,0.16028618878013545,-0.15572819959019682,-0.03795247246303001,0.13488337139237377,0.12201537668527278,0.057495840984579306,90,25.724065282774234,-10.151481359613287,0
0.14004212940186883,0.26554811581279786,0.1842332405118975,-0.18020046211257162,-0.03833641042051682,0.14149388061833823,0.11559685134897138,0.08159587128427741,90,27.426987220620443,-11.319698796090599,0
0.2717923825314776,0.24947603523871764,0.1871485515513353,-0.17882241425441828,-0.05520076546556251,0.1687608972302528,0.16864820788547474,-0.006166231505356323,90,29.13828089284908,-12.881941912486509,0
0.13441329018908982,0.08881095266591787,0.27672777417721883,-0.2738157392750388,-0.040040004075196936,0.11609035340790079,0.11384393945951375,0.022727243623234843,90,30.372513168045213,-12.11130286560846,0
0.13156892417946855,0.12423271977300714,0.27286101657460243,-0.26655591932009903,-0.05831874691334115,0.1569125936995945,0.1566763623483513,0.008606947357928257,90,31.856914441113236,-12.18215778774743,0
0.19243425036320405,0.26319980687426026,0.2149755029363464,-0.208031091452983,-0.054199002311995564,0.14523934818281375,0.13300978411668074,-0.05833408600297592,90,34.042207607262036,-11.004251217094447,0
0.10618056952347782,0.027559457581511335,0.1481175645581707,-0.14806461834547294,-0.003960015764275054,0.04659307985585134,0.013455068415476366,-0.04460802869875097,90,30.112691897983492,-10.238103033077277,0
0.19898200245244776,0.28999177252275904,0.27383849656513615,-0.2697865653600318,-0.046933264879947846,0.029975119092021975,0.020957805036262867,-0.021430776295853007,90,32.150371183206275,-9.58852507093938,0
0.20860895815386932,0.26722040410908277,0.22954963959914026,-0.22360018334271475,-0.05192297226853963,0.021699292186537576,-0.012690503936832052,0.017601431510703352,90,31.472957950145137,-10.147406055845591,0
0.25774772204110064,0.2901417680805468,0.1837550863674379,-0.17623693912273453,-0.052023773936097,0.07309323323346535,0.0716629780571137,0.014388826238001636,90,32.35587412083917,-10.689337575174655,0
0.25045336972585575,0.22390318367850992,0.19282851651881722,-0.1898813295911425,-0.03358448236236012,0.1362808057138068,0.13211356713746208,-0.03344343559234983,90,33.10668684411268,-10.320362198290395,0
0.2434414735999382,0.26613770808288434,0.20053944274901286,-0.19620431829308999,-0.041472081949528804,0.15911430484434733,0.15865904427043126,-0.012027870854529027,90,32.542362788243686,-11.025062126309042,0
0.2465711483117254,0.273967870074718,0.24820138595753594,-0.24596996891212286,-0.03320696289351125,0.0932445501372901,0.09323909629030791,0.0010084905910802454,90,32.1765683140098,-11.898060388482534,0
0.27366705110716294,0.2765453300229394,0.27316625389169596,-0.2705176653460703,-0.03794726605348569,0.06321853056177848,0.05569665937376038,-0.029907603397695232,90,32.188471579243476,-11.663578135147398,0
0.255929369469292,0.29904482467613985,0.32886197821109725,-0.32886190919019326,0.0002130650071378551,0.005179778825064298,0.0017350766432138538,-0.004880534573052242,90,33.05447884334717,-11.16581241876178,0
0.21480653039764816,0.25968946537360993,0.2693799153310095,-0.26924901541815377,-0.00839681368714658,0.039408651110941405,0.03461769283250518,-0.018832342534539425,90,32.02793950680966,-11.906384090769548,0
0.17029562525171082,0.2524303096164646,0.21477735069813791,-0.20974055111063658,-0.04624080008734017,0.15623791602221357,0.14741672046585008,-0.05175516331785339,90,33.684454110663346,-12.295105288950644,0
0.22214385630408173,0.24081259774689592,0.22412701184540862,-0.21888676419363318,-0.048181966539284894,0.10684291802271324,0.09306104277939438,-0.052488583981852195,90,32.15662000519417,-12.097301566341997,0
0.22620156462361865,0.22124688317171823,0.04061820215275422,0.006033882581153692,-0.04016753175288292,0.45031007202001627,0.44502622816091225,0.06878093639624223,90,31.603449141545916,-11.350225511686048,0
0.2764988797132103,0.2783159960930969,0.038335778178049784,0.030050375652095444,-0.02380350418918583,0.38348109036688777,0.3800762733756478,0.05098797001114051,90,31.02687108060162,-10.705477613178811,0
0.23277723706906212,0.24661037251825907,0.08823657795378434,0.0836647684744909,-0.028033911698228848,0.37673107099721703,0.368055722160596,0.08038212014840308,90,35.12361369486603,-9.97553001661322,0
0.1948262332374494,0.2958320701380233,0.045178367822814494,0.04008487837400771,-0.020839564411823216,0.2764818800936345,0.27636937741362116,-0.007886523195826127,90,36.61895087748889,-8.992680255870326,0
0.2532448699758569,0.32127277249615294,0.07138303728693371,0.05701906715548554,-0.04294605910937579,0.2701158585373438,0.2695499525036573,-0.01747570137769631,90,40.38823630679878,-8.748876884365949,0
0.2702764014346483,0.2855894585419444,0.09935713217747416,0.06641060095815435,-0.07390177125691141,0.3577948677062606,0.35779436512959034,-0.0005996986358860308,90,38.63879838624935,-7.945234463490371,0
0.2333064160942892,0.3010322100233495,0.09418832090467123,0.08467523931709514,-0.04124977141068773,0.2854471190915859,0.2823079801704251,0.0422168465163009,90,40.19249314968143,-6.463727776628288,0
0.14529750830091245,0.23199779341791973,0.18175197907429108,-0.18140128178676063,-0.011285249821861198,0.18503154191034002,0.18435393082400628,0.015820862538288804,90,36.16373565425911,-9.404134560101312,0
0.2280699725621666,0.2741976449659439,0.06733234835520056,0.038235928749255015,-0.0554225485493763,0.3044837032981089,0.3044827528557273,-0.0007607808678811069,90,39.524793573345974,-10.984358567251302,0
0.1762126355788278,0.28311429402926663,0.25122979226059927,-0.24048053547243617,-0.07270158580247216,0.09322961214046765,0.0807394704036971,-0.04661435936267446,90,40.34030637891678,-10.767175861219267,0
0.0841466276608074,0.043089147368575366,0.1440479277327617,-0.1440471732596668,-0.0004662188353920237,0.17398116506882313,0.17369812871732132,-0.009919973730104168,90,13.191597243208415,-12.250588127490898,0
0.1219788627427845,0.17430937672968477,0.17722168288406315,-0.17369292715598766,-0.03518937254689551,0.1637034357774656,0.16122932139551782,-0.028353497274368533,90,22.055856458086588,-12.363917699649939,0
0.1390919283977494,0.17670766181887385,0.15112243834685646,-0.14782169949635093,-0.0314123626922577,0.19952643623499444,0.19946111001266015,-0.005105325567952769,90,25.753554026364696,-13.42485779725853,0
0.09261568315549162,0.12109703552050516,0.1137902445481076,-0.11106483131143058,-0.024755262068529967,0.15435070981637822,0.15395760946370854,0.011008910438367424,90,24.530140237575772,-13.901376668466293,0
0.10068058510230693,0.1448830022340163,0.11985446520490488,-0.11861392487815606,-0.017199699257629594,0.2164741890320349,0.2153271878305349,-0.02225481291924801,90,24.14092683549881,-14.273721717227057,0
0.10779690947521446,0.16883079010041283,0.08630786206850523,-0.08519143434545529,-0.013837144539250352,0.20629489307665572,0.20554836283470057,-0.01753435044371747,90,26.020530844614573,-13.413623516710494,0
0.12262378478398671,0.12150405072152808,0.11600611849573335,-0.11381455811864741,-0.022442501836986827,0.22578248298106865,0.223487667429215,-0.03210906613629768,90,26.17003295291442,-13.844293345666449,0
0.09294462813758636,0.15467829141251724,0.08303506700433895,-0.08051154494494223,-0.020315350919775117,0.26831986491259086,0.2677182676265901,-0.017957702685157284,90,24.870235435205686,-13.90475121218683,0
0.15279742182414455,0.1828873892874408,0.08406698956640783,-0.0797520560808182,-0.026586994671089683,0.23814422824009773,0.23298125811620193,-0.04931943643902934,90,23.212803144819066,-14.359668768118345,0
0.20502665136621076,0.18674590864285656,0.1276256845303591,-0.12647595653968569,-0.017092330713342707,0.2633255017197243,0.2536156377836859,-0.07084792253495338,90,24.687810819695517,-15.662056845380944,0
0.17330849503203805,0.28254876185750344,0.05468848134920373,-0.049832871889308974,0.022528090721273396,0.2809286475824941,0.27976972691861096,-0.025491271690816466,90,29.721653459741805,-17.96621695482743,0
0.201870320901392,0.26882935529563157,0.03968544932359695,0.017258423113737327,-0.03573628015956612,0.4468097606214679,0.434833379467369,-0.10275648051388522,90,32.85380717140011,-19.22476215826021,0
0.05384658029260766,0.2354200521737565,0.15749091841487373,0.15747375639850206,0.0023249578287888144,0.7185514975556129,0.7038330971569696,-0.14469010327538534,90,33.48354348635547,-20.15985124283605,0
0.19411266629677837,0.31830183122762395,0.3375299922558381,0.33684066837976967,-0.02156060754468947,0.20444624038989415,-0.0018096893302200962,-0.2044382308524765,90,43.693575037635426,-22.547842248368156,0
0.17361663406356148,0.4117987866219134,0.0915752688891536,-0.08509893943152108,-0.03382603109664347,0.16269031826910066,-0.07816978411601361,-0.14268014756705674,90,46.449473444092504,-24.664999509838626,0
0.13862857861194597,0.38046007943615895,0.2174114035951035,-0.21736581712902547,-0.004451961031279524,0.23773950321602494,0.09222677116635902,-0.21912164217536884,90,47.159166941456,-24.40180599802281,0
0.10776792620563104,0.3252077076614275,0.11024681923616504,-0.10597947787734363,-0.030376165336284358,0.27897816851195795,0.20736401075974195,-0.1866252543144149,90,49.04448578820452,-23.764204392860314,0
0.1315783670932377,0.4054794815467089,0.136181838666125,-0.13617877264884942,0.000913817454128335,0.38014098258405393,0.10582050166028052,-0.3651153079074288,-90,49.71361373418762,90,0
0.16227512554438392,0.4914552118681627,0.19001377740245262,-0.18831717019785948,-0.025335331286944783,0.41162700206806446,0.37290356528975654,-0.1742977906507441,90,53.92485290409203,-22.070336655412415,0
0.16835887984466574,0.44348545593277455,0.2509714073385761,0.24841688413352164,0.03571692846393676,0.14991332857750794,0.06694861909783707,-0.13413384541598958,90,48.85823862378793,-22.80320825247451,0
0.17276090226528729,0.448258431984533,0.11653028663301808,0.11334954890718807,0.02704047827443764,0.17119539665763264,-0.015559131209793907,-0.170486882993269,90,48.45090362235463,-22.12892016842608,0
0.17371899861539913,0.20214826843181777,0.11815650067786856,0.11017526121303853,0.04268923130108906,0.5664050066058204,0.5564615570518445,-0.105665353979326,90,39.62748807340578,-22.116934128955727,0
0.22035877029331677,0.35015657816897167,0.1644591929048015,0.16440703957580313,-0.004141433184178088,0.12474118724818302,0.05238476478153345,-0.11320865786179815,90,40.2869771130908,-22.842165040979918,0
0.2498789154773941,0.30558326312087103,0.10466427248405837,0.10370499504089223,0.014138031623452164,0.37436165929365733,0.24698990009637006,-0.28132301932029224,90,40.56426104937527,-22.670511881038536,0
0.1291198154610374,0.39816618641245693,0.12945567159719248,0.1271388306781807,0.02438213777471233,0.1539882385051959,-0.018006913790701518,-0.1529317777758022,90,44.55788061055896,-20.7280321155164,0
0.15626319970511027,0.18563776998080964,0.03866974144516016,-0.03131342339432392,-0.022689610370461296,0.2795361360109005,0.22066369066474859,-0.17160415775300086,90,45.0075995831447,-20.248467081187993,0
0.20590178255914485,0.11564497281482244,0.20559147086896032,-0.20507293417204447,-0.01459262019415543,0.31073566871260605,0.3091487477934465,-0.031364112421914614,90,28.25598637347721,-17.10727739127741,0
0.13818481428022675,0.18023105175206652,0.1185475998161929,-0.1165214344957751,-0.02182404007572867,0.2107481876677246,0.1989602950687284,-0.069495320643875,90,23.62279792276136,-14.563472562407624,0
0.1501104763487965,0.12518301403522428,0.16573118050058017,-0.16539673847253347,-0.010523454412133261,0.22062343435778253,0.21988209927739405,-0.01807103221149824,90,22.690765790002004,-14.909264702732388,0
0.14182959663994263,0.1465069460982581,0.17820623942686697,-0.17586002591361172,-0.028822127893853713,0.14341109499492563,0.14325871309094204,-0.006609333640446674,90,28.191129443938742,-14.287982241368054,0
0.09469774043750619,0.09015609207588525,0.14228051458943305,-0.13529545398462794,-0.04403277146543582,0.12086846460045861,0.12014429990407181,0.013211091379320852,90,25.81449145803581,-13.046586787985904,0
0.3638085276003928,0.2753377022945743,0.516362893997854,-0.5110237449639908,-0.07406328632201685,0.12965171948272386,-0.1291589028847163,-0.011293634067178877,90,48.82896582331971,-90,0
0.4795064467548711,0.31607410537581615,0.39487323922416817,-0.35146448895067495,-0.1799933000476075,0.19612270170335688,-0.18241427983832292,-0.07203571776896457,90,42.72314930224765,-8.427057031581224,0
0.4605450860042025,0.3073812087558973,0.6150423608513633,-0.573173458861967,-0.22304549244005709,0.0978889236177824,-0.09370415287685689,-0.028315598186841602,90,-0.2695233028209841,-15.422406082860597,0
0.45624906031837364,0.29265753029358493,0.3481641383349496,-0.3166780806340237,-0.14468331095350526,0.1764522621804833,-0.1693046941100772,-0.049712386594320826,90,-70.37633088484293,33.59111240285682,0
0.37374475980571253,0.29421939595117436,0.38436620334697846,-0.3817105466654581,0.04510473189952347,0.19425734018920385,-0.18421075255530092,-0.06166289695103337,-90,12.875669694821763,-90,0
0.35657248886484894,0.3036776640472273,0.2832079073074863,-0.2777726032294676,0.05521865315824457,0.30650792430186885,-0.2994316591216016,-0.06548121238588318,-90,19.708579522190966,-90,0
0.384728324394629,0.28166277313508314,0.4210253565750261,-0.42095076763968825,0.007924777768813462,0.011375383018560682,0.0018644315719760231,-0.011221552197997286,90,41.36467819930328,-14.307173494315077,0
0.37778800245869343,0.28625030841086885,0.3128953503131449,-0.31289519185386716,0.0003149004879828023,0.0744920396046035,-0.05775643602992651,-0.04704527671908014,90,53.43195794491435,90,0
0.30571080659179556,0.2617241137394531,0.31725486049060375,-0.31715092989813115,-0.00811998581668489,0.06646629562277459,0.05595881165158114,-0.035866137962665155,90,38.80344503973835,-13.064610101659731,0
0.2625564204785464,0.1594349576176281,0.20743077208568028,-0.16346701708657985,0.12769518210518851,0.08838823996431291,0.07813125663564495,0.04132780783593473,90,36.53824836702488,-14.648600651522905,0
0.3172903157380882,0.2884032554182527,0.22817235877465072,-0.22646240381559254,0.027881982835720624,0.05839683043651788,-0.057053649946306725,-0.01245274398820259,90,39.052761889942666,-15.1252802701204,0
0.3465519243513614,0.31703202157092725,0.45185877242788375,-0.4502264497580253,0.038373091591874194,0.10736851875763133,-0.10679463116484421,-0.011086278662054012,90,38.11686809928514,-15.311403110989867,0
0.3808901878733654,0.3178279930821672,0.47338182920429284,-0.46306072338176846,0.09831135581384068,0.07030886194290373,-0.0681756004794365,-0.01718789012574131,90,38.175663873364925,-15.28271686486007,0
0.3348150028196994,0.3112765708098012,0.2226128362661942,-0.22248093027880772,0.007662279866702695,0.10814717521346001,0.1017021901051963,-0.03677602526724893,90,50.13168352844986,90,0
0.3225333238377435,0.3330175167814633,0.23284644244154887,-0.2312986183582467,-0.026803262921735384,0.1240058785687164,0.11257206580314398,-0.05200949836723921,-90,17.598046984198007,-90,0
0.26903588190401284,0.25910707272566047,0.2253007360602808,-0.22318170027560502,-0.030827752616665382,0.20566036242430544,0.20519338225020653,-0.013851373694233301,-90,16.61587429141368,-90,0
0.25671539313824615,0.31689940535613936,0.24696132509232524,-0.24649518978824586,-0.0151663279212146,0.12694109065982234,0.11666823087599323,-0.05002563744892391,90,49.65607290833207,90,0
0.244747854417873,0.14185282587540984,0.20979218463579752,-0.20953030976413028,-0.01047902783697787,0.13006896074168958,0.12889773768370563,0.01741573335940232,90,40.91832604055199,-14.263936958540967,0
0.291505330251283,0.2870183106390323,0.26329874365514055,-0.25411980255446176,-0.06891555963682498,0.07754353345292768,0.07169892116582786,-0.029534120674597965,90,41.5892445283631,-13.388176232092395,0
0.2882535244566724,0.3161131253913815,0.16028063137686535,-0.1553415454501747,-0.03948271839321478,0.06789504284762073,0.04467280095350648,-0.05112805197001589,90,40.9071792106845,-14.476950736469675,0
0.34234058535867984,0.36759832887814703,0.21342932759789007,-0.21159755402647595,-0.027902562765811816,0.07268551742713855,0.05583811377297773,-0.046532671252861216,90,42.52318695476088,-15.000740724018334,0
0.3186344968920638,0.3241016504837052,0.27355607880389743,-0.2680268876590126,-0.05472216865573915,0.07509351093232071,0.06370519185013107,-0.03975781577854301,90,40.164004931864945,-15.157544105977108,0
0.32262311891160017,0.31035675305145605,0.2616383080571336,-0.25785149151746134,-0.044353270062308804,0.05735630302392722,0.053695583733388695,-0.02016258376555956,90,40.39912750229243,-14.866618445277302,0
0.3413215843693339,0.33623976186496163,0.1249165598208842,-0.11473892157903519,-0.04938751656405242,0.14940475117801646,0.09518138136072073,-0.11516199163278681,90,39.24810372263674,-13.505271225144707,0
0.19575785363510853,0.07692955907262483,0.1729574074082207,-0.17291313112071688,-0.003913293165993388,0.01949688980246002,-0.006935539367208628,0.018221608207158027,90,35.499163667781396,-14.96366082249348,0
0.35301327570591584,0.3099206217619093,0.12946395880430295,-0.07869467486425247,-0.10280109326895234,0.1422924284159813,0.1324083321534874,-0.052107281265183256,90,34.381911825442344,-13.766230232109196,0
0.1952469185107067,0.11626846949586872,0.12418084861700376,-0.12249633893660693,-0.0203845556823573,0.05844221826356404,0.05536244043449431,0.018721460004581063,90,33.45929440957138,-14.86645902064506,0
0.23054368971105788,0.13088266812677996,0.16823787206275478,-0.1682362462750136,0.0007396184805792632,0.19549586548163536,0.1937552115783744,-0.02602981764502104,90,34.81119362180209,-13.852008602997756,0
0.3029004548784413,0.3035488309660062,0.1677818482265013,-0.16282473517239146,-0.04048276436140821,0.07360081446712095,0.06231236899931654,-0.03916948506065117,90,35.71853054706562,-12.876421826455108,0
0.29047222120354627,0.30806133613714387,0.15029286775880557,-0.14715621310906002,-0.030544967548955266,0.09583475404214961,0.09264566579733069,-0.024516947022184904,90,34.21504271468161,-12.24364544811646,0
0.27832155237651124,0.2938430791969563,0.10056931529136888,-0.047041510738961276,-0.08888916382535586,0.127951988233119,0.12760586539025956,-0.009405020510939003,90,33.310075852328346,-13.10999380558893,0
0.20749800451907935,0.25140739213765073,0.05493276586363906,-0.04805369358960276,-0.026616748445780516,0.18588440246633242,0.18497462623451316,0.018368416634745574,90,37.21320226984084,-14.202469062387706,0
0.3539200634656648,0.30305733494716963,0.1549241608907835,0.15486521003670312,-0.004273446852507094,0.3344845367672808,0.3340129489722288,0.01775542889647284,90,28.871945305256926,-11.684165307708005,0
0.14364671271291043,0.21252321819596126,0.08196822295652156,-0.04537475924759565,0.06826361254631022,0.09773658492409251,0.09015013581446298,0.037754377829044214,90,29.895196677285274,-12.45773924966767,0
0.28249951399499407,0.26631876532834714,0.07064168295085499,0.06600805402680275,-0.025163151108790135,0.3930727719281336,0.3930045675102694,0.007322154555364974,90,29.341692670045852,-12.965086030123018,0
0.2243618244687382,0.24026983388064563,0.08961740452345675,-0.08918788751262244,0.00876355604516173,0.15991256487145708,0.15885766203671575,-0.018337710216833857,90,31.80057515029128,-12.703382918353745,0
0.280286716749065,0.2820021363101127,0.04165879691501052,0.03603896364388669,-0.020896135046479376,0.3345898856763114,0.33415481574131894,-0.01705727744314295,90,32.2580141775931,-12.732053238296125,0
0.20412877316393777,0.2228520839534958,0.024053289177824,0.0002685217635460478,-0.024051790293750014,0.30554133656820986,0.3055105316079317,-0.0043385975299704525,90,33.36774643391101,-11.715358103673209,0
0.232943527693272,0.2516485287518086,0.059448053048237665,0.01693484711076096,-0.05698492752089126,0.3044046970430898,0.30419690708099495,-0.011245501511797568,90,32.23213741485431,-12.730045116580618,0
0.24549673456631924,0.253676998857567,0.08683543694452456,0.0685781164774098,-0.053267579724982014,0.3572575993476067,0.3571017237298327,0.010552307842237308,90,33.76072276447533,-11.908290642023285,0
0.21229662986296408,0.18868872450213525,0.10411299510410846,-0.10156252294342019,0.022903486261164695,0.054657079036626796,-0.026091720710081843,-0.04802726724687919,90,33.29292321571969,-11.956805592207827,0
0.19638399445675608,0.3001751649593483,0.05713436794011741,-0.04889798832443801,-0.02955203440949271,0.17016886913768986,0.1693965035484192,-0.016194709295650082,90,32.111007388509094,-12.309785817378987,0
0.24218085872641298,0.26460184599112135,0.13246531586643784,0.12422676862499377,-0.045986627019030335,0.2823680543785414,0.28179296164776724,0.01801235407443682,90,32.369502079838455,-11.344289648459567,0
0.16857182668374163,0.2602782600613421,0.00822883406322878,-0.002946407876019163,0.007683253911480899,0.263798173289579,0.25917119590301907,0.04919113177309149,90,36.76994893762135,-12.205840281521455,0
0.1799332706664883,0.2539152455111937,0.04606366935924619,-0.04279146139732996,-0.017051465224982184,0.21706994216053585,0.21705958277648274,-0.002120687265397611,90,39.603002534401924,-12.178083586347197,0
0.11387049611397618,0.2615082588546686,0.07528210305544639,-0.07311101177620609,0.017949233897587548,0.29570841253690666,0.2742052959474368,0.1107019463219864,90,35.38602605632981,-13.243400127895939,0
0.11075332691035025,0.29374437838376066,0.050518505273526165,-0.04900916969299345,-0.01225645385397683,0.25677885519369853,0.25677316057525634,0.001710111920321829,90,38.59464827922504,-12.418229949044818,0
0.14672658677924308,0.30348607176486747,0.022859949057797098,0.022859781777015926,8.745302904459722e-05,0.28039912223560876,0.28036891475071424,0.004115749264300634,90,38.36711616463769,-12.221185588948046,0
0.11644798009064655,0.16604316511107978,0.16874996591699887,-0.16627515183101915,0.028794528656670364,0.31522541102160806,0.3132270512436971,0.035438314335194995,90,36.9860726972889,-12.727982803602464,0
0.11439538533364585,0.2337690319576698,0.13363653236499126,-0.13268117528250328,-0.015950815283019053,0.2146377844018374,0.2135201712275948,0.021874985071268543,90,38.83728148447094,-12.839905311948732,0
0.17460733568220246,0.2125999531607298,0.0590102339987096,-0.05839096339675313,-0.008526611881720625,0.19384685883336453,0.193352137436045,0.0138403622956594,90,36.37032790317477,-13.232767026510764,0
0.22176257453505988,0.2601127961596579,0.02614190787022029,-0.007240744180817136,-0.025119135550473237,0.26817782006774155,0.26812213165343624,-0.005464951409057196,90,35.38856648703639,-14.489027486213685,0
0.13747677968679692,0.18976936977106315,0.20777209244116057,-0.20689491527886666,0.019071875343781852,0.24731516393707415,0.24453612366611843,-0.03697126635064986,90,29.583184080809026,-15.871627706826335,0
0.21279924895583033,0.16336565093621502,0.10077052891280043,-0.10018999291499195,0.010801148876828405,0.23684394359991084,0.22802229327238402,-0.06403817135709486,90,29.608111302349123,-17.30202379193096,0
0.20386546040553832,0.17559717831678973,0.10557078673465041,-0.10537247097198764,0.006467872372786867,0.3398621367032382,0.3393277542914228,-0.019051171408352226,90,27.359306496970234,-18.084912314165674,0
0.2185906709881177,0.2339750415843441,0.08606837134344608,-0.08061073865911422,0.03016079174268006,0.3350701655050468,0.33077982601887723,-0.053448316255058706,90,29.982930753087974,-17.857068998897038,0
0.18380689865428088,0.2576849587741015,0.07630130393326442,-0.07550036994683741,0.011026473588917016,0.34565791361513365,0.3390098891095173,-0.06746620139536513,90,30.195658962996156,-17.7282252898433,0
0.1318287624598811,0.3560248246191287,0.07367111434773953,0.06491804547028093,0.03482930463785132,0.8831600610883741,0.8823336266257512,-0.03819770709178847,90,32.11220383723917,-17.983962003655858,0
0.12070599219056184,0.39407101500509994,0.20089273487842643,-0.19761655581173337,-0.03613291845453109,0.21530544950464806,0.12907498161021216,-0.1723255225110951,90,36.20742310397795,-22.358354252653367,0
0.20531357982823042,0.16356540299417952,0.25540223009581553,-0.2518263192355147,-0.04258877878277995,0.09804012091615406,0.0903070337473879,-0.038164184322506546,90,30.694216041994565,-13.006182922235348,0
0.10085959971354225,0.1988591506776186,0.10022336880719024,-0.09732784448451816,0.023916821341046186,0.3689542737639877,0.36557281991470186,-0.04983743039447947,90,25.86722472552974,-20.94810663485191,0
0.16521305079127813,0.12853261970801105,0.19456396885275284,-0.1945369102420261,0.0032447695173712407,0.2218349014744409,0.21133863524807295,-0.06742925747520048,90,28.02813424483591,-22.692459686839896,0
0.1374667526765143,0.10123126255290045,0.1845547102975312,-0.1841795148985649,0.01176211650745635,0.17328054478775362,0.16591508663198237,-0.04998330951270106,90,23.890242434985772,-24.376852865620634,0
0.16049707202084706,0.12802631300928946,0.2900618879402513,-0.2879915485288873,0.03459431761715314,0.058170178763263976,-0.03706386512587919,-0.0448334651714623,90,22.342170842331182,-22.203771816160078,0
0.13992645889594535,0.1759979211958278,0.3206714639144465,-0.31940571589262684,0.028463598229189608,0.045555502062170426,0.0010117039908572327,-0.045544266633367775,90,25.512912394613846,-23.018524948596877,0
0.32376521215850007,0.25321630929814515,0.30890316576826576,-0.3088572464396999,-0.005326081424758135,0.06190063948302624,-0.03928418724422525,-0.04783766090611284,90,32.50987736733083,-23.940600099293377,0
0.2600948806867418,0.24011154764508896,0.31906761801061306,-0.3190459331141942,-0.0037198691186159176,0.045305121244718215,-0.022134797518177637,-0.03952979572206129,90,33.44572217548309,-24.83355078541559,0
0.30810141422270043,0.26904006121681795,0.313466388374667,-0.312879967198624,-0.019165144571474654,0.10655793766420575,0.09014521189736485,-0.056819317588545075,90,34.25889068488017,-25.52176803893713,0
0.3009839666165203,0.27508834596393233,0.24278169095285326,-0.24211901042220638,-0.017925798562359322,0.08386603056592246,-0.030101236405100817,-0.07827788097392821,90,35.874985521865504,-25.521746813763823,0
0.2943791309743989,0.2747900393016069,0.2821222525000909,-0.28203633150912055,-0.006962260021176998,0.06138999216477792,0.03726386555037433,-0.04878663200339945,90,36.12066339133136,-26.848385715868528,0
0.2657702340101351,0.29142905751849557,0.16484563879763142,-0.16482147753001625,0.002822264236658044,0.039943187045071306,-0.027580889931840085,-0.02889208718464753,90,34.82447121992315,-29.308893641589787,0
0.23443711042940293,0.3393498906135861,0.2332179669331732,-0.23137958695036884,0.029225106383371204,0.050249730132298706,-0.03158659984671484,-0.03908096836687089,90,35.9024987419846,-25.126788382805536,0
0.23195384387666249,0.31320389018160316,0.1556726092365491,-0.1555626823356635,0.0058491991801233175,0.10102045726540425,0.060059551110550856,-0.081227969976545,90,34.20563731236997,-24.999397198423402,0
0.13055767959145748,0.10383342600462594,0.15332775400196028,-0.15215112593588864,0.018958771682970384,0.10420355572760737,0.09653954962377563,-0.039223671229439226,90,32.761474376236556,-25.421977520035792,0
0.17847311039978916,0.27108173095021676,0.24687546841431157,-0.24261831597265282,0.04564920217681512,0.07358604285807029,-0.011504757030838616,-0.0726811273245753,90,33.99123540796906,-25.269765133701277,0
0.21639372438058227,0.27933761564123344,0.20680701784900976,-0.2026308885747736,0.04135052148399507,0.048711138910537057,0.04300593957772059,-0.022874969180287065,90,35.82918542985954,-26.49299916717569,0
0.2242601521940906,0.3083089899803625,0.21869498630156525,-0.21679304454430443,0.028779730204660587,0.10887526022559099,0.07046044341058852,-0.08300089278780926,90,35.570548156384355,-27.298652508963045,0
0.15885690761938526,0.26488415121892855,0.25043034375643236,-0.24277013535230182,0.06146558756727164,0.06739354786157312,0.0364181042843779,-0.056706366253731356,90,34.27370233105388,-27.744841790262193,0
0.1999839891293713,0.2927713509987986,0.18020133835795887,-0.17299976083670604,0.050434165963581586,0.06526352303130512,-0.012313888215213764,-0.06409130670754741,90,33.82905083463474,-27.20052966789922,0
0.20353873750774526,0.2961825531286862,0.22634044898903388,-0.2244557695462309,0.029148007924500244,0.041727254242696014,-0.01995728507081951,-0.03664519776500922,90,31.6944638716289,-27.01248289884899,0
0.05862232956142261,0.1843151890052565,0.1889979984231971,-0.17255587506720296,0.07710196747014084,0.08899557949442603,-0.0789516682982997,0.04107124593269557,90,29.5594403031815,-26.362079043385208,0
0.14347122949225588,0.2604710249196109,0.18063681478548282,0.18061837256882765,-0.0025811521522366102,0.2163911049990599,0.2131670595718466,0.037214446606217075,90,27.65221849999029,-24.095108482449742,0
0.23842195157317697,0.33353951127446885,0.07772977239467818,-0.0769912251555057,0.010689656944107279,0.7968758914500372,0.7940730638163583,0.06677690989850564,90,37.74689115689153,-20.83609257233143,0
0.2472586906116622,0.3318794995468412,0.2897110775072197,-0.28201419159412067,-0.06633629602192807,0.14299258901969078,0.1377593948425294,-0.038330531527416695,90,56.437636736823926,-14.577885495868664,0
0.18752304948311782,0.23580966981788828,0.26869679783230727,-0.2683711248189071,-0.013225298815920196,0.0909782824968664,0.052741501828145444,-0.07413084291299647,90,34.911476606325685,-22.36529693618319,0
0.16345230639258485,0.14722682632762948,0.2596615403165033,-0.25965666156753336,0.0015917358896775668,0.12942232315321556,0.11485085135712052,-0.05966087221051972,90,33.85450801688832,-22.500693304528003,0
0.09552455003328675,0.08565738954566948,0.14007795048441574,-0.14007777223913684,0.00022346461674189203,0.10380850375834491,0.10179925106798154,-0.020325302815563884,90,25.72100795531173,-23.408221376276288,0
0.15783631134157675,0.11278923307301705,0.18553833152575563,-0.18249240345682197,0.033481265596057276,0.2378205462743448,0.226522507446184,-0.0724304207534465,90,22.193425238972267,-24.339479040372932,0
0.1345110313840036,0.1755971445704601,0.17907728139960782,-0.16642481016040336,0.06611698175618748,0.2739910096989526,0.2551064044619779,-0.09995897057459775,90,17.093633674903582,-21.8791984617487,0
0.14224546200678437,0.13260837919389734,0.20661295533096388,-0.20578337326456977,0.01849639420129274,0.16348663736728186,0.1620438089082486,-0.02167220782864845,90,17.084010894316492,-20.243544431467715,0
0.14884608551627665,0.12958760745544137,0.2508630670785123,-0.2508603907613344,-0.0011587800087951344,0.19368668060926103,0.18544206758672185,-0.055908584444569594,90,17.830321249615128,-19.881256666210625,0
0.133924323209266,0.11147497896134835,0.28714211934993655,-0.28682539882115154,0.01348285191866217,0.1982027351187161,0.18577306403388047,-0.06908467911196875,90,16.84329136227668,-18.972468196342614,0
0.1295767855344698,0.2017661379082111,0.0920859083776685,-0.08495724036837439,0.03552579106410743,0.21818231048168324,0.21062308044928174,-0.05693363319849708,90,16.9044433289948,-23.107118035688483,0
0.18652389293848148,0.4184942968164318,0.21366276650394575,-0.21044904734285044,-0.03691850840169911,0.8973988870259562,0.8218487471770366,-0.3604017191953447,90,36.36893144044311,-29.565315000496042,0
0.14454612653143362,0.3131921899554588,0.17618745847377104,-0.17597816965176957,-0.008585122565216933,0.4845068613592351,0.46410172954422896,-0.13912757935877573,90,44.516828715968096,-27.681930568586054,0
0.08302975633942364,0.36950753122993985,0.11653380036236945,-0.11270593577367638,0.02962260400904204,0.5299501221688527,0.5220539113590943,-0.0911418982765495,90,46.42741990115197,-29.79509191764264,0
0.08828714754854981,0.3371871038978837,0.07412285433909628,-0.07410218753131359,0.0017502395404396917,0.3008462799193388,0.11877943276493277,-0.2764053734885521,90,41.29996116506321,90,0
0.07661670650518786,0.4421764577008527,0.14898100221655694,0.14737859388674804,0.021791950014047407,0.20652575073700324,-0.09333135397504358,-0.18423393846592953,90,41.85718484528012,90,0
0.08350481076626388,0.46458138361543466,0.1966781185070559,-0.1944589911019769,-0.0294615525571346,0.34524014837474104,0.11572937641136728,-0.32526523251840067,90,50.9340098189624,-26.36987446936069,0
0.09193085461918085,0.41335944329532687,0.2539644907161597,-0.2539521157606224,-0.002507079061734908,0.351564392275845,0.287209466229459,-0.20275168168099986,90,53.355481313065276,-26.86136663456521,0
0.07221968434061757,0.4776047025018798,0.4307255251347971,-0.43071598296062263,-0.00286705858179211,0.8136651799739918,0.4404010390486362,-0.6841768411068809,90,51.32825523536527,-23.236986908915956,0
0.12455139830846308,0.4989493477776431,0.25375157963423395,-0.2534424602495202,-0.0125213221961319,0.9626430636718335,0.8386206615129229,-0.4726489755824308,90,55.29437260603319,-23.02220688988717,0
0.22572316373954757,0.6288627537137473,0.3964905557888573,-0.3948255446689838,-0.036298073042480124,0.13581066571249575,0.060437105551298116,-0.12162192727404265,90,59.54152959936344,-24.160044562423906,0
0.3268419231219311,0.40282832280295383,0.3998737858360545,0.39717939945015457,-0.046341873627134725,0.1782488953825164,-0.016783847198538687,-0.1774569558464908,90,65.05143848548225,-21.423862161597725,0
0.206926680515404,0.2661307255601474,0.32070844630568773,-0.318878554229306,-0.03421074662201545,0.26484989277557314,0.2524556283385677,0.08007260095320715,90,44.22943550844012,-11.791040531148703,0
0.15594990073624432,0.19567660883698748,0.27085075990909574,-0.26880525123399623,-0.03322455496109477,0.025798266205527824,-0.0031707269539761945,0.02560267622328978,90,33.38156043719117,-16.103078660832164,0
0.18205573389436278,0.18714970904791692,0.36653849858765797,-0.3626371291666924,0.05333651185289665,0.032669256375686975,-0.020272026181887202,-0.025618845926802476,90,33.149452999531206,-20.895370451522723,0
0.2803725534527363,0.1918387084808033,0.3712260446182559,-0.36894932398337466,0.04105085303774074,0.09852178782082742,-0.09408182762305915,-0.029242988672793385,90,31.872697675182447,-23.40008606094761,0
0.27459072763552633,0.2972473325501739,0.35783111103953086,-0.347862432372424,0.08387390638169791,0.1544012063631401,-0.15435492282015795,0.0037802549617781556,90,32.619257208520935,-25.439542056532513,0
0.2772907223104798,0.3245881586686791,0.252628525923423,-0.23810381938509498,0.0844259634500648,0.07939374502459874,-0.046309364766148546,-0.0644888322423875,90,32.49508971390554,-24.925839711501816,0
0.2618076852876219,0.2855054961058851,0.21171430177402323,-0.20965680901172318,0.02944432051659539,0.05128746522776276,0.023792608609832046,-0.04543474292904407,90,32.180224621825914,-25.400744700040875,0
0.23753238378351066,0.27905352702560615,0.22784816454300436,-0.22453010253717107,0.0387429882722466,0.039036593754534006,0.017491516409583834,-0.0348984599323492,90,32.28018230538031,-25.62139161356436,0
0.25745228258808045,0.24164880451261908,0.18623809710552663,-0.17352730547742584,0.06762324354267324,0.05145689678448514,0.018531577331895307,-0.04800409220348971,90,31.93945507959259,-26.238106340737072,0
0.22162827383755226,0.14560892993426328,0.08923832004225804,-0.08866884076908829,-0.010065507470094982,0.0657902906017609,0.05646632645850979,-0.03376264672304508,90,31.714639497344127,-26.937589687920585,0
0.23200900888599402,0.24159580366620528,0.23617751716665875,-0.22606558323409895,0.06836791419982088,0.05301902376793046,0.016977675673305263,-0.0502272377305027,90,32.207706221976736,-26.670255154768178,0
0.11891931718378443,0.09468465329349991,0.11722889973331134,-0.11581384519844388,0.018159520726980623,0.12278344152929947,0.12269741127419673,0.004595517423481787,90,32.59363335201956,-27.342056286912317,0
0.101240801169427,0.15467571110519712,0.1596590425541078,-0.13163858634218673,0.09034540638640705,0.14982952378033998,0.1457555820153075,-0.03470153465802964,90,30.610354255648563,-28.636255710678817,0
0.1675268939040954,0.06966183718121365,0.21706045324784376,-0.20209088148298446,0.07921184245799169,0.0633079130321373,0.05799553251940108,-0.02538523311446542,90,32.653841340783615,-28.00877126749411,0
0.21868524714887752,0.1936696026007722,0.21358820780058033,-0.21103513129850637,0.03292561114521741,0.04509330973284479,0.015882039177296584,-0.0422038791372676,90,37.75895385747724,-27.280763782318147,0
0.10496244678801948,0.06643381092230292,0.185729781973813,-0.17737489328373118,0.055079026358724706,0.10551143836619722,0.09664758501262756,-0.042330933574996496,90,36.21586695515862,-26.962625883165742,0
0.12724067852022908,0.13580283269664645,0.19919865480566348,-0.18390805960590575,0.07653711314373231,0.028065618441817774,0.019448347793880525,-0.02023464125231689,90,37.750201114022715,-28.565365196654405,0
0.1344973474934284,0.1334147903484917,0.1345061633607008,-0.12828860587747107,0.04042204329360924,0.041666018313554876,-0.0395221654606713,-0.013193010248037063,90,35.044062466459444,-28.549487976129097,0
0.11797696086998709,0.09634372188235493,0.13113287168944693,-0.1301420598075097,0.016089571360962923,0.12098357449416382,0.11595980309235307,-0.034501440030346366,90,32.51443439924696,-27.84677043451505,0
0.11658133228464214,0.13326058602650362,0.14221495179857496,-0.14221494443208502,-4.577390047670868e-05,0.12051181321464598,0.11351180996030777,-0.040474264957089674,90,31.134056392814088,-27.653810125245446,0
0.16206571905538084,0.0727852363112194,0.1815417997063708,-0.17716064647361282,0.039642532483175466,0.07739369848451826,-0.05894013872794318,0.05015819585913488,90,31.507261496279625,-27.59865934991701,0
0.17021136419271962,0.11380195894863163,0.2064342923294741,-0.20616469928175943,0.010546744503991302,0.0158230892090506,-0.015172825906952167,0.004489488402356636,90,31.51475038896883,-27.300375402602736,0
0.2357968176514002,0.18066259630814355,0.2205422356495141,-0.21993840053357225,0.016308822030415376,0.12437951676371914,-0.1229360198057799,0.018894423110780226,90,32.702824068697794,-27.403616274302532,0
0.2572034255626006,0.18898430400027424,0.20951256269471594,-0.20707736856529788,0.031850861134026576,0.10515464610785694,-0.10199019808502266,0.025602716509122096,90,33.440575912413074,-27.994820351001625,0
0.30745749960606494,0.1828691371877212,0.26288253074626344,-0.2618959102236668,0.022754278271946926,0.04438187761896539,-0.044379563596256964,-0.0004532063444005161,90,33.87798474794164,-27.944858376775944,0
0.3174567506358414,0.2892874462918584,0.24131851815567806,-0.2364120291208718,0.048414664016229354,0.06619221736179345,-0.05715202341330027,-0.03339245212673797,90,36.56373595666235,-28.18264846004337,0
0.3291223837072487,0.2630153823717469,0.19541869192468753,-0.19359619862914118,0.026626622577827264,0.05517668424886695,-0.05118106283926843,-0.020614686302294735,90,46.33700113677582,90,0
0.28888305815547194,0.2886744033193318,0.3116298837849061,-0.28171711175513153,0.1332240721947081,0.23287820710240392,-0.23271014893536507,0.008845672711011441,90,37.75457289841354,-25.054250718774323,0
0.29840111492468824,0.2670148527046064,0.17330830432502126,-0.1667184828765198,0.047336199840774605,0.03168935793303853,-0.02993587233334299,-0.010395140876872318,90,35.8601180923244,-25.559970619553056,0
0.3906872730465984,0.29515250691258343,0.0923762086461754,-0.062156835274178625,0.06833660624102103,0.024979339688878544,0.02457627360242919,-0.004469249054474928,90,35.58440826932095,-26.74383923803086,0
0.379463545017383,0.29464251671750613,0.0427284628950987,-0.042728440681620114,4.356942847547304e-05,0.1407704214729142,0.12493120733231407,-0.06487299126872642,90,35.128581785452184,-26.982620174752153,0
0.28080846129215264,0.23666869739172594,0.05741644427977194,-0.056217847074179955,0.011670550290207912,0.1483418209615197,0.14186619223662336,-0.043350655663565114,90,34.040213572565946,-26.601990644279283,0
0.29994682042412063,0.29135847527909275,0.06415655889664489,-0.060185634094490195,-0.02222056475661238,0.1569165452689508,0.14167581939213766,-0.06745935353017456,90,33.12702386769466,-26.707348102300628,0
0.30827702082826347,0.26433965598478293,0.0902943489665685,-0.08516350816840697,0.030004105248217807,0.16054663962254706,0.1424222196547178,-0.07410219188873776,90,33.581861087671804,-26.612941711901524,0
0.2793442664832989,0.2686714277323498,0.03450149741349365,-0.02322832904353471,-0.025510743886029485,0.15513970237747302,0.14219687946178403,-0.06203527000909859,90,33.92138904148866,-26.294140243011753,0
0.11035953332446514,0.13085190239877587,0.04755675984452233,-0.0438530947009469,-0.01839976880450824,0.09324625745963562,0.08924156034645418,0.02703346883325981,90,32.906861923398104,-21.866035277211488,0
0.26642656533237347,0.24183715921269144,0.03050961436213007,0.02344145026150574,-0.019527800136299175,0.34811852708825397,0.34155513950318983,-0.06727997905062079,90,34.39055580438985,-20.826440904717355,0
0.11781347982737937,0.041773982132106466,0.046979267654594786,-0.046384992330371286,0.007448763378806773,0.11920993121394001,0.11409830467552647,-0.03453381777624717,90,30.317079122857976,-20.385608144982648,0
0.23790737001470774,0.26358036211944436,0.06534010635533298,0.00955552263436229,-0.06463761664627196,0.2464314537676912,0.23828952860570074,-0.06282166794132946,90,35.79776227604405,-20.706394216368874,0
0.2469192913269069,0.27165672360649423,0.07870411537390432,0.05714927716490515,-0.05411374960504672,0.2949862326508944,0.2869598841460392,-0.06834400006188815,90,37.55295713612081,-20.58152535257278,0
0.23141936595356002,0.3158367834326874,0.27323486059238383,-0.2732310097206043,-0.001450644683730124,0.07854251708281852,-0.05114370743662497,-0.059609128322277556,90,42.08939351707366,-19.871850447866205,0
0.22523618439749743,0.3270435545378606,0.35204297892339664,-0.3502232551810887,0.03574815435265303,0.08257449624678088,-0.06450492830688083,-0.05155251356174395,90,38.3268989689451,-20.1365927963413,0
0.24040911232416387,0.33817884575719837,0.2917014236313808,-0.29020682821489197,0.02949097160194037,0.03828422439188093,-0.0056077896482947176,-0.037871289026759694,90,36.62033288788312,-21.22728215392137,0
0.2218941351769839,0.28616529764905185,0.27428017063537163,-0.2736546095948859,0.0185139582812303,0.0349933476534851,0.003240684310436891,-0.03484296694022711,90,35.89540099272622,-21.88267049312611,0
0.2725514191161738,0.301184502262066,0.2756703489003116,-0.2722706584136185,0.043160512390774494,0.054468755218403865,-0.03335731375286993,-0.04305966690808224,90,34.16546049564495,-22.770056858374375,0
0.2043490496656686,0.05388741658641619,0.1252302312190241,-0.11262794534511157,0.054749947383616715,0.06288013375166096,0.0619944889864185,-0.01051639462646809,90,34.471763035590136,-23.818421225317298,0
0.23979606730216266,0.27251795715420357,0.27195164154674784,-0.26197082002981653,0.07299989584154407,0.08434103275616794,-0.04769583047579506,-0.06955945343086888,90,35.149797878580486,-23.359992181868847,0
0.228432864257155,0.2229568331549296,0.20603167038276926,-0.19736571832531769,0.05912548038405634,0.056287507207074046,0.028937756788296666,-0.04827928851637939,90,38.04589373298741,-25.28785305473961,0
0.281919912199178,0.23295804891475683,0.24469395922953138,-0.2405611252671015,0.044782571315741655,0.05233800932018943,-0.03310094331530344,-0.04054127244225697,90,37.357849054844856,-27.63443000387154,0
0.2056809358254843,0.20796541021679907,0.18297135179946747,-0.17720034347093183,0.045591159813151004,0.09485892366837104,0.07901903296823924,-0.05248054714164251,90,36.54070707384091,-28.21537222179524,0
0.21906492170123731,0.1268043408058642,0.1966406990071697,-0.18743587592282104,0.05945886748898897,0.0163166194927932,-0.016101844248450736,-0.002638689726215071,90,36.51171299516777,-28.39054779047206,0
0.18127933568821789,0.16400878881288966,0.21001528786051146,-0.20573991902005462,0.04216048928505047,0.10067582093469654,-0.0965662974415177,0.028470530717066227,90,34.96799578365471,-27.87137816603007,0
0.19679632502187824,0.2082801352159769,0.17578441804287973,-0.1704553844772941,0.04295490111002176,0.043259651716421536,-0.043006562345581714,-0.004672586204842659,90,35.48943549841791,-27.94634664051453,0
0.14494657603946498,0.08739694518828657,0.18491205877542058,-0.1820430628479678,0.03244676793604311,0.01790312425383582,0.017890342098502564,-0.0006764005077106694,90,34.50984318326486,-27.835957555651596,0
0.17837184983045457,0.1627439009159274,0.18712852214966952,-0.1821619241417976,0.04282659448143548,0.08676763522113311,-0.0828024899714631,0.025930101742827213,90,32.38883348563722,-28.572931023241843,0
0.11121633522635295,0.1266076885646389,0.1333755034326439,-0.13032655205283072,0.028355153780785777,0.14116562927927997,0.1307176965608132,-0.05329745487028699,90,29.780991212021817,-27.36188898210184,0
0.10287487941035874,0.05374409841438714,0.15107519271673303,-0.1503553935502573,0.014729884071005932,0.04641148137113114,0.04593569501459741,0.006628538797408027,90,26.94694672307803,-26.139862013984903,0
0.12297106886432423,0.10678183624150343,0.25444791664429167,-0.2544383728225035,0.0022037967367964347,0.04269816804824785,0.038409506877089925,-0.01865055860115712,90,27.05311730888523,-25.419965961905874,0
0.12928298338419691,0.10240654985344252,0.1840886625720656,-0.18338168561304646,0.016118097570421378,0.07126334536709128,0.07123796847321008,-0.0019016415853822114,90,24.321719328504358,-24.99495737114103,0
0.12483602568564904,0.05780550544164815,0.10033107323477121,-0.10022092155183404,0.004700121247600794,0.03131976993143262,0.024423751675478188,-0.019606334248207832,90,23.60794032595407,-23.507602195226273,0
0.1380230501269739,0.12025001702704656,0.13990512025555243,-0.13974878271082938,-0.006612140694357705,0.1486916733726169,0.13865233296484902,-0.05370981561831724,90,24.989892455611358,-24.169960070008642,0
0.20301445338702068,0.16120094697226992,0.20869580963561699,-0.20867884680079862,-0.002660800134261848,0.045824174223404415,-0.04578398690047711,0.0019187200822066118,90,26.59195986651064,-22.655603233106877,0
0.17965848738173723,0.10654393729913482,0.1921009885170889,-0.19092862659489304,0.02119078421933988,0.02503612140235896,0.017091044823491844,-0.01829490534862231,90,27.486311426621793,-23.180291533833284,0
0.09409467225249099,0.13989634284999183,0.13603992275649573,-0.13526988512672256,-0.014454022325865207,0.13737459646640285,0.1285945613413454,-0.04832409903696068,90,27.006146910227127,-21.729971395023636,0
0.16484355906612008,0.18453224433294063,0.17236130973982064,-0.1720039898265336,-0.011092726399768176,0.19696657687871935,0.19034418110964518,-0.050645089841158876,90,29.20005269634139,-19.82722142692126,0
0.16370546273321848,0.14492802768550359,0.1590313578882337,-0.15792778961137124,-0.018702568279301356,0.22900224400986305,0.22304257544858963,-0.05190411639564875,90,30.48059639481665,-18.83510630150084,0
0.17314100717438624,0.21336114368998418,0.14465696637732806,-0.14269489733891125,-0.02374456137579718,0.2635649369001096,0.2544560766559431,-0.06869192831784218,90,29.057198495916666,-17.713506886095526,0
0.1879549883746579,0.23394403205338313,0.10940727454587529,-0.09380269497081306,-0.05631168741717064,0.3213511361425203,0.31507503194143033,-0.06320029230308435,90,34.742080773941936,-19.516244110889673,0
0.09731550025393422,0.11288912112667959,0.01400211408636948,-0.014001244359785992,-0.00015606173543699733,0.20635141614022054,0.20302378664967397,-0.036908657487128044,90,32.65417283082084,-19.818263790975433,0
0.1755977898615849,0.15614155971599997,0.04750171591128641,0.045390725639265765,-0.014003393890677422,0.32307981301791705,0.31266558496198427,-0.08136828350206507,90,32.84366115790709,-20.993628029099604,0
0.19252779344560014,0.2411429938693859,0.1561883171589176,0.14646075633387295,-0.054258983321147175,0.3409527791275972,0.3367392168621486,-0.05343685452848931,90,33.638214093124446,-20.653584399253962,0
0.1730697151373008,0.21257564426642728,0.0611901578908957,-0.06037239731381685,0.009970409484839885,0.27297646201846343,0.27263145903749364,-0.013719925626803573,90,34.892283915976435,-21.037754002177575,0
0.2201067064557991,0.23692077989975255,0.010004009020129276,-0.00991122839190276,-0.0013593190347996145,0.3082933775966878,0.30704122183750876,-0.02775778742089578,90,36.30811726829729,-21.195435358194203,0
0.2306583101137891,0.24159879048725538,0.0072888546956474095,-0.002666765530044981,0.0067834920492343175,0.27339495977285955,0.2689207972795625,-0.0492585913291069,90,37.01179064443912,-22.279754950533988,0
0.1834269631778686,0.24428489578623194,0.04483775597431592,-0.04004542435148004,-0.02016899475239637,0.27274953920670336,0.271794286689748,-0.022807386090477305,90,37.286950926866055,-22.284868924397053,0
0.2238206849682169,0.19942678424287888,0.012475913828877604,0.00408666281645107,-0.011787604204850772,0.32104793432642575,0.319856481708624,-0.027633444306594514,90,37.56023844088364,-22.998424492001018,0
0.18451696709547608,0.2407185579204788,0.12040378159607454,-0.12039584695632471,0.0013822656417818296,0.22921138353070053,0.22002385969105687,-0.06424452900214941,90,39.64554892132539,-21.887681824536266,0
0.24204235941326024,0.278649541762722,0.11225049137771217,0.08886677094177821,-0.06857747324682763,0.15701559146026603,0.1553916362279364,-0.022524106020480553,90,39.99768792277222,-20.112934707321894,0
0.1194884585788586,0.12047153587591027,0.17749671237401904,-0.17746710468582233,0.0032418602709889236,0.19296440307059134,0.1908412990311725,0.028545742878478882,90,41.92075759211515,-17.154347891298393,0
0.21802072695375824,0.2712450455677159,0.10354846667115289,0.08476151629147914,-0.05947915858446703,0.2148460190366167,0.2127679523511413,0.029809568064377148,90,43.38668361242882,-13.462274503533322,0
0.12997816819772556,0.2555815142020228,0.09951349776577585,-0.09916396383550266,-0.008333337507277236,0.19687087438293038,0.1814127136717941,0.07646939582954224,90,44.931096520239116,-13.152463756230677,0
0.205256527346258,0.29308024344609634,0.05833957304145413,-0.049609924454515196,-0.03069790185462936,0.42358077885304585,0.42349326323382597,-0.008610006348332155,90,45.37778140101631,-11.163426396120029,0
0.20375604653436294,0.2557762941928753,0.080519845208238,0.08039545096832318,0.004474029052046083,0.398960117270655,0.3946658830900673,0.05837821423572475,90,46.90445195014913,-9.133250991937466,0
0.12505822130020114,0.2826608079076145,0.06528326181777803,-0.03513037849722179,0.055025092278073395,0.29584899663747966,0.18518688526940702,0.23072157752498773,90,47.973144747054114,-3.827582591431425,0
0.25146364839198637,0.23354965221423563,0.032645322492482254,-0.01433697109778736,-0.029328626636434544,0.40617035452178757,0.37269441961168576,0.16147206099713746,-90,34.389114253190236,-90,0
0.17817949567329003,0.17315639791721676,0.11742115080559204,-0.11364463437749353,-0.029540205377001104,0.20072902899336154,0.08989506036955025,0.1794742912000844,90,73.63017112729518,18.844026049413422,0
0.2436740514414813,0.2847871125493599,0.09699874597367696,0.09585675167445702,0.01484048108679068,0.3317016731785525,0.30688268728414403,0.12589287602844537,90,73.4846055745575,5.666893893960921,0
0.24330403141710816,0.25137771507882994,0.05229502120803194,0.05166325719335752,-0.008104140874978835,0.287899485891686,0.27542816530739983,0.08381789625191478,90,34.13442373487932,-90,0
0.31120573327708206,0.25305074282596,0.05874389064806036,0.01441661287438693,-0.05694739644357181,0.5359526887378968,0.4477648251076386,0.29453683294573985,-90,35.09011337449887,-90,0
0.27548303093697213,0.29340236415577226,0.08550624401300545,0.08022224272702273,-0.029592389850403716,0.571085144915005,0.4761638626007487,0.315287517507001,90,57.43057989151388,12.769691795798769,0
0.2806785124888412,0.29184258846110794,0.08227591409879301,0.06388282895993329,-0.051848917104100396,0.4640488223982739,0.41498958110681916,0.20766549338301615,90,56.52007397437786,11.413142633090123,0
0.25006056504026686,0.2384979365904582,0.06846573764578552,-0.052373509261964324,-0.04409731011035106,0.4770243750743126,0.42467359680442107,0.21726617452386485,90,-29.312020027544488,-90,0
0.21903286888561369,0.2311600940555075,0.05079344311849723,-0.030437597668782526,-0.040663577215800106,0.4621201542574499,0.3879719489203748,0.2510633462332871,90,56.790517494888924,9.637642531233505,0
0.26222504138129543,0.24619915799125355,0.09724436365715775,-0.07138785154731386,-0.06603212032446193,0.5206011497154873,0.4695774723828538,0.22477222807904337,90,57.809113905025036,10.954492239135124,0
0.15568733720193137,0.16945931422704766,0.06705943136192852,-0.036256785305065,-0.056412878440367,0.7001643437732976,0.6266721809434944,0.3122692522856145,90,59.55326957683458,12.334046161959318,0
0.22501891100247431,0.2440137185834936,0.006797124664571453,0.005691762245294726,0.003715473892892147,0.5575587119073806,0.5390790172688784,0.14235705238672824,90,59.04356933103248,9.465980675738567,0
0.23208885504886834,0.28025712814628906,0.054889455078484514,-0.04365291602770791,-0.03327574493667799,0.33183420185292967,0.3175049063730996,0.09646020914543015,90,59.06975605525761,5.615033405070021,0
0.23847975480550584,0.2059253139031973,0.014108572621885801,-0.012954630926060575,0.005588323451320664,0.4193884920241712,0.3949607378939377,0.14104156396106984,90,57.919272891358105,4.16496048919514,0
0.2422972997880225,0.2850139558735211,0.08764071415437914,-0.0803191776043743,-0.03506742771357163,0.4742381442415019,0.4482851004321706,0.15473295119056654,90,56.207284698034336,2.868575297378448,0
0.214285714810322,0.27224893063557426,0.1973132708709707,-0.18657108764087701,-0.0642164785573083,0.29812354207194214,0.2764275921732788,0.1116487018411074,90,56.20574906898816,1.5916122458782285,0
0.196375696271943,0.2265470025678565,0.20398172248441498,-0.19857483575797238,-0.046653807040832,0.3176546912292637,0.3148230038160632,0.04231996134438109,90,50.626628997039575,-4.236706873782235,0
0.18445688154572362,0.3331237983725176,0.19701651163444373,-0.19412120937167382,-0.03365207168487074,0.14319908177097337,0.1431911861219718,-0.001503741012524417,90,48.66843877560323,-9.351055787722439,0
0.21426063531615416,0.2626253339928975,0.1315512581914013,-0.1236749358719391,-0.044835742090574095,0.1640372261905718,0.16304052703215088,0.01805541806149318,90,47.39183810572679,-9.899584713744002,0
0.2352684105847637,0.28939619709150394,0.2531043203131681,-0.25213377894850647,0.022143948932755224,0.04522552188674831,0.002951868808478683,-0.04512908486183031,90,34.610902665244275,-25.962535673147208,0
0.1646244124931898,0.26224978186196735,0.16495698943667528,-0.16494721595835204,0.0017956368230174617,0.06229486873304026,0.0379935185816215,-0.049367430723653204,90,33.95095139406413,-25.277370270089627,0
0.037032888931592685,0.09615874619123795,0.1541833462351142,-0.1513466656374633,0.02943961712860734,0.12282310810938171,0.12056286772256554,-0.023454441203320735,90,31.289322557729527,-26.121057117521005,0
0.16943812162535976,0.24655400955429324,0.2836360854351129,-0.2819817329396709,0.030589724570430035,0.06066822552956358,0.03835149433029612,-0.04700847233785899,90,34.935640214268844,-25.736324172714678,0
0.22750739302387252,0.3128513668081347,0.3424417091493579,-0.34097307861135284,0.031680969483739,0.07144953770386389,0.016655971907866652,-0.06948104085216503,90,40.73426119605833,-25.788320596879846,0
0.2812039223050672,0.3041112425302033,0.20305611236032645,-0.20258873629082383,0.013769121067684737,0.061877325212939586,-0.009787458190481121,-0.06109835544167677,90,39.14805484598374,-25.941983820522797,0
0.24085195230854223,0.28167635527005536,0.2714756930454554,-0.27086518951184047,0.018196181611125715,0.06272058638399075,0.016530270244596097,-0.06050307531020442,90,38.046157021848906,-25.996092376799574,0
0.10148658716549273,0.08420223420881451,0.1378026852342256,-0.13325142711368426,0.0351231722646112,0.07671694277577937,0.06034516535435508,-0.047370352829778965,90,35.16945283629356,-25.56217718762612,0
0.18999031898495686,0.2452792501236139,0.2468540600130869,-0.24658362424582878,0.01155176171571368,0.07730900259281295,0.0449718481430943,-0.06288254731235071,90,36.97872817201929,-25.84322600647239,0
0.23574336167706952,0.26596654523647983,0.19327313528089796,-0.19196915813198054,0.022413102137074228,0.029178716824950497,0.01122163362390028,-0.02693459586408528,90,35.04825846779436,-26.286672177937064,0
0.22496635784339417,0.2764802860694616,0.18775675711701104,-0.18768484184779008,0.005196150850994526,0.060487713514653735,0.0023632091853699995,-0.06044153148768657,90,35.25622044996509,-26.593693786187874,0
0.20282469084312918,0.24147677356310898,0.22839656853622328,-0.22713667839226778,0.02395666604620215,0.10539158570274511,0.050244077576299374,-0.09264404463021829,90,36.257008495467005,-26.106682173003662,0
0.21761538680388853,0.25128565125105085,0.22343466659060474,-0.22207446468775072,0.02461670912416313,0.09856641306756389,0.07053734039644667,-0.0688463607956255,90,35.64196150538143,-27.007032347085104,0
0.11511177079316816,0.0413158577288207,0.12557728797306475,-0.12544108310590213,-0.005847215054039659,0.03549915997679589,0.011390051750393032,0.033622270598243596,90,32.611439793213265,-27.822544513216126,0
0.13519183421729447,0.048238287343517566,0.06364720089863106,-0.012254531282843076,0.062456325902734006,0.15369797205381322,0.1529986637612278,-0.01464498210082577,90,32.31575239866868,-27.631573822392184,0
0.15369428844723995,0.06012667153323483,0.13084827076642944,-0.13056169565628106,0.008655263711838794,0.08888490607058662,0.0828304751897109,-0.03224343199821776,90,33.1731938186074,-25.899461617588898,0
0.14900024473402676,0.08376923496161309,0.09983021303993264,-0.09926703784609389,0.010588986394386489,0.0902550303856671,0.08746569165096278,-0.02226484435014959,90,34.679994348050336,-24.850366610062622,0
0.1545682647397922,0.10640772312486085,0.12909003200498892,-0.12904690089635987,0.0033367247555261856,0.10472399681537108,0.102475747325756,-0.02158325089076394,90,35.85077727556999,-24.90003238962042,0
0.12204330854129684,0.1282735899261006,0.1000454261078263,-0.09988057019961703,0.00574099135131776,0.08552544352434459,0.08123180633580669,-0.02675808531001147,90,35.789267163862334,-23.73454694277195,0
0.12220706283373911,0.0989276753001481,0.13685417519165316,-0.13682085144174017,0.00301991359892307,0.08084993202358327,0.07774492572276928,-0.02219094483295216,90,34.629146517886454,-23.88571446339962,0
0.17091363396866924,0.13595453745333635,0.0996257067722665,-0.09925292048123924,-0.008610413800650184,0.16738842133008014,0.16095809089344548,-0.04594971785891364,90,34.57704674876219,-24.565414461032294,0
0.13894460308318007,0.08334731811128272,0.11698907482097629,-0.11696833135254059,-0.0022029725532243826,0.15663387869027445,0.1540934530913319,-0.028095901266005124,90,34.521847679804445,-24.78957989437518,0
0.17094128137620074,0.13470375382433206,0.1135643063344696,-0.11292809673294271,-0.012004026053969656,0.1806850385550871,0.17347482509327186,-0.050532842949037086,90,35.108244440959496,-24.147629833465878,0
0.20650667404835865,0.12945501743778218,0.14042849181717815,-0.14042644492432388,-0.0007582083902885923,0.24302034636922706,0.2392544675793534,-0.04261676304858479,90,33.860134165334095,-24.02770881086084,0
0.13541441384276037,0.09965252533051791,0.13917297162293119,-0.1378232706764092,-0.019335513709608367,0.18232991422839176,0.18006364109473014,-0.028658031653288913,90,31.610938504535238,-23.61188755882805,0
0.15921147550858716,0.15487152069296745,0.12698361143739634,-0.12694815274837498,-0.0030006811658199184,0.26572592930145106,0.2642443682851596,-0.028021122973512176,90,33.00356676702075,-23.8154551648675,0
0.16164206500047623,0.10083238475116861,0.10855821629726514,-0.10855788809568265,-0.0002669416585050314,0.22884756906532086,0.2258834297104989,-0.03671356764642901,90,32.74303501091881,-24.8884870507802,0
0.14467261783462568,0.15006998516059375,0.10800963205444492,-0.10800071552241566,0.001387826784156123,0.23528255525361133,0.23211128369403472,-0.03849977647436417,90,32.55907635239601,-24.63774782458263,0
0.16200183362718498,0.16956317837527018,0.1312958581154438,-0.1312947363788766,-0.0005427314916666556,0.2173010615529853,0.20952494338688527,-0.05761119206175849,90,33.48153909308377,-25.459379167915426,0
0.17572101335683685,0.15344925575740392,0.06254905338812913,-0.06241008327278084,-0.004167203575011577,0.22144363190056274,0.21640687597892216,-0.04696111304425529,90,31.760117979724733,-26.016622512682922,0
0.16190516752114464,0.17014653501085278,0.19441178469642545,-0.19338542435398814,0.019950430478493875,0.1381975823412412,0.13136996433947556,-0.0429010982890771,90,33.48510051650084,-26.188800986413554,0
0.17897161360891248,0.19493452865360994,0.2145409455356461,-0.2144319374688764,0.0068382384188433185,0.031422236915093806,0.030163687611985672,-0.008803915174217991,90,34.989434852156776,-26.36483570287238,0
0.20920399769765718,0.14028837445083842,0.2714975028732404,-0.2714959987272607,-0.0009037375130170858,0.011162031888988606,0.00964110584770477,0.005624947459679199,90,34.409914536747294,-26.2015388699956,0
0.25704738115697456,0.19754000716473255,0.25279030004996783,-0.2527666261584005,0.0034595519727501473,0.10870206310591851,0.10369128597350041,-0.03262293268001585,90,34.95648048127677,-27.002813587703795,0
0.23803546457191815,0.20242997283969957,0.019181332789865634,-0.018769251189637716,0.003954584349316327,0.2675605559981215,0.263158962044734,-0.04833230618915428,90,30.230729074448437,-23.176987418313722,0
0.10650181307501977,0.23502749157459651,0.12128383228425395,-0.10078517871003333,0.06746936879756388,0.28554094635029736,0.28551780360229134,0.0036353636333645765,90,34.624364016106725,-21.486827986368557,0
0.11805693499842594,0.36236481007006255,0.04906632590487623,0.043440969362014,-0.02281198191065583,0.5621064692764701,0.5565168557729343,-0.07907383918254066,90,44.841786123311984,-22.356240452265403,0
0.22934899207182186,0.4405864636181158,0.1419099468580303,0.1328153733093946,-0.0499850940774861,0.17098356536347842,-0.0019760313030862727,-0.17097214663416996,90,52.963648426452735,-21.47235692248281,0
0.22522059586806087,0.3793666423642421,0.3210717607571943,-0.31645811610531716,-0.05423408805169135,0.11186277282423163,-0.04559819268309538,-0.10214736789541354,90,53.94624474930966,-19.515816907945137,0
0.22717180541431148,0.3136584777513804,0.26127152077834753,-0.2574374246086499,-0.0445957394904066,0.22833222980410928,0.19041543404011993,-0.12600622860251523,90,55.891323009679724,-17.764083046423654,0
0.2450931560108097,0.376696970784283,0.33191590963299067,-0.32586996949488783,0.0630629372047997,0.5660129259893208,0.36256151762748434,-0.4346490288987746,90,58.51090956424437,-16.028789583507802,0
0.26578711927751947,0.3188867249204112,0.13381688538396555,-0.13224506626646362,0.02044996973210535,0.689623164939823,0.6893943555192033,0.01776322605498851,90,55.244697865884014,-7.7037966527859085,0
0.17617997868659538,0.21344249429053583,0.14192624147557495,-0.12963992956568282,-0.05776284862771239,0.1720758912572115,0.17182627280173982,0.00926522136949627,90,31.763255119738613,-11.869496770870457,0
0.12618441175721348,0.16922447812433497,0.054468111283758565,-0.04433001552141744,-0.03164845763525918,0.24510922164821275,0.24473284277882132,-0.013578151655855202,90,28.717451857641162,-12.507149748062595,0
0.12270191681047266,0.15338767518285673,0.02494200716858063,0.02457859874581369,0.0042421934526625914,0.3854289126161104,0.38026786446663274,-0.06286332742087292,90,26.37828527607822,-16.765091555696625,0
0.09812218526025471,0.20929377729093188,0.1235262377685463,-0.12248592804508988,0.01599777635124642,0.2164383569099445,0.18841880207869036,-0.10650782771753363,90,26.220918836793082,-18.218919817418357,0
0.0900686776129303,0.22989715812303324,0.13172828694257824,-0.1221561369472993,-0.04929725942624892,0.42920526538717024,0.41436455103288106,-0.11188913568077168,90,23.734940752505366,-17.73785743172852,0
0.0986536323972394,0.2049952317471885,0.11876882462042763,-0.10954215282369996,0.04589717264131923,0.33729588046598546,0.33729251652998765,-0.0015064103665339658,90,23.800165563686292,-18.97938665637436,0
0.11147285710074537,0.2624036901943724,0.10404782557216641,-0.09921728394343118,0.03133497364263321,0.2509942683307181,0.203977786532118,-0.1462572573800364,90,28.052189424054628,-21.004283469071435,0
0.11992124761712906,0.14936260460870807,0.09370656498692877,-0.06764123789668788,-0.06485046844436189,0.09997834417315925,0.012890672550381625,-0.09914383422485497,90,25.175854154996507,-22.5313005409093,0
0.10020608107292545,0.12392259785905023,0.05995898728138069,-0.0013323601209390642,0.05994418213902749,0.2996902295242365,0.2975455231545753,-0.03578959797147301,90,19.868223454543198,-18.489619475922545,0
0.13416107739201844,0.11821182075850038,0.1986239830605551,-0.19594724975882313,0.03249864549166727,0.07057204604293729,0.07029667920225677,0.006228208074676197,90,21.208084697328474,-14.098113839918733,0
0.16646877982108535,0.11162256719588376,0.23096328509198025,-0.2308734795116183,0.006440148963937854,0.0712650774994973,-0.06743568265544772,-0.02304647425970192,90,22.197923786592174,-15.103681717280567,0
0.1388058025767899,0.04477451417290656,0.22839377988996498,-0.2262242568001573,0.03140548244562201,0.05484301573104571,-0.038481135018244524,0.03907631791998016,90,23.117367272274397,-17.696321954963448,0
0.16844438895339706,0.1025755268939012,0.2904462606589953,-0.288619878619978,-0.03252070104075586,0.08770882309756144,0.08342770852085032,-0.027067602408033232,90,26.635506075509753,-17.11144221925839,0
0.2589818896421432,0.12908059988003442,0.23028046004561217,-0.21759803745146986,-0.07536699792407489,0.03147188552538297,0.023762300008057347,-0.020635713625893528,90,28.851881561480965,-16.986103394878086,0
0.26489028373459395,0.19641135865493256,0.2454462067701043,-0.24089798721373742,-0.047031905917183384,0.04752226881456653,-0.04416506163263519,-0.017544610690165163,90,31.751494979003013,-16.156845050229464,0
0.22535039444594815,0.2048275680147296,0.13589574771042784,-0.13405420780354338,-0.022296269103611665,0.11685553855118189,0.11480085488152429,-0.02181697982210083,90,33.30699982984285,-16.019293461381874,0
0.29539616930672835,0.22919418286410864,0.5462672916980121,0.10510919829003675,-0.5360597078814139,0.03036094142105426,0.017328366183721508,-0.02493019232528191,90,39.920355786428104,-21.598106446506677,0
0.3463708394904594,0.20240176472865107,0.4856941628451938,0.0010777960058268457,-0.4856929669839408,0.26219588275305644,0.2537548103217307,-0.06599376615436478,90,36.51519213830007,-18.44111854418268,0
0.13878712283605069,0.19731772551431007,0.12547625329516945,-0.12537137593411132,0.005129155620690167,0.22520711428458584,0.20153258696133933,0.10051298780287406,90,34.000660241090394,-21.082557061584456,0
0.18838984353394936,0.18949519437863196,0.215963259209461,-0.21548754863780206,-0.014326399074566218,0.12355035985924961,0.12355034541695145,-5.9738614473502384e-05,90,35.605553632802284,-18.593954991436,0
0.1393789566421863,0.2110868351145607,0.23573363824241084,-0.2357332549371119,0.0004251067612168341,0.06291415039263071,-0.054311200932026356,-0.03175663352667618,90,33.81837653120196,-22.145129855864923,0
0.19572020312649452,0.21321700366895935,0.22490977445725183,-0.22458954951363283,0.011997537067054595,0.0655345934688453,0.06516382492625433,-0.006961239983458053,90,32.50440197494249,-24.782019199456787,0
0.0820698655089368,0.10741871988314045,0.1394854909331991,-0.13657873902930975,0.028327552418789488,0.07546647192676029,0.07545017967955253,-0.0015680470004873655,90,30.93906289868279,-25.069759198836056,0
0.12369671902716094,0.14312097882164077,0.24178644860073997,-0.2376004381075089,0.04479641211166479,0.12809000315648547,0.12432451825092553,-0.030829581091927672,90,31.7278321510808,-22.820061856068875,0
0.19033099436944356,0.23761492699028178,0.27118688521137363,-0.27085859681324737,0.01333968676564266,0.09233481751030974,0.08827661446867033,-0.027073194540207946,90,32.17612461591375,-22.615868174882095,0
0.18134308376219155,0.18134769259035233,0.1820425028884945,-0.18113296801872492,-0.0181747284611104,0.09334096258583117,0.08963411271101553,-0.02604344706367611,90,32.79633439618757,-23.361594199289428,0
0.18233620272404927,0.15174991578019006,0.1588353846724769,-0.1584558486476884,-0.010973762043828557,0.08218536541934873,0.07602352077535178,-0.03122272534599661,90,31.112744273209803,-22.49364820016113,0
0.15709311508958873,0.17558231452578732,0.2419924804953961,-0.23975208444216153,0.03285268059007224,0.11056958834654067,0.10746396623965468,-0.026021718374577396,90,33.081951524003436,-22.762124753894792,0
0.13111297812739892,0.19921731310964666,0.03776761473918071,-0.03643135553482788,0.009957361948937366,0.18960101415743125,0.1895971015596013,-0.0012180516100176203,90,34.22574671918511,-20.797057237659107,0
0.08567702002045535,0.1706517591812571,0.007075390848074438,-0.006121819909976568,-0.0035474605907367036,0.1948868655095617,0.19485028734206136,-0.003775694751711831,90,33.66212084540923,-18.926710324256046,0
0.1489348319989179,0.2668526679378771,0.05290306578416932,-0.02129822662883469,-0.048426438149330606,0.2667921999935278,0.26478317227909853,-0.03267949900478559,90,36.076782719649444,-17.97996488006052,0
0.1464186062809472,0.2464172765420083,0.011854220738803031,-0.0007741256630634609,-0.011828917058719047,0.29042833029248155,0.2897821252051083,0.019363237025087045,90,36.902143948935745,-16.306848347226797,0
0.14823953040787255,0.22866209918303163,0.03265745257981901,-0.001292101137123747,-0.03263188139924774,0.16753748851479794,0.16735628253795506,-0.0077900419076024595,90,38.51279451342731,-13.75457283055446,0
0.1705002652671534,0.2630647015482432,0.0548234612202432,-0.038075511448488496,-0.03944448412773999,0.23477399565053134,0.23119955403802747,0.04081170477121636,90,39.09831113926984,-11.111776736210203,0
0.20598195225489915,0.2789797704277022,0.042513289988447514,0.035575576476369095,-0.023275699431291975,0.26059979072507816,0.2600538565321403,0.016859496692236083,90,38.075865125118064,-10.845332096752601,0
0.15945309613822065,0.2695547321062949,0.043182651086952385,-0.039765159935938946,-0.01683666861842527,0.20519145682306233,0.20219617235473716,0.03493196012628098,90,42.255122251537216,-10.728926787264713,0
0.12136834321694616,0.28066020955060844,0.19978298738867623,-0.197108573604902,0.03257993648528036,0.0983209702753552,0.09306736515284694,0.031709284750588956,90,39.76273849597274,-12.407583952888837,0
0.12855162515123547,0.2153895902833073,0.021869396722944544,-0.02181894490278917,-0.0014846401431283331,0.1869440806337233,0.18324704683569573,0.036994717325374744,90,43.033762808027014,-11.352075797777104,0
0.13658275097435896,0.27292904878023266,0.016139543705955606,0.010792909173233346,0.011999915941988371,0.2751262438745442,0.275092397418321,0.0043154317461571645,90,42.24246450171946,-10.392194986749391,0
0.15706980845956153,0.22142360708737177,0.23472336908714111,-0.2338342103382989,-0.020411322129702238,0.05623789016728472,-0.043395193988214564,0.035770901990204364,90,41.55502296440983,-11.877680476529456,0
0.24600108807531984,0.06175906400705722,0.21371298792231627,0.21328928290142574,0.013450762286193702,0.008768820912485849,0.0009620319973202871,0.008715888631194246,90,29.41844291371773,-6.202183199690443,0
0.3535899981322394,0.15550821455549343,0.041797907915500775,-0.015262494876129759,-0.03891171232763723,0.5584410654392157,0.5540904834958841,-0.06957125604862821,90,36.230821175108055,-16.668472935986685,0
0.12464137066659824,0.14047305824653272,0.2255434519784518,-0.18158894800267877,-0.13377332579268789,0.05220365370025953,0.04793746017893544,0.02066933407852317,90,31.485492165422798,-19.94485096762829,0
0.2605193208342736,0.17624766085466223,0.31670841697160385,-0.30579638423278827,-0.08241840068099006,0.21900785628026645,0.1959234980649628,0.09786942330711042,90,-70.2152231481303,12.920546233598731,0
0.31288977572628035,0.18069536543632145,0.5013465945653297,-0.4618630559656673,-0.19501519278330073,0.08691199391416393,-0.05409034060668352,-0.06802888900451508,90,-69.234853259304,24.829881682851088,0
0.3679402885990919,0.21554119856617418,0.42555158831419304,-0.4115509016161854,-0.10825899360162805,0.1186048255143249,-0.1176386553310262,0.015107991500906828,-90,41.34325568954299,90,0
0.33563138277543575,0.21719770847702644,0.28738405672271977,-0.25310168101779845,-0.13612176579949298,0.05688061501924524,-0.011914635632488556,0.055618754235533016,90,38.0177950869064,-90,0
0.390290946914534,0.22758268955672317,0.2319649418016004,-0.2042555200508165,-0.10994278854836434,0.44043275341452526,0.43496562903681635,0.06918028503053943,90,35.330199226608684,-16.61925112401007,0
0.35765525037944895,0.19025733538805709,0.20217539065173962,-0.18593152422549722,-0.07939998038014158,0.44470600053881365,0.4438108671098693,-0.02820179339001857,90,34.62509536965147,-16.145393884023488,0
0.2947994698442549,0.16345541543987793,0.3096885787009249,-0.27307096322392577,-0.14607965231939846,0.34646591780900526,0.3434213236704549,-0.04583041186449242,-90,5.297461500247714,-90,0
0.2803790187073799,0.12693314813911405,0.4155110889188714,-0.4064842712222908,-0.08613943500760492,0.3454551073128951,0.344545449487736,0.02505323144542,90,40.78858707592887,-13.806732166812772,0
0.32259772124668545,0.18894014632952166,0.3516569493981998,-0.32646792289253435,-0.13069546810154622,0.34023537183790614,0.3387795744380063,-0.03144055014279453,90,31.0893519217588,-11.240897214763363,0
0.3039295845878697,0.2314488777412048,0.2593024439327318,-0.24022800250289192,-0.09761282827045874,0.257629596156277,-0.2559176621191709,0.029650616032457982,90,41.968331512135606,-12.882736211333912,0
0.23523239924949213,0.25763567662173786,0.23976367654663294,-0.2036380698901545,-0.1265628582269339,0.09548559419138192,-0.03609851048773461,-0.08839907374315742,90,45.58638228829266,-9.67087554062925,0
0.36090098508292584,0.2804538726769175,0.09340469192704809,-0.012626538394191863,-0.09254732304160268,0.5056358253127683,0.4999954537364209,-0.07531357170281443,90,41.622333787245275,-4.777642864465902,0
0.3230073678581854,0.23025973292447457,0.08196074316643287,-0.08099536435206885,-0.01254250269561808,0.11468796238844127,0.0868040179108379,-0.07495592832690054,90,44.03854654406578,-6.082716867832335,0
0.14538088828869494,0.21911326728323666,0.31820605448471906,-0.28776228809255167,-0.13582326259691774,0.03660502703575644,0.012196632587490618,-0.03451333304411821,90,39.93819474833432,-8.47161182150962,0
0.27429052038018004,0.29158974134836463,0.20424051237550042,-0.2019964259913518,-0.030193224109512754,0.35091139872521787,-0.31501741966852315,-0.15460541730700902,90,40.132848024445494,90,0
0.31544962287089273,0.31681408968850155,0.22663122497001867,-0.22420510113062175,-0.03307241688203171,0.06010283336051085,-0.011921402029856304,-0.058908664486676955,90,38.564955217116,-14.979573582548078,0
0.2573331206264847,0.23534524936185666,0.213047282551709,-0.21216991819806955,-0.019315030791904213,0.08542954087256634,-0.08498421459861075,-0.008711470757269295,90,37.84480060032672,-16.03761138418813,0
0.3162800874461239,0.307973547706689,0.28323032179228497,-0.28244875249561463,-0.02102658784092983,0.06494685583391234,0.06405372379017643,-0.010733804140321282,90,39.609412970993375,-16.396292696135518,0
0.33260742797385606,0.2608111216684203,0.228460283220783,-0.22465970362813026,0.04149841653655064,0.06263104283162381,-0.05416592543516761,-0.03144360106489965,90,41.836426813558994,-17.505858502497023,0
0.267001345682216,0.1695592739017341,0.7614398017266207,-0.22510844163537588,-0.7274041250625184,0.1315571272933282,-0.11300507264179521,-0.06735823111465701,-90,0.00957711580017715,1.5149738405342834,0
0.21898731465195836,0.21867793839856464,0.18595872493386073,-0.18592377607689672,0.0036051169655421976,0.3781879590312819,0.28960804250087907,-0.24321454330499145,-90,42.63622112652916,90,0
0.29666063083225774,0.2582580027441831,0.1488155884446332,0.13691726577789334,-0.05830730396809792,0.051829862619083886,0.04554473668799156,-0.024738868590431225,90,41.659377019272355,-18.458411153102986,0
0.3909006281930955,0.3237148804843281,0.32638095170045067,-0.3210046540062219,-0.05899608240584852,0.05334269319820237,0.04386002014815224,-0.03036019680834143,90,44.46088837037599,-19.235462591880758,0
0.35078697425592303,0.2846386327652745,0.23347025198457574,-0.22889196911335088,-0.04600896692117862,0.1606815210112898,0.15917975842046786,-0.021917018586091012,90,43.392788779938584,-18.029230410126676,0
0.3491674103086681,0.24429297860281346,0.3638459707797971,-0.36224989802054347,-0.03404264732359668,0.09224481278451399,0.08849517775561465,-0.02603284463235245,90,43.73041019146384,-16.496621760599854,0
0.3304780553060484,0.2717622144202705,0.21665994483344492,-0.21201399894342757,-0.04462730047008992,0.0870732647587096,0.08303582769406026,-0.02620696004695456,90,44.578529970191155,-16.031578074285207,0
0.32013728444053025,0.28481042267343326,0.15835957802048714,-0.15677696610146433,-0.022332461817879606,0.2029924176630435,0.19807470081631257,-0.04441097302712199,90,44.35250940857441,-14.949180052875688,0
0.12638996695437266,0.11196306688026364,0.4021709230381626,0.38802560404134684,-0.10572408403819637,0.05341367484700646,0.046846130760606744,0.025660488955237492,90,42.59863576990932,-15.37834826316041,0
0.27096451943256106,0.2945169437995545,0.2472015261196,-0.24267744152691917,-0.04707710579260378,0.07739426585074294,0.06714066530315208,-0.03849679790872983,90,41.56128875846146,-11.03760198564826,0
0.19677944637063613,0.1330498213553556,0.17205992059100908,-0.17089474179360706,-0.01999008506937193,0.11245568999907672,0.1124409809132529,-0.0018187975241742698,90,41.40782070816577,-10.920172556284086,0
0.2765651333042245,0.24786120707176737,0.1770857052861427,-0.17686485186809375,-0.008841447300518706,0.17004745531597706,0.16636238549091023,-0.035209285042627506,90,41.286196282414856,-10.100539845019275,0
0.31121164611395963,0.27006852880520593,0.09313133591140524,-0.0786888399714777,-0.04981477885714414,0.14583846128747638,0.14266131313500544,-0.030275510322613414,90,44.400287618268976,-10.176875144562413,0
0.3064960902032359,0.3184660565135461,0.13586470016166396,-0.07837631862266899,-0.11097913961270706,0.20493927240597432,0.19967923253072778,-0.04613360456575761,90,46.23525798873292,-9.999089071126955,0
0.28423223223181837,0.24937110426086306,0.09915793842751296,-0.0639882348648678,-0.0757482841526656,0.2761306026947479,0.2718117462523945,-0.048646524477999435,90,43.496547976166944,-8.076215404081802,0
0.3031038493572639,0.27594710371371994,0.14104648109737855,-0.13280999367258545,-0.04749331964225051,0.24702517749473035,0.24232753951699787,-0.04794582263285167,90,44.112703669009306,-9.498763572468281,0
0.3117573314483145,0.23197989284490375,0.17012838641895323,-0.1657885126372594,-0.0381816309636184,0.201308843213654,0.1981742658607281,-0.03538658936067431,90,40.05899713905555,-9.07731246251709,0
0.2729168157461049,0.19707533469163857,0.1391020829548526,-0.12940647212027023,-0.0510230776782861,0.13232226086448656,0.13230311106170872,0.0022511160970520895,90,39.81472781553953,-9.832225962247112,0
