left_ear,right_ear,l_pupil_dist,l_pupil_dx,l_pupil_dy,r_pupil_dist,r_pupil_dx,r_pupil_dy,pitch,yaw,roll,label
0.15848927542939922,0.3189930120411383,0.08177420828056658,-0.2126369657266695,-0.07016467167733165,0.09321844397558393,-0.2526584051764775,-0.11233528526700454,33.803956353584766,-39.91203642243501,3.966307243389437,1
0.3883869573287817,0.29628033529946396,0.08077536322559686,0.05168217310435852,-0.22873372614265294,0.39457101993446314,-0.13121089567567024,0.11712889383601116,36.90807067171791,-28.709113439684486,-6.428529683929995,1
0.34499857877412227,0.28896837426938543,0.0019574529047033384,0.03940476699961709,-0.1608991939081625,0.0076835600138999705,0.07162029779246754,-0.17705138387674396,35.96722289579063,6.6042666858003045,-17.448893416797826,0
0.2765156378853061,0.14344561029405523,0.2533847121236034,-0.28615802790640327,-0.22203236843974325,0.2591254313803956,-0.1141966346208523,0.2794018541379099,-2.5663749059690417,-37.47922592788344,-28.929459164681255,1
0.21802072799400024,0.31790644409542157,0.42410526410744787,-0.24103343299334742,-0.03549221534625313,0.446858715506156,-0.04532682100818508,0.03909256618043122,33.57935525689629,-24.066577197918658,23.6748997694078,1
0.27485422313950075,0.30207612920484767,0.326057264751166,0.13277320295105277,-0.21295971303933356,0.4612971991556567,-0.12851352122489904,0.20193073381797472,35.40457836872227,13.610124599403704,5.898045725324707,1
0.09800058866943664,0.06057864891466833,0.08770625209854649,0.26263857870451196,0.18977386214939268,0.2615380062442882,0.28126835482102636,-0.2120507382586194,5.32353960054332,-28.510008624116114,-11.614283711741646,0
0.12311875328736359,0.3860668261223377,0.16814633452690841,-0.2712775742408214,-0.041182939524191775,0.12032784808752406,0.19131826385720713,-0.16802649945164674,28.786862001403136,-41.74460851186713,25.749439075127377,1
0.32320339813430454,0.3444212971752348,0.13017427170762502,-0.10650573541936209,-0.15451028818300036,0.23993170027553257,0.10995501459528778,-0.16304827472194766,-15.233783215062001,38.73461558302354,-27.085842609182514,0
0.20812999837762375,0.20252220453977254,0.38675478418551806,-0.29958524645175383,0.0006159668740159385,0.09217040678190574,0.08810518083326035,0.10822131778256983,0.10138578242248997,3.7826587605969166,-11.096508656689878,0
0.26766422068133605,0.3503438566186881,0.0022500624698295613,0.008777605269809863,0.10637243961863829,0.014803644564306606,-0.05918666546796725,0.23738092883021805,15.445152797027283,-23.61074729754624,21.16686777791476,1
0.13477451056765374,0.21616257610333667,0.11891051552029225,0.1128466418912259,-0.11486729264654505,0.07595807698067458,-0.20903168773591652,-0.2236633327733036,-5.422492893026302,-44.72639672871397,2.5423372981518497,0
0.07707040078952265,0.3249041962196839,0.28373724922820787,0.03924928897132435,0.22791938598677125,0.12054895968561413,-0.203741410906788,0.0682835685732483,34.4180787888495,-21.127441979914366,10.877661887481118,0
0.30896312093103323,0.34420175170339723,0.31260739482533284,-0.03032570369160359,-0.06386008721215519,0.18951488333071792,-0.04896414125450532,-0.2224144487077378,-6.8437466097149695,-9.949958351764096,-27.92570020090611,0
0.29985123977242367,0.39905875989132195,0.17514892112438246,-0.2926707222507895,-0.22462497266900713,0.2767570924934769,-0.09344532771320876,0.2639895562229955,11.470148109664464,1.831966736892113,17.882370076321124,0
0.3002235060136668,0.26028171119447424,0.3453235365525768,-0.24228539999131513,-0.18686395281926516,0.03831933072544075,0.062480523130242716,0.29195464550945466,15.478608389214727,18.968538151973668,29.075102492596862,0
0.10488521581355287,0.2544238157126213,0.1807990111537649,0.02063128803496439,-0.2988750912760483,0.4242106773343492,-0.082844707334683,-0.21590493943322817,-5.587572869542804,-1.2440435860049348,8.244162629771331,0
0.08755932699138216,0.22417669582788258,0.259774799054847,0.004915748866946901,-0.0379995063966963,0.49740744641480417,-0.008231632397650901,-0.01323205155610141,-7.041054355689482,-38.985682076868336,5.577397868976966,0
0.17824266212963502,0.35563782759058915,0.2909685679574687,0.05990095992392469,0.15139263124688235,0.3868213116695809,0.10911814295177397,-0.2286540398424748,33.00539334599023,-21.519079552326264,29.771649500575172,0
0.3005883058824858,0.15645641108898228,0.037005792918818115,-0.05423367629774825,0.023483157095130658,0.48281439866630654,0.05533302770020432,-0.17500791232205953,29.897422649044955,-18.766620737546393,27.556691014486518,0
0.1435260071136407,0.3659863728490272,0.4243663619958337,-0.04530793951049383,0.2454001212556473,0.060219496905754066,-0.2832080644746598,-0.09127990464356739,5.889212894461053,-13.370164692042042,26.52406402028157,1
0.35309669393307735,0.34269887888801176,0.02585688380575102,0.11877520971326383,0.12236318176924621,0.47153776994808555,-0.14191297996257993,0.1718080977059553,17.018685014608195,34.085427406997965,11.59848181884739,1
0.3895674320358128,0.05944476646642152,0.17087453835324262,0.08250674457036611,-0.07777527770488174,0.19060457737070696,0.13363652427317713,0.06129236067751803,1.6539701648863456,34.76850604953965,-23.513181237767498,0
0.3565925152104056,0.12972422761503755,0.2008460126764603,0.17773954299889416,-0.2202234588187913,0.40405474650810735,-0.08844286756149583,-0.2246977805817798,-37.876546301829386,30.87258468783608,16.716932737538137,1
0.2684581149847145,0.10830378555656603,0.4086312179039689,0.009469104458104505,-0.2642700751917456,0.3992136923958669,0.17300291339351187,-0.010764031889911818,20.79986998448365,-41.3866503888239,-10.913604191114036,0
0.2852925509282057,0.17366819327396374,0.3937319373157511,0.19927204516919161,0.19273847195870725,0.20833299901994007,-0.10707259065546029,0.14929246780023292,27.125049045845074,-0.786829824777044,23.58186117217818,0
0.3002968040854958,0.05786133090431568,0.03418872268412071,0.17641025906561542,-0.07413308748541875,0.3342159387295238,0.1435089762258948,-0.046689493484946554,-32.09564243692984,-10.197494722870935,22.262906539116273,1
0.3061186820759022,0.2566440275929795,0.433558889607774,0.05358701983165626,0.031649920065320025,0.11865780140268978,0.106867197195255,-0.07521334305032315,-41.12256349690827,28.445561673296197,-26.887610001075487,1
0.33391114186019816,0.1835355596892253,0.49212755864496444,-0.0811279549246805,-0.001399903594819063,0.23726279740127343,-0.03980171851845449,0.2073788209917729,-31.02522862067878,6.089823577258471,7.116094641325418,1
0.09623599305554038,0.26503290918967193,0.0475478741149673,0.13542937696285612,-0.24930406870588784,0.467969911350313,-0.21755524197731868,0.27532814754544827,27.079575847658703,8.431380401971872,16.957446277772817,1
0.2333237668162581,0.09746920897803998,0.3296429307096752,-0.23695304463073827,-0.28386621581384625,0.15964512122293556,-0.18488416576017536,0.29319723324604935,-17.730332944450435,-25.014232257703764,-18.193810590047125,1
0.2707716955186483,0.2902199140138455,0.3373985698934463,-0.004199611330218067,-0.06538647107777934,0.3811894085335458,-0.11999411757551917,-0.17516810256105414,4.124627438411146,-20.915022810404075,-28.006010234127658,0
0.38911936923279994,0.38595287512403026,0.41036789321249023,0.06105533823569109,0.14959919284244433,0.0890241476287772,-0.012588925611646484,-0.1456171410051814,-44.68545170015876,42.00638172048684,21.830913711110483,0
0.269240011702788,0.1489974499608271,0.24718537160499676,-0.12136763770722617,0.2977564467853457,0.11542115735581177,0.2477157608935539,0.2507799790979501,-7.109941235906902,-17.639719602897937,-7.13786718607253,0
0.15331742906047446,0.1541250699074561,0.2415648198185537,-0.2934802932039801,-0.1585221551852061,0.014560478479918315,0.0903351394315427,0.23357254721569992,44.800979384873884,-4.629879739611226,-14.391533382350834,0
0.06697310379518827,0.11723997848722396,0.002141405316467504,0.002526181007319772,0.01698863734095324,0.3289458907029974,-0.06905253167937392,-0.2980753855888896,15.650203896687344,-40.11380210268787,21.970225849064633,0
0.2829955379068228,0.28262954612970786,0.37596058367984897,-0.11021588091584608,-0.059233211015522425,0.48001902826790593,0.044074152466675676,0.005102986258886721,43.816472298188785,-24.339813129354987,-6.123785396470819,0
0.1889599474163654,0.2575616650306728,0.1640197410329266,0.016271432255754004,-0.2704285181864985,0.032629987619381684,-0.0511663428374487,-0.0990288459398529,10.421262924759738,-41.58808496605744,-19.93987981578652,1
0.18112610684257713,0.08281357795086824,0.29600401533764376,0.10304430359661265,0.17510430473634375,0.32526146903766345,-0.0621711629963545,0.26095693489071453,20.369881442519144,2.491312124409802,-17.588975499864468,1
0.05261904863736832,0.10636598898697898,0.33707215044656724,-0.264005499248791,0.05387399031351536,0.34200005178052806,0.05288780886844213,-0.08088917818735966,17.755406638797503,8.486498521243846,-17.541769674364815,1
0.08141363233791835,0.07710262984115338,0.38993492193615586,-0.03235626424786431,0.2584106931267723,0.3061105042969762,-0.2788944106893481,-0.20548599520951233,-26.47621862882932,42.81624219506945,-16.877746430901908,0
0.25488423121059806,0.09426371590382793,0.3522092664309226,-0.12867269901127995,-0.11478216743196559,0.3201926575575277,0.26336719422608407,0.2949606299741849,-12.846274959007523,40.16939158952063,6.739288098128675,0
0.3794784154445864,0.08790784241614791,0.0634293739808584,-0.2120719040939157,0.2887659143959636,0.30883012008499805,0.06617397102231037,0.29201892091111775,-37.04051076528107,42.70508032880602,-17.759211206757545,0
0.3131674411590759,0.25228094999336886,0.4030837483780151,0.02561282662845893,0.21245025928516043,0.39803354980085837,-0.2410292579146517,0.28620382080959544,-43.67272977888041,8.715423413665668,17.550690559005737,0
0.1302641879578259,0.36897338260586343,0.21259037876232134,-0.29966750110025764,0.025973444009987134,0.3141429329586733,0.2216180119249786,0.024337943082158087,-36.52835560625416,38.41322033756501,3.921287455528393,0
0.24153644958327736,0.31415413605541354,0.16074787611577968,0.13160343928999751,0.2797087188734145,0.17888044514102663,0.299435660841015,0.08304597061899965,22.37322712182514,-22.304948503666505,8.585446150634496,0
0.15443089673279647,0.1665033627157193,0.3266821433015159,0.02968064960396649,-0.24216390751797334,0.43699579463677307,0.0075679488321771515,-0.015983392081520775,-27.14045970309639,-11.070556292651645,-10.030508261094052,1
0.308856474028658,0.30353212442864924,0.3690042388441699,-0.25558817555089147,-0.26203706910322516,0.18055997161471948,0.016558028729277363,0.1575714323530366,-14.876296308808872,-20.239463102972866,16.88689848711177,1
0.10030153150943696,0.2925833994253956,0.08647196822103903,0.004375620949226,0.29506468555722637,0.002003802366669749,-0.2900521188614658,0.29585074915830395,7.617495072074895,-33.57810220333382,23.838131985245617,0
0.05404487162623413,0.37046391602590645,0.16420101695693007,0.11747725192625036,-0.24496902333949933,0.32063573116832084,0.24567676785911313,0.03312115523998982,-12.409065154487173,26.42198580865744,12.763525462295569,0
0.37894416414569415,0.12150810108761617,0.03534744111168153,-0.18437940756715215,0.188950019709329,0.3387781226322709,0.2825004919568587,0.12589638625495847,-7.863186146702944,35.31878767195886,27.487711092507595,0
0.20154937530943484,0.20338342498065076,0.12267813246681336,-0.17434363112434265,0.05269315774141753,0.11627650760183789,-0.26147468906072135,0.160504449588539,-11.117750903427066,-10.778797449062601,-4.12090310905252,1
0.37199154606562357,0.33579716530891607,0.19324135149720706,0.2317262433063873,-0.07310532262072597,0.13559646790215474,0.06593557593455968,-0.08645894711111798,11.0166803930327,-8.128433245929806,17.74614837761292,1
0.20299481476993025,0.31464228341007605,0.49883369616931794,-0.20376640555935832,-0.1785568322977426,0.26971887933219474,-0.011174761643005071,0.04294187070403127,-40.583335704815426,-8.615118930259591,4.978695723933647,1
0.1802278349495468,0.323084092616609,0.26354622373454867,-0.19530483478555244,-0.06236687839299998,0.31296790225485344,0.28393540488530083,0.09708723291384541,-43.54243539917427,18.45074489692754,-14.94811155256617,0
0.13442694426820834,0.05617355516185485,0.4272353848518812,-0.10252748153698024,-0.09173417445563997,0.07919739909923706,0.11580435968833963,-0.13193464898352314,-29.09312090439807,0.30516669554204157,15.024954355286546,1
0.1434507185660367,0.39569499315155265,0.2115619668973695,-0.0771006105542735,-0.27902323962069936,0.08914748657234128,0.1855148130433682,-0.010382937238709866,40.93872542326743,-37.45027770987768,6.956606543905906,0
0.3758218651260528,0.23383515012014833,0.3402465976346178,0.06255722109544476,-0.17804799225617823,0.32649878726078563,-0.10011528989951204,-0.097216842482505,-7.201065515353044,31.695919500394723,-15.699250454285547,1
0.09370589810739186,0.32857024137623303,0.23349704172252106,-0.10551239135711477,0.19437563150757947,0.17168547974891185,0.07311047477029581,0.07074888087389536,-40.247461568405974,-6.944973248275566,-16.633275004082613,0
0.20330937344475603,0.21589456556018188,0.290435674218191,-0.29620521165615876,0.24461754212305348,0.03554369847254063,-0.029445151610403286,-0.17557627485637115,2.1404132432887764,-19.779290208257596,21.600389883756236,1
0.3506379087460504,0.2565011062719513,0.11146628292517524,0.28664591321871996,0.2638405642372979,0.42286291083685573,0.24695768136808277,-0.07071496737281607,-24.497561479536948,-28.53865245066913,22.425598110655038,0
0.3565990687722659,0.1828428874761373,0.1355683589463742,-0.18292796672776512,0.18250280064178415,0.17708228748303123,-0.009960583267239198,-0.1663081058616746,16.748196405203835,25.293006679718005,-9.634485062799506,0
0.2964586153327977,0.15287803308849018,0.3041166119650264,-0.0649790322366944,-0.0998855048993979,0.4466243122974362,-0.21477392483284086,-0.18660860736381052,15.105676758307261,25.434091148861683,19.93286951909529,0
0.28312972880633935,0.10339106902265559,0.35687656096116704,-0.2931954737136126,0.09355196995776938,0.08160882835726219,-0.19180533217150597,0.03534457998874635,-11.212960868215887,-2.5825364504247403,-11.466667046624526,0
0.2133965100894633,0.2040822612112157,0.16625315241397604,-0.050719126498690315,-0.06900794893237777,0.0555701403598261,0.19833138063567007,0.15387943873907267,-14.621514108194368,40.06188351565541,26.961752439808023,0
0.2550829691569923,0.11777650998320265,0.18771892662730622,0.02787948593214845,0.15588566845361296,0.488865555894338,-0.003827002107577804,-0.1458125304173831,26.241769632030866,-25.05847951373641,0.47044033306611865,0
0.1964325413935868,0.0641393765994672,0.07332666048539999,-0.02248412905616909,-0.20549196138956843,0.25937771248192154,0.2536390096620417,-0.17975546508154394,-35.3532141259022,29.274890578465673,-2.3838091551746885,0
0.2607311078536915,0.3916837480060712,0.2727015238859805,-0.09126007973918218,0.03897951049354753,0.014205876252728122,0.04755854074217991,0.24145812302461384,-44.61029383336737,31.07734309603049,18.11573364594679,0
0.08614921768746736,0.35315061221585703,0.294665583063738,-0.08479632508325327,-0.054798373579972304,0.21575950184367731,0.07988950928682564,0.256061634893396,38.95016576912843,-9.765721842240296,-10.244252424133826,0
0.2776953638145636,0.35108642339746626,0.4940834244214725,-0.25756890681221273,0.002173179492497068,0.436832880919741,-0.29810512542028306,-0.037658868236734144,7.57788517076694,2.384127770095283,13.96636118005489,0
0.10748449845301716,0.2219510281803314,0.23030652955317077,0.027442348832184604,-0.23359798137576968,0.0767635615213676,0.018146506864768153,-0.13473897447021999,11.612851984021226,-11.45237555887558,-16.755915140073853,1
0.25844053255087857,0.3717277347791676,0.18780298606435114,0.22501399126437244,-0.20194242711789806,0.18564024375431348,-0.2686307935072062,0.1454935746333733,-31.44125183103783,-21.8681985916388,16.513995131592893,0
0.14478725823830954,0.3293293114805066,0.31700324008921116,-0.02122438546596278,-0.10103917956719097,0.4503421815044304,0.16353872417530774,0.1308672224099171,-4.859954584449028,43.3044135683831,12.604217807178365,0
0.3005122591480841,0.11972854527474523,0.47370649684523153,0.2986571716764949,0.19134608449203316,0.14985625073176406,0.09831999244371276,-0.25011118098124013,33.41513841358595,1.4393584134246353,-19.413650020812856,0
0.35293081221356376,0.1361823349392977,0.06371538046926928,0.16865426614954776,-0.14607099297860077,0.015964739160443664,0.19512813818958252,0.0035946802865159944,-15.603018081442023,-43.97138052916058,-27.880353317523138,1
0.3866601354790067,0.1371222447400966,0.35480975494295613,0.1541516985884917,0.2617670956827994,0.45345120902776553,0.044115517025068995,0.047491911518387886,-29.943789443619355,42.7466432181394,-14.698952237794389,0
0.22525873549822079,0.15239824757542098,0.4352501359359927,0.05952396401401583,0.030764337681537413,0.47217871293885505,0.0989589141960655,-0.13210593507634316,12.757777307455434,41.546111098789936,-28.586504644362087,0
0.25339018506587674,0.3718740254192014,0.39334784943087503,0.20173098551234198,0.2569390776613983,0.318271751692769,0.29695363839209915,-0.2800310580722095,30.13557085292061,32.13096025700355,25.002023445717896,0
0.3063114477587353,0.32054895916699955,0.03358138197885013,-0.19687838146118905,-0.06941600453762548,0.4340774132645339,0.022199963051099614,0.09318411000437432,25.47115519111584,29.531050950376795,-1.422927414979135,0
0.194245104110655,0.25871835648700414,0.0025562565585201535,0.04508861680042475,-0.07290447621971971,0.3150010218499817,0.24418430375353767,-0.03547679302403994,4.912077896961435,-3.348907335642849,-22.888679807303593,0
0.06044216953489412,0.17126752939251333,0.00951707390874329,-0.200707345450935,0.13510999251052125,0.35404561784179395,0.1431482318744296,-0.10970809732201273,35.1017511405926,8.444749322560284,-22.43841949520241,0
0.28069670159126336,0.26441751757774207,0.25926050280104246,0.00019586889548361963,-0.20811788838727704,0.25030211238004363,-0.26403733403977203,0.2555150751616127,-39.777520139765386,-6.8822824595473335,-29.965736615809668,0
0.12019783797046624,0.33983561531524614,0.462715730934054,-0.0579985474701217,-0.03067198045921049,0.49134183660576597,-0.21473071396520194,0.18517170875402317,6.0550745265217145,34.26609788137692,-12.454287310385283,0
0.05097681166575602,0.18305226841185912,0.23967203023482703,0.1819826317231803,0.12057805758098722,0.42488090200897866,-0.07422105884092728,-0.21545668332156687,-8.904918246025225,41.67536705325067,-17.140344356563887,1
0.13888639372982667,0.3817804725922328,0.49617227191923363,0.18686315796055647,-0.267364811559959,0.3643158552718642,-0.1929445609210094,0.04153278823253426,35.43422662881794,-10.782393143026795,25.73050110403397,0
0.33932097211538037,0.3933284341672281,0.4241260507270485,0.07941954835589415,-0.21463094947706995,0.08242376917711519,-0.015780283922174565,0.16067731868661933,-29.405214884002305,37.39657571359673,11.027443829211357,1
0.27544771227233855,0.2589390798961904,0.15017964957515362,0.0545528369772218,0.1498209077953646,0.2577958394775879,0.16778117897227468,-0.25823217187548914,-14.816029410036496,41.383254065763566,-10.593335216062329,0
0.15719084632789643,0.05823483843814708,0.12745045190128523,-0.19727703465394453,0.004096179730529836,0.05635803316393001,0.07562932634724584,0.2249394423338968,-12.373300637663789,-29.8356552625136,-5.998500252935223,1
0.23140649654580792,0.08497613314032729,0.08212669362713332,-0.22047221143514237,0.2724649674420046,0.14243234522194503,-0.08687740584239537,-0.10675163622237835,35.84254006603294,5.666932020139967,25.149593935998702,0
0.09199905415962467,0.16063027590621853,0.28676712180034863,-0.06513225707854808,0.19720901338153257,0.34110314771023814,-0.1719296606375497,0.023311982977977264,25.877880017841093,35.211037639730804,-6.303339905517504,0
0.11116437704092214,0.3805180466556765,0.4749615424051064,-0.21045788734205062,0.1616717169307194,0.2148712520928852,-0.004670570397046991,-0.0007871121251122881,42.15344050065093,-28.38049971749203,16.38382411516909,1
0.16247396492776545,0.08413266144588896,0.15451365114132587,0.08854207164969774,-0.12655106669971752,0.07153605869646501,0.026878479015467194,0.15193636235188984,29.71272205858122,-2.511259819817056,12.664345255423207,0
0.08755047013330443,0.13284569808431118,0.2638181803022411,-0.25957541692019626,0.25887715758533353,0.061921840971685405,-0.18121155214985574,0.15919273436318193,-36.27589123896176,36.02502896538684,13.542058243352137,0
0.2670110399490847,0.3253753492078781,0.02865147727026307,0.21017021109323047,0.2164606169727627,0.1711345371440114,0.0954024395821933,-0.05843218097793029,-31.122820602933164,2.57961767067993,-24.8184195299042,0
0.25181915497922513,0.3023077913144014,0.10235334382389855,-0.009589393384443867,-0.0862799632151017,0.21938187804089537,-0.16672143719078786,-0.21556628158059143,-16.154907385151628,33.20250001552387,18.313545570525974,1
0.1937676129002821,0.303731668840927,0.1464476865321332,0.2229188490687964,0.09238004320848503,0.17325265602261258,0.023923614192917886,-0.14433091434336498,43.64826666855012,-5.795610602185938,23.80644916112255,1
0.05684249007504055,0.10625513011219256,0.010826437516018417,0.2682375851348571,0.29998621225061656,0.3811151318097603,-0.23512310174904744,0.2393672761995897,21.939856493949392,-15.09799361381209,0.1366747085359279,0
0.2205535853812725,0.34328283053175146,0.2856277261637728,-0.10868086337866925,0.252582568790555,0.07782569231303088,-0.10387340850401863,-0.037719185622252016,21.418009913328873,30.217211291318492,-26.486371425288034,0
0.2782984817018297,0.09374301402274922,0.310707616441135,0.26815081209663044,-0.07695027923085002,0.16867820882987905,-0.2830358913768732,-0.26556296462674106,38.841520223674664,42.79516618848203,-29.661497973804796,0
0.29353894480218423,0.060609788780750316,0.38896549854590023,-0.1623082291497169,0.20568261468399868,0.09292924195914343,0.1740583425569912,-0.2195365609920557,14.707551448535298,25.133285268853328,-6.826028933269868,0
0.10497497680746196,0.1719189643946829,0.34495516123361697,0.16532454111846828,0.011107076295252316,0.4784287638500048,0.2551985152793979,-0.01593776765532895,-30.575303089980984,24.563840749556263,-15.41162547641136,1
0.3026090883174032,0.08695612931045046,0.3255099296267531,-0.22774007265534485,-0.2536665465487993,0.346450202557969,0.2008712591544231,-0.20469510556238002,-38.326625283055975,34.787060477283944,-22.067439780547865,1
0.2708598506565659,0.10380734782109469,0.18189849108231837,0.1346160569056808,0.07900103134796155,0.09393036266876098,0.21500560325551749,-0.2679894105928909,8.569411966498457,43.54384502084457,1.8902839105649178,0
0.14287089551101134,0.14673071266041685,0.03175039362499532,0.12455940972115964,-0.13687627611988684,0.14928067408713885,0.29610007260170407,-0.0685124665054807,0.9627486978607962,-10.217420931493656,-12.588533205337477,0
0.06152760514442618,0.1288540685738167,0.36200612609217414,0.20243008698325532,-0.25152878163731374,0.4410388547190522,0.1785103224319074,0.22181057742417926,17.85856991209559,15.673776056456823,1.5055940006918291,0
0.17582165695481428,0.18064359616724635,0.14884719513794237,-0.10432191442499764,0.21640047977327143,0.0052534282949234234,-0.03836842733428519,0.26570380711674474,3.8372719664527963,-4.459878887048681,-11.257811718024715,1
0.20768909953562503,0.28295550849313944,0.06523377738621411,-0.04658977878496939,-0.11435403758302412,0.338387152932409,-0.21841836596377692,-0.16036111253943755,19.023858337723453,-30.93980672482967,-4.678844265606617,0
0.14926040236195087,0.19639706172992838,0.16220283207080255,0.17901048765591665,0.2746160448092539,0.43764724182542425,-0.20785327983134605,0.16601320580957418,-31.684777802575972,37.204299590589116,1.0727145401147062,0
0.13787158296396237,0.26424005257031086,0.4498463758481269,-0.29942679994591165,-0.1626397354152333,0.10495978166196906,-0.22566827817970378,-0.20033927235773885,11.33212908288489,-35.75750488644216,14.3118965412433,1
0.27781007421328324,0.08875904909544216,0.24109639482915124,-0.15280298026556596,0.23094939791068908,0.06920139950810095,-0.2674138344835756,0.12265742013004693,-4.204253252866238,30.45283988427761,-25.522222129841296,0
0.19217493990295403,0.191232049806161,0.32417633285482284,0.029672380177860613,0.22485286940345156,0.008137591332736172,0.16439929325678942,-0.28640499542649495,-17.613915437127062,34.16968243616071,11.424850300627305,0
0.16773646279011312,0.3314735729833921,0.32721752827330625,-0.17957689870710358,0.0659466222804036,0.07058305086073269,-0.001875104096322855,0.05007458270078907,12.211566366962913,-31.926402924890834,-24.26408828095378,0
0.37929207501623713,0.16246899121139768,0.051925810645375325,-0.15581686031104053,-0.2556354425596949,0.2343693654962124,-0.14984926756591863,0.23162762666692577,1.5415758198131755,-23.996839614364234,-2.9237802057035154,0
0.17551307117774256,0.059486717072329644,0.15162161095332138,0.10928996682177716,-0.2483943431484711,0.18798240434462427,-0.22012149899949873,-0.014442844961286505,-32.263785740512105,-35.18667224912607,11.867927515710164,1
0.17713336252675344,0.12817386395499455,0.26550283353087506,-0.07296743924855914,-0.011730351427925445,0.38159378803800076,-0.1355874152748887,0.022484834783835284,-14.835487560418045,25.64647777085952,8.372197944461782,0
0.2786883198275927,0.1757686618871861,0.219548780651188,-0.19179474097503468,0.15390952058720458,0.07850566207589593,0.16698155685063681,0.17880471293075162,22.194086764960943,-43.25194907471336,-13.612007243599585,1
0.21214923452183254,0.31062769938121954,0.1482221928909292,-0.21249433749369406,0.08446005979735616,0.15059010442462123,0.04510220958733957,0.2602719358036511,-18.778774056612644,1.1242453037641695,18.408714817872976,0
0.1928488481681822,0.09105133004587726,0.3303961219242056,0.05529859745548582,0.08863372671934644,0.30539578434009396,-0.2899967590269962,-0.1953222902602082,-30.098519824872554,-36.18436623318095,14.128546391896585,0
0.1783534605212887,0.30113183643646585,0.4748015214503968,0.10142245807417927,0.02829976256646044,0.22429890400856733,0.19691668022256986,0.20979432146764193,-18.626609301046326,40.80782237880871,-6.293078207617075,0
0.34012641659937376,0.23206401901872448,0.13582696091338525,-0.06853571400364816,-0.11926588153613485,0.2331020200015137,0.1688010828725473,-0.009079594894479959,-20.89272797181167,-37.13372327888723,21.34536522777593,0
0.22618561795092362,0.08982684537680283,0.1081764066396172,0.22911533408593826,-0.2131608104215642,0.405674125901106,-0.07644255404817571,0.09811282532627952,36.92937344781646,25.280881207448232,19.55646718790741,0
0.3948974145862421,0.3357364704149958,0.39740390302065165,0.10054716057519558,0.28996078402323927,0.2207816140232402,0.14492358285744644,0.11928677279311284,20.88800158023591,22.631833275233106,-18.554646532727197,1
0.08478205900249708,0.13529885951136628,0.43015020173537044,0.1683836071806642,0.2965540329343144,0.15695440753609624,0.2669318382831271,-0.09378670122299751,19.35838720669439,34.44686528594278,-19.753074284498297,1
0.18055516847720693,0.11065806596357064,0.2920241777025159,-0.047659193977612535,-0.29088593719079725,0.03491929624675161,-0.18283369187604598,0.16159797571089135,35.283556443037355,4.107678661280019,-23.66607224915259,0
0.07967115997028566,0.19482993345945165,0.386689644069242,0.21033716615204473,0.1400069090180105,0.278943339249872,0.13451502104950602,0.10883372118231682,-23.907003075444525,4.56830029828744,16.236559958305918,0
0.16188195919636078,0.12421073124897225,0.4463368842013145,-0.14030273121711406,0.2846539090613532,0.24617290586243262,-0.16736102005941048,-0.06519352010058263,-28.49119942521714,30.031492846090842,-22.80184384161148,1
0.29327218647024245,0.28304879722467186,0.41471428008160194,-0.13372181259516375,-0.09618976471829394,0.021169725304587994,0.22124746548212,0.04945784095330685,-18.1689937304676,-38.7525121695571,13.40457018974758,1
0.12675729522901694,0.3820035361660847,0.0594082879460372,-0.11711135353640717,-0.017113642788484096,0.0002247630371277065,0.2525719124854347,-0.24054084554393768,16.422354061755527,11.59789294462395,18.543831306284233,1
0.2337391575968652,0.13309174813563415,0.3408543516647067,0.14860187224098925,0.20888551833563845,0.496197684459541,-0.02438713220806077,0.10235665032439456,-43.34186553730905,36.457832997558995,6.944588731714738,0
0.12086987083559114,0.29474478315487834,0.1783463998277105,-0.030387635380120737,-0.2319090401389729,0.28377514327409586,-0.18868548622085562,0.10739139654896224,-38.59480597068956,42.8305133053191,11.071618715148702,0
0.39717005490957685,0.17025334592021435,0.20698461933015538,-0.17294238113479926,-0.04178153019629788,0.03100267145180774,-0.29966528884020777,-0.02815591433678788,22.14215321335415,-5.664135018415131,1.0803239498052015,1
0.30372279176100686,0.15881799353724518,0.010607305411736767,-0.25111130605395776,-0.18249045525837643,0.02410612812502666,0.26768832263984627,0.04101652809559425,-9.537806719625891,2.9441010467419773,-23.23079394845307,0
0.28718580644868913,0.30795766931393664,0.14998321624841726,0.22474639670596935,-0.11717303801837975,0.12191605968824865,0.22025808928830676,-0.151788097130144,-7.60477838113799,-11.8869452966863,23.883709353496343,1
0.08351664815094198,0.3301319610188838,0.24580479465899774,-0.15509492865171418,-0.09082414598428873,0.36462048942158576,-0.2601875131460389,-0.23011163044007404,10.463583149151269,9.627456102039659,28.347731072122308,0
0.29056793351235366,0.06716721547605799,0.41288486495377963,0.2983783658926464,0.16504186685395045,0.3908382456036666,-0.06581179766006942,-0.26044716659060585,26.340069081098093,8.744227821432048,24.560321347325065,1
0.25943346724409133,0.3860467171012057,0.37823452445016925,0.08742756832872062,0.1462992801646908,0.3596462605592938,0.11414955659656606,-0.0021557283000859795,6.016237212598078,-3.4657680195947904,-6.302490177180118,0
0.2481309039921315,0.18025113069852583,0.1054057456685828,0.20199633508066855,0.10831895013670961,0.16282904611261306,-0.03223125665974147,-0.1647312991373189,5.655515099409911,-12.747767113549827,22.53451904809331,1
0.2748851955121535,0.056494210943275974,0.3214635958471484,0.0838499566114404,-0.026994907880618257,0.44770113129710654,-0.21910858948796727,-0.26921290172776596,-0.37519560228096793,2.9731068073898683,-13.998648825378893,0
0.25112556204629577,0.062079568626786936,0.3570948871093561,0.14209300277776243,0.03774675674319633,0.08407595627067144,0.22543286074102592,0.05755273920286319,1.340275506669883,6.083258358784917,-25.02677479118215,0
0.17751958541912244,0.36031381375334176,0.12153632007352444,-0.2811930949743577,0.07725066735112124,0.2541267288675652,0.2598348479344936,-0.04612060446242294,-32.79687678376255,-15.322901647828509,-6.407291402374611,1
0.27145986130256006,0.1866413473581981,0.37189548957321916,-0.2853183543052405,-0.043372742083851556,0.3258509509164596,-0.023616398134703842,-0.15721704257174943,-3.208567348850771,31.47700729405736,-17.589658962112072,0
0.31788178283801455,0.23230000554694874,0.4341195642028289,-0.23420646048498103,-0.07143579117081955,0.25298220929682863,-0.04060482247853514,-0.23484807130706814,-31.182453535983253,30.385556356993845,-0.9369444479129392,0
0.22459181687974944,0.23616934814554702,0.3913478798129616,-0.13044399257306044,-0.2361088281349638,0.3490569212935835,-0.0044435222572017374,0.20537643583122983,-1.6659275815183605,31.164370126949606,0.47010010910513955,0
0.13844294476559665,0.16439213622336954,0.15272088924636945,0.03855822706502027,-0.05227691066091089,0.053979642497451186,0.23477233305387596,-0.17719402250479552,3.06720098896767,8.532440634353534,-27.554889381147497,0
0.09142467222772506,0.31711944716031476,0.43166591974918395,-0.025789955437769407,-0.2642574664577124,0.03335302017989483,0.05916021003745425,0.25117461012898207,-9.037483766467517,13.555783367924022,2.520466137406288,0
0.18109231843940737,0.07277716951213056,0.26876871742481395,0.08300808705707419,-0.21623832852825053,0.27643098676759836,-0.18133972700504125,0.20683803472864098,30.16453462054467,-6.333381360140237,28.004591430768237,0
0.1731293915746252,0.21173686381953905,0.08343555975421252,-0.18640301614642074,-0.16187318473239823,0.39025666978813633,0.1627727045710628,-0.07023660875173271,-29.487205657404374,-35.01824534428777,-24.772241277169606,0
0.2144030024506674,0.32547638024529735,0.3373611088269753,0.21169532228428017,-0.13569916565425494,0.2504253981440243,0.10612714700533687,-0.19890602630472742,28.42260432093333,-16.967695428812448,-24.401561765058315,0
0.3302019911303622,0.3487777341515751,0.07674610268709525,0.04960947703845525,-0.12881280384047172,0.3695861609633613,-0.15672880238479006,0.10284211450381908,-22.03878095481295,1.0029387086948844,26.91878807497153,0
0.20087672517327843,0.06256461010257562,0.26730037564463766,0.2961257980721084,0.27522451558316047,0.02019961442108159,0.1234782021776929,-0.1189410799818415,36.26902380655231,-40.93967288616493,26.152446120664834,1
0.05256896976229326,0.10425240412162769,0.48933964370246824,-0.039678032696114474,-0.18290118461149293,0.4828409053784713,-0.28372927917783447,-0.009500168015962096,27.414192206476457,24.55426841522744,-18.646964070250835,0
0.3760967976232752,0.3875070549178886,0.21335582095411088,0.07024750568905086,0.18168423224050334,0.0005190785860687552,0.016209550096629388,0.09172580389061857,19.54849047638234,-11.808953154334695,-12.261334763304465,1
0.2176081746272302,0.16740255594478637,0.11746408977526707,-0.2938527837699123,-0.09632281765758563,0.12805813385731074,0.04314139618009,-0.2626189378297727,-20.6532362960819,-40.97074590104262,8.485074270806166,0
0.15394177799941883,0.16396418614062785,0.13948995169000128,-0.20710313987104495,0.17246653004321555,0.030359920004561225,0.2806644782845696,0.256389314705429,-34.34048232441782,2.657146608943414,29.571081518660215,1
0.05577194064217747,0.21571639069801435,0.08218936296222185,0.12307556759953309,0.17719407751665078,0.1141483542285528,0.05530616692906842,-0.2073332139087684,-17.67756135650517,34.991594476329,2.645885488938646,0
0.17924549446933902,0.13259904191719343,0.3815777449099502,0.25800200841283044,-0.0012408883266674109,0.3214992116704163,0.2203033659640236,0.29929778240019517,10.216483625684887,35.080151988588185,24.516494793338516,0
0.06806268274029194,0.3906661683947824,0.35190887101017837,-0.12942078935308957,-0.17731514699162038,0.14804395932729897,0.22543545099986545,-0.12516589608242976,-3.346097889848785,18.51642488180093,22.31939182343313,0
0.2992952946139168,0.34406682540944666,0.3526934591417964,0.1664393963179866,0.059442719615646955,0.05852954186081244,-0.28714181106882397,0.017869829352917588,19.398694315662,-35.20209704027789,-4.24224312746308,1
0.22295558732274434,0.10837902483833085,0.2657901054986574,0.06358635512885402,-0.20559327670890282,0.0773619495044382,0.21380922938025365,-0.11316753799797308,11.730004837076784,11.409576810769273,20.350252534958102,0
0.29913631202510904,0.09903144285483717,0.46324584635905225,0.213213693675869,0.1677027917380357,0.06338679187677965,-0.21619768134428974,0.10991907491914465,-35.34569863388111,-34.80159546874538,-5.9832319827534555,0
0.22831613979523907,0.11333341562845267,0.23150767486816481,-0.07618176654342568,0.09967866279264581,0.21741086174824303,0.1676049905881321,-0.04440474085578472,-23.78059443234372,-20.368015293727385,-27.282886494501806,0
0.08412022228812913,0.36963771301940374,0.31865509125581293,-0.004016812386146484,-0.009162447199701496,0.0906810239224552,-0.09244957652720778,0.1362741991902895,3.6849258768949653,2.637558369023658,-18.285246327265234,0
0.09268913747336802,0.3483338112755932,0.37713575746894623,0.1918853149428144,0.015636316131612538,0.4983386057595767,-0.27349493823350324,-0.05924102148833199,-15.845699795612745,40.378094884137695,4.611657509855576,1
0.13684090819724856,0.34648638155486416,0.24784031998960143,0.29679460632755433,0.17601469616338022,0.43460559986795994,0.163999349278603,-0.236445060629627,-39.147389941169635,37.35708953530171,-21.708168717611876,0
0.12113390615353987,0.3190605160762693,0.37717516605204493,0.1523251987890637,-0.2908711695438269,0.40257539567930506,-0.036523083130533096,0.1161968708060202,-20.51282895533411,24.257577313789483,28.93690612863203,0
0.22760475878191255,0.19071902630322302,0.17266699260189994,0.2237389673120686,-0.11707609452747625,0.20142500592719587,-0.12005022213329258,0.09402765647563588,28.279649800042435,-30.209775575027287,-14.715449046286093,0
0.32440287345351826,0.13404252946766823,0.050939901384367936,0.13987206219730886,0.2714813797997538,0.3184890459871198,-0.2144499275458652,0.08603122167423405,-34.50311134372049,-17.68277222820793,-28.104137928062013,0
0.29427934638738956,0.23630154865075725,0.07835959561291073,0.03411887121427609,-0.23991994671178776,0.16968601307112824,-0.07658529432437225,0.23005523552438673,-7.599413210005338,8.862288176321726,22.486739274239035,0
0.2921464714499785,0.27106998975996127,0.3786747163699593,0.19691871149360152,0.13101033790389305,0.29308814763548596,-0.10652200885093338,0.11836419709795748,41.12744261677015,7.8769602475986815,9.860692106055232,0
0.3535083718866597,0.3229850240189709,0.22371168222454063,0.24541329256097405,0.19150722185211222,0.05604216656450234,0.06355829628138182,0.17930592404448537,27.7509715140757,-36.77929398808863,-16.523329828178316,0
0.08649396122639547,0.2906236171395308,0.15933206727546806,0.21996246256804247,0.2514213901391405,0.4245258809604764,-0.10658895153872286,-0.1580504253842063,35.352057816701986,-4.234771451118483,12.464383413480945,0
0.06071371334608264,0.09653008614591413,0.2943935157802454,0.12084411722902777,-0.1495902062945646,0.27703554844567424,-0.10896825177431238,0.03245354737295414,14.339490998782722,42.552724821215165,-2.658188398728978,1
0.34953618824394284,0.31310234397842357,0.4427556974010922,0.06251123923103608,0.2022442084698985,0.20859354618127096,0.21148717059461225,0.23748791329021063,16.776725464656856,-6.205832581556564,-13.099565222335524,1
0.3725762647464157,0.0894973214742329,0.4847858157483719,-0.03451373884160147,0.2679739165357648,0.457324879868963,-0.05623964070584184,0.18001517431524028,-36.9204721355911,-37.553915765537994,-8.64260377671863,1
0.1407496803178544,0.2618118975010774,0.20501485685515597,-0.11012391455085194,0.24967901274601606,0.17163085904019176,-0.157994459107789,0.24558078938416233,22.134992034223345,16.36197423283776,-27.02790347598745,1
0.15966293775513002,0.3107909709476262,0.06586568371315987,0.16290198881597578,0.0930079089611553,0.44223734232774903,-0.1439131846801215,0.003707431089722435,-41.49094396236913,37.12559175493068,10.5234876407495,0
0.1779007684149697,0.19986814518088963,0.46669703033086385,0.20167172082529267,-0.021546217385691513,0.4864875504408015,0.08536704249543858,0.2241952391891347,-22.85487175618571,-0.9932333130015465,-28.216967198614004,1
0.09474135098258094,0.11306453013596679,0.1115253910698244,-0.05894275644584787,0.09328920412636693,0.446301690953889,0.014701686081885101,0.019493844508324865,-16.262541184528423,27.0612381875264,-23.370826312908157,0
0.05814781851878856,0.2916050712139311,0.20632254877275136,0.2036825695273598,-0.1961907543082428,0.0069134570261459305,-0.06715058993177264,0.14163846258446938,42.45549600398117,34.52884914159499,-0.9555232837716687,1
0.27948999444139283,0.2661324253636743,0.005717469379463047,0.28945835413451687,0.2656161516866807,0.1406429712482779,0.03515000409945118,0.16229110415378972,37.842104168816235,7.731597611204947,-28.863592023709053,1
0.34149056034683495,0.21162608140649658,0.2719280759505218,0.28284225212608,0.09397535251157935,0.2942815725123887,-0.2899423365817394,-0.18047109894363628,-42.6091121055056,-15.001881685546547,-9.32949881836057,0
0.058127894304964886,0.07769621039522724,0.1682337079383635,0.25056817957940974,-0.0610358501139662,0.4437561076009621,-0.022539652420948242,-0.12668824781305596,36.05806647562457,5.4603692026809725,-8.37094229819752,1
0.3527961129592964,0.13424316471025924,0.3437727584751789,-0.2970295955625019,0.13268997502938285,0.23241022172032183,0.17548986388097965,-0.06417961640044395,-13.403184523129653,30.670638762372377,-27.68119812509004,1
0.3449780010737737,0.10633516491046704,0.29714727393765,-0.06005507541371763,0.2914749353551365,0.3606920584003099,-0.29366624231632305,0.20368434026798626,18.286169056318045,5.486482402437893,-15.832291446940976,0
0.3971651891665729,0.21674079996451018,0.08871477319050541,-0.007233307902549668,-0.23861224495017044,0.4362680544849849,0.036322339959902916,-0.05729646049994683,-37.8422367767276,-8.528339086503259,21.971496503406534,1
0.2683863930692625,0.33058618133555884,0.3342305588523561,0.21003283867376793,-0.23161764777558103,0.46229627665932443,0.2423531594468316,0.011489151951352694,11.226801400848096,-25.846825481873843,-3.1231537211166653,1
0.232916930771499,0.11989120006388501,0.0324030173588587,0.18784167567102178,-0.1028418501950415,0.2896950910142001,-0.23721261613134148,0.0033495798304785107,11.865610127626276,-4.512275015022496,-9.751091015025114,0
0.18076057126068507,0.2535108168756608,0.10627371252558288,0.13868519866694162,-0.1622774070145492,0.42033600760690926,-0.09103599739322579,0.05918906843826627,3.9738606390005344,-18.31979551701566,-3.6557025714386313,0
0.10898770893473143,0.2292853196839682,0.1617222029860324,-0.06418933752115255,-0.11068090976291334,0.001991757179416076,0.11299731865135504,-0.2335857127595642,-25.27718426433275,-27.871466079255164,-10.117962270077552,0
0.22394944628958047,0.11597342649532973,0.24731120563961634,0.04452322325167346,0.26006274154161274,0.3277899621744099,-0.2813755664199404,-0.0715616890290933,26.411127370338463,-21.54937896090647,25.498384290014457,0
0.22805207812047595,0.16684744790956052,0.08451817326981526,-0.14368955688448068,0.2472822029398946,0.15448477120465798,0.28485560012736605,-0.15511314887077096,20.076397873294027,6.6512964214652115,11.812202971487913,1
0.28660663603128245,0.16601601328069343,0.3232135190291411,-0.1879847290312408,0.26262325952158766,0.15089666998029677,-0.1468880926238747,0.12669767891649453,14.08038462595637,-4.383097349102528,7.946774081447181,0
0.3355956837449185,0.1259141444999487,0.0765539760319785,0.23932015120407008,-0.2988903258012616,0.37054287018644616,-0.24766295406636715,0.07079717702436983,10.880721125151148,32.64984445423154,19.356389833772916,1
0.24791307069668317,0.08707982494683655,0.11288759703313311,0.2044177023202564,-0.06206836630269158,0.1970420447076291,-0.15241138908562785,-0.005033799421527374,27.523526521556022,35.56477059963656,-25.793134077348967,0
0.27720216754699606,0.28457113937297424,0.38145150951976453,-0.2651349109671316,-0.08003496904043256,0.26976371763083934,-0.09692611002160437,0.20668732397231188,-1.5684742271435468,24.17648305134412,21.120931012870145,1
0.2733723585027769,0.17075979539491515,0.19802947239182733,-0.27598124232044163,0.2507655009737218,0.20344297995742683,-0.10311389037912341,-0.2481094822527693,12.076489385566525,32.744245523737945,-27.53080799685598,0
0.17080677669049554,0.1388409341417346,0.3315912561015782,-0.16138928931002347,0.09389390301052136,0.25661139742039424,-0.20852995915484424,-0.14496224152738627,1.9554105872900536,20.979477353132836,-6.104901349519444,0
0.29876940929891155,0.347343473790364,0.004341799231935006,-0.19776267405892076,-0.017371888773146715,0.4252701937307392,0.27907011697679046,0.05692116880764081,-25.907942211928187,-28.38737737578189,8.366637239176043,1
0.27294663352302245,0.1025083289884359,0.26247452286664996,-0.2915347444292948,0.16795755632892012,0.4497650850892508,0.20332965717857282,0.27501168789025093,36.278617919291065,-5.038378353867131,-6.099107493381204,0
0.2099276775963771,0.22244625713360333,0.3601271053265686,-0.2551680408149785,-0.056387531237942407,0.39274061558627793,0.019286736906524604,0.1499077128679568,-12.239119775550769,37.80789136972696,-25.359284506829106,0
0.3174481442412029,0.2549453928341699,0.4985729435033694,-0.1503231806435621,0.08505245477196804,0.16056358277583693,-0.025294055795085202,-0.09663210351368426,-14.890031527178024,-11.085650237378246,-26.59922541180005,0
0.22574647602212095,0.2011468003971441,0.2725173728715551,0.20943938918244392,-0.1648546183802328,0.013832090453155976,-0.27706473283035554,-0.21949871681588495,6.343468632396224,27.736632903413224,23.208356356837896,1
0.08094080174523605,0.2859683173556857,0.1698679738745152,-0.25725331358004533,-0.014816629269837511,0.37688533982197786,-0.12892655975088674,-0.09897187349691916,31.112946058227493,1.8064721035339275,20.563918128388323,0
0.21537503089814686,0.25762265049214544,0.1966719962001578,0.0025087940194111202,-0.2365754225879388,0.08383719386008304,-0.05933924566791307,0.2489634070623315,-13.557775882982977,-22.518647225548772,14.571733250956555,1
0.22631471821849836,0.37268751697112323,0.25366198979653476,-0.036955745681910734,-0.13650684472968058,0.3294083834087104,0.04178705458785692,-0.17139273783133016,18.84716235551923,12.967817160297642,-6.1599669476075505,1
0.32464811821585193,0.09783216227259059,0.19672853699416087,0.23574299721760977,-0.2983756357945277,0.14937953531131615,0.03302537103152864,-0.09954368420402801,-20.515932974009754,-3.5966263587108642,-19.108613513418376,1
0.10078526234192486,0.10365438327749088,0.4478033353556414,-0.23859189122652946,-0.09591349867114776,0.2651732642105362,0.0680703022099125,0.05743958268892485,25.776694992593235,6.452393718849024,21.062792359885634,1
0.30750540966549683,0.083665592673143,0.200424488027714,-0.29682247205669876,-0.11523576846775416,0.33468829630704294,-0.12585942990539387,0.20433499145709982,-2.035420781335958,15.225134655594815,23.031913396889003,1
0.12791228356704465,0.05453864440011012,0.25490370296428594,0.2254799129016159,0.06573272081719705,0.2501037639038547,0.25557950856638395,-0.19666889338694765,-38.28561226580828,37.557516276874594,24.1669052951288,0
0.10793610295734737,0.14965202881827744,0.07680669759602932,-0.230705961800787,-0.28731119019813595,0.027697704582130056,-0.19521511743848838,-0.26797084042369473,8.202943449987409,16.264307411955578,-6.382172590078305,1
0.125263573418105,0.06130710500313029,0.1331135489422729,-0.011666568232661156,-0.07082114356070512,0.46790149930502806,-0.04885557333569912,0.23343161259888928,8.519664059034348,2.171220517066722,-20.388262040736414,1
0.06437768265669644,0.13612331402672848,0.03276521695919121,-0.026929294552942573,0.009652680754267451,0.15628497451429196,-0.26942371045506835,-0.23303977905046397,-10.39460598090647,-39.55243942561175,11.891383536594809,0
0.26150755632962247,0.3464059710898694,0.20325110188355516,0.209263251036286,0.0038839862990275864,0.11151806399914765,0.2664873879962795,-0.1350174756977301,-42.64186642309862,-23.159336134047578,-7.998746324554336,1
0.18745725423561355,0.19878592119730726,0.43970586674384254,-0.13779541768341655,0.23624587722976326,0.21298548240642462,-0.1033153675836084,0.001507229601087623,-7.403104227344436,-21.836491825036852,0.1607594877640146,0
0.24043819015259033,0.3145780959329953,0.4696816574363764,-0.20604237028766764,-0.22350174542006362,0.206471765116453,-0.22463329832243348,0.288257347503071,-6.812606944569673,3.024946716111444,-16.374733122433724,0
0.32570556709372195,0.09029613127533154,0.05571125854096093,-0.22544158848508955,-0.1381069852461353,0.10110356902381185,-0.2916233301158437,-0.13409861184938723,44.66650181905054,-14.7162201429664,-17.32445808157064,0
0.22209330992926246,0.3235946853187489,0.36144651611455436,0.2962231566087174,-0.037227957659284105,0.2137753033785888,-0.13094665976929787,0.07508832804192878,-1.2498749500244202,20.588500992750184,-8.609298093514365,1
0.27649157582574824,0.19688050748332542,0.08740947081235761,-0.2825570314987218,-0.05604111377882226,0.3246045132909602,0.0443905248914932,-0.20625525614361456,-4.437590051935203,-11.747605843687246,-13.547855862396009,0
0.3884314985222257,0.35380605305138274,0.15944925942024352,0.14975774759118565,-0.21790092959763158,0.34227571218937053,-0.00535090410325173,-0.28990443644830516,-20.319315984866634,40.984399566382365,-11.050110894691159,0
0.26741409426261126,0.23545714604404944,0.28914916016935543,0.11372975482585207,0.21795812618251748,0.1681723221423429,-0.02420755173499939,0.08154575197030256,-16.720564290619723,-28.909542064797417,27.970125406687984,1
0.08890398994953967,0.21443002321174215,0.30242609605236376,0.22700809702230912,0.20826831773608795,0.3821389605298664,-0.05538345443328058,-0.21465044739462175,15.268437860206305,-28.68402397603746,3.6788690045169474,1
0.3881709188788617,0.23269303994131774,0.4548987882587722,0.17620357455385616,-0.2647687910099102,0.21454943573462842,0.11899104472115285,0.29202714746891995,-3.7461337954638694,-36.64930912859345,3.720550482772069,0
0.19847931596163315,0.16635569016138665,0.4417657648115607,-0.21852850462404372,0.2097511541785811,0.12753838067116618,0.12937754146555064,0.183732348464898,-2.0703134462874644,-27.69444214719531,20.686064607742523,1
0.21388208748012105,0.08775422644220358,0.3603696548236022,0.2768809226900623,0.16721976248321557,0.3121014272854905,0.06649914142264624,0.2867508685233772,-38.41925968622075,-31.539958236843646,19.848686684380873,0
0.1822515692910343,0.3385462964760562,0.34111141838173314,0.08696055960164945,0.10328240682658363,0.2516010407256981,-0.2762209707191619,-0.17932758750062294,-32.372805977963885,-39.24030020456604,-10.831401121002095,0
0.26569492339576245,0.10442620313865195,0.11105980603880378,0.18795463507024596,-0.1465722796594933,0.04777802903423639,-0.10158592723740376,0.26108396418423113,17.44043054124613,6.789088822552188,20.425177289865722,0
0.3687324147875153,0.1283770370923049,0.15537013388822846,-0.2036263351142779,-0.11567931982061211,0.16640268606130015,0.07986344223878128,-0.1862121710711252,37.74572319309692,-35.7210476923221,-29.587319337940016,1
0.1003680436274954,0.3576740728806361,0.048047616485940636,-0.20788468676723165,0.020304007964376203,0.03375924009370751,-0.2683157391599338,-0.29968875350057667,-5.7315006275163185,24.716149316300687,-27.90969898320506,0
0.21259023210325023,0.2813756819417938,0.2574444320744976,0.20047635112444923,0.00509692028837172,0.046662656460815355,-0.18120918388010815,-0.29204075089678727,29.837185475375477,14.694554997691597,15.552115087299931,1
0.1609922316562984,0.278890601350926,0.24074021375939925,0.0018953105670119763,-0.24596697733070416,0.3331085826526899,0.21941222121271203,-0.2151412271844823,-12.050490400519557,-40.61992906432485,-28.222086841416534,0
0.06748902399961683,0.06279296738985557,0.43746052386425077,-0.2339954159703207,0.13261796960392386,0.09977139864875767,-0.08027466814888412,-0.12387010833549825,-0.869805911664784,29.39953379281269,22.5320454508635,1
0.26705133011294163,0.27372443097777555,0.34524777560890657,-0.2901106796423058,0.2748555474963898,0.2928018807327899,0.168879503641453,-0.07363089656318211,-43.88425074757836,0.8761193888799568,0.4314071589557358,0
0.1649982228060582,0.08481863682149213,0.4606781200911211,0.27165325731215667,-0.037061317051847564,0.29028748095892615,-0.2825841640324097,-0.2716706153308951,-38.09993257560763,21.48716833640289,-16.365930534639013,1
0.1614934029609416,0.33785093498087765,0.041350356064388694,-0.03979290784543926,0.1640865937471977,0.15617045577886973,-0.15571422943773075,-0.1424705071230623,19.223109666589068,-19.18955917450522,-5.838987272221207,1
0.10305153426457617,0.38615662920151134,0.48238850612725476,0.11101429701164406,0.25703142155776265,0.08091679062439139,-0.023795484017823443,-0.17750466542143314,-1.9095067624473785,26.206019887212506,20.695670820003812,0
0.39617727726479024,0.3814206799483932,0.053001246259971435,-0.062419618145778816,-0.1106779524582964,0.06486405345245277,0.11687898674925656,-0.13569098138385796,-13.962077718723197,-36.86770109687238,-0.1219464732800617,1
0.21326942296005824,0.37663356455962954,0.4989972688616417,-0.008282452448507616,0.13461322424998085,0.3218951691252613,-0.15764111039955167,-0.2717463337474087,-4.198021994298884,25.848449765664498,-10.491920238618185,1
0.050968966517369485,0.24775540257246786,0.35201438448617445,0.037289178969075853,0.11611198392292554,6.584278103738406e-06,-0.2643348160294143,0.11907746452533319,27.261013316109356,19.593141380045495,9.780734553213094,1
0.28556729636822537,0.204007103470917,0.39899640973270745,0.0055899506462913084,-0.1285473287408746,0.47680063896907854,0.2664264226499225,-0.24262716316899302,40.14731542935451,24.793414266448494,-23.60135024656592,1
0.22319699655655484,0.2910830010797069,0.3862689562271985,0.2515615567968424,0.15792945238329248,0.2165952778179528,-0.13583608892070953,-7.100116224523223e-05,-15.46398498550754,39.84881334190325,0.47795060699773373,1
0.2265067078137208,0.3110775243726235,0.27554005103960805,0.146154904447384,0.09698152091430912,0.3042815114995074,0.0897893443270471,0.1794986172469506,18.917225532099373,26.25974286346724,-21.26414170298812,0
0.29514459198854626,0.15632147558987097,0.13591791818711108,0.11609307861156654,-0.17103290236754623,0.4808417179446571,0.294407420227843,-0.02513975528912482,-8.87234977419363,-37.88662892411405,16.69312102765086,0
0.14188872547714898,0.26800612989992734,0.3054745165609681,0.20387257431370892,-0.21835661289993524,0.09741925225576137,-0.008418297739316849,-0.27351291066461575,-7.596522215846406,25.939713779975094,-21.077136360960107,1
0.303840255846685,0.11002735831760987,0.09390618450252952,-0.04571566641559738,-0.14156364650792122,0.30828853987309474,-0.00858449566574171,-0.23312963911366197,25.62667631185036,-6.672703102717669,6.650059175358031,0
0.34083454450189477,0.08853922567030748,0.15136132339938246,-0.14361292774200865,0.2131569956266252,0.11662267715340185,-0.11757313651554299,0.011273192577443025,-38.14924619576156,41.51066783741258,-0.5362334078456534,1
0.3253273993727598,0.1657506233611369,0.4393818098912698,-0.07616364746516815,0.039046746378423314,0.13517089409966376,-0.2036470124490488,0.16494474202879678,-0.3068569038346567,3.2839131377025694,27.924957208904132,0
0.37106052030077324,0.1742000694716946,0.42871860082499746,-0.15850426382914995,0.12448785746125068,0.044305996877498255,0.29163021401019557,0.27236183991742074,-5.200772533436009,2.1541696191228183,5.866491739081326,0
0.17013372287327075,0.3396308413541904,0.03219497216380196,0.28908563375569846,0.1588750447737836,0.45335803353680465,0.015546822947738403,0.08072275092020276,-12.526287359465968,-6.117190112354912,15.044568859713458,1
0.2961920763670245,0.07885943112883831,0.07995359986308792,-0.06461490557549723,-0.2391749503884488,0.4670205959966355,0.0913752267785255,-0.24310619921763296,25.925171614241464,-11.84346642852514,-15.30776132680675,1
0.27602446135625697,0.3398776943781801,0.40608836301173395,-0.27045510400055,-0.027885007816555007,0.010284528093504053,0.23289367419975043,-0.19565635468882503,11.238722565087464,6.355653415236027,7.531766078571941,0
0.2562360664665034,0.17152301584751253,0.13820241454521187,0.09164585525964403,-0.21982551779826182,0.4300612595438793,0.04586606464842208,-0.2330978969244965,18.317488067402728,-6.1998705105822935,-17.755115078209457,0
0.28848045100783465,0.14732591390200805,0.4795366690399929,0.12436031651720447,0.2927633573474548,0.4856306581344342,0.25134583368605395,0.15322292473518456,9.848643164727065,-29.504640268536818,2.6010850454254637,1
0.09672444669310992,0.31627846486578126,0.05173369629228736,0.09915725617036242,-0.1393738050785859,0.23609499842883136,-0.18000722296947513,0.13813420768543144,40.34483903414919,-25.04292413463037,27.189192462769697,1
0.2570206859278585,0.0854001246646611,0.2685935771635167,-0.019148771126644093,-0.10373264638730312,0.055080298026661645,0.2886671613721649,-0.19437400806404664,-27.65313982883291,-31.897557710798772,4.211582321936284,1
0.06305453456437918,0.19663356315541541,0.25030055568440457,-0.05620027960734761,-0.13352445973766472,0.18456508677693306,0.08546687913223183,0.23476783197780143,13.47082403197517,13.154619237638947,19.012491718852665,0
0.26759998958483705,0.3963399251252065,0.4484404477091029,0.2549090769638121,-0.1719901120127404,0.27115979944465074,-0.15910139016302963,0.23965482454659076,-27.796140623317815,-31.143697883172017,-29.270242097158874,0
0.18334460436566785,0.3489194294793628,0.07229268256339122,0.22526294387654494,-0.16216108403232377,0.22625419929726437,-0.08835935744379733,-0.22912426403128588,39.98787655672261,-5.56395383230079,11.419875681371671,1
0.2488663454990187,0.16811800807606564,0.0736673002177719,0.2747518996612411,0.05063546843316802,0.33955668328603394,0.018809251961671103,0.18391994858772304,35.67420445933092,-10.556051076213322,11.401518733836639,1
0.12078625331176455,0.3302709122935222,0.09388727038077327,0.2942676583338006,-0.28034113806611355,0.2765986295890253,-0.1991899114672145,-0.055214960115976985,-31.68479968428948,-27.55570933885139,-26.34116947641071,1
0.08043319486344658,0.057643623405905606,0.14700750224322318,-0.26789326229023414,-0.04610418914351905,0.40637320568645874,0.06829788506188961,0.10427394737798079,-42.16439816013277,30.557372423028056,-21.228577237020556,0
0.1207308355759173,0.11501814720488052,0.26100615068325617,-0.018950015251937402,-0.14433609608727946,0.022586558494713194,-0.011105195804231582,0.27559940858136506,13.726728067739693,-0.40440990342434446,-23.358475558223034,0
0.0790165933846872,0.059010612104560184,0.11333589806722039,-0.011893580401973247,-0.06007008188147972,0.4857495158812795,0.17534738711517145,-0.25308799035128127,-30.69608557200318,-42.60608533126292,-21.70641831370461,0
0.16677321541488338,0.36442829157653756,0.38126607353532616,-0.13767903545389457,-0.08148478933676759,0.15721999010213145,-0.2054330108250002,-0.211329976474685,39.25147170381696,-5.588636652112207,-7.00081063335541,0
0.3473534877340634,0.25515685956079537,0.3169721392640903,0.005274138526639993,0.2571336387912287,0.21079778430887225,-0.04381892794871245,0.23580869746309802,9.441622886415438,-4.5766155848273655,-14.270933128996147,0
0.2570735991029174,0.3408815080493036,0.29613344457868057,0.2696224971549008,-0.11136921465934674,0.1989607032024001,0.28660479990175,-0.2354854539769331,26.631436787665166,-43.95881568056037,-0.8092050357988647,1
0.3654441499595936,0.2008685251526498,0.37827251187941396,0.249428339560486,0.03038574517693171,0.15493992416712898,-0.2694079682047954,0.18555597810286506,10.980892862407536,-21.32589169570538,22.64469918969538,1
0.3463918212538961,0.18259489494058806,0.4107776163194463,-0.03456624365943267,0.152100338067366,0.06764096425559496,0.2547901317950774,-0.011664065520649025,-21.618157893632425,-23.26593542716738,-14.095362685501684,0
0.3294569206898202,0.14419567525298202,0.16042503703359373,0.028369704722924827,0.03646642473720729,0.2527514096785335,0.08200216794978366,-0.055006186420206715,22.425674158397968,-14.98050661694802,-10.159380183218847,1
0.2914166469554305,0.35388275409901493,0.18478580317837884,0.04064735945625164,-0.2585160329956431,0.08515954405591447,-0.2585171025203313,0.13672853519911315,-19.07460281500734,20.137076117265394,-26.016103257403525,0
0.20912452922813407,0.2003005272406006,0.36716346508973935,-0.19972983203528333,0.07889667427530656,0.1533470989650761,-0.07085011511418052,0.13157211742287245,-38.56067562837822,-14.149539996195376,-6.520606191620889,0
0.38137402437692114,0.15565135928065993,0.12756957519746082,0.28402233322704257,-0.24844067874259868,0.08034519395867373,-0.03700949107092888,0.17260387670493044,34.592304504894884,23.00721504144893,28.57050189617123,1
0.13184409828921811,0.273871384053769,0.04515980174552936,-0.03958858883359484,0.21957877136580478,0.38392925147466955,0.12206371552332196,-0.01763799441362701,-4.780879389361111,-43.982133518519504,6.002276809988977,0
0.3494619112089308,0.3123171701929064,0.14554908184868748,-0.22566563442698528,0.2404090198573458,0.4270443733161055,-0.2677707809128645,0.19420469389473854,-36.25086259935544,-39.30447299381667,15.516053828775568,1
0.269306852453848,0.10489223631025726,0.4082297555331946,0.08441071778475417,0.26219369578173984,0.33478893104871493,-0.2896686641054132,0.006212306640500598,36.33012572545397,-24.092729624580382,-25.02621574920691,0
0.24471165947936058,0.2764336849770229,0.38967885725992046,0.07595425330788741,-0.052137579892148206,0.3137941015164858,-0.14849005217098543,0.036810980312225516,-26.497142882831135,37.568052462484374,0.5740607305351055,1
0.09530488162764855,0.26531794921550794,0.02617683376196206,-0.04255540474890651,-0.15737474236452345,0.47814304835304505,-0.08204162664317552,-0.006447763332324996,-11.205620862731983,-32.65111781198859,-8.845077242186644,1
0.38864320184521967,0.18353957771976365,0.013641713131932576,-0.28383854075473036,0.032024023034813165,0.4933559895156406,0.2878641210274316,-0.09763621662644054,-1.5566715729992708,-35.95897747819655,1.3306113595039015,0
0.06090453378933464,0.26743161237478225,0.313327591001677,-0.25751971693580467,-0.10977506225432815,0.4364027659976989,0.049300240946747065,-0.05281516559280727,-3.1408264382313646,-26.254800500777538,18.712890042475678,0
0.18010473880342232,0.13291671691791573,0.06051374619344152,0.2241743924295198,-0.25133452257155253,0.3144145957888833,-0.07963951830197583,0.2974669910225784,0.7940982166510508,4.39118547330699,25.07332710089107,1
0.37797195370789555,0.23634536189950428,0.32115870583576756,-0.02243996357351502,-0.04814077974074482,0.05972421796435018,-0.24194826098334238,-0.1603607119942875,30.297667176588988,-31.8750929337888,-16.398080885117356,1
0.3668878004240746,0.2675829933277149,0.06921763768509742,-0.2444922466809358,0.19055691868713087,0.4055197978881655,0.25642778412856654,-0.20443591124731625,2.0047284143569826,-34.06715489678087,17.7383738864758,1
0.10606438495941226,0.19240856855950034,0.38793814485456946,0.024970760981348927,-0.268034233267702,0.31254337484198913,0.17718250133299202,-0.06391931905406217,-22.948865876505014,23.754395537737892,-28.565625662344473,0
0.39551903360881163,0.35768390771695974,0.09847733483274573,0.1720535232937424,0.06057074660985967,0.2674056489039173,0.00836315194774101,0.21204668566945745,9.978551001310372,3.3935386548360285,-27.068405594517056,0
0.15089287372671925,0.33846486689900485,0.3387890062906529,0.06864853342811345,0.2589352126913505,0.04443390254072116,0.2723047633287436,-0.23954117569846736,-13.768420780573425,11.724629831746412,-9.511427767951432,0
0.06931224559870341,0.39184232396987106,0.26838841363030524,0.13778667637241854,0.1637840681212231,0.17615849736023625,0.1793435460967326,0.2768905466520292,21.758566521648078,19.055981399650108,-4.065972805078797,0
0.17788246211969672,0.07350833409671842,0.10098951884439078,-0.2893987314000527,-0.02803205009990195,0.3172701324758986,-0.09402452257265534,-0.04777093709683372,41.32883455601183,22.67668094174239,2.451398216697072,0
0.3574652543885958,0.373501415793363,0.4108065685057018,0.03751687245358715,0.034559154675272985,0.4923036883004649,-0.15125898610129027,-0.2544309804568755,5.574683124105995,-15.409296197090704,-10.659673631517347,0
0.15857604803046954,0.3778098503872179,0.15149766213102084,0.1388319513300097,-0.2747150010513145,0.06415698004724896,-0.11311325021706109,0.24085251681613512,-25.26375106088529,20.407014907650705,-19.948531986018597,1
0.054364457279424634,0.32860999470863245,0.2601150335229969,-0.05522314178366089,-0.2435568221463625,0.44482821083769863,-0.06299565597566614,0.10954895892553224,-31.556325926866432,41.53946665869293,-19.293494290690145,1
0.23437063097680771,0.27365952359263584,0.429985271850803,0.25976007507210314,-0.17768362360227363,0.26427086447122644,0.19970223279690735,-0.118078754019245,-5.417186176757994,43.70589913608072,29.102801803252255,1
0.08816687391005337,0.20267742912786996,0.3058221923240709,-0.2508784365103363,-0.23312279311347361,0.49674062755360443,-0.10065950942244326,-0.09016050762530164,-22.36237644600972,13.14177925448493,-1.6154467915921913,1
0.3596048589950822,0.2599315866678898,0.40869614742050336,-0.03898517061842072,-0.08749087019163995,0.3275947215239651,-0.05639947506532292,0.033725158812552836,-19.995940969673047,-15.061913394230249,-25.068554206696717,0
0.3338248049956215,0.3383660530161007,0.28310290971920943,-0.16911131047617758,0.28213390510821884,0.4734899350876239,0.07189232674760204,0.2903286004686127,0.2516666752108492,-11.206406256657075,-2.3698190538202333,0
0.2830410082587729,0.13349586023463605,0.35958823828512093,0.12469266870632345,0.1457168181041663,0.2703283338318698,0.1913673912724218,0.08481733077414805,-33.71407112300468,27.92303889798015,-10.57391369733201,0
0.11651431097225362,0.2444992464594889,0.0790508944718149,-0.05564883642540486,0.0983962940496449,0.2465358041570852,-0.07224507799669125,0.23098200084936366,24.554314304773058,2.3661706500337445,27.003189340529275,1
0.2561572873185762,0.07163418637510038,0.4110636369520534,-0.1700126786613984,0.1827276037907682,0.2671892216318053,-0.13405679180585833,-0.2818740310547577,28.42500197939451,-29.1185872677624,-26.891693061607594,1
0.05513899524602477,0.33951069858224026,0.4282740117872791,-0.07664305608507108,-0.20783226056361911,0.30042020397254043,-0.2281964664810634,-0.08104838335304848,41.258626281087516,44.59180253252734,16.326293481275137,1
0.05404123982371498,0.11026724194358137,0.035882869893891445,0.007263055805495022,0.07684260079715766,0.005187972931253559,-0.2031218708757973,-0.1184751848425766,-18.519629829425863,-36.25805547949293,-19.629152636967817,1
0.1471054168117672,0.3019012610622105,0.046900068998018296,0.25832019236962483,-0.030392591199723762,0.2457828177958747,0.04189807873750173,-0.081940596239925,20.275677108158547,-43.68747908643202,-20.267743941307344,1
0.21296297850242663,0.18558752541752382,0.47058680466259273,-0.10561227194891015,0.18894135543120144,0.37441350023417236,0.10075432203512175,0.25224028377603575,-8.28678650567921,-9.929593261542088,-20.34315458510944,0
0.25782517942661154,0.338569494933765,0.11134550947964322,-0.08831433826328428,0.2652793643568256,0.44298755654634314,0.03477178961322269,-0.014706997323092885,-4.403934769098733,-39.70893045896855,23.54262623739401,1
0.30175938679178826,0.3606498809708152,0.19731494407504113,-0.10852050684020037,0.06524467733894801,0.29049468687402535,-0.05451601342512172,0.06106485352062507,39.18432326098453,-2.912376903606315,-18.19546915496212,0
0.1960809239334354,0.22118445330787062,0.2959028768522067,0.23646711189487685,-0.025346673121567742,0.4650681186069909,-0.06379899877987188,-0.10525638327497053,-18.445895341309146,-43.09631957701222,20.94863643683138,0
0.36086901920556425,0.3857062889866696,0.021734049090622543,0.27019774088209897,-0.1323226983661885,0.33238097040159525,-0.19511055225781998,0.1904735097627619,30.77220074043815,43.05072646768457,29.55200773024996,0
0.3530873979596444,0.18656335996922896,0.41371858189398025,-0.2660778586967528,-0.12112858465919102,0.03908796652234969,-0.28100989157107564,0.2513173471938713,19.518186995971192,11.259905802162358,1.9495685647099776,1
0.12658639403582522,0.19372407898139432,0.05940722980881685,0.11366033085622923,0.1425573932019032,0.36067517939796584,-0.017873811589158684,0.20592973312040114,9.526117206474026,44.425059856794846,18.926293086550743,0
0.11586342653406582,0.32225623311485263,0.4116794717871513,-0.05919699389939889,0.07173086319871491,0.2161867253755943,-0.14260383807601687,-0.04432871995658383,-36.42388770329356,18.62605022948035,19.75158189775825,1
0.2837442545257422,0.1902456483221172,0.3356354568088128,-0.0709623137907068,0.207631310189699,0.027778084607827103,0.23597838708730606,-0.13880329365714286,-41.171201103106654,5.616397969396431,-16.538746177134218,0
0.35995895719878557,0.21679162969477733,0.3720716130217197,-0.009132896102196031,-0.02101045415972186,0.31096276254175204,-0.14438129268622948,-0.15011874041625,44.04184694024481,33.20928083873001,14.265293786978674,0
0.3282901936440801,0.3811094719860656,0.1266916769195936,0.054045537214985506,-0.24297048146135924,0.30808285001206065,-0.1972252175443267,0.03897036688346511,6.518746263046474,-3.0613362316895376,1.3579065307873677,1
0.11986578257660367,0.07853756691126708,0.1952784906224178,0.02049024492032825,-0.07391883101098645,0.31428058549904003,0.0033907678314450407,0.26197562079905384,-8.154798901236624,-37.57552443462758,-11.883898731511376,1
0.2878693963242142,0.2512420746042195,0.25535556669894366,0.08913631555158413,-0.24843661417984236,0.4551305446777144,-0.09895077235058378,-0.16518422184778236,24.46167219085602,-24.19003016167336,29.7461773920636,0
0.30274043899765324,0.21837305399286533,0.2986279022248675,0.2846844401869633,-0.14932766630667302,0.39627356127032204,0.0037398898528819835,-0.1938760479408764,12.918184263399965,26.318421588156895,4.1253491594021625,1
0.09204802506747209,0.2838679257076205,0.08919515482683771,-0.2290138930512442,-0.2024819708303524,0.25420172826901,0.0872895059146534,0.18715491603458206,-33.42940150818325,10.45680726472471,16.430375964674838,1
0.15081447088633076,0.09072676623311737,0.12361721301885903,-0.17220741858379454,0.13983339101531894,0.10778154217845876,-0.17034088693942492,-0.28063912050068673,8.717371947856627,17.008159343049655,9.209428136885037,0
0.08667919120018831,0.2351537100257487,0.13628429541739012,-0.14151560185112716,0.056751731581687836,0.39896705858943443,0.1663076896987672,0.2212810135161321,-18.63875358788696,-3.08237564564336,-29.439925606798504,0
0.3636153920636842,0.13138460538483826,0.21995166829913476,0.00024973391706306636,-0.05965955561628819,0.34224678117376517,-0.2107681130439178,0.0116402341031146,-32.51048845715917,11.62777399087993,19.814887996468023,1
0.3413356640747824,0.11977199605929131,0.33877154927985925,0.2085019114857229,0.2581496290875234,0.294963570262611,-0.19445325890369,0.03493925045066737,14.923711049251558,-20.475984463193928,28.38008892754138,1
0.399881357054681,0.32988278037407803,0.4617813894914456,0.10500752075864556,0.22642276239999132,0.25352251615852833,-0.22550481903468472,0.12573445153889762,9.13274301599062,-1.3184942296627185,-13.500545068933615,1
0.3140173747344037,0.2706139810592759,0.17203579988362133,-0.061283647468363844,-0.05496974501990751,0.06316566403452212,-0.16226764231789295,0.022518168961502216,25.364443705064957,-7.285654401370117,-6.99883202484245,0
0.16005774211047047,0.34308382682077404,0.2470708232587117,-0.23048596539883898,-0.25676451175623377,0.42099660551973156,-0.26665924985587325,-0.13163313831980644,-14.928296354860876,-29.43049993275656,-11.166397811880646,0
0.15885844985705122,0.1561893435667398,0.06551292637257611,-0.02171427718255381,-0.02790818751955887,0.2059683296450337,0.12185654249077116,-0.04811108239294948,-36.98966548497414,31.685366008231924,-4.493948091164043,1
0.3218269525610506,0.33368190048092916,0.3558529104596939,-0.23832138231315034,-0.014986533597383611,0.3017029787438043,-0.15266037671432903,-0.2744689094119341,-24.876871121155776,-4.059503844062505,-5.164180856723949,0
0.31240527275243685,0.2867378218510504,0.37306677786465475,-0.17481280046640096,-0.0009752717869214722,0.2941342773025436,-0.2985132414857861,0.21357750528820912,9.902205760042087,-33.37773014716171,18.98142435454963,1
0.1380952139441332,0.09907233368492589,0.3530721681539599,-0.19903037040334604,-0.12472416528711319,0.1684543823082587,-0.02737992181219795,0.12154121973004017,-6.484937881166509,33.39842592919351,10.787138797211071,1
0.31358821878704796,0.11066437870358448,0.4387039138455694,-0.1345684898291336,-0.22297310156609057,0.48812214517033464,-0.1790160447275034,-0.2180088179532141,11.341881009160794,-16.302316545351424,-21.999047689170403,1
0.079126914980744,0.1523384280371236,0.3053219026726538,0.17662219251391814,0.24748582171544292,0.21147806739408986,-0.04660615601334306,-0.2080484712904782,-27.464284455625283,-35.77545983692673,28.554032779315683,0
0.3879527555580842,0.14604371862951598,0.3832247906117092,-0.10988694853204564,0.07751876329775659,0.29887304247729657,-0.26727389062730117,-0.29689095009878547,-39.801238686467144,-33.4852157221433,-14.54085051913358,1
0.3003700401488216,0.39205442660911943,0.46915330978114783,0.05054897617514642,0.11161277614836757,0.20475341199341357,0.2330803119174279,0.03168529511960877,-15.70038062984591,-44.14576572813757,5.186985898619987,1
0.09501972969245137,0.06360297243756087,0.01772936347446946,-0.08989258918327961,0.1312812471223937,0.06562764936463533,0.1721880698186553,0.1294045855883021,-44.645085820294995,-42.59269143163394,-18.298007067716902,0
0.11653352011193126,0.3595802455783362,0.3814951346665176,-0.15555422788548362,-0.20955350023434388,0.15811635509311756,-0.06122966023783519,-0.15252919410064594,44.90023938789808,-24.331289738437707,19.838089618971416,1
0.33635232794536746,0.2096879006547535,0.1397199863597367,-0.09424763614408166,-0.2261036484762663,0.3608948706528613,0.03400191393291463,-0.15953794630506304,11.070501486992072,43.13071928294772,-22.656291871429246,0
0.25234893146560405,0.2812848696183805,0.04853002640639775,0.18518840619313331,-0.14993594293043816,0.47810698893943526,-0.16117523772358874,0.07521864973909531,4.079204281095251,-32.120721542819815,-8.224369930991273,0
0.1911001383578127,0.10408014785465161,0.20070916972173952,-0.10055091965532986,0.22201552851428258,0.2433596887053036,-0.1642824600272827,-0.12671935991053207,-32.71768519115799,37.67269041622181,-26.979249225811888,1
0.06260871739269327,0.22398173163230933,0.13177483133849527,-0.09438709177330112,0.08946095951228394,0.24884856473705297,-0.24406907239952372,-0.25617523514294466,-28.29080739443667,-27.82033680849987,6.49804541828189,1
0.12860923172364744,0.2764534135649487,0.3340514583677929,-0.29758994698713065,0.11326787536109972,0.11067009738602707,0.24079125036110355,0.20310427953570948,36.47642262038613,23.17985661099121,-20.105673687144947,1
0.05493312591164953,0.16706201227182657,0.0764066320261037,-0.16895320012827242,0.2236501550627336,0.30160233002542475,-0.1941254081826603,0.033995640412469275,-21.97974119175061,42.85807779222803,-28.034566184178285,0
0.08140594720943793,0.05882173149415676,0.1010571500782333,0.1539896564499692,0.2944858593306732,0.4642630875286645,0.0025316133226611637,0.01909431346676055,-16.68765878677417,24.654549477389068,15.88540127595892,0
0.14489063499651336,0.09463981537196628,0.46704813610316653,-0.1270084871477302,0.0007029987053482345,0.4982671189628431,0.039985606158746356,-0.05310253500474921,38.681316533185665,-24.97520201700523,-19.229955549677523,0
0.3868939815921477,0.2809516862451799,0.2086814474412999,0.025418411066004398,0.2476958890177023,0.33649462333110647,0.18190769865271667,-0.11908895453907989,21.988904115444527,-32.45117675941244,14.986536984313048,1
0.2779473389948815,0.22160782621118252,0.42216701560423087,0.2429679641090024,-0.010864301298333101,0.49086315707555983,-0.25678754187804964,-0.13419646719825112,-7.4959856632281685,7.443135932249454,2.755784478792634,0
0.2921578808834322,0.24573478004533306,0.0004962320253144581,-0.2789455404463151,0.29451950646363806,0.3911419617517797,0.2625391552637682,0.24138192295081645,-43.16013151715242,26.266256081196644,-2.9312553593307236,0
0.12278518330336533,0.3607579725225216,0.3103470324905842,-0.023767698573030183,0.2278463435639922,0.06800282178907385,0.18635076351658508,-0.0055072344700179965,-41.17281646337718,42.535141711068405,16.68400456493054,0
0.07649010542368999,0.2713091262624758,0.06020576793968607,0.09266862985993779,-0.04936452730590213,0.3590515277188357,-0.2686846785138392,0.03304979308822076,-31.960989100792833,16.414346844942635,-22.802662121299058,1
0.08190933743646335,0.3781468123173084,0.48176068202958827,0.06975437496149678,-0.07281763638762395,0.416619770482026,-0.17716802439875254,-0.04236460354219085,-12.868443089945842,37.14299916675135,25.186644921736416,0
0.3106981710308242,0.19853212562662853,0.0509348682881563,-0.2681431233015311,-0.17505589381278125,0.36113401811355195,-0.07581016793970319,-0.027535451167484792,-35.83112413342066,11.073383980925357,18.206892624117117,0
0.3814123018968152,0.27818682111157994,0.3314607555160438,-0.01198140034426981,0.2431117940201853,0.2554385746351645,-0.08696395752298519,0.08422500595059912,4.152554406086715,-33.83821662210941,-6.436475165254226,1
0.13551641486661345,0.17058465812522178,0.14829582949247538,0.07983997821297734,-0.2732629533119689,0.020718192721023043,-0.1273364520874596,-0.13381598298370317,-29.06367856431443,19.51334519298456,-28.57422457387238,0
0.06594700063318107,0.36592223144689573,0.010277682451565406,0.06152808776947416,-0.13465428361183973,0.23528176247053045,-0.03486845159707047,0.14933596243438974,-0.30221090460735667,-7.090125288610423,13.816626155061257,1
0.2217308654098123,0.13757283865299205,0.26436269072807417,-0.022495090136089302,0.16830269025023664,0.12004505672126448,-0.1800088894857963,-0.015488796259824023,-40.45460713282344,-24.359343440804473,-8.777705148738487,0
0.2043771003660495,0.19502382019802644,0.26093821734442796,-0.13221820253848185,-0.28077384637309366,0.3071930532675929,-0.07576919827058917,0.09080099924402785,-35.21997262761584,-43.76003802353547,-15.102345126882435,0
0.25996199898705324,0.242724511286791,0.14502392238679673,0.28294567494483375,0.07300104750917097,0.3354606802769807,-0.027124345609770117,-0.12728315970553045,-39.208591604256355,-13.479282308890241,-19.434154243896472,0
0.08884697802128863,0.383371982686751,0.27461568406961295,0.2283846131546013,0.22146416519205042,0.00731729147034893,-0.14109557786049845,-0.09784705223210849,3.1377640987354596,-38.53205911430273,-6.661986100218606,0
0.31595924655852614,0.2995852034501156,0.48335032153794105,0.0925802044818505,-0.11214301605078841,0.19882598352733744,-0.24617224558992606,0.25423215499324786,-33.41987795284268,4.113335166880283,-5.916292522951924,0
0.32852599780843955,0.2409864929283667,0.27174779753993034,0.2393529457923082,0.2830822911880268,0.3524191615215905,-0.010236966316929663,-0.026157685258892782,-10.229268849913637,-12.456087338460364,-6.509589498934115,0
0.26986752407488274,0.2678207276265639,0.16088930685944058,-0.2617489581496182,-0.1739970967046406,0.07720971401111687,-0.22565979253001386,0.2557699926429438,-43.75371186234289,9.16719653126895,26.848427744408205,1
0.237232296409653,0.16268317168032728,0.4544675233911438,-0.127359970100344,0.11628678232289169,0.08752778744556633,-0.23684912935399638,-0.20661926141619524,2.6509739954538674,31.008693645827705,29.95678351037435,0
0.2073609219395075,0.06489733108863603,0.11308335242551032,0.2955745419628261,-0.09248169738080106,0.1623828688723647,-0.2083247705884954,0.29228623327137576,-24.258661056666114,13.2143910528468,-27.47715251086828,1
0.11696367154148826,0.3973428870920618,0.47128221864014574,-0.09034057808774523,-0.1439967714330544,0.40268476484118004,-0.046433969882316295,0.2806728300528856,36.10950566484017,23.35062080341733,-24.60454259313799,0
0.3625014847223259,0.2099474945073992,0.08223923097597335,0.21264468961218003,0.26575537225478635,0.0497574591843718,0.15100852029273187,-0.1709914685008682,-44.39500040978805,-21.544755940315056,21.294590113244816,0
0.34774172118185476,0.31324839531512333,0.34912113699459507,-0.06926155972144782,-0.10539600407781638,0.35847929794723704,0.13002780490633808,0.27035303042945596,6.179383606349006,-18.484100479109383,-0.6282720401713533,1
0.27035489576540855,0.37748927378931485,0.39908414569865464,0.04065367010471471,-0.2174661915040732,0.28203590946257845,-0.26304296345149153,-0.04146906155348834,-9.87672339475241,-6.496757157335253,-13.210444896312769,1
0.21735931017254717,0.32571457326721,0.0975401995605899,0.06187813510692863,-0.08481290858192317,0.29808682533098774,0.1053363042949802,-0.09175879995229266,-25.53855306274152,-16.048088202659873,9.837434706446558,0
0.2794107874520005,0.08290742075909063,0.47492568995793166,0.14910868013585726,0.22576033981547955,0.06823527702225546,-0.10790341866427836,-0.07899350147619355,3.3455383494136726,-18.281836304332714,-26.36215546863569,0
0.38881624881372134,0.20006526613950576,0.13839637198732285,-0.044188053165385655,-0.17307406380970033,0.44281938510039787,-0.0832960137493858,0.09478137869659287,-9.985752105555278,36.155827616756625,8.542845102937811,0
0.38597984677053954,0.10171370577523761,0.1767034882265457,-0.06912321900257562,-0.006342060444952002,0.3927220111670853,-0.29634583219492394,0.25948323080164476,13.13905141827101,40.5583991234042,19.04337224498915,0
0.11739235103578591,0.2910553551926501,0.31837663225191026,-0.26179995035524517,-0.06450200004319809,0.3065010991534779,0.12808897895001503,0.1896504963160484,-15.26013885014767,30.304443802930592,-8.744734439661343,1
0.2895070368879166,0.07129045362547651,0.07655018790168855,-0.10123392394825975,0.10205590448914231,0.21951755611404844,0.1405170409309472,0.22055871934391552,23.253504893868865,44.302248658192426,15.261664123898981,1
0.15059647669232018,0.3530264462129165,0.46970665651110277,-0.04444495517845887,-0.18441361089543726,0.2101647482549674,-0.0263001327455184,0.01174162689753011,-20.308222783534397,-16.863533359485977,9.335257880765518,0
0.1444647703847197,0.25922276922051335,0.22095053687253524,-0.15331449450849627,0.2296855992867481,0.1869609201466117,-0.032380968462065285,-0.05417935407060326,-28.62513402509226,20.846431388721,-3.09250426386852,0
0.2722038347786407,0.3726268874669152,0.3689697524012684,0.02450873006998161,-0.058393411293984065,0.2310675609968521,-0.09499616423367643,0.2677102951514431,-22.2427940267116,-8.158834566272489,16.693435479064547,0
0.2795492332495969,0.2887052418405728,0.22130776447185885,0.16426803772646315,-0.11586884328180647,0.24213591955880787,0.29409102349787425,-0.1927945970082004,-31.699555018447576,-32.20211813427928,29.886556310074305,0
0.24922421765073688,0.2565683839681442,0.4247176665448895,-0.29715516425287564,0.21202167560542,0.309559543213487,-0.20235390833702543,0.16376243288117037,31.994238761152715,-22.116286462125842,25.127620854160853,0
0.2981260157552469,0.16316376514037437,0.35501646680837073,-0.09830476501643731,-0.19336232738927492,0.2590819091947681,0.11173665570214963,0.010317412369655221,12.768056846936084,-5.575408370610226,16.699879739000686,0
0.19538225245019686,0.13617499330445615,0.13850871252039842,-0.1060655875808603,0.059308626620113436,0.1037974442755829,-0.27445828848954146,0.11547279107949765,-43.03742394547618,42.370633607316165,-8.982869385199763,1
0.3605081278295066,0.26053126442466423,0.4882908035846467,0.22488337872106084,-0.2374437570326044,0.4905529879796722,0.029283823601910453,0.25202154213478306,23.43072913494136,13.281000781987679,-10.399657100618185,1
0.20528435106894516,0.13734501370929458,0.21471169151076408,0.10411311063703077,-0.1309796811008219,0.4576228880151902,-0.11619225769337652,-0.18109258150628804,40.9111062185533,27.95045491063614,-9.411742509392067,0
0.23495003267185616,0.2970089646928184,0.20151852835057577,-0.25873905135459696,0.022472706114734176,0.3617277761219183,-0.12050405543035991,-0.2155493171184406,37.06570747459071,32.737469827157625,7.1060531574791455,1
0.23529600208920165,0.07685831236382322,0.029933973655063506,-0.22910309742243956,0.10164818704392808,0.00967906245405492,0.28177566011643745,-0.07152824189126844,-14.70713750786516,-2.266844942892341,1.071707676997839,0
0.3141768324688572,0.1752202026556498,0.03305001620993092,0.005301849913581791,0.2863252278890342,0.3392693132113805,-0.2047403320543928,0.008577351557818358,36.155020940413706,-40.11806997431205,8.273592045896194,1
0.2756020556652805,0.24570135937717658,0.2154190412299627,0.05417370196701904,0.11702324638239714,0.286122158972981,0.034515259261609366,-0.03835335188574801,-6.2968929775096285,-0.8130613473527575,-2.875325270637614,1
0.3192855960255928,0.19743701307598466,0.24435224727581162,0.12099726129865163,0.04105603263303065,0.25576927513335995,-0.1766649563672704,-0.14513504351617476,-12.735248304654583,-44.164405311884714,-4.958193025185782,1
0.09386410342105778,0.08036101890080143,0.47478638532682993,-0.02217191594845158,0.07814129698379302,0.011630220060883878,-0.13277389166619605,0.0032385927356317623,34.75964820504636,-20.570452419206134,16.511479191523172,1
0.13966208886447568,0.24848256754791775,0.19525137621191402,-0.17911949973951213,-0.29736437175633323,0.16076254769046527,0.009697288011787486,0.25752544980207553,-24.527158660230395,1.1029559367269925,3.9897920684610853,1
0.28355089160585834,0.09028127753954204,0.3697050469303794,0.0889732979034753,-0.0037482616159189575,0.2641649958343405,0.27287701646419643,0.24653870236137837,-34.92150085158414,-11.812315223978956,1.0062859061771157,1
0.2656188800074896,0.2807425074579298,0.16421405172737635,0.19130031925563068,0.23122253894847028,0.4275349651269975,-0.10152106832116961,0.14660415540759242,5.354167938230177,8.336549204281049,-1.35449488449229,1
0.3297257330879131,0.1849446450253121,0.02340247090773523,0.02126731263532855,0.2972454369267002,0.4844959331884568,-0.16738668363349907,0.15341790565455143,-13.954335136194064,-30.575476783521765,9.954882036149598,1
0.3627292000129595,0.36001108823656086,0.16894615357300297,-0.14727969993598633,0.2379536248478213,0.07300348740975493,-0.26439355698442396,-0.11145421318513529,23.42700395231965,17.47798129399171,29.223316741611384,1
0.3928818580794472,0.1274274865086021,0.1845713410913843,-0.04237747457989305,-0.22496158615130268,0.19141241338506493,0.21403843206118406,-0.2157833991259449,7.56197557435685,-8.402657574598493,-19.767796432952714,0
0.1694181388166034,0.06778196516669265,0.47260355563232215,-0.21492048719432966,-0.014968799471259786,0.27233856392414213,-0.15774752209124596,-0.19354918077711658,-34.81750074466263,-38.704024588142396,0.48759286082069053,0
0.3798422525881541,0.13932077007900073,0.4174805977541747,0.23811337698763263,0.14152335331971944,0.10733863894473206,-0.1437785589801188,0.28267071928184523,-38.175384049097055,-34.46226835162866,28.71418406268139,1
0.31680101739289385,0.36092759915341716,0.25584164656015873,-0.003312474492812245,0.26563141793611195,0.4668297863150069,0.2981980377559364,-0.20611445082732305,-44.67881487282503,-5.642072813420626,14.000409801602878,1
0.2079159559367364,0.13578509881726142,0.48134692608624885,0.2465915036986825,-0.05715405079723973,0.2243657597081296,-0.07493180815465789,-0.27728033001412306,-18.64378446707622,-33.95938773492143,-23.857780199092637,0
0.23902819890092047,0.24156473427619551,0.37837613056419045,0.28958685140199486,0.17745287207208488,0.251894306325234,-0.19832809223569287,0.052956582979902356,30.086899804141737,38.917265728079926,19.518622769646036,0
0.10484795969996286,0.08355783819537993,0.3200856240541247,0.06724935294113765,0.09009773512677977,0.3866500040046981,-0.1041851923244545,0.2510542401671529,20.98841499618804,27.42377297230682,13.257729829602674,0
0.10485231201972033,0.20139933079980238,0.4295458292733603,-0.243348270531512,0.10029040713157256,0.30630937124304264,0.22051784781377565,-0.19635907720555995,26.980875417222435,-4.489092293280457,-4.281365250405269,1
0.07666887924394525,0.22265011535171592,0.09582320329883948,-0.10825966492741337,-0.1336233484967951,0.35426111297360197,-0.026387638023270377,-0.12033489933233776,29.821679818218456,-37.27843728382782,15.981638728418417,0
0.09944101571195965,0.30927046412021614,0.4979032328360422,-0.27541361474534476,-0.15304833920313968,0.29887037419178225,-0.05088332800484177,0.08253372392798575,7.776389982490713,25.919052110955846,-25.745824791555243,1
0.1356991615178006,0.31098625023110493,0.04224044783853598,0.16465070066926984,0.05399113334580813,0.055375159198200796,-0.25229666214457785,0.15050180006187747,-18.635768414654656,35.037166569049205,15.724381261810564,1
0.14906137082192222,0.19788097435265495,0.048515180266679225,-0.029231699060431715,-0.27411541014285606,0.0019729800135972475,0.25889936368481564,0.11360211635273576,5.566225235937203,-14.300816451924796,4.232280881104451,0
0.11362869681219542,0.39120984810460807,0.3905173986396022,0.2579397899884203,0.21703402023210622,0.4531483997726308,-0.012579568890484172,-0.1976751375857397,-15.580769907821008,-18.679363471646678,13.028030256081387,0
0.2784755285719603,0.37168838259831183,0.05026100070835421,-0.11054131329234529,-0.2565270158424769,0.47240258597201923,-0.03284072040036723,0.10520668240571307,30.700805805388924,44.19002232688398,-20.293052532464056,0
0.3915478618702899,0.0692929148727541,0.017142867026737563,0.041166610784024005,-0.17803246638665593,0.3021520817750962,0.16885381712830644,-0.2171341432890763,-5.345259822942488,16.980037510441974,20.031814240378274,1
0.08668206495854519,0.3793759595863415,0.0709560516647681,-0.14433687856146943,0.1146643077416819,0.3550762189429963,-0.2035387772384436,0.1884786964593766,0.9258542258726195,31.361101030359805,-24.762876609147327,0
0.25776461696128794,0.1547796201740046,0.3411448593298657,0.14408772521760232,-0.10067233273160259,0.41327393074477337,-0.25578250071699593,-0.2935477694399847,-33.93263046311527,-30.959248695524124,22.73574197686328,0
0.38812623209429237,0.21545847926198086,0.4300682540606174,0.08760594622640328,-0.24950283558729838,0.4050442304880446,0.050633125013890945,0.09211539559526077,-28.77953079385333,-5.625891527187832,22.83494846245705,1
0.18793068372312105,0.08391754215849044,0.01103164383276456,0.24951688814587464,0.1051104304340485,0.3898230507404619,0.07330370870394592,0.24405931656505647,35.63269388871004,-39.76573027417505,-18.631800985307706,1
0.11125173680144342,0.08582678797264176,0.10252529926159165,0.18373889323378884,-0.2365112833891903,0.30721374741908297,0.14770878036907542,0.15064869628972266,-27.894520205268197,-39.45384014601492,-3.071616973666945,1
0.24855041695816005,0.2840792249296778,0.335528185563398,0.275680482159917,-0.09208247494395641,0.1498834608678894,0.04873517149309514,-0.04234892445680294,-2.3621154918679537,-38.76507058459565,-21.10546938278442,0
0.23925255696314407,0.2639779144776178,0.10125300154321121,-0.25376119920175144,0.11539865830957513,0.3103379959847142,0.1993972403899668,0.20681006846523325,11.793174657564293,3.452524465525933,24.84049614071106,1
0.36845432169687475,0.28726080893211403,0.15862429894736718,0.08573299457398015,0.19924104446881524,0.23791502967472894,0.19184909399870315,-0.06485419400018752,-13.63448892638064,7.468976329069861,-2.1188149383311234,1
0.2786359870523473,0.22628691046318716,0.19486074894922395,0.0018803356747444377,0.013487189452316639,0.1804159405591259,-0.03112895461179238,0.18112315971811271,-7.513796819170096,-42.699621002811355,-13.01884069356905,0
0.16048677373855824,0.10903396570226206,0.0037541293594872127,-0.2270351363738109,0.15051959929269465,0.2224609412330733,-0.18076497435806088,0.25981661659324023,25.878448659485187,-34.707177778513675,-13.862558706399032,1
0.11410147329133487,0.20051342774063163,0.14104945302776256,0.0894051291793243,0.11436103376801066,0.2631940419450476,0.06671838084166193,-0.03994750078779308,23.434852835264948,-41.21113519383572,-11.226519800647146,0
0.23767014458898134,0.2676272104512648,0.13659359575043817,-0.2696881821767969,0.0567405653345186,0.1473775966013815,0.09817262799621118,0.20174710610556074,-43.365551047707235,8.614239721715464,-16.123167618788866,1
0.3088210832809808,0.2141255724751276,0.02355786539535759,-0.2830131899177786,-0.21711940024567933,0.2978823468465288,0.1788596275228163,0.26907945616417145,-29.21741286514679,-20.20249072834575,-26.753982776735096,1
0.35628496397151543,0.2647619022664235,0.1391085758606948,-0.2402942142807257,0.0637503716700849,0.03317640188529053,-0.15522392898628187,-0.26357568923885294,4.39988301059104,-30.569568755141876,6.624439166008393,1
0.16859947246336177,0.11706105338194495,0.01241156589928627,0.25647627510241605,-0.031075603045877087,0.15376753621039307,0.05908631493464195,-0.2956113262241906,-19.978010405926756,18.27301191290033,8.026186384155778,0
0.125694258429143,0.3511210617736242,0.3241988426016806,-0.04786651258053709,-0.1871374631271892,0.16951181295991324,0.12226661672413475,-0.17738427287301672,-36.57753491954645,34.922588240479584,15.85262097480701,0
0.23883747226540814,0.39667864347746234,0.41504532186414,-0.21721363191803117,0.05463636251365622,0.29042881834147477,0.09176710303169983,0.2644539549464571,-0.7171278024741454,-38.035668268456625,-1.2401183684790276,1
0.23248307225443032,0.2180498640900539,0.13729200133122132,-0.04526637750369583,0.24500228991258005,0.25144706823962254,0.2498318462534253,0.03007622869077875,24.193556393774287,-18.576782130625837,17.424809402664472,0
0.29004065666833834,0.3443305635545728,0.38425849629948877,0.07665125747452817,0.02300687959980796,0.015542090004015185,0.1337603992151527,0.02698976374709844,-20.633305440250183,-15.494216503190252,26.136407188184485,1
0.163745934940845,0.2727460151081349,0.2621643514804973,-0.21961931376583405,0.22903572480579631,0.37729508391542754,0.25299248053741724,0.1322427548783997,-22.967409557603123,-6.252639737760958,-6.787894473307862,1
0.2803841070338872,0.377757820147971,0.24494389599661598,-0.2799585221619754,0.04462270225886633,0.27916444341785424,-0.2910146364380436,0.2167452266410989,10.797361255478222,22.02220524385315,-0.3647336305491251,1
0.16944865723577016,0.31206823062387756,0.2237332385877568,0.09645696883532129,-0.08060547221725345,0.11356110262615782,-0.24983018437348953,-0.2389492492074733,41.34872868871649,25.961095770731532,-15.302445001739564,1
0.3751844352452978,0.3902651380757976,0.27350400305159744,0.0659333671387875,0.0938189574426399,0.4195845014399261,0.0954430275637807,-0.2312115466905419,39.81870985987497,14.484092260827019,22.19503630737252,1
0.17851025727037512,0.39661743252504467,0.45640858444522464,-0.2796189947240066,0.018199180561208617,0.03270651342394176,0.25434295419462644,-0.03507305238898151,-7.340669646479853,-20.434857134462042,4.129138823529232,0
0.055451300500407696,0.214184566202276,0.3835079342390058,-0.23986797735243326,0.14113361519641626,0.2920976335461656,0.002763163881612074,0.059689957368144975,-14.769258144372401,18.930559839146042,16.779950515246334,0
0.25760572019789624,0.3413814834266861,0.4966673477552709,-0.10648481090923051,0.2411726782370212,0.40302543592679946,-0.25919598580826814,-0.09950464148766525,-25.286133614905495,14.794584518069826,3.3179481730612963,0
0.09205684778343955,0.3139583560831196,0.07681983299640688,0.22009436095453921,-0.15566582849231322,0.08020595364146377,-0.2574573817854165,0.12681907683048693,-28.241660078547902,-27.20989691444521,-19.818203768233303,0
0.3273384763975185,0.2245901235493874,0.14424630157097384,-0.19206812117848332,0.2270297263121373,0.35508347024934817,0.04329798188847506,0.22766078757220104,-34.04787413633194,16.42403574018614,-16.997261255206084,1
0.1879197595137892,0.2577731499290841,0.1748122948925132,-0.15603309063324247,0.2567969410774437,0.463914239985406,-0.0022527523315867826,0.2772884063665821,-7.585455614007834,-10.135901838004337,25.014368142850465,0
0.24336759083607518,0.3773988947045542,0.4345238050917418,0.04585790396307332,-0.04915781241676498,0.34918133554125325,0.2538835995747127,-0.006271759236270158,-36.062304832321324,23.94793803815911,-29.371250766336953,0
0.22674027600554053,0.2085591400003246,0.3596264953539757,0.15495346920291658,0.20775651804747558,0.18740156040872363,-0.10377738464797134,0.1286052608967117,7.362437322640133,11.862139171663493,3.3313744263501164,1
0.22091795602022424,0.3334262811613564,0.3698044108312349,0.15847858183302216,-0.04240110723734292,0.48058962987334186,-0.05684725111317396,0.1758862549522327,-0.9370075138984291,-23.84229027595836,7.73483620223697,1
0.38567189566663257,0.2361278851972713,0.11860473739254745,0.26151017748041666,-0.1535055678874106,0.37559006899684255,-0.2342812439562326,0.21125376588320005,-28.748287115527948,-9.523847867856638,27.93722007630509,1
0.18601221902599618,0.12143163095210403,0.44556918870166917,-0.034096178866568516,0.06461598689179737,0.056264789146264205,-0.23521666998905932,-0.2595872750016025,-11.938852724553577,-2.4402058027279594,-15.32531103304579,1
0.3404925223067783,0.3866387991740993,0.3038186012909954,0.2739050226184328,-0.05216290234095136,0.20751586532756844,-0.23625065435193754,-0.27873183900013815,-22.99461136789195,-1.9684208608967069,0.4609434517733426,0
0.0776742120787845,0.22123017351649654,0.037665331222851706,0.10674215103690854,0.17436089343336014,0.4249292741234014,0.2887573504463932,0.10320943337975208,24.215572245601834,0.5182450489196455,24.764214070867567,0
0.32787284053324833,0.3078509610258939,0.24386104056782576,0.24012947896879872,-0.00821192554698702,0.4651428926577683,0.181753357452966,-0.20984385863392224,-40.77070445453831,21.67701181794591,11.150349696020307,1
0.11893825958581697,0.15194214335001952,0.2532723891615027,-0.00797403951390302,0.06050962584421765,0.21872230024995848,0.2516839851060548,0.2039604565183129,34.12021061129745,11.65649142630938,8.100474951648387,0
0.10470196268634127,0.08645302283100506,0.49988266845717194,-0.026788727133907675,0.2235190494890989,0.24118800231455723,0.25341458312760196,-0.24734437033706963,-34.738272779890416,38.66689689518019,26.849582702687094,0
0.3052212534114672,0.2060553300044039,0.3969617491735005,-0.1304611227993625,-0.17208367374018083,0.2743993719115251,-0.2308137151974415,-0.1327504716051022,-30.038668968754024,-16.19574356048027,15.929922351092884,0
0.05431765755722204,0.1456701562214651,0.03091448034900096,-0.07393891722195889,0.18612591341960738,0.3598426304388062,0.2684302270210602,-0.04379074959775853,18.702125873266752,14.880754989181824,-16.977221810504425,1
0.29182726205145787,0.30129201692170715,0.17667192796996306,-0.14509089013234377,-0.0761763533378321,0.179598310696447,0.06421188342274942,0.14630897983131808,32.55773713653274,-42.30069443980973,13.593093442162171,0
0.05438732338746625,0.3684272993402784,0.32090661208961047,0.04980855973274534,-0.17904629348258214,0.34997309271431815,0.10635278620700744,-0.263721855644781,34.27618777295153,7.147202663682492,17.54801286231661,0
0.12615138360950168,0.26448198613149965,0.09060293741919395,-0.10427331583853991,-0.18257429088640353,0.34833179999506875,0.009943504933387082,0.14166065944356926,-39.847664736751526,-6.7174127788372715,28.017514738885232,0
0.17583674988777748,0.1465465601999078,0.1891038046224633,0.16935375685827248,-0.17142002932731715,0.4738739921232264,0.007529599517817009,0.16988699746468183,29.45356420355249,-1.9066394396024933,14.482282824155213,0
0.30389157862341637,0.18169542809012929,0.2893723995593035,0.1262996979890429,-0.1827750016164213,0.47212074312127467,-0.08629633713875409,-0.048375145753851434,17.866293108103854,9.79065804489877,-3.5928097836492476,1
0.12006049834317323,0.15533780120726282,0.4680207539193656,-0.10419008183745998,-0.2880725504008084,0.07081286882942495,-0.2806969058095123,-0.058296453514070035,26.743806087273356,-4.460779746989701,20.3396480875888,1
0.33347925775570475,0.08116470177626864,0.19761732687944716,0.14824548037793178,-0.07707407495618304,0.09441821023781949,-0.1827025035620476,-0.05397072785100346,-1.8524632674698012,32.56329760344126,8.535145114079612,1
0.13368038627732357,0.2321043312663627,0.10858382831140151,0.03859296332954537,-0.21061569826419396,0.20284645604567814,0.006255801182883158,-0.2809793831737035,9.964551642265285,22.52837641477531,27.36441376866236,0
0.3625923924627692,0.32243422397581667,0.09731935392598379,-0.019967397763779482,-0.27371774052766273,0.07714474603377391,0.10982937194547276,0.1468572935446903,42.0758759190789,-15.675717767566326,-7.772417637907868,0
0.30310236184439165,0.3520043841070654,0.40744059625818674,-0.13419164283927776,0.2957620030270866,0.46849921610353634,-0.04189522725702616,-0.27167431458667424,-17.685299412978292,30.25372775367842,27.05222516993002,1
0.10876726618372709,0.1335109435058348,0.30092528852975853,-0.09770140015311174,0.13852994368696975,0.2612021604670338,-0.1403459664334866,-0.05337724943259434,17.19999639704151,25.66272232716615,-7.826340591325966,1
0.13090240071978818,0.35873969640130887,0.30477532821227765,0.19393105134842592,-0.2588868358780682,0.17844716799271076,0.014918390694401318,0.046174219549371565,-36.08356013336645,3.4792420141957905,9.929185985581476,1
0.11730991409649127,0.10017252457333847,0.40514567060567724,0.12292408078327127,0.018207010566511084,0.18718391681378538,0.10109657419461027,0.18774320861745658,34.310989410453814,4.231460538570019,19.193107309182054,0
0.3508280796462248,0.3621152230446584,0.3034411523019698,0.28930673857486805,-0.15229450656431587,0.03448711605114679,0.2060658911301339,-0.005441604480267426,-13.819150880836037,-40.0290451658189,-26.122531270737092,0
0.12438024685462018,0.12810531670065894,0.17024072587702183,-0.022408104226938452,0.00822764657382008,0.33227313442020656,0.053113228702756365,-0.010989672164014974,-9.545380682627673,-21.079240926368897,12.596556820982364,1
0.3576513596809518,0.1559642003859783,0.16644131270702328,0.10221870229740704,-0.2104371394552582,0.46471871333884957,-0.08169193138471015,-0.2392803324439352,-29.278439557142264,38.94714684067122,-15.172842697858801,1
0.3715326152714533,0.13703613171266066,0.44327895683313917,-0.2414731759362104,0.08906890235258791,0.3914190775278922,0.06876373155145565,-0.0026791175084741603,10.561238993311747,-31.350266209849988,-17.0657573801869,1
0.12054309401103726,0.2428375454297434,0.029400528911748824,0.14486808395262796,0.2040342051131409,0.46018118064740243,-0.23893892449211643,0.26383214881368006,-38.914199313363454,-2.33494056649662,20.41506123766871,1
0.38867262561286026,0.19539321340198423,0.06809381877085341,0.2003999765570425,0.19252001485374848,0.3474298097713922,0.1492870811305368,-0.14117086938635587,12.784815038050318,-41.578211591514574,-18.186591366597927,0
0.197676605533877,0.23458858392255844,0.2814364305172394,0.037798067910969735,-0.17212709172997676,0.29972668157450355,-0.09922583463352824,0.09301217675770179,-31.88721609308456,44.47040351703025,16.322597487203737,1
0.3930856188465816,0.1289332103990797,0.21084427739179612,0.0351384400607439,-0.227828570906344,0.40841003373955065,-0.1351886803915021,0.02956194096099829,4.46704296239222,9.237658709320648,-26.67084080854112,0
0.2856649075906843,0.14471374331831788,0.13641798833822866,-0.20269203903372923,-0.10057371897830122,0.16562553015566406,-0.02749259297863843,-0.18574829720019032,-27.62932174571103,3.756471449690551,-22.26735571977149,0
0.14260099723744157,0.06384607293656713,0.05412472073742852,-0.15585063103221497,-0.13565629883637287,0.016404999748864335,-0.1323871126837625,-0.18423495810391072,-10.924116530893329,-10.334903637962768,-9.659535563827255,0
0.35389748079203925,0.08562957497070514,0.12477190278046923,0.05670448174923037,-0.26318832759550537,0.2750423236757187,0.050694861476406394,-0.12541969120172428,-18.618931788738895,-24.38286581069363,26.140582211762563,1
0.16507296895700807,0.30586045560194375,0.09190406193925027,-0.20054823189458848,-0.27302145450070353,0.43661996817694043,0.11610325461363641,-0.2760321206294241,-42.45369249256969,5.2806866827550465,-13.047935922797336,1
0.24260842153254614,0.27594490354115664,0.3387877359580869,0.1982330146053029,-0.03901159313577074,0.24875495052624885,-0.19441679164524603,0.06880793264250123,-18.381779430804972,0.6862273999829611,15.993431610593866,1
0.06882114834899442,0.22715185447420833,0.31131483704039686,-0.11589969607629588,-0.04100987513924842,0.277149067639799,0.031528763863787945,-0.2748830847558971,-5.446641007899686,-25.756366068699222,25.001704685120984,1
0.09882822153517225,0.167924396695738,0.1166858493578316,-0.10315306775554814,-0.17098698696137007,0.0561725595291232,-0.16954294238255224,0.2434542190979057,-37.33004918011241,-15.771902062028897,1.7069936701581199,0
0.24776138809299353,0.3521676609073443,0.3921211764695164,0.10077125485366822,0.098855201413931,0.33110131714913743,0.01509884694993835,-0.02164701321369178,18.86404135488477,9.9445033323208,-0.6011662619674141,1
0.29937832472042614,0.2136430118777613,0.10619540985645848,-0.2725580019209253,0.20297295439601698,0.40740417429332965,-0.20247615972819819,0.08710853972630428,21.39603304789452,5.186249584307156,-10.966265814233683,0
0.11455652804103246,0.05291736646487452,0.011448772136794405,-0.056769748599004244,0.025006758406315055,0.2895295908839598,-0.025253291291450986,-0.024263236714297032,22.78279667396494,-18.938687885989427,-15.736930919463628,1
0.26479983585407174,0.1993554298519194,0.3955665616797741,0.05076792732950264,-0.29433856342340964,0.28491994411600424,0.08016227156511657,0.24915675092644235,-7.765049370223032,6.702089334422254,-1.5001529571375656,1
0.27687561409498324,0.25231373677197616,0.15877744694378648,-0.14816152098136778,0.29272243304683415,0.10342618085075767,0.17416516024454204,-0.21204756538754338,27.391614242512574,-28.284440130940677,28.029398640970015,0
0.20630340256166574,0.052120340995588106,0.037499244649519925,-0.04163405851149954,-0.2508480694888034,0.13783271689358312,0.09329482113538101,-0.11483079443434857,44.78837347093594,37.467183052348304,5.1185942751314215,0
0.15616817143876954,0.11055837247015393,0.4980078775512635,-0.2618018464086818,0.19620480876479968,0.31974721774526377,0.14104826655712027,0.12703027195307787,32.25910365658643,-28.458713712950253,-29.950522989918877,0
0.09869446367931084,0.0504793930313311,0.05662879153664485,-0.20120684088486118,0.11396267458865317,0.40895793846437795,0.1421673997387254,0.1339396603214132,44.488855325170704,41.63379653888916,-13.869168292245803,0
0.2773961270727828,0.08142662257943081,0.30274461425904686,0.1504821603405237,-0.1816832920533667,0.21745582398678837,0.02549177294634475,-0.0521083688424962,33.84043226561468,-29.798711511879343,16.293333153411297,1
0.27973817591456496,0.18786768437488005,0.0788062352548623,0.185285387562174,-0.04094477283563136,0.45753516986132176,-0.1839594428907585,0.2258101407638839,28.431897362916217,-35.647575832059225,1.9008789390190444,0
0.12587795100600568,0.14609958521132138,0.20065316769109814,0.017423636093334194,-0.2994060036441683,0.0809346803143704,-0.24386016863471957,0.02980403955764621,-15.383261663885715,4.3557962431246295,-16.69060186951933,0
0.11883548920090371,0.23543021381761492,0.18205418112098753,-0.010477529252703233,0.2544747893905292,0.2724458269323436,-0.05092763363275443,0.2936639440198469,-39.13058970904173,38.89021035340548,0.09971052392898372,0
0.18319165664732623,0.10824201146664957,0.31784146304964234,-0.001818120775252452,-0.2532346426311675,0.4777809452344263,-0.11134828805291264,-0.2987155410046168,36.15212734536975,6.934579188359976,13.983640413019046,1
0.21584562413573993,0.11229558230812221,0.10729101870644081,0.20763393531557445,-0.29476742746613277,0.43456518099841684,-0.26664714863760913,-0.06500491914635675,27.015860470106617,-8.314616085984092,19.340891223243155,1
0.3723084152414573,0.1437884060598809,0.06877705878728557,0.1188580250096471,-0.20229164816113754,0.4746815251444928,0.0933330674333196,-0.1614836032292844,-26.20629591431141,38.14875352083794,6.471474770993453,0
0.33426669314791724,0.3512566766527044,0.24145391618553558,0.20232092960255837,-0.1159355498536769,0.3809740892820876,-0.2157299049665864,-0.11576885042249477,-4.884060297624046,-15.991225367092031,-6.778973062548982,0
0.130992889230397,0.30369210311426476,0.2222137132577054,0.18994223711383357,-0.21378984830460665,0.16784823157470335,-0.1391400560459393,0.11872088883976412,23.33962919939846,-3.9597573702099353,-1.3182374160638624,1
0.1287767840211068,0.21506097270780183,0.42100976816213037,0.24916632331598926,-0.11805082911129253,0.07712181104753563,0.13208426853978433,0.04919923527359299,-26.90854661901961,23.426620927869294,1.1358261145284665,0
0.35051475025238427,0.16019318353584266,0.06835930916777638,0.1794930532141107,0.2929115549113998,0.18019477030910935,0.21920976854395807,0.15752728245651737,37.04267652828733,-6.806477107716361,-23.921909710570546,1
0.18784216466475784,0.39990019787201253,0.1125118148423262,-0.13168547675130635,-0.034736223266563504,0.13435757434033158,0.11519601983190852,-0.011455132691111647,-25.120904863541384,0.5736662537906341,23.327265981902308,1
0.29564595300380925,0.38935667298141635,0.06532856778957552,-0.2084399264455274,0.07719803090126204,0.07596496367641081,-0.22436832705014048,0.10229029054208394,10.67917206460951,-25.40366902740186,19.39073692961557,1
0.35210303555629663,0.050145920916086356,0.02797043698722501,-0.08136935646177404,0.1121389533112419,0.17085214764538786,-0.260212309427415,-0.10929597975951069,-22.951722690885394,-44.51221801636218,2.0881147908241076,0
0.21109427044761853,0.2757022483983572,0.1611610291642943,0.2692635483019528,0.2878035809656088,0.05983678384375557,-0.09370806935951392,-0.1752167581161148,-28.188936399859635,-0.8118145495548461,3.8296264880927353,1
0.0974789553125125,0.19309653159110934,0.088835880993973,-0.13193668141714454,-0.22331127844671972,0.10624780261101002,0.1691575534726295,0.029901877306602154,-42.87211933389885,25.967203542190404,24.568103755769435,1
0.27507674104737684,0.062195419420448636,0.017712895966523645,-0.09037913694278593,0.11312285769689234,0.33327904629434785,-0.13304185247384717,-0.17035947326226245,16.481303764295646,-42.55985374795777,3.406999901667284,1
0.3044555094439299,0.3490844038147687,0.19997561553374543,0.10115126749259051,-0.05987278729404111,0.2392467190707424,0.0149462279729482,0.16543548841336675,42.97553857160379,-5.00704536255909,-9.461099625143646,1
0.3063740964638632,0.15830749740759398,0.003159123268365982,0.06209403879379455,0.060549813063240365,0.3137773413899983,-0.13908861853891089,0.18664257018695335,-1.127984505267122,23.614911808636236,6.665607862575882,0
0.36366428379004007,0.37442857837502946,0.4864179741590185,0.1609903409056696,-0.1788067020351718,0.4724770680553612,0.2682848800897318,0.09967881834778286,32.15522397145362,5.505877904755707,26.64761672470336,0
0.2774882479256477,0.25111232192986094,0.21768585773778032,0.021436533682773318,-0.2693941669851229,0.3333598383417675,-0.17735296244074727,0.216089376235105,28.110939137097503,2.515919958598751,20.827864098744953,0
0.23252048948671522,0.1066402706926136,0.36126441116662045,-0.24667970149185614,0.11585866730802657,0.42430774814531846,-0.09036214495056027,0.1256524851595201,-30.890339266693516,31.135410130759084,27.121901913193483,1
0.2725031040877992,0.1529411929985779,0.12456181419175322,-0.04225340697274199,0.1804337828766786,0.39808080451972583,-0.27997426466703873,-0.11862767071745994,-6.943413287725413,7.702381209981887,-21.028379471118058,0
0.2377389908938593,0.2692914001837677,0.23430247190003728,0.22642236356944317,-0.2544392548501431,0.4899090797153827,-0.2799294531550312,-0.17514218646216947,18.747706918892455,-37.35357665925502,-14.269634810983554,0
0.17913242384123662,0.20752204131247154,0.3410810161712014,0.17779652592506684,-0.09038085699898094,0.4366184261173154,-0.16860581748498296,0.03773893995757088,-31.38610676987347,-18.967520484505172,23.72468816383556,1
0.16817697470582132,0.3429209007159022,0.04481750096775644,-0.22986189687882694,-0.01225114818710843,0.3950721780559875,-0.09841429134906945,-0.2583408543058489,42.10807924858294,39.50201900313948,9.114084978516047,0
0.24633204530059516,0.23962925348340391,0.17504008910523106,0.15213778882101092,0.2784033947853118,0.073593326967957,-0.2128655977533827,0.14084161167652143,-4.10252308503496,26.569703752174448,-21.535343421175764,0
0.12484078744729923,0.36503194735028893,0.1713251480168203,-0.27661237347760775,-0.0032398656153282412,0.0619690272204389,-0.15692013377055447,0.14826652361244663,-33.23233679613133,27.624980191863216,26.214437287857223,0
0.2886567445891352,0.376793372973246,0.3219317073670325,0.1730474575877991,-0.021890478806749047,0.11400129907441392,0.1995192910737444,0.11062915768682768,-18.93940458364316,11.094799604474751,18.98903892867134,1
0.09052524884495722,0.0837800647492084,0.030871773504413835,-0.2645659344956714,-0.20573260023827983,0.42393470426496405,0.19693997771890542,0.16988788516703113,10.323585588471545,20.1144197892271,14.308872650418373,1
0.38974855641867456,0.24261322699417376,0.03907806994269414,0.20987351868302168,0.06829695348540693,0.3073683720941445,-0.04964783408478829,0.04310518591266549,-31.177819882249693,21.57930239095353,-25.49896155890746,1
0.28727998065237914,0.2834367572471922,0.15903207355433974,-0.09227132678334507,0.05108869298478197,0.2982162339454209,-0.11118005181772012,-0.10180926853474487,17.464051186753238,13.266974058846259,-21.89695171921352,0
0.22179104819036433,0.14574225973427407,0.33364763800809977,0.14803826752843008,-0.01677663236805338,0.3618998827993216,0.006262541442465741,0.1277230331802055,-24.75285769838472,21.49587413397377,12.907441407421068,0
0.07635094032381708,0.25389723164765554,0.05141757579338735,0.26958064207345594,0.08800138566077176,0.2778231417066784,-0.18130732036014735,0.009460229924868224,-14.1722096553592,15.784755120777682,6.26458784756143,0
0.3158572125131475,0.14799439262778824,0.24019037922549863,0.14351599094436673,0.07659554869292429,0.04284452264799893,-0.03206419386841097,0.18711333598094476,44.70884751340952,-2.9881816439459428,-24.844456646693665,0
0.17020963611669193,0.22722405268777496,0.06774673842349987,0.027802769866522636,0.017250431902358532,0.3014175831721129,0.18615708315326313,-0.05233271196788289,34.9704025614064,-2.279362238105577,-2.5710621471412374,0
0.208423931064874,0.23585190116906302,0.12504067865360052,0.09117626579859767,0.11606533085872572,0.04252973983538755,-0.07564375448914765,0.14662638072377493,19.947380385701862,4.014300951471519,16.660486792080846,0
0.2911139527960923,0.3803814940519088,0.21339781083218912,0.24066318789040603,-0.24101004532448134,0.021478813687822285,0.13282132650830397,0.1566129437888979,30.87524168691762,-39.88640894400167,16.61442329740983,0
0.34182689554575774,0.25282122803278495,0.31063841574426415,-0.15835972727482708,-0.032305791478435986,0.1847244440333935,0.09919293545282049,-0.18211003198848238,-8.48232659499402,31.38588530983418,2.7867406253119356,0
0.10369081807903607,0.25960159630482277,0.399084984853914,-0.28017461858958764,-0.20173636404495285,0.17130519058095123,-0.14652062048659562,-0.07006806611624694,40.668146983570665,-35.891448530378355,-4.6030734800536734,0
0.26220716083019047,0.34324449126285206,0.07179140903700199,-0.21533866556494086,0.0770268747970354,0.14637331620238897,0.08670125821079427,0.19234992175771848,-38.081654011120946,31.00447107700043,-27.744878618733516,0
0.3354259645739099,0.32757780144325743,0.3784681679712796,0.29895357072917755,-0.012892523435169667,0.4034614889099579,0.2174870201900871,-0.17303845112778962,-41.21402021522451,-8.57264380302783,21.40420106620656,0
0.37908554662212307,0.2176209121650599,0.06861926180630129,0.06502369092730131,0.14452935715743898,0.18681804159172016,0.1487273145387794,0.018630805585374666,-17.87794826311835,11.65691055985448,-6.663146069016914,1
0.21069326597224164,0.05301173444851409,0.344074665737809,-0.05096351903031307,0.10418732196972913,0.13885825791460177,-0.2985551137098225,-0.09330226875263772,18.431310835164737,-9.619804529172967,-16.849551620806444,1
0.05276414716187862,0.05880364646980434,0.4411080082007976,0.0871689166566465,0.15784351143831726,0.392008000478454,-0.047724134249534145,0.1791667476853811,39.37792003312842,-29.504600300734054,15.848183972521234,1
0.12624150753937086,0.056233225239384704,0.2186307878690532,0.2601653777949487,-0.21700479667694467,0.05859276141729919,-0.25862832945249475,0.15901079935918483,25.7333880450185,17.583845009711766,-26.802489292659835,1
0.07634931819740054,0.28381959499036213,0.15443137745763047,-0.29133911833258674,-0.20664266574945286,0.24877982865827974,-0.11375900458195878,0.11662980825213048,-23.3411871990812,24.551655162765172,-12.811369116361206,0
0.27495386013802103,0.2784198171994569,0.30406445812790145,0.27546110284172093,0.005006497617234484,0.3661595577576757,0.12326959874074661,-0.15823945363300176,-19.502474473185696,-6.838461165872893,-13.338124172207447,1
0.3461686149617212,0.05278238950539281,0.36508175102768015,0.2929152725983117,-0.010788139976258604,0.18562026497071732,0.06349977268482804,0.18281869658860328,-23.377320560224906,-22.43687137618174,6.430680845210809,0
0.1925753101567822,0.1668974246577102,0.02590372202156277,0.10833369744839871,-0.047119478507569645,0.22263401975980834,0.2360669108471351,0.1425287295140873,-25.250116617603766,14.144984686960434,-22.06468088978054,1
0.35295664638937013,0.263203928622333,0.07305109230100593,-0.04567535827323854,-0.04997045278227269,0.30031043924456136,0.06532177070959894,0.08713328218785743,17.81127516094267,-35.69813584838852,-11.704667965631277,0
0.13071200393364613,0.20764398288496116,0.46597337939450506,0.1960510671438238,0.03479792859762354,0.28835816543225307,0.2322036103817719,0.21783546126162562,-37.053293905532854,-3.0980357551933793,-18.54878078571356,1
0.3776152495171372,0.10761273615370637,0.022455309696164494,-0.038941763998177226,0.2954253384335022,0.445838633127457,0.1491648116741695,0.23447549452711486,35.41019757280769,1.6972524347804168,-11.044256890152418,0
0.3659899076502156,0.3300992658258965,0.4121295049773868,-0.1449549548596122,-0.048357990421417474,0.2769095708270296,-0.2734855085031102,0.16187530822639473,-15.888291802641998,-19.566352976308714,-14.442479438631217,1
0.1424047497932417,0.22228448516251226,0.2800872493837377,0.14551265605649305,-0.017018797775077754,0.3401414494197469,-0.008823542191214784,0.09559238217515681,15.672912858733334,18.849740447631937,19.397987631619564,1
0.19410572319609526,0.31236691735563865,0.45255064523488253,0.19045145857547136,-0.003049742882304751,0.17822166851511573,0.09727760588451562,0.19012082609468622,43.077561960285294,-3.847388763713731,10.094408621234578,1
0.12781112141959705,0.39592077287326677,0.44617707698494913,0.060152587817074554,0.2763360428759512,0.34349888337369,0.27546337951149763,-0.20307847995622216,-24.708833378722726,34.66642172745546,-4.807536502402769,1
0.15787831094890958,0.2723818277213071,0.3007464817324866,-0.21409183246387783,-0.1840444193313805,0.34160306811406477,0.2601309877620051,0.045770592419251854,6.10318310035904,13.201352523345463,-3.565301989312271,1
0.28316252824025795,0.12132333983135535,0.45660802925430244,0.15189481141252575,0.09465379415038216,0.32547196171089376,0.24261462005498474,0.25698427985827427,8.607367620921593,-7.499753013370643,-8.175961226435028,1
0.14239857757379082,0.0502195091366892,0.003394611690047511,-0.1352473919874517,0.01611287580683024,0.24244563432302918,0.2531289787716083,0.15845646890470383,38.226207234069506,1.0600369487922165,-3.2000152712939283,1
0.1523090402004971,0.39022456199581,0.3540922433795587,0.06631320252829487,-0.11542290874552177,0.14956257208326112,-0.2762858287858617,0.13708912014115882,-41.11422974488039,-44.56283960004489,13.76970527165875,0
0.3685328811374457,0.17560793065251779,0.2126286032604109,0.23667204121087743,0.23777787019284385,0.262429438455786,-0.13394103332799548,-0.1968363165970945,-20.557795731250813,25.256465786261245,-10.524551867181028,0
0.3302599605707912,0.35457936859946626,0.25985669346721174,-0.011813099813596128,0.1504408479319556,0.41309481125927744,0.1589080874374923,-0.06934316985947539,12.773318544838745,32.162391744383484,-20.894361957154825,0
0.1989177255491406,0.3151820074549232,0.19986072387690396,-0.028200994270504376,0.06319093456770747,0.49342445096533233,-0.1435883333915382,-0.1608283200530851,-29.08014601383156,17.049979287732015,-3.054321754895536,1
0.39553903540130647,0.18065238654431837,0.4407845015246571,-0.05511489639228401,0.28279440042562903,0.3267956857937784,-0.24209971025172433,-0.012572556723226103,-40.524412194205404,-9.44318486825027,24.92287284846487,1
0.34999963618820124,0.3293557587645528,0.42278692391409856,0.07428021685528313,0.074437860744402,0.06196587327650832,0.11937921218543207,-0.13198415347771622,1.7327996807580988,40.92503434207717,22.236923659105635,0
0.3653530202097479,0.21961592868308066,0.18644591297823343,0.03219404537883391,0.2888383996992668,0.05981522762052144,0.15416930927523914,-0.09940448265352347,-34.465565623713864,-7.025998018235526,2.925172663516257,0
0.06861411677033448,0.3880918642455355,0.202395879343588,0.09472276186686918,-0.2237304531591891,0.11008869893343165,-0.024011545104045684,0.10509193045726661,-18.60768799860677,34.61703759360377,16.868640217395246,0
0.08924045224280377,0.2412237934755832,0.29370866834137915,0.058290062406552046,-0.20131306257545217,0.36057236364428336,-0.15463132324035783,0.2688615305681395,-24.48385403861595,-43.44196688091748,4.070711599044969,0
0.3823862436890885,0.3194920826670257,0.43863241160559846,0.027990005325201017,0.010385055207268235,0.37866323560533577,-0.2369916147027869,-0.2675810451098624,43.53320214642214,37.466597583609826,27.339656474694408,1
0.2070347170542094,0.0655601167527332,0.10979244973316632,-0.0945389462028974,0.2996936425767515,0.1513457737384593,-0.284162490730473,0.007752946533201577,-37.475515352342065,-20.333916117385034,29.542990565636345,1
0.2422005342598878,0.20099636831296158,0.31300624047052855,-0.08360559932984743,0.0076435467640549315,0.36835284424111014,0.2318417320342246,0.252634318377115,0.32696326647892704,1.8247603266512158,17.99222464583019,1
0.2594849711651432,0.1738505237631669,0.061893665558568844,-0.1883167475374567,-0.10095041252446627,0.035116685443351614,-0.2658520787229295,0.24961575289946653,-16.910752558167342,43.40076277262264,27.86202049982399,1
0.1214338091673076,0.31422530777642954,0.31550494297120096,0.24306437211297288,-0.11171966435067873,0.42401040557313147,0.11026551419031594,-0.18272621390604032,-33.615506790392466,18.24512418077469,-20.492309236543917,1
0.33809456109566527,0.10880029700225491,0.07343186741070212,0.2164805841723217,0.19387476597005682,0.26947088313209344,0.1915199275763882,-0.24434635354530312,-9.4966633855121,21.40178004957356,-14.552882440562199,1
0.34806799076927825,0.30878661713756017,0.47354607458450315,-0.0010442667899724922,0.07457390211197457,0.4238528792801133,0.12101456991380832,-0.23876596867579847,-11.970319266468756,4.733171849868484,15.283052631694133,1
0.3776043094698669,0.07731569820257383,0.4243038839307141,-0.19193126686850548,0.12076856058843716,0.09192801862170846,0.06000813293238233,-0.15742524946246617,3.7528255937945616,9.014208223110941,7.111219506428604,1
0.11608732116354445,0.27236906437647884,0.4453004072877309,-0.26181615511120004,0.21147515998347105,0.409756797876265,-0.254024602702812,-0.21406294573264867,-13.495920819256273,-34.67973470804144,15.497168106029008,1
0.25501996380415287,0.11842027835370143,0.3397635046044789,-0.1715446263979679,-0.24050581764071138,0.10349257982041987,-0.046359579436762666,-0.19431702049615207,-32.87771775689874,32.42536975970468,-10.77616778416153,0
0.11375123135681404,0.16080633440419015,0.07399602510775616,-0.08092930583134239,0.25333209201731893,0.1308015047648084,-0.19896040979241186,0.09886575180133905,-0.8207065835371239,-40.74713857716686,17.268439869983325,0
0.3391859674198117,0.39886483560050506,0.04916963343619485,-0.23980240929297095,0.15803223248597004,0.03217714085826978,-0.2588639303610915,0.2332898898057975,27.04048310866058,34.3406879877944,9.030804127965219,0
0.15258613862339176,0.08061215375865959,0.12652886390765722,-0.2913059194831247,0.005656559332034683,0.18657805630596153,0.106964885917469,0.06918842059044517,-29.892020900002485,15.64394350336088,-18.755986520754487,1
0.2192614881139423,0.3456742591394885,0.27848131201707005,-0.17379384274634396,0.14130571884754883,0.3406705314337539,-0.08268845607184541,-0.2722229030511749,-44.29217790935155,29.28535948144544,-10.706558306455886,0
0.32741814469610314,0.22139705973770257,0.07486102464823008,-0.08489662365058911,-0.20081691147748626,0.05644077659019331,-0.13421530759551384,0.029705128477438447,-26.09940529689958,-14.069602684370963,-1.3241469626124207,0
0.2781492665067135,0.18970447049179345,0.0033907997006524804,0.27331672105357246,0.2210649273232313,0.1454182751730142,0.2986543885397163,-0.10972339526607952,-3.7040232186832682,31.61331235569753,-11.724218920317547,0
0.131491424762314,0.15327737318282608,0.047558594636698426,-0.28491029934586015,0.28387758719811246,0.04820496718295769,-0.22506759293360998,0.22257845104778556,14.71547121473322,-5.753472187920636,8.941404343550971,0
0.3339009070820166,0.2800049507677437,0.43212891008538795,0.07440490530919525,-0.1410750783846701,0.020559071425599595,-0.2368078518479647,0.007467471370754208,42.45915425354808,23.351551760225135,16.526560212390685,1
0.05468024659218946,0.21288918103648924,0.42190249654758477,0.25683455759134105,-0.09446717735013613,0.32121829408252217,-0.16390593697869985,0.036127842590825465,-22.13750464621299,6.422085776470759,-19.696672962406144,1
0.18728889853906672,0.31179993489298674,0.35812398785965216,0.20001972314143152,0.17311149473420168,0.2980169396947054,-0.2160309081075345,0.08127315553941905,34.83533552737312,12.885692705075812,23.737585714664498,0
0.3558609742663305,0.13878257729663998,0.30538506661770914,0.03212450405376688,-0.062300099964450656,0.33881038179989703,0.1354617808292603,0.04016267719163208,23.258001346627864,43.50753683936438,-4.843656725951693,1
0.3308190842809097,0.14649795612109176,0.4435324033176158,-0.2802713244355809,-0.04631791146568914,0.1888143161658688,0.021143763542744276,0.03638433434089733,-24.713596184088697,-26.589986749281945,18.21399550752931,1
0.29908961289661234,0.19235890168744424,0.07203179184612468,0.06651148365545251,0.013566141836171275,0.4909194180579344,0.1491157314727255,0.2917055927074104,-28.228262299559848,23.543550835011217,3.098293181994997,0
0.3926946038905345,0.24125454831389048,0.08273608606318761,0.010345302101444409,0.27560943493385953,0.21210511542110938,-0.04479269286315718,-0.023323966665120877,-19.790680396096008,-30.43947482607136,4.73566220210558,1
0.2899656083241209,0.19880128742140213,0.07426020241953973,0.2988607865793402,0.2599373126770645,0.4913044381413568,-0.21366224737791295,-0.004845284806203276,35.619674698922765,15.764260120113661,-3.9238918025049756,1
0.23158498720383003,0.171363374391372,0.41980579476960717,0.15129904011866424,-0.1212750944141365,0.3033392576289869,-0.07836586588812167,-0.2993688164637671,41.56341672602514,4.466616846555304,5.905956099946991,1
0.3847503636460368,0.1466489539944354,0.3141477413715668,-0.17885085351607521,0.02848307676027534,0.38539461956219667,0.2638930348832353,-0.09646984604059686,17.41547367384854,19.478440291246145,-16.731071930115526,1
0.19351767965359212,0.2935767608407591,0.42275996893911383,0.13255091404720593,-0.19560746455823907,0.1831085424001287,-0.20495177193133318,0.1120345197348308,-22.664530960479528,2.2848239566662087,17.50979059168106,0
0.05502572141531884,0.16400179147301203,0.38746558896497496,-0.0839402217149802,0.2525773982267498,0.10923244624906525,0.1774000363968664,-0.1789786485584854,-27.26055740944461,-4.882557745505309,26.696435299819946,1
0.23579419627721482,0.22692805305526487,0.008618234879964826,-0.2715292863921842,0.006724207593394038,0.4841546363565297,-0.055214531696550384,-0.016603942503937485,43.3856803802945,25.12020648921542,16.20659082705938,1
0.1682734869093655,0.33478466351630265,0.05867263598652728,-0.20474422565449696,0.29542709129582906,0.21434430061310106,-0.023629185598308844,0.2706185205780735,-12.434419245294706,-23.673006234251776,-25.330695753759095,1
0.393182042124883,0.1023182411502977,0.020557149196041513,0.14935790128093518,0.24353187019749073,0.47489145301259483,0.19498566465972716,-0.17705627057317172,-31.139737695503005,-39.69283701856924,4.918144793647393,1
0.08232695679468732,0.07714704212758758,0.40793459670496895,-0.08357784983815733,0.25457027193740717,0.05912371752573736,-0.18072779283885515,0.1639004995860121,31.272699755523547,33.04767098572482,-24.051644084911686,1
0.22341876815453926,0.1865920794650775,0.4719210636818518,0.12049251584533172,0.2795219265386945,0.4231151554265958,0.19027883892969344,0.13537937418000578,13.14713179307401,34.81758820011257,6.804586359783798,1
0.13983656224975866,0.3108484102541003,0.03685603455582592,0.15944346450903646,0.1752139456978638,0.200849387751241,0.1334866939004823,0.24908304224705952,27.064167619907423,-9.859814064273614,-0.9471891431961339,1
0.14835436948215192,0.12764587766203256,0.1725927860303208,0.23910345304706898,-0.041047592057000926,0.20891450826171587,-0.06805147189536642,0.27846943616254455,-34.44305074021659,33.46878788454298,-10.37033593632147,1
0.2510040507879431,0.10448631899378952,0.3430646550013914,0.2498599487573439,-0.027138424514643822,0.04154138734602575,0.04755251753672729,-0.0548899979184872,27.98088771005642,-14.368998246625104,22.493832028355357,0
0.11593944603538477,0.08827462729125052,0.09811014924243289,-0.252854779650372,0.28809032451704625,0.06142831295563955,-0.17948943264318368,0.18581144836583352,-22.792104386839206,-24.993599382851595,10.33858682446106,1
0.2194344043497583,0.38963627587979555,0.37940934893417083,0.02831618922884005,0.0169652115745198,0.08366372077330853,-0.032145854990835665,-0.21306020765619876,-37.477609629206086,-35.17764876366889,6.396669399106685,0
0.15236369668229735,0.32968760695397886,0.24913957935516506,0.2555053073264703,0.0736148066136263,0.2571596665573417,0.12664161238659133,0.0023597786581405766,36.40557153775025,-28.399863520184283,28.40092102475434,1
0.38273269451432,0.19392111196711237,0.3336984440493987,-0.02595264098760064,0.152076323661805,0.015790665346499255,-0.21350571064718493,0.06851928212615954,-24.070296380124276,14.944706934223369,-8.9266243523221,0
0.36339595701852445,0.2934256941288778,0.056658603993319234,-0.2552179237552422,-0.20288579154514116,0.4034594900304533,0.1338516166461659,0.08319191339486265,12.671170839624722,32.29864799235686,-9.9924756982123,0
0.2852080896244632,0.29084396458366596,0.4880583700201448,-0.17855073964691157,-0.06428450888581155,0.4823387489695302,0.11400524559933128,0.0553671148932115,3.5681446261212244,-38.20406578773691,23.60242852895462,1
0.3486267128172717,0.30209316816153003,0.46048756063103,0.22213978448613586,0.12065251414104561,0.0758394115459381,0.02942719188277826,-0.09610316782472914,34.71980720763817,33.50056446493063,-11.157752856077352,0
0.05022693410685944,0.24880848446857023,0.08333006478346894,-0.07455185327594535,-0.04324863351289476,0.47147037890601884,0.08024323913437448,-0.13940696881189452,12.851535657009556,40.667892979853036,-26.4504525544748,1
0.18632618884495183,0.39792404048936647,0.29465748090751753,-0.12228244218122888,-0.06660344397494228,0.16128187331689642,-0.031440941981739357,-0.03330801984501869,0.6176974677717197,-3.194459352690906,0.9668210973890474,0
0.17321773598373338,0.27337824352421797,0.23696636881903899,0.29197724811793807,-0.24371530559536503,0.2061874571486123,0.2253234267163417,-0.12956921368409072,25.901356557498545,-10.54951534977699,28.798712393409495,0
0.3670008042365869,0.1687480581405006,0.301938465752892,-0.23908848848460373,-0.24332246990172152,0.03573428340027329,0.2562865476527472,-0.20854054426350388,-1.5906421360234262,-6.023487168503351,-10.513733422400733,1
0.395863483851027,0.31760554811646186,0.21510358038534788,0.10568997550075188,0.06956144094997835,0.16869673909547145,0.0201174866612307,-0.17737141231073913,-37.095284521546816,20.972199908167426,-6.952278344654218,1
0.2417238547921272,0.15828612075780574,0.34902761419304584,0.20002463668312148,0.1716728458939521,0.4885236860239394,0.0821132392001655,-0.10726474106468081,-0.1865148238319776,28.468545115555486,-14.079444767077355,1
0.28955051448821295,0.1653757877563839,0.03926764022147472,-0.09299194291993482,0.12689686307319797,0.06099243262665888,0.1347788185269927,0.16527342981454535,12.177066998042903,-23.018935629767018,18.31772143170368,0
0.06811448533572655,0.2032243433997986,0.005085480997862546,-0.25739849353776995,0.057196053416623815,0.3622359165365137,-0.19923100084543383,0.13950024760426433,40.47532439352766,21.885847265357697,17.082913174501975,0
0.08906561633525452,0.39485357313268726,0.06269236953497764,-0.052844444014873065,0.21098970140067957,0.12244347424020341,-0.13981692879229596,0.18509970953443972,-20.399430852718858,-44.74158200146683,-4.3251767706030115,1
0.38677484946616203,0.1230644211496746,0.3245485058817663,-0.17289932312489317,-0.2891958846121776,0.3792770971072924,-0.03959719400946432,0.2680721169087918,3.085729392906501,-30.826541792188443,-3.013533492163326,1
0.3046236536607333,0.35878830645584026,0.05691748859774198,0.15452637995994484,0.2793841213181208,0.024488396140702196,-0.1661726089256195,0.1763810333192513,1.8042447987587096,-37.204348091286484,-13.922518250638728,1
0.06253767642125466,0.19369185354261037,0.17278472699889152,-0.29764572827947205,0.20827395545477517,0.0719372125039266,0.0005713004311584391,0.17080669388042713,9.40332321898282,-29.75838971556142,7.092667539906699,0
0.07080058102957114,0.3634138386782601,0.2069494472680179,-0.12106353060954098,0.10366921293771941,0.35898696061636404,-0.1180495338774836,-0.08900607240177275,-30.930254144397857,8.409920832825684,27.41454319989731,1
0.30632006037251797,0.3077607578073379,0.4020405863567419,0.033812913556579116,-0.17218272597443446,0.04227123878452915,-0.048573863770860704,-0.24498859698836245,-29.762637160110195,-42.85439894138085,-11.987622537809408,1
0.3335047261645353,0.39342226418478926,0.015184080552874735,0.1349803467717699,0.29945644727858217,0.39855929314697713,0.003214201821082563,0.23089378324387483,18.713918241228228,-18.67935145856433,-16.540813075363815,0
0.20168087076079294,0.17346070515040268,0.3602295764279749,0.04741596491943101,-0.005060539597800617,0.2434910411524976,0.2797781323562513,0.15377653302207028,-0.2718395585884963,-1.869964839992015,-28.411253921702194,0
0.2215364613263957,0.0739758191599462,0.21434555894464147,-0.09362392273780498,-0.21772234912016614,0.46551051171510793,0.0809321876714183,0.2058337803469243,36.5350076263359,38.71667978896387,14.886876982162725,0
0.3458233237390797,0.30034153587511997,0.05998369836254025,0.2884135710712665,-0.286481733476132,0.3142554312963868,-0.19694700195550996,0.13155458953172205,-38.66343714280989,-37.70092054411955,-2.022495566212065,0
0.16488428983476403,0.2872553027475853,0.05435851984317963,-0.2622652546082828,0.09130716317481918,0.19888736057117512,0.18109502192962862,0.2623867823827943,41.13364083593193,-6.696643149523872,-14.140366543498061,1
0.056149466638695314,0.24737043430453065,0.08672250865534487,-0.1323699961296878,-0.2791720319478012,0.08473138009295111,0.29197763597229104,0.2991136567195872,19.786312790068266,10.067116929407419,16.6204171859559,0
0.12362952492364473,0.3036932723694492,0.0664762344547522,0.24522625360099376,0.07490772646329519,0.02445033956163739,0.09539921984895244,-0.08309144309650965,38.67883599425808,39.246793784073716,20.755702911170786,0
0.25580137660423197,0.19099847028192096,0.3398083122637986,-0.040000263186963425,0.22644305259268444,0.39581273375609094,0.18286311950949002,0.015646023163971234,-27.328696146839647,20.197963719749836,-25.864718905234106,1
0.11420253544333615,0.24055392572359496,0.10267859134929025,0.2213373470409709,-0.11741413770971765,0.24546550511803022,0.017706458958097415,-0.11541207153870092,21.457765896271937,17.286564261038087,15.648661693274676,0
0.22114164535089154,0.11229397626349927,0.3768924821660959,-0.15243967169253184,-0.14807494890498435,0.05461117467014953,0.13236387417832302,-0.12249322153147327,1.6452011881770616,-15.098079836966466,16.482075529333997,1
0.3431014803470807,0.1780540149304456,0.45688414949372125,0.08899205999179632,0.1818955949589378,0.13649256242915397,-0.03232301285825001,0.24577044704408718,-40.41940045483066,-8.641645779313748,16.819119483230146,1
0.35536971610410073,0.07253479815265447,0.3784276384074871,0.25291654499149757,0.07280906440255858,0.3004380302392451,-0.2729967675611334,0.2136198133235631,-40.82367952537546,-16.784135425379343,25.55178391723293,1
0.06896021522547031,0.18877634635364404,0.45012610505894485,0.1829680802349291,0.25645414114623927,0.07641579256620529,0.003574654223297724,0.050836892887766216,-26.1067041006323,-26.912678465792695,16.921975958568133,0
0.28833834436174016,0.08074312297372631,0.4105357983663171,0.16983991886585892,0.07708435992347329,0.21780623973481672,-0.20780562697440247,0.003355362559132269,-30.674763401266404,9.44809065800402,-11.402116180615852,1
0.31649313121696204,0.12284903617896677,0.4384134114197664,-0.15304121258952266,-0.0048045697857359015,0.24363314832831712,-0.1386898077647919,-0.08297424934824332,-28.29629258319672,6.309062771269446,24.78168152000881,1
0.19001923806058368,0.27401830822127277,0.36890226890717104,0.22784226159456872,0.2255071923955691,0.36066981219312994,0.2741356666929136,-0.19282282863225464,40.53058624620776,-39.222766616974056,3.3373128715150955,0
0.3615568951589764,0.20906160485746889,0.40578534801442145,-0.2676921837331154,-0.29922603332620673,0.2641462448021784,-0.25583286371017183,0.28592580807183815,-44.50489433641811,19.63346728487818,-15.396918252826758,1
0.15445086772516461,0.1838559284782147,0.2674115987099128,-0.08485364365603806,-0.21803044537216143,0.4568434710718136,0.13944374513628605,-0.2602380837208566,36.512995512549324,-29.65813289834046,-24.136188990473745,1
0.05946050825451696,0.14685768835472926,0.34291016143679776,0.21786894412294794,-0.29859204173071224,0.10398688689341112,0.10384062924125215,-0.1298189374077562,-32.246743135174604,-37.62575115988291,8.272739809473357,1
0.3624712547562174,0.2990261026146929,0.20216163440297624,0.15721693855090169,-0.0952764786462405,0.2608817925568949,0.2536711678795022,-0.17990564025778233,-16.824779828396455,34.703407127426345,-2.287298381375294,1
0.10069155620035303,0.16795695475706457,0.07328706273409874,-0.12798437785083167,-0.1564773487496572,0.39343245046859326,-0.09271219319156027,-0.0026611207534941728,15.650559492568334,29.003098423696798,-11.927454580652892,0
0.26531633841556446,0.35409735685770555,0.1808423375110751,0.029484346131347816,0.009534240266600102,0.45189535403898523,-0.20105075483483187,0.04683645791201546,22.898807480428232,-11.695521551970572,22.05489147695858,1
0.21072109311444193,0.33080997212173624,0.3957733803740759,0.06023136977004884,0.28672314519458836,0.2318755476229984,-0.276366965787112,0.19165508988628416,-25.083551694882534,-29.138507190267795,-25.799404682010504,0
0.3044538170864744,0.3524260647597522,0.07164941962624555,-0.12700885931371877,-0.1829823194131036,0.013427888463213966,0.032058821932190174,0.11995330208258853,13.308973279656342,-10.075180742797713,3.3006147563943173,0
0.16280544481120962,0.09465485283489758,0.11136601048998274,-0.10407572284288844,-0.05466572991129795,0.234221226596656,0.012118362819833639,-0.0779995413340124,-0.1485368136695655,-7.392738652324169,27.866338655817238,0
0.35281420917575645,0.1612945766157794,0.2417749912153716,0.27062691250373366,0.178927105183042,0.44351951016527635,-0.06885176346573219,0.2979031557807353,-31.269095578456835,1.689352489467808,-1.2435970622250352,1
0.09488400590967667,0.08762121449433494,0.16297833989758587,0.061722142569103244,-0.21909520341105934,0.27506708534870367,-0.1382342131147599,0.11724804936497502,-42.45635689412664,-2.7878911667484303,-26.864151059146046,1
0.35119724434577126,0.12923913914396695,0.2515892633624439,0.29452348680132273,-0.29271545944677385,0.27824304525539706,0.0073734256229675,0.18446842584609285,-13.024661440250071,-8.069277699086257,-19.92372116406818,0
0.1679317060500667,0.102821914365287,0.3569046071013253,0.22381854833017428,0.24335558954565933,0.4404014690188898,-0.028929718537204274,-0.12956028467808223,12.413137464074111,40.92344207154285,13.623038890116298,0
0.2762352235861141,0.37157846583854715,0.11950751552088285,0.060205730088229936,-0.21388842273089598,0.3736393557110581,-0.22348532599826737,0.29998949306534345,-36.69597902813042,16.680344043424533,16.622330049892966,0
0.3626719585430732,0.38400026336118814,0.22379054385532904,-0.24652369906613888,-0.16124153421475587,0.32880802185674546,-0.05652937017011872,0.11100563648978662,15.006166753751003,9.483132295054233,-20.530045986060962,1
0.17572153904370819,0.05382715238873231,0.29759467606271295,0.2947467768840167,-0.14542954629690255,0.0947456385936079,-0.22564446434789104,0.03315337194003365,8.680058942424601,26.30437534533621,15.18439641723058,0
0.10343318410338467,0.19161198590911466,0.32253061490687324,-0.14942117510209382,0.12089936711049465,0.11680746133693787,-0.17452330371607633,-0.2930252098437703,-19.628392918202394,-22.79368871731635,15.861393400820894,0
0.23493252907078777,0.09531776031472822,0.005370254297473009,-0.17253079061981733,0.13460789689227337,0.41425706380043176,-0.09519897860423135,0.021555042739712704,-23.39880385872996,34.23989168279647,27.912428754550916,1
0.3995601795233677,0.15372671995390774,0.2039709755656411,-0.2179072331822242,0.044923157773820166,0.4987900186314586,0.12052860607239513,0.05712770424802305,-9.686781637038543,37.37688842569993,-0.1850042321790326,0
0.3678145467159277,0.2991078552706167,0.025476989028076713,0.23039536929062537,0.19600033282623242,0.273342105784764,-0.2865567208906311,0.0374577708202804,-40.08698550662165,-16.165893632626762,7.734577134164333,0
0.23076010248819018,0.31949383341539395,0.01607816470151935,-0.11286810750296161,0.07648123532620077,0.47198734740859477,-0.06380956612867716,0.2851745431578306,22.97536758327459,-1.3593195677362218,-4.250495645471915,1
0.3669536307367114,0.3039358739384066,0.30689011859745635,-0.14573498219019035,-0.18767355948474385,0.18710614676581727,-0.14693525618480513,0.18508553931580796,19.86330850138728,30.167830879590383,-19.73506135773002,0
0.28187209302069005,0.16312938915044467,0.24050229122419087,-0.10620301722656042,-0.08112598364498155,0.33718131939642354,0.0572966000578502,-0.1535464525830981,-41.07261346671355,32.04196288677633,-0.46159910258818115,0
0.24444546364131486,0.2641161240569748,0.49292660022116386,0.0923923198506702,0.23929013540215066,0.3628751173596235,-0.22356832696514994,0.1196542261933875,-1.4115970183066224,37.69181936841082,18.410066831427308,1
0.07189312519705304,0.31423324622869264,0.256880225475845,-0.25518412798010887,0.10740601690171181,0.3582700970009714,0.01417630172681067,0.1762793865898577,-17.977670223362864,-26.82835033217075,-8.955962895403292,1
0.2634688540445758,0.12416442246569848,0.1126425218538884,-0.02025519462517411,-0.0834629451240437,0.33828783350990216,-0.2549542826876235,-0.006744798313308209,-29.316607405603474,9.605250810067332,-23.027202494379413,0
0.1471903292037379,0.09168409977717656,0.3124137816716429,0.054115353457935056,-0.1378799564048545,0.2923533606926711,0.17421435268700575,-0.08999341059352353,-23.191405296698502,20.250109224860054,17.152321000907683,1
0.3732634421884166,0.051692212236812404,0.11049938637740941,0.11474714161522276,-0.10695613140703344,0.03054164575793139,0.15776524832956246,-0.2828446845209479,-4.858080486107049,40.28184816799401,-3.5860304181549125,1
0.39200892146759186,0.18203820256068348,0.029383999583860065,0.29903179730336776,0.20295818366332524,0.11074484414927455,0.13537671953979236,-0.2995858949611331,5.202815209522242,-12.34455830985344,-7.120017525742387,1
0.2842128511360206,0.13259473133298877,0.05730243427491333,-0.2212575043143552,-0.11231992566029156,0.49589352402462256,-0.205643803987749,-0.1208780626209193,37.86607366939286,41.69772568267224,-16.269398330908917,0
0.2721388641653988,0.0711974396253386,0.03849540406030166,0.05828924574103311,0.03082077729243521,0.28651309937679637,-0.015808742070034243,0.1454156043489629,44.29696827284087,-20.179687824867994,-10.593619961103094,0
0.3234801953514279,0.172097789440864,0.48749957271556227,-0.1441447055287249,-0.014968391838284578,0.15276610026919557,0.11635522494940426,0.18501955177225232,-1.1690342533910183,-11.976519833440925,14.685079143830777,1
0.2122865001385254,0.2915443693524609,0.08169585007472724,0.10099844447709228,-0.07395959527507415,0.309357389084821,-0.27594299407633444,-0.022963681689294357,2.0025804584134903,-25.710623743051205,-21.62258074925276,1
0.1407112211925509,0.3217397798032867,0.4376221996512537,0.2505623620726672,0.2597909825801232,0.4527909148776476,0.08335943755594233,-0.09452001011576575,38.3010909694994,-33.975312479965254,-19.87201109695095,1
0.3765618669808239,0.1274529970912317,0.3934959628510023,0.08582293512524325,0.010933847019572784,0.1827968185817086,-0.24423953646317487,0.12639286668093058,-9.469667266131893,3.148752615235331,-26.8942910422955,0
0.10475008981167783,0.0713354168642496,0.24933391671443045,0.09322407002797678,0.21248838384383578,0.3914177769771518,0.21434430765392892,0.1560412624925343,18.291545721552538,-44.087618777337035,7.566138708552629,1
0.34163576358046355,0.05955994097493808,0.06918534644680174,0.17869471429597733,-0.021077325685265436,0.44069435217741687,0.08125756367465009,0.07411725262224478,-18.698840448118663,-32.968752880343985,27.670343453800953,0
0.19169923754928686,0.3160052401104122,0.38617649383728403,-0.175911883491581,0.26492331404285935,0.0603276687218432,0.23767324945417817,-0.23976261261011442,-21.191416996382003,31.18306824611612,-19.230475659234756,0
0.2181354389422961,0.36363567778796363,0.21682554405723864,0.27728743176779674,0.09149278838638952,0.054728563771397065,0.005563245112010118,0.11737028138708855,-39.11679249843414,-13.98154211363093,13.024863783239184,0
0.0779714252706246,0.21191446660611252,0.3258352714800665,0.06845294084684272,-0.2673876672653658,0.04766984295410054,-0.08918625242691539,0.20561143374966334,33.27804478506262,-17.13484172628666,13.133525114487384,0
0.14940203571753807,0.09158963979170909,0.25602096673172725,-0.20062015139259276,0.05432244515143403,0.08484846612093272,0.13415695416169265,-0.18285502618219773,35.66565906985346,-42.641157910607205,1.3198432227441579,1
0.1434288293979467,0.35138935641419117,0.26257384567099307,0.2538656841814762,0.08097897736654064,0.00789379826435832,0.24808541460941708,0.21447800140849577,12.174410050280926,3.129620015773618,-2.8244356008848968,0
0.2024924878178369,0.231381586613291,0.12890477727641836,0.10769963133024896,-0.014264104463202476,0.14875435432648282,-0.09788128461953222,0.2140010130039876,32.957982493582975,28.113809167155395,24.832129270976196,1
0.38362193371681613,0.1072519071985385,0.2772082760199668,-0.17536964798907645,-0.14808923632403906,0.015027289380589393,-0.2286280135558732,0.2501090445775174,-16.062030766590144,9.73162907231324,-2.09915208064362,1
0.2912423327006298,0.21690325717900466,0.1377024127670035,-0.2180509082528289,-0.2775472819500141,0.42618267899562084,0.05603130083831481,-0.2725023042528724,-30.727134189472103,-19.83921586620983,-14.21570473717116,1
0.23368391566322133,0.374750378912046,0.48011300226148396,-0.22327056938861017,-0.0905974646667296,0.3490723205754283,-0.16706490036844182,-0.10513762281931152,-42.903804599577605,-31.1830487161921,3.739769665064628,0
0.20285108623132686,0.12510463548683523,0.20426432186231808,0.2120418439608997,-0.15963630848079555,0.02915137084453301,-0.13116966478680206,-0.12384374533998982,14.572486325420556,5.132893710715052,17.033892546384813,1
0.2930081266536755,0.32791361662534013,0.3139517903735881,0.26621669899494876,0.18150451755360486,0.20010331383743157,0.27048710595460995,0.014744899962800484,-42.96804093495937,-21.59880483123929,7.303775222235991,0
0.35783038111207394,0.3358261900716678,0.004430932944887556,0.02382834368317427,0.24800232706405295,0.29936283709958317,-0.12580435760813904,-0.18327321480012157,16.645277641946578,24.41285412415857,24.75508589504402,1
0.32394923595602776,0.1069759615177861,0.20371158538557177,0.2515015722467839,-0.1970412052517006,0.030763451906272166,0.09208043026904905,0.0567218043730538,40.68274552719599,36.58215789493882,14.965823413234261,0
0.05522793047988136,0.22481432568090504,0.31188478382995993,0.09522372526496908,-0.10071632096921221,0.23564117514677474,0.08178636399754469,-0.043016693834890984,41.59216790851727,18.48978988668003,-29.92357522494657,1
0.2356662931398214,0.3632212588349323,0.28624478789439006,0.06505004792635799,0.10896650900244342,0.061204423865233504,0.10495626048633572,0.22821292920768915,42.67987495517848,-5.125320057748766,-9.329708899347189,0
0.2840431669951968,0.14190036140605425,0.35570292373978624,-0.2711348831899992,0.03762183182610174,0.19572433179342014,0.17818283514927918,0.17037094812333714,-11.199632178824267,11.044261267894285,-16.347067870830713,1
0.26730408938661165,0.062466918725715304,0.02279435626835541,0.17930184594308868,-0.22532083931973587,0.00699196729306828,0.24747389378199197,-0.14068094235387754,7.414394696679452,30.502527348465435,14.75442476552572,0
0.16171089011856538,0.13957867865826035,0.49970446269383567,0.13121380290271467,-0.2715817360204272,0.030942738512788226,-0.28469906162388126,0.059771339707721416,-38.55919499442434,39.004952116043754,26.214392401360676,1
0.19104552529528246,0.21695556175628905,0.12266567314169874,-0.2602708082339184,0.10651385510414596,0.011830676767132231,0.18568238091523487,0.2574928950907209,18.933202229367097,8.636446554734874,9.421111759717967,1
0.2144152711198477,0.060207309757905225,0.3949158515532132,0.14071805113635316,-0.26969289723605544,0.2498473567979268,0.27692367753435204,-0.12921673186384686,36.38729675946598,-31.40166062095053,-29.60385277323126,0
0.10969285266480605,0.29289137853350944,0.4186852114464572,0.17918958746665203,-0.09249417314633804,0.4816320078569698,-0.22779204777718118,-0.003617990942304139,4.91374171737948,3.286247134828919,15.473446780736644,1
0.38562869800801214,0.2121829092216168,0.4644054906861638,-0.2016001643611087,-0.18992035966199267,0.2980138454712258,-0.13807461442990643,-0.18903728663324376,-36.478315312802,-38.13563967235525,15.190103124805582,1
0.26030034250987044,0.2607682222562636,0.14795830270240584,-0.14389614686583127,0.2679329328109528,0.3638776394266061,-0.22388032931889745,0.26262416528625826,7.413313663624933,-14.99738697386207,-6.1716332160240945,1
0.301371026341485,0.2725400275021922,0.4261640056600563,-0.06479204960565432,0.20951337057785374,0.09170758196027429,-0.18002434787996588,0.13040593223520192,22.511690129482858,36.20709673808105,-13.519025711716324,0
0.05238115064939537,0.21414961979785185,0.053648627147154015,0.05497933621113493,0.29900425073064435,0.0860107577707408,0.27401030841563717,0.21928712636156705,43.72694713294031,23.956977024226674,21.4196550871875,1
0.3386681442120188,0.3441517315836589,0.047817321294962634,0.12130611370896727,0.12260202751321508,0.11241085396537248,-0.0056005378564575325,0.09745853047109082,35.76027932213675,-35.06170401630148,23.531589240398098,1
0.3411930632046456,0.08445225662456989,0.11627645609042597,-0.1708850952298538,0.25179079006487975,0.1755524619694676,0.20188280003490439,-0.013189198693634996,-3.850286022538164,36.30792218339198,-3.545915568334376,1
0.1357655557681712,0.3305020098143326,0.13973303881186006,-0.2965573858179806,-0.2883236164210058,0.4892013057982823,0.03590276197376663,-0.0065852208843627524,37.60884621974972,-13.34813409087365,17.69985357931398,1
0.3678429864850808,0.38592989920127546,0.0904916169424424,-0.15254931225877721,0.07429936641444423,0.07044581660254445,-0.2486272017981453,-0.25578167278113134,9.553467119962392,27.421032780898784,-14.46686024044868,1
0.11774354396664971,0.10227093024687936,0.43356548104849363,-0.22679222205932825,0.12338106834527945,0.20850013107369825,0.047447842658975614,-0.285986751301795,-44.99826844350791,28.552368961703195,-1.4735304894140206,0
0.16442180931727868,0.08093658239612411,0.12434519039393249,-0.26495137226722876,0.17401786149834952,0.25627645627055273,-0.09780802867991945,0.09722976277893747,11.758187335528817,39.58848803048312,27.675631004902776,1
0.06805284054156555,0.3765763345174556,0.20680157014644318,0.17035592145069972,-0.05021190676091983,0.4686801607893923,-0.1257177993426615,-0.052661610187381885,23.297781623335766,-14.069941624722876,-8.13857571988924,0
0.3655146399272561,0.32436276518546203,0.17223885174571868,0.26858612368857643,-0.15664637232460565,0.20341022672502534,0.18811518686074236,-0.03426817787782399,-23.883720938266862,-11.831807914066047,0.04326434248089228,0
0.0781256930658582,0.13494975469155304,0.44294762977006485,0.04615249085979173,-0.27204743455900066,0.35212752416489274,0.004009420651869822,0.2127130364988093,16.419048528713667,-44.599807081999025,-17.655654769504764,1
0.18686357842156864,0.2916734050196739,0.11935581572354131,-0.01354294774808068,0.04986415008196593,0.34324109363601274,0.2471975950525503,-0.11713881807612544,31.075732318046363,-16.99881731916024,3.1145651421196163,1
0.17432820411241506,0.19743121836404814,0.2712255672101198,0.1881527967163084,-0.2919510901089695,0.4205580656152884,0.04634960581386549,0.15388683497070116,23.128129863677188,36.2882411376557,-24.397187469939112,0
0.3798414877829829,0.05779408722036,0.30068638140567394,0.15830644037301483,-0.12911544681006634,0.3937777924316084,0.07941303045978076,0.257497579362642,43.29043302183955,-41.18884974011657,-3.303734338379627,1
0.3231907612136016,0.12615975061031107,0.3339927820485059,0.08752179950832795,0.21576967575498868,0.1568737478819952,0.15005511893290596,0.15119991866489674,-23.47249122078683,10.904205398258483,10.50972526010785,0
0.07710840221393671,0.23514892589107605,0.22605989621367284,0.2589327960123869,-0.18057008262894625,0.08984100768981756,0.14922845314069938,0.13543168386021232,17.926359344351887,-42.648559544485735,-14.402418796505481,1
0.3280599606735595,0.2679480607458729,0.3754192923724298,0.17618123031742644,-0.17282723335167444,0.4618916580465901,-0.03720623824777647,0.08340818955849877,-44.79221046719322,44.40316485700602,-13.146216842150693,1
0.14688724961898564,0.09349631700828201,0.22950455721395036,0.07751875678359049,0.19627098659144498,0.23066880419092817,0.2824321629511138,0.057514192473131,9.396903174756815,-29.224077333629808,-18.593037928794217,0
0.35621918108523615,0.2434124366125756,0.07603946384097587,0.14353253413145428,-0.20566289842796756,0.36018921942414894,0.18491893163363687,0.04531748707683991,-20.601679860617143,-5.63960127191303,1.6812272982603744,0
0.26073073910059225,0.1980170770253193,0.21331749877722533,-0.18359997330423378,0.0904793769107291,0.292534378046427,-0.20708135314269846,0.23139775202722485,-11.837861702046268,-40.523511103103836,-10.32714475321297,1
0.09586994338200686,0.2953712262818961,0.26347769395260917,-0.053629505814777934,0.14991524982468962,0.27741816470480457,0.17868668882483757,0.14631236684944993,43.66070855411654,27.977926367704157,-25.99201215428419,0
0.22139490963591707,0.3949390593232242,0.23248672809682652,0.2867501874443041,-0.05305439868356407,0.3968410752799863,-0.24910843661290075,0.03327702608265837,27.185380828715182,38.22315004978998,19.354985437045897,0
0.09150332158668005,0.2523844505578709,0.3696981724824427,0.03517307412870585,-0.29780959592601525,0.14115775623690135,0.16714760378100707,0.14552892316604293,-44.063077271265655,-2.6733390515839446,-3.760909640979598,0
0.36438254041940127,0.18646991142524022,0.15970686295177883,0.2999165089247325,0.16160427055295323,0.2686760404537772,-0.14713714038636203,-0.10721672826893716,1.3827913946448476,3.787462781167555,-29.17928134357933,1
0.29259831212905063,0.3463149721666803,0.2702997857333705,-0.15657615470918632,0.12772791400031613,0.2502839803952832,-0.1938906791357648,-0.05254206622907384,12.135619711467534,21.17986710140144,-15.406752246578897,1
0.16890096895672688,0.13743913073340272,0.2637724372485914,-0.07483311618390354,0.2819591298298852,0.08646365388346572,-0.10820065942374782,-0.12362371744525738,3.8978258612361287,-0.06477687232668927,8.624427925456388,0
0.12508864039605028,0.24693534370120007,0.3777697712367136,-0.14554658259277714,0.19607392915424665,0.4637524298125248,0.058436717444304453,0.10136859539494775,-40.268160870925016,40.09679019197158,-6.450915944103372,0
0.24306270053662943,0.22129085494544304,0.4250089394069782,0.13756882790359926,0.22568369210205225,0.3673514561936872,0.08530497638867818,0.00010629136620765589,43.87979605468027,41.32483416001551,20.931178892144978,0
0.19002473380941654,0.24137226024666608,0.32044670571609735,0.2641716858594699,-0.10067945893461128,0.29242875648687594,0.24103328832494647,-0.12586091522979448,32.85449830129329,41.179958675086425,20.849622337614825,1
0.30782771549510274,0.08643176248572389,0.013371242872016298,-0.28309543513088387,-0.19785210946919257,0.34747420104689647,-0.0820164639251888,-0.2904345366199849,43.922036823915775,3.004056290879383,-6.367187093320947,0
0.20623632225029837,0.38354130654603624,0.32539729485886837,-0.23046068080845034,0.23105579293608042,0.2446325954153989,-0.215016619216257,-0.20838591969514758,16.878054159888464,-40.73647439434592,-12.804374105171203,0
0.27354163348525873,0.3393029281590361,0.2984442778977641,0.14914845786652942,-0.13141316890215907,0.48838086890823607,-0.28086167493778263,-0.06805404283361072,34.38445963533336,-28.752933358242885,-21.519714423980524,1
0.2307362982348612,0.18481021012060755,0.19746677156426812,0.028763970367869984,-0.08705277719508278,0.361453300982468,-0.07160224337901547,-0.06951336808485414,10.527592443912418,-39.52378145735911,9.32129508690877,1
0.3168810794989088,0.19446034104740745,0.20350083223800758,-0.2500177770731397,0.28004633076826396,0.11397948342105302,-0.003439761819641396,-0.23123383689235766,13.225825201892967,-9.821209477700968,16.059712445545657,1
0.28718053576450014,0.0926413766199859,0.2531649658103165,0.11655746138573186,0.04866996553254144,0.09988782583002881,0.18247471570935764,0.129244277769481,21.50856035239876,-33.20480235984181,-22.574771780979326,1
0.09034476873201075,0.1526813104771988,0.11893201821930988,-0.034483447456028715,0.08120054582855052,0.21670987775425332,-0.1532780545489164,0.11752726093696525,7.602398524034086,1.7382516674122783,3.2651758467587015,1
0.170474514230968,0.2306739464545695,0.23961142284487524,0.2541785239795122,-0.14060198435940935,0.16665337343315634,0.09609611000238599,0.23196942174821228,-34.66043183980318,-26.11048329850909,26.882068949053767,1
0.1633394508621956,0.08684015782409098,0.33232009546310953,-0.27983401848824946,-0.13461896934997902,0.04711493222305013,-0.18556370560636914,0.08323854773842848,11.562896718442637,-7.105057830385917,-24.589681410630533,1
0.17435101295588484,0.34237491720289415,0.45997773226903094,-0.26304866632180224,-0.28145516171663476,0.07940031006516673,0.1597738852114175,-0.17707034038591513,-24.227066304498067,35.00484281021603,22.49694232551208,0
0.1465167264232742,0.3579217596213048,0.237191066455684,-0.09518800668557373,-0.17033276695069732,0.2424801251218075,0.1299992222787173,-0.12798478472575475,23.19448687313887,11.68089972524266,17.253753752382252,0
0.2647940000558405,0.39962353237877624,0.29243345313055163,0.01658290542555263,0.07357987415574979,0.43983544513036643,0.2675996068173811,-0.2753798905484047,-26.550557737636158,-34.581234239463214,16.341227142158395,0
0.17381312723249037,0.27014047145752434,0.07354702546671893,-0.22907363416655485,-0.1501168331283454,0.37062987267351566,-0.08004046415306601,0.004414932991076592,-27.40944988732206,-27.53048993853853,9.027075554088597,0
0.13656314573891862,0.25444885315487914,0.15888572126975153,0.19815114541037382,-0.2331689358857601,0.2888224732875218,-0.2039731637165386,0.016944376152395246,4.72912982552868,12.806791787315625,-4.354503163626376,0
0.32973565077922334,0.2222536254514002,0.29979672076130615,0.2587417414140611,-0.2281598468993263,0.05855178295005525,-0.24737459285353894,0.09471797102431667,-7.325252928865851,24.688927452765896,10.273884798515553,1
0.1861048992446771,0.25484417208986165,0.15078728712675726,0.12159840264894256,-0.23913523736481446,0.03582077154733199,0.1465702563491318,0.13600077498920993,-21.1498797473404,-13.04579585477805,27.435630079969336,1
0.21240240244693553,0.31332198315443494,0.05971654339615301,0.11505122018798869,0.1004064142823684,0.18536893984253566,0.2822017148276967,0.23682317968821093,-16.545466727813714,-42.20180159455412,-11.5017115952954,1
0.06228013281030801,0.3023690290682712,0.42385777704767147,0.008684004878535767,0.023955146456272725,0.1684302563636893,-0.15692208068026045,0.15313924210535168,31.435596730893835,-16.087971765132295,-13.570848907460917,1
0.2876680447007976,0.08164282746516416,0.2961374752222022,-0.16695720741774062,0.14040993587323375,0.4137204262543736,0.056073763553984024,0.05481756585102582,-14.526770111026739,-4.837498095482154,21.84650122892073,0
0.3218429256748397,0.2274495863006168,0.17350964454142342,0.13613079390700672,0.11163937778776162,0.15529411893447453,0.28982332289872886,0.08922509202705198,9.520174120850427,-38.71076728664051,-13.240873179315752,0
0.1200947905315501,0.07970045524422702,0.25576556831882374,-0.029557447309027596,0.15078728676188574,0.2323012935965182,-0.09371041864537735,-0.14300705062023356,-19.9667929077026,38.50631116450326,-20.09528387473126,0
0.22321353503774022,0.3688098910834592,0.41898984911703385,0.18768113485550958,-0.1646344774608935,0.07656155573417839,0.11405791182764857,-0.018814646195162488,16.534144166115922,23.45645089000047,-12.281189559314946,0
0.3223783529554071,0.14431092628779096,0.32695350484492625,-0.21114256455283414,-0.002748231842239768,0.0013146300297587898,-0.18384794459499532,0.07904046949956339,33.69253546828165,-40.58745312725781,3.5131675304598033,0
0.187629330860353,0.31296806890391415,0.45443702826186455,0.1218333402303175,0.26155722682858756,0.2943263259961548,0.04628246427057775,-0.1172235671345068,18.866474204740726,34.37572695805399,8.778973567735875,0
0.34670211920400323,0.3472280003081895,0.433347849444211,0.1308765040698544,-0.21455751197108386,0.025951296749388453,-0.0955408537314853,-0.002958084833353525,-17.764118933440265,21.79862405330364,13.346608666075483,0
0.24266664441807506,0.3984307317072264,0.24507616165538998,-0.10145702213794366,0.022356764959853115,0.03219788705785093,-0.19367593781405157,-0.21064774959209404,-42.48760094360533,19.999107274075556,-10.471527248290585,0
0.17110030353330505,0.37303019694406114,0.10367666651322788,0.03603448574173829,0.02196905611767136,0.41432392396349765,-0.21668916794950216,0.24596230375047684,2.8285354954863138,7.749844552292977,0.609977597866024,1
0.26204711336605224,0.32368084626619886,0.1822881238715342,0.07558258802567364,-0.010764061032367545,0.4232476731266992,0.0414250662950611,-0.12606499687253991,18.32285314604303,28.80580392206963,-2.073560594162096,0
0.36960381262152275,0.13635376871781496,0.368261608850944,0.1067831115270268,0.01385429956758899,0.09426511693708012,0.1771393551496257,0.2763757713772996,19.96526990102521,37.607399696316065,29.051115896879985,1
0.35050303292822826,0.3543689551898659,0.40113728273605587,0.19114276511074535,0.22777791540052922,0.0568909655459649,-0.12441637385701745,0.28566812037216455,4.029854396759568,-29.11825259624772,0.18333799197163003,1
0.18666974641898237,0.23514063291953535,0.01674178449855024,-0.07020123469839384,-0.015350373064413614,0.12760444979954083,-0.2812554126056101,0.11424486526737127,-5.842102423604111,-7.588962619898922,-15.000794758289466,0
0.360796090011953,0.3220755496646923,0.2588307606438645,-0.0056352506928768475,0.01784739970949878,0.26828400678854464,-0.03926214918138582,-0.2209471002647595,-33.69025324183176,40.70247442611149,-1.0781544248189654,1
0.11332432828080385,0.36748626775467524,0.02232454448713944,-0.16028862903377625,-0.12476440181128298,0.2450987712007932,0.051867103808877546,-0.004026014489600049,-37.42961988988062,-23.06992913498578,20.615303085752473,1
0.32419472004189154,0.11613101266176608,0.11899324381630139,0.16746224324062015,-0.24840061701902827,0.09538047623333207,-0.026681456286050897,0.2581091572468623,5.56900514037094,-10.108993661259703,28.702213333348595,0
0.10373604121796662,0.1362232846241294,0.4210350758861199,-0.10187922264136118,0.11162992170354014,0.42820481532786964,-0.25335319984497473,0.15901464310682573,-17.3101080258873,-25.50398722343616,11.33408714717833,0
0.11019883742815016,0.22177459043918007,0.3609520904889929,0.2624059928037176,0.08059271953092223,0.012337705716463643,-0.0001788841822298881,-0.20822301649750335,-40.69984045725708,8.865957121342582,16.615314150625466,1
0.2073609012677855,0.3086089155020081,0.1176196576627277,0.12501480616429084,-0.29090830810963303,0.4540039021572659,0.2700235245934744,-0.2985231099452644,-3.796342757413889,-7.756025378519787,20.51300135517039,0
0.16085481861220613,0.3200364161868623,0.057297180215009125,0.033727840151545396,0.056206717764992864,0.011052049860032997,-0.27840857348970083,-0.11505589660318896,9.81678954707209,41.63669956459859,-24.552989400680218,1
0.11581389728115148,0.26590581398082425,0.39650335602915415,0.23017851186934218,-0.11969483357924474,0.19540230053478463,-0.027103558827752172,-0.2838157088796511,32.7572327746892,-14.584642615243656,-18.043292774678086,1
0.3461551165469398,0.08333999306005194,0.3388537798065263,-0.09471226020798806,0.0952020537573588,0.20612450378973268,-0.2945801101048065,-0.1612340675712294,-41.18523904275156,-6.5457069480133825,20.404277203690988,0
0.3691605498909823,0.1931514860752272,0.17334305455097976,-0.23557031844058593,-0.08514545458368047,0.16849324501090324,0.20793071158619097,0.2519491045295917,-43.02629228220031,-36.15692305076993,8.59370802541099,0
0.0628797901400413,0.1838568587822964,0.379836351993998,0.1517314821946985,-0.2484546570300249,0.3047444435447595,-0.21427822887548553,-0.004074400279323986,-23.428286924299066,-40.21549454387451,-25.198834468403426,0
0.34174082832093333,0.329180867776267,0.39695251860832315,-0.06080190950276493,0.1935289138502474,0.31499100200551283,-0.07278986081908545,-0.2515980267267489,-38.986297858913616,-22.373852900545607,-12.024921329719959,1
0.06810252208323687,0.38089580035398196,0.13290470663753284,0.0024383439387305472,-0.24557894034601882,0.21182756027530253,0.2580633115500744,0.0014477961785630544,42.40216366220952,-21.70479264863403,0.2727143822362308,0
0.33138659915206253,0.37299261303696374,0.02663861649540611,-0.2272501461254694,0.12118512132448828,0.30223696625726276,-0.07048980061695248,0.023549189364222844,18.30047112009529,0.40288156928363605,-21.588700521861046,0
0.36508136346869763,0.09080652136842671,0.41494102628686713,-0.234038086339178,-0.012961828030342293,0.34126076484308254,-0.009450533092950464,-0.09605423867391166,16.543904174626974,14.479089759620457,4.973559309934025,1
0.11374989829876798,0.24523544216843957,0.45965171612606076,0.23758689043442888,-0.08402044370538456,0.12892756996910132,0.1732762936024662,0.13498801094651292,0.48058480237430246,-9.987276641502824,-22.5721257752895,1
0.2466172074818786,0.2475350783977106,0.02808369447886011,-0.1501375213691131,0.15317847090881864,0.20613405974464183,0.03631018935111252,0.2669211732159283,-40.835540851437486,-4.528767089356222,-8.323552029126112,0
0.33415701225208616,0.11545161920732275,0.4077006339236706,-0.29082983384666183,0.052388026619839434,0.19842620062244054,-0.10108768719456496,-0.04002241969996767,-24.876766242083463,-28.491691221002235,18.306413040086973,1
0.05449618699456298,0.11404612673440406,0.40543700895531287,0.014080071978648745,0.07550597242619184,0.1788658377078674,-0.258793208670498,0.21369489749530085,-27.72951550871333,-42.02467195093968,4.362248155991622,1
0.278135432370151,0.08056893527512421,0.22050931195213425,0.04874821371201116,-0.1594645942733631,0.1860392057580127,-0.2568990781598348,-0.16792135186014304,-2.9922366672954013,44.13979610327901,29.775903776348002,1
0.11223856930621978,0.24884461483209303,0.11272179528738546,-0.044698631967482805,0.23292483703172778,0.35962810975824683,0.09066001002073376,-0.13110993040671667,-33.787650159307944,22.7654085869941,4.073423072867392,1
0.13873856274476176,0.3244691741459078,0.3024752265144585,-0.13614250984459508,-0.12338577370161213,0.3658188359113285,-0.12939241284230849,-0.27132385968752853,33.65642698651797,8.00543283372076,15.508417974354714,1
0.39822834998826845,0.20045973488775565,0.4950041101864682,-0.2242647457146225,-0.06452739403932256,0.45098248502423594,0.2260172889944833,-0.10584505327812946,16.074952539149848,34.75441544020116,16.012647969193665,0
0.2516573692074775,0.2889823210934133,0.33784475431210137,-0.04579145044302363,-0.010865599451304886,0.07016025897792744,0.012903649618965563,0.2262340213013933,-3.5595106864734447,39.421223378941406,-20.652987604214104,0
0.29640409476007823,0.1025596464914797,0.4536392658576307,-0.10663720037215643,-0.26895478596539696,0.04161046724127432,-0.025453570920180857,-0.27601079875257173,25.15972659914371,32.92411553732862,-29.197609498721707,1
0.28331166852741874,0.3089558666915271,0.3748656584731574,0.2314470895768918,-0.09040699485836676,0.3267406780559553,-0.1318257410418865,0.05674122307018509,22.60576261547351,26.190097754547637,-4.792529820652636,1
0.09801412329152326,0.30945737164547155,0.33691208927919103,-0.1355353873776645,0.14777006130942932,0.2524961305092513,-0.09084164601155623,0.17213509048779624,10.510447278798715,0.6541529374796866,16.38642580505779,0
0.2528826517585208,0.26936812251450626,0.1766447747184734,0.10769113095486238,0.16223722990879624,0.49911424055892695,-0.004522249799740197,-0.26321756053593465,8.627215565788674,-34.287826501604826,-15.314097386633396,1
0.288983608027298,0.3640641714999155,0.40403267796265196,0.04023854723663428,-0.12166013998951536,0.14907120232567805,0.22519865391501365,-0.2676694621568989,39.72931632871415,-15.564617982704014,14.332263588804324,0
0.11165168267316142,0.1474292231543227,0.06904739411020311,0.1413270609946552,-0.03273049964609909,0.47181751932253546,0.0985947493487414,0.018833532292063027,14.09678384653511,-41.36171551113023,27.039615607721423,1
0.3600158572561926,0.2595206288633293,0.36657924101256323,-0.06873467624666538,-0.0638696764120035,0.006308785240735193,0.022741213653005576,0.15647808350032005,42.19420622279435,35.300415303741374,-24.780534518834703,0
0.32277514067503194,0.15240810644719327,0.40194137015443676,-0.10315731446343529,0.18359434943132286,0.04340022167536167,-0.27336162185364593,0.29860526842189333,33.25114109112201,34.45627531195835,27.076796856397053,0
0.10832265005996605,0.0653503991962706,0.21979368765066937,0.16441445159546225,0.09046790134448557,0.35094086020729565,-0.058296396003978956,-0.15903267284815806,2.8600958956148474,-26.607087562572282,13.573721819103945,1
0.052801240845847836,0.3017570601373331,0.2267302663730853,-0.27264468889312665,0.2633818913303229,0.3328050727312662,-0.14143612077990358,-0.03678291172794085,-0.9659985384930252,6.293503329377778,21.44701666017373,0
0.07344518790898422,0.2875358733148038,0.3102712644006232,0.22919412328007266,-0.18960779491676455,0.39713385283948704,0.21891913022884518,0.2858904789910421,27.769442221724233,-33.86086192627347,26.827740609805844,0
0.36006104330047006,0.12883673146282745,0.16501217162433301,-0.01742871692590975,-0.011951954883274274,0.4988239835918502,-0.23133280861732194,0.2111790213609544,32.73138354796832,4.787876838400862,-9.357769904450773,0
0.33023513698579726,0.25831334061618577,0.3915441574614963,0.0933564812131723,0.11467920872251725,0.11390557554319203,0.1450925481437506,-0.15725406800140154,43.25762476283293,-24.499152813491577,-15.798959784140623,0
0.17989464479345607,0.36700488072079934,0.4105959040953805,0.18671147302093422,0.06971908377743569,0.4439782913479009,-0.12043297672675773,0.12222368109797355,-8.599703184729677,8.999892770372291,29.889180036761573,0
0.07472775051988871,0.060668318193627294,0.23258406791842157,0.2737124490321808,-0.13259411795152415,0.47958526953352415,0.2326087059540008,-0.13011895416749333,28.525325783053205,16.728057231193688,0.7093433342854318,0
0.2513737671103077,0.32523658074581063,0.07422152592448883,-0.19237776476237772,0.15126415964301626,0.07475237620581254,-0.018332923760616238,0.13898885412655915,13.611773590441302,-26.045623249821436,-11.762384478834868,0
0.14430284892887743,0.24622277314794228,0.43920733322258576,0.02623647681456126,-0.12789628695814093,0.030990486001157447,-0.21800021715100582,0.03673042112831437,16.533795429394182,-40.52988508013365,-18.8670102171911,0
0.288012227392762,0.11346251056804833,0.33740637620293484,-0.1419147430864094,-0.08686929952728012,0.17443032602319875,0.13005105009816564,-0.020094442116994182,-12.483099103258525,31.736044713550484,4.317037538472164,0
0.2746626838659156,0.11361052116953943,0.3996540897544794,0.11621917452822911,0.2867638666049496,0.12171599447037201,-0.10012469022964049,0.19289461596142315,-39.339936176977766,11.987978815344668,2.128563163972508,0
0.3179139345505019,0.08320841253508396,0.4259978047097391,0.13438338067797984,-0.09642324678401173,0.38190142616512,0.13697931920439543,0.060534735905031334,5.263305606525989,21.123314000962694,29.955594102327275,1
0.09433147386886456,0.295675076028608,0.3229992852889827,-0.09465094441589786,-0.08620610027095393,0.12336119206762614,0.27714915381901134,0.21612081772123354,5.494412647099509,-8.851216809733714,14.209515821785402,1
0.3803392155405224,0.10563916878044474,0.10068433845274899,0.06027894683712942,0.2879124429572037,0.19291787414279687,0.08918705566632396,-0.20860976233101963,12.725741993787203,-22.260414154059614,6.797256449479839,0
0.21184215068851853,0.12360475299417059,0.19172044063891414,0.2629784949106732,-0.08186742295182006,0.37835871341176874,0.25380261065466475,0.28223529772885775,40.29067321878205,4.955183795004835,-0.48719552094777896,0
0.16196501036081845,0.05323712608927254,0.31080348107388106,-0.275942688942309,-0.04032402547728764,0.41238761406342356,0.2993085794054881,-0.07781825160949951,-43.18857661498226,-0.6387208255105108,-13.423476154080465,1
0.1242237555527537,0.18435076351955093,0.22292821117602252,-0.2464507994214671,-0.2113748016375636,0.21241363371180555,-0.1587476591601101,0.20696086168703848,22.639190592853126,3.270458779265418,-4.0422408558959155,0
0.3270504060852793,0.20114840658870398,0.059318200762724815,-0.07598113201142834,0.26045082862783336,0.47454524561568984,0.16072251931427733,-0.1773416501571675,-27.499512738225544,34.17943597926484,-21.485044619332513,1
0.20689367442420614,0.38105049176414163,0.05087361654108524,0.22800090414715873,0.18007732358472178,0.20986929018229228,-0.20827969685957134,-0.20647992853341524,37.96251846685176,-23.966580214956593,22.446942479269723,1
0.35729680834744654,0.33437771916755804,0.25794944812221066,-0.14897361495034064,0.003585302346679531,0.05040568890089003,0.09530768908405568,-0.21961366846259542,1.0055666250650788,-40.1056223249864,-12.029250583521247,1
0.17662452279395624,0.1849509511685713,0.25997981321261254,-0.23592010624592052,-0.044960478076225274,0.32599060752976144,-0.001084587937011272,-0.20050231869022633,-12.325346838753113,-5.133449301666317,10.13248887797809,1
0.30408655051458694,0.1674060740822414,0.0061284009325136,0.07933772225299196,0.2992172955122296,0.14727467689499624,-0.18963932851858817,-0.13093982530418807,-6.712607270065753,-22.41783639426918,-9.182398477948205,1
0.3444620440330782,0.08109308129317239,0.37484185612097426,-0.08280387471428569,0.039584349478674785,0.4464818849485136,0.06301173597268511,-0.2846510817825203,20.034436097078654,38.61220555832753,8.520716718633558,1
0.14158321575756783,0.08529420590304095,0.36796214461813087,-0.23643507210014522,0.06348757936487731,0.2984736970233066,0.17130213418521467,-0.2552221801887473,-26.737979083994578,36.86061393208246,4.334209767720729,0
0.05638087554614427,0.05873170154732774,0.2556351197180168,0.18695804675799776,-0.2235439973564402,0.062305127039770314,0.04112811302987496,-0.15942263951284577,20.719236163038644,40.46718493590748,15.962004396024781,0
0.22337952555761542,0.3206895667831034,0.018094788810287532,-0.043787110859413114,-0.2401032709110241,0.20046319132824297,0.2902931046773249,0.15217996848201665,43.65412881166962,22.144376310354147,6.4866043083953,0
0.2624382631048592,0.15773286295526262,0.09089080547664369,-0.24363769696850068,0.09338553529721394,0.11658396662962273,0.04368864724262861,0.2876512337011667,-16.56343617484216,-41.85501500549441,-21.43064313621477,0
0.141064629370047,0.19652963056018058,0.37895515936643026,0.195966890794758,0.036733840734026524,0.1926847404285515,-0.13758194310293578,0.013151082461552055,-16.67253432920571,5.768562334250063,10.599142950578262,0
0.1206535380633394,0.33020426723584756,0.3088944542527916,0.2184820975156349,0.2693058642034704,0.17395038787829614,-0.24565256487873638,-0.1644426252499305,-5.594259089174649,40.1124286642026,-7.301410657595085,0
0.2495685001834026,0.2884057203260471,0.2103691913080563,-0.054816780566854684,0.04607153301888067,0.2984137839829234,0.20699855019787466,0.19145289907968388,29.11735841177591,30.97555179662089,22.78982922129591,0
0.3330409328300746,0.26365518083844386,0.14769664194805543,0.13446245000163703,-0.21238102519203267,0.4473867346392584,-0.23945098137572673,0.21809468025746087,-0.19715150373907875,-6.421769686097832,0.039705634525880384,0
0.15837821050951453,0.23904968331656024,0.46161176763480827,0.023565589352149474,0.07021374609633646,0.0366229930837757,-0.19311951375495823,-0.2394292804211319,23.833165352025617,30.232897282515808,-18.81268240832534,1
0.19717238954720506,0.15381854303210019,0.031032536313036763,-0.2749174935817079,-0.2429156633157792,0.0025164144060559335,-0.1037460123564358,-0.11372735993951644,-6.29174291052697,-24.036936908301172,-26.23553052335281,0
0.2599537456896525,0.08747470049106565,0.13833203213324263,0.004311835829062749,-0.12818422658562142,0.1074981712100222,0.12191124894339267,0.028199604841377346,30.578512342525244,7.311563518992983,-0.9931672935732969,0
0.252496131463086,0.15921584915511167,0.0269127012208058,-0.2974644442769372,0.2016752496711149,0.10011591126119318,0.07815279849548135,0.04622848718635175,-9.033023093353293,30.014397783057035,11.904095741602738,1
0.13655719180632891,0.20436798298423936,0.29035640012933234,-0.07952156065717234,0.2781620406829726,0.0029488179625151156,0.24771661106860648,-0.2995895703104175,-25.49592552029184,44.671610236910595,13.685722542821367,1
0.3320204444198055,0.13654347907780556,0.27793870243788055,-0.121552824543852,-0.10212877226909853,0.4659721846149982,0.10913754304024414,0.28475424795066345,-7.477871695312992,3.3693816018578886,-0.7730748050146978,1
0.38937291613778796,0.2542727613830889,0.398091037371175,0.08086004946506786,-0.043559721603828816,0.028657678637348416,0.13064632412507005,0.1201576634163895,-34.496792398014726,-24.293801253927082,13.92769121248233,1
0.13856216247538927,0.3215268802529817,0.3859246716145776,-0.07300919146572862,0.20107547464844017,0.10653746719950119,-0.2974165345993928,0.04270041723344464,44.46699952071407,-41.52201211558039,-17.520115577492366,1
0.18785807721539982,0.11622123171810332,0.3160953910711414,0.1444205254840964,0.2527571048662373,0.2810318068958693,-0.1346215915106134,-0.25742201108904117,-21.050150577371635,10.652808806955242,28.44621411706438,0
0.14370862099971615,0.15242509271644175,0.1929816771523889,-0.2011168677272595,0.11220968322766073,0.27866866291389686,0.23667748893115387,-0.15547486461208007,-29.679220206072056,-12.723894658842326,-21.23347898951468,1
0.3968809158405715,0.3875920785757319,0.15722767260677545,-0.0716412247915289,0.11895479418004373,0.007922951276615908,0.2963333312332715,-0.2934941507603301,2.8337332592080173,15.183028091733334,24.84877847730818,1
0.277680653735681,0.10503885235807453,0.19037516220855155,-0.1751182582818037,0.09098774059674886,0.056182007458038696,-0.03130630823853431,0.05770923425544505,30.03078985904162,20.20961487834944,26.57178726083177,0
0.2807692949968836,0.27376617587359164,0.2612529367563585,0.27950422474369857,-0.01663482709338615,0.39186119709828265,0.09485707030600188,0.010910964086800978,-41.21144035097415,14.174552143811844,8.555705056573522,0
0.11335540553817985,0.308853113773009,0.4739837121813189,0.0867482020866635,0.27788433628205117,0.4972204926388921,0.1809746410629235,0.29957154522352586,11.324201337698526,-0.2649876647690377,25.05817526221314,1
0.1302789624873169,0.2458758204622496,0.20032792320041498,0.2381047909676695,0.25675155732795024,0.3565306290133233,-0.17058345135585817,-0.01566087127593102,-17.51191496633273,26.84497221988856,-28.249553450777807,0
0.25008359277481196,0.23882512016264495,0.19595710366055585,-0.14720118518346434,0.15319319120069053,0.25478375888083105,-0.2796362806264678,-0.06054330013670203,38.57432744005493,-11.349489461322342,-5.206019524465578,1
0.17206686303910873,0.26409073096724545,0.30612906673952106,0.11025845340240892,0.021360015498872897,0.013377630103351246,-0.25437208959162394,0.2842649912429029,22.161176561986863,40.342220874200024,-9.628463938901803,0
0.18156063966648128,0.3699240604816667,0.41837014380992715,0.2798481320185809,-0.26010714865533185,0.12166943901942995,-0.11948535127977258,-0.045388763427142764,-2.4182958646317587,-18.76748147399358,17.427025388701708,1
0.17370681388951575,0.13312198436578887,0.06132142381894895,0.0878696325173568,-0.0924773860586788,0.11269202238816706,0.21959866410118573,0.1489907585421399,24.63850338267082,-41.47236979350479,24.907826953863974,0
0.34981499943233146,0.31548183544232355,0.3597314779754684,-0.04074417613493775,0.0763853044214659,0.2920489844563678,0.089907960932892,-0.24933340731606654,-7.577333804645136,-41.254724352429676,-0.36055084532886283,0
0.07854011899976016,0.39816873655732765,0.42988127192946773,-0.1092205302910624,0.22234602832932998,0.34085726495164814,0.0998126562595974,-0.21617413863346202,36.53051766346249,-4.469238277076229,18.193665500388988,1
0.31595211206998,0.28218299577055395,0.4746193842005835,0.017648460971725954,0.09265328547468249,0.23966513638060571,0.1084681249667786,-0.03832976207988997,-32.5929169137758,43.801491266921786,13.22182216775132,0
0.15497371703976345,0.09019213605118215,0.2781092263620873,-0.09267780492598948,0.18114410009444898,0.4397117044558293,-0.01645589345575693,0.28281541445130504,4.7711705709965315,-20.617164595231877,-0.6614690793435294,1
0.3794313948662602,0.3604211167425521,0.16845912472441993,0.16599773335496554,-0.24269752156068325,0.37018045435271196,-0.1305245222323775,-0.21861493879448263,16.03720961132523,-2.717386396254966,1.8083761038266353,0
0.239992306837074,0.05520801750896661,0.2544249278107886,-0.06383490853967422,0.22824719218962014,0.360906899722015,-0.27838310705826264,0.17371343798329608,26.210470893809457,14.706859349980334,25.757804154219713,0
0.2563686985168608,0.3208474164616502,0.1963550292804619,-0.2802793978401186,-0.23034041525906607,0.01936130061449809,-0.10263380971410441,-0.002705195238790592,-12.931426470875458,5.453952755975294,-1.163451090432737,1
0.17235926922019695,0.39492294402145467,0.09114267449530838,-0.22359993629601166,0.13738320360034528,0.38871758000873174,0.1033641286047961,0.1657174972559552,17.434941488385498,-32.78063859397409,6.493313848710422,1
0.2923937408542667,0.1810053139998653,0.1719540977324605,-0.2966163091064898,0.2893229247823847,0.3032529161865244,-0.05860282564564473,0.026261293135307118,-41.352566931336376,-29.371414023749804,7.401595497804152,1
0.3670373332599727,0.29732599469972876,0.027359963323529857,0.1795722711969978,0.0038601242159444493,0.2263244481565257,-0.04769328438090792,0.06397803986455014,20.212065070466508,35.637895415210465,-13.623311223166482,0
0.2993895466807927,0.22548818020421418,0.299580585167435,0.12512548151473618,0.028456918200001513,0.3938467238330981,-0.10867958643848852,0.21539426615981522,-35.30912823669593,12.06035792650681,23.40795045160786,0
0.2731631430801675,0.06779171168196702,0.49069355062650083,-0.018596952592396687,0.23805322295441905,0.2377805866164674,-0.26380150885546694,0.19332812765628415,13.336535670042089,25.35813428165507,-4.309808189467603,0
0.22859302112241492,0.12034209924345589,0.4252042740267175,-0.09590807445854427,-0.2383339434969591,0.2080005224614388,0.04437705790180735,0.06593120036345851,30.204706077343815,3.7266141414127105,-16.577371015958995,1
0.3413282254627503,0.3055930167980163,0.4009009083279453,0.2608099367204461,-0.014875572884224475,0.3191435119562718,0.008963832943663597,0.21062219231524376,-6.177635741564345,28.77540940302596,17.961274503428328,1
0.38371346733491385,0.1517296350286611,0.27102371236774997,0.2126133333245071,0.0985084873564927,0.16138847349086033,0.031462010020091635,-0.2502053242603635,4.111776243692297,-6.174982048181228,15.476022424406644,0
0.18397704778986645,0.21273126929228808,0.21237855884780088,-0.20810449047920782,-0.16783110881486263,0.032403849455213296,-0.23082865482055726,0.28673689345134895,-19.819186949047324,-17.36770145943922,-22.373620174072737,1
0.16032953618528062,0.07900602713971216,0.26002094217625793,-0.1632806524140538,0.15179388928402548,0.3286528091639772,0.11188149475342601,-0.18390630683361803,18.776723839662644,-16.98020757176964,29.920441683604267,1
0.22270094292606663,0.097937155889573,0.1281855295185444,-0.01957329547795944,-0.276441452306868,0.31549853448461024,-0.28480686215116474,0.1685228065636128,21.0465843754929,32.889599277538395,-20.53723556981052,0
0.2711100626752218,0.24210377762093443,0.0022247693233919397,0.2966061779638574,0.18859761348007725,0.24323563531834103,0.10820482214542981,-0.014043458045536417,22.01276441508577,-32.91043087629953,-3.2189402859581797,0
0.2657089666378826,0.1999325855973883,0.40111782732197304,-0.026998434905053048,-0.16332834281193168,0.23625038055516845,-0.2575009220175965,0.23871666578363243,20.786253726101506,23.42842075935249,22.46959824110654,1
0.35238729376966976,0.06942627016299878,0.16955352610901026,-0.21880461443084284,-0.012518944522252662,0.11612307899623497,0.27124342760039827,0.03559280019204569,35.79576626733524,-19.974737785396414,-28.441346403206353,0
0.23191378089354509,0.17888133518692984,0.025189869144277177,-0.21419555920416894,-0.1841848862763776,0.18669177162933737,0.2664861882457648,0.0030920369152491745,-23.864385306669202,-35.48248762846373,-9.701668523822157,1
0.30758566689725925,0.38896743601956396,0.1545748888499902,0.24747925086502814,0.19586175193828154,0.3720547326356172,0.2722749406847172,0.09243424488504115,-0.4607412870840193,15.811291962185905,-5.290572445353757,1
0.2208544580966217,0.3625642760002006,0.31068570541344004,0.10286132821384697,0.16379145085679592,0.03356804599208402,0.07666100342378368,0.25436234686311526,41.05113515639613,42.14892996030174,8.749972756076218,1
0.21539459416790002,0.22471797889777817,0.3098596946898201,0.2567823648994945,-0.004912451152254027,0.2643287690541455,0.06119817811651773,0.14250908237863547,-38.53346980623891,1.4118694669774854,-1.1045046476373912,1
0.39790331289066955,0.14678068391972793,0.3062640803782613,0.01115944462454127,0.20527176579026246,0.1442948038525801,0.03296662842689174,0.2703741090631085,-15.06727724975482,-5.453497682083707,23.328798870220282,1
0.35891388459544826,0.15714315313288554,0.3137660025935448,0.25398813258099856,-0.19698252033125646,0.40036427965270166,0.0789100499070764,0.18776804677623204,-29.637598954220266,-5.932217669668894,-22.26976629138284,0
0.3747638078350235,0.23703037745881533,0.2010388271968398,-0.23443964786508706,0.05438044669507486,0.3502729742610988,-0.0576020500910826,-0.05638226362168089,6.598025164287343,-42.49943136835544,27.47195378320494,1
0.14348194682309454,0.3401258435206131,0.07222569975963661,0.08770750116604542,0.2903367982657001,0.3435272916268167,-0.2524599065958242,0.24470970117751495,12.877170992063654,-3.932011835531682,9.58154871246711,0
0.14363644442828633,0.24343147463627635,0.11990527215188979,-0.06373721315975714,0.09336394946592919,0.4180131017888634,0.11564490016012774,0.056593706872393956,-31.704429371303817,28.450404138715427,-27.76350672041768,0
0.263019038830448,0.21849726256493185,0.3557145010943326,-0.22393504671889142,-0.1043319611149835,0.062349675381442926,-0.22438494234107753,-0.2871914730736795,23.030407362739552,-24.54222378373387,19.920463144181227,1
0.31165000263678194,0.22029032766189616,0.008074002108668155,-0.1948765744920333,-0.26984059973420166,0.4235072846245894,-0.12613705962133973,-0.2292464178595961,-13.124487124656799,-38.04396154502736,28.73142809393982,1
0.23116248325661054,0.0651970210820239,0.3242848166821889,0.038087280933636114,0.10857975951281496,0.2836289079136185,-0.03725785054460207,-0.08991507462355053,-24.620832891020143,0.0060954125951369065,-28.43685285734958,0
0.13909226011954876,0.1850724520121252,0.09847977131001312,-0.1428621752611587,0.07617140425936125,0.19407691728903254,-0.09276996409830476,0.020343379633423753,24.46744867595332,-10.901883928683851,5.251169553350437,0
0.3112343478710738,0.10607271640099514,0.24446941576320952,0.20445756149073707,-0.10267757927446639,0.09638256620720526,-0.2934328093391202,0.0735254909164566,-18.557072074638494,32.73051841906866,-12.988914794427583,1
0.17458175194573278,0.20636146233565467,0.15467366937332927,-0.20079181910547134,-0.07595376109290142,0.24045388660821793,0.132437032000277,0.12674265688480219,-26.75744720250082,-41.701014434858656,-11.772028691575844,0
0.11782741447034444,0.17066816788808403,0.295184603592033,0.00396668385591209,-0.21082809823385773,0.22339817234528447,0.025840016946149014,-0.13960037132545652,10.120096380586673,-38.68559104633111,-9.80357798606899,1
0.09841517454061724,0.32101756541406795,0.057852083654714725,-0.06596244590608247,0.2991657090071495,0.0962954116154549,-0.20762185045342413,-0.04631980047192391,10.770167337287532,38.961070417192786,28.84926873198205,1
0.23159746326709102,0.2319898184504925,0.23511828854649686,0.06776934267898244,0.23137597192098386,0.15085684603854327,-0.007818826292422698,-0.29781360228193876,32.38328531863823,-17.468649997819536,-13.722186100297865,0
0.3527269602421241,0.3746721857871624,0.35316544119389853,-0.1810368940046751,-0.18286332440533531,0.4543257815419716,0.004227275960665966,0.23428038429224268,19.849309127038524,-25.873892609843914,-6.914410796222775,1
0.36842881795663185,0.1532567230493384,0.2844169026921595,-0.12609953169030508,0.032571351435856766,0.31093101532717027,0.06620123327410787,0.07412782178564753,-32.84281870042283,17.41864226280476,10.4850213828134,1
0.24333467625921873,0.3000932343945288,0.13732407130876395,0.0989422074248863,0.12241936387152769,0.20564037631041315,-0.05869854051220677,-0.19264512860613014,-7.741136137016362,25.81346625363112,24.538380332993036,1
0.059422769495178586,0.23884005843686956,0.3246993045198323,-0.050362763401132105,-0.07807315218699643,0.4928052800897425,-0.01348288606789838,0.1788416719450131,-19.15432450237781,29.71694277646489,19.421981351993814,1
0.3581837417257616,0.10011256267011673,0.20605241759053672,0.14753109737701392,-0.11243335932945514,0.3316190142552756,-0.1577142820853448,-0.10594844522351515,32.438668441363546,-22.45418675199044,27.859445213091774,1
0.38193082090141195,0.3581290121710025,0.4421390494248228,0.006633672300855542,-0.001232567727676992,0.4100410857416268,-0.13004609267951675,0.20994826764359115,-26.920780928659468,34.11965439701379,2.465113187139117,1
0.20808992353201067,0.3477568655237067,0.011902438918169278,0.20064242682810202,-0.001628385473395999,0.3366100135417089,-0.07557236319449542,-0.07882610767991047,-42.14545624702011,-6.858951261388803,-5.498748274840196,1
0.10571544697301757,0.38665224888526595,0.1119631012252757,-0.05633447603952921,-0.18587714149215662,0.35157142619457393,-0.0383227521234874,-0.051810036589139075,33.75853968501603,23.353186481410802,1.192503173350854,0
0.32059299732578794,0.14987003541303556,0.4429307170348874,0.23489578999912047,0.26894491545375493,0.22882216374458514,0.29244859448795796,0.1709467984585789,13.786864399213101,-6.096782672623746,20.545873248495027,1
0.12402378342068968,0.24807290168278745,0.4582230512954722,0.08955536136745573,-0.19300802101565073,0.39833888437745035,-0.03511223591499041,-0.292093956994346,-1.1911526902948495,28.123620953700623,-4.202542149983216,1
0.24703524882520206,0.16163935740392477,0.46471270252309366,-0.10129305302272054,0.20096664759176802,0.44795175898794204,-0.009998992070317958,0.2365735616884455,-20.08770413480576,14.259008356494824,-24.722175088536822,1
0.17186867635420203,0.27379244660206015,0.2600256393104739,-0.22257064626104606,0.22152468649829676,0.1795064160718992,-0.04045294202510746,-0.17659976600185254,4.805838685610027,18.184955618572467,22.869919237556374,0
0.24144572565237638,0.10136013162267837,0.16814291521368085,0.29258846865387705,-0.2902617261945171,0.22625396576219203,0.20559277303091766,-0.10565924236842694,-1.818134752036201,43.02411712091819,-1.5073898114577666,0
0.14807031685849914,0.3215407812303336,0.05604961621321103,-0.12696797795149817,0.02017196036392066,0.26246104785215757,0.21025871069181973,0.29767635458316427,-35.35102387258735,-20.575068045746665,-8.544107386615451,1
0.058996320051345995,0.37082395108380944,0.15569137213432782,0.09639528907027911,0.2935411494106453,0.33472539678097174,0.015056877513707989,0.012551960110343097,-11.077456639000346,8.98016903595768,27.52748337274226,1
0.08824926295273004,0.21268949153504701,0.28366179526724355,0.13377278610629906,-0.051481457979947576,0.15917622353921984,0.0994075188924779,0.11053418582732716,-20.661429899716317,-43.215922598658594,26.741434184551167,0
0.2986416821228475,0.27240909491212945,0.3576827772970476,0.19317366871791897,-0.23925977125864836,0.0009943707250723577,-0.2696602553063075,0.12407595548928713,39.1046886224742,-15.200515618526982,16.871649983666607,1
0.2869038976531404,0.14908536256398564,0.03463260435834037,0.06395334881018677,0.1393251924775461,0.258642147160746,-0.2966110358579445,0.046129642165562035,-44.4051832213836,38.37674711674062,-13.961690536496878,0
0.06770888508845847,0.12638869762751936,0.08504704448507644,0.016240481821474417,-0.2516816714660222,0.17193521871065404,0.29174706591035776,0.17653028202022325,23.453227162796523,-32.83967705035115,-8.126453605079202,1
0.07390200808454261,0.2565509574382173,0.3772875145089451,-0.2928818829355035,-0.1663511112399691,0.1885360154246934,0.004090468241201073,-0.09504282314660376,13.409933233414499,-24.62422344743586,-28.47102381425886,1
0.22372043151272508,0.12215375541710756,0.2928996277928165,-0.027289758765000283,0.1631552562026915,0.277788032101474,-0.1323462930177415,0.15263575183271288,1.5972311665763712,-29.020810294950525,3.784339388519669,0
0.08351607867347921,0.262861272647542,0.24231728682621861,0.1760112211317844,0.29838960729411196,0.372153370301206,0.21895729248299595,0.0015813014134890557,-11.376180867513284,12.895171335482786,14.965104824165834,1
0.17204807611376927,0.05491879077203018,0.3462279102749279,-0.15136353855750512,-0.08915733807098256,0.16745084529194976,0.007097880527113076,0.21587983325676657,-31.554904184501293,-14.334559809185698,11.52172846390701,0
0.1252983951177003,0.2653913954162469,0.06193308208250631,-0.018132599398214433,-0.146506959442272,0.4269612362886787,0.03269653942087919,-0.1709347012430309,38.38190874496249,29.060687736607647,-14.08246617804518,1
0.2239225362880063,0.38223124624352606,0.28631093580659794,-0.07623651714706248,-0.281446789751452,0.45748970863910016,-0.1037060034851747,0.12286644078905767,17.481348190031838,-22.15051547681269,-26.173349612356482,0
0.29164068408042554,0.39404551003756744,0.20592172015048688,-0.05798735805052302,0.2540081806354873,0.12293779350252931,0.13788914778172,0.15274388293088076,-36.19908022991012,-2.8591734875774364,-17.966251720706758,0
0.14821707549243593,0.34274869135861635,0.24765735369501213,-0.04341150452097109,-0.21249986573131902,0.43794539656058196,-0.26710667652372655,-0.15628118467531182,10.932504816178586,18.208118520933176,18.06939448914882,1
0.10899812087816244,0.2981024148175794,0.23015286424503045,0.2513766944436305,-0.009349683719008517,0.1894369432213885,-0.12326092858190399,0.24217286413689437,-24.64386269323246,29.494331244853797,-18.348753145323744,1
0.14959482240865773,0.14547075362729756,0.3837278885445256,0.12367120222831929,0.24188741128221442,0.11466960979213986,0.17181875732568502,0.04382734591685755,-17.218835131259894,-41.80912808330244,19.136852991066604,1
0.14622609218963362,0.20017629059538677,0.19742044635031614,-0.1191229992071898,-0.2172602505528208,0.3279577309869403,-0.21803735833220678,0.16525467160360457,-26.848078804759176,20.82341764199805,18.33516634172802,0
0.15898555927269914,0.11037917819439677,0.4346837552536333,0.2824995899142813,-0.024849705674207634,0.1635098561722929,-0.2715107533330624,-0.2778890756339681,-9.640620391913814,38.721781647086914,13.84251260409387,1
0.376736860494026,0.3271774277646678,0.03873020268253563,-0.05561812288511114,-0.2591910803794447,0.45759707889674744,0.1456812866835872,0.11192707821283027,16.443166195277854,-19.33357482938308,26.012349312042517,1
0.2806820855398447,0.21242311046566797,0.146273167002605,0.01210683560061293,-0.14490391565914168,0.24333817322107265,-0.2123187564473484,0.039237059382024486,-22.924467826910572,-18.57527064525873,-0.058311493056695696,1
0.29869718121465866,0.3548204527878338,0.10768823310781128,-0.19643221977876255,0.2662697806922059,0.27544650958178385,-0.08053678860484592,-0.18040832696152628,44.57230399785949,19.72658583823963,-16.926881509370087,0
0.2354403366892161,0.3288300616520727,0.2309063672314663,-0.16335507829468363,0.29607941416822187,0.05778940317683423,0.27353334449479666,0.18542777305829322,30.500416737706658,26.542582478234948,-17.50974352172268,0
0.3531965206955904,0.37283635089847067,0.2784162081853903,-0.1783933272793695,0.11114845926343203,0.27448903326473006,0.26671779951157554,-0.0364367629137049,-20.83377171241602,-32.55416986553036,11.91801412120077,0
0.18238808879767376,0.1557038527864118,0.33869101283849024,0.2757414459911626,0.1665802429441791,0.24308129655077698,-0.03557309507867018,0.2445985129934321,7.02963886263786,-0.3024879240424312,10.970152171885381,1
0.2147858737993481,0.27981771610321354,0.3942699609864869,-0.11573458726520838,0.13858164669853323,0.1430337021756663,0.08667972501996346,-0.029471915523185066,38.39650374155423,43.38840475990145,16.44738646141753,0
0.32649713643484257,0.11806347838299917,0.45177006959328203,0.11175000611997388,-0.20835640795791105,0.36991446080496543,0.1344346027609684,0.145378474150253,-13.961032431778726,21.582022493415224,19.594203408603427,1
0.21547439046564937,0.382521383118553,0.17135682137747793,-0.19365869925043644,0.10685643652789695,0.4230037806539544,-0.2758477560360457,-0.030220386946391675,35.32389207185936,22.465675703058082,29.50846298985769,0
0.09172613416921063,0.09693311345546787,0.13903777289062869,-0.11717723774350122,-0.04325807179119001,0.30549377351831414,0.08077747045095779,-0.05291346204865785,-8.209520151417259,-25.41343259727342,5.298374904540495,0
0.21615072526171608,0.2910997234528868,0.3882019931660242,-0.2529247740107701,-0.05559429988437342,0.3849281901469195,0.29534155808778645,-0.293014529282248,-21.167259530243857,-3.1636276286573732,-16.62349789390325,0
0.3151203892620657,0.19103519573970246,0.42946720996738397,0.07089211043618748,0.042137736959668826,0.15650893047303333,0.09786280417118776,-0.2161831733492969,2.240936494050537,-34.55009453343221,-3.291183524776759,1
0.21089831255875724,0.12542329963444518,0.3726019213905054,-0.22130689848917404,-0.18084980188121513,0.3134124913921043,0.14836188011524187,0.23681273212068893,-20.467215232569746,-35.03481672595011,27.362799571357748,1
0.2545375285608158,0.09306513614934661,0.1327624849467855,-0.08806404704021317,0.2916360287223923,0.21531083895742897,-0.16191960702431454,0.04183858044769029,-8.571630774869064,-40.05356506723166,21.65517674725953,1
0.38020790570947444,0.11120113816855728,0.07571369125523258,-0.10945840325673897,0.04416333680297291,0.3407363159929021,-0.2920243935926184,0.16681336303185007,-29.248240582148206,-18.316363363828096,-10.674796452260907,0
0.11249046953992108,0.2612195484300419,0.37550785407635734,0.08187592417010714,-0.10242960125821751,0.02980908628250989,-0.017841682710784734,0.0025617918563783926,24.358644716383665,12.626060606275928,22.275517656059208,0
0.19997525980331116,0.27589724725210174,0.09293543772190244,-0.045634562560260716,0.17478079998148982,0.30329485724789584,0.16994948860271436,0.005890041283333813,-10.787090913465313,21.828634027915157,-24.37470849120238,1
0.3220539865415507,0.17112441862075906,0.1788174040398141,-0.018279677600198718,0.10427969985161634,0.280520552325683,0.16567197149907265,-0.2674999249319151,28.713666826365284,-39.77537834227809,22.858435501306168,0
0.2409838306037122,0.3792660276313422,0.3971737799434645,-0.18883100146558962,0.22985053952066142,0.42238371659260177,0.14713471173292125,0.010143584863166855,-38.716654026841994,19.035471725024934,1.1005302253695888,1
0.0945290866621398,0.11604927351012174,0.4252604394606788,-0.03223059685173507,-0.16327932806829973,0.3796705500111937,0.03238867549011565,-0.2873063931460239,-16.527468839695636,-29.06987299907931,9.352371658970434,1
0.29477903795171595,0.24880713385166658,0.4006788562580915,-0.01460873594908807,-0.1849368176005332,0.31992170006141585,-0.251831803802433,0.05075279470105326,-25.856567508198818,16.644279341120424,19.68258970368651,0
0.17297238915124244,0.23363362830525009,0.44156344101796174,-0.1245970637341805,0.012462364775501333,0.17006947684423968,0.19306383562392027,-0.20543909202691296,-35.684075852094736,0.2695727913841566,10.313255145929517,1
0.3603462005259836,0.2176559025235696,0.08535335553052842,0.15264192898135293,-0.06689097660574589,0.17228414484611748,-0.06553079246443358,0.035442334479487414,-14.983305233025689,17.092854989830656,8.863427744619756,1
0.26207216442684794,0.21106380229095723,0.2244585482712581,0.1299207369710793,-0.0737788553666904,0.218629890556093,-0.2017973284667794,0.10777827379282806,-38.07677256886861,44.14609447924336,-21.37574536982306,0
0.12586273469850118,0.31044288004876597,0.05805618638704285,-0.0011038566452628018,0.027595292635002044,0.16967727356280776,0.17780172847612874,-0.26675051355252577,24.970004530271694,13.142947348348969,0.43305454040388014,1
0.3025191909855982,0.23907244761118934,0.03908707460732541,0.026149649077405523,-0.2675472762738432,0.0353480529991162,-0.0087202859091276,-0.00010604969061289715,-14.490470439611698,10.959431248064853,-6.758495840712538,0
0.34916758065046294,0.16152881590813595,0.016960700268009665,0.06476892386574423,-0.164538893913656,0.39044753697229573,0.1079290256196746,0.16391211280555662,42.07780802892614,7.609265563368716,24.25881302460659,1
0.30315091753532136,0.20702008296159052,0.07894721096830248,-0.12292439370923874,0.000688103959776587,0.16482573613484053,0.2818495360449554,-0.015154954975680424,-11.506454077307076,15.584888607123297,9.032703411354888,1
0.21018995284558478,0.34740193556453053,0.4004776211093995,-0.20217087930520244,0.10405258687743707,0.42841863248271267,0.19186055317128553,-0.04462053402169114,-40.67164436884958,38.80524806763742,-6.246893049116281,0
0.3481537495112905,0.13434200609209107,0.26919674504331237,-0.18951646971049052,-0.002819630168494791,0.0762332544891931,-0.20305282537708685,0.0673340262252094,-21.259256204180993,-29.486949609217742,25.78609500810439,1
0.2850948527472982,0.1683996894700247,0.3390952476956597,0.06832262663621091,0.00656877147124757,0.4392030070338136,-0.15236984059065167,0.1784799985793511,17.055695067506363,-19.685891720637404,-4.698854723346063,0
0.22560057089827262,0.26580216824489716,0.44917115310121447,0.11958742541646572,0.01948804767313267,0.32259298033298817,0.06383656830541296,-0.04012727550821216,11.22876091174053,-5.078717985225275,15.456862672314742,1
0.2555005194042844,0.1879325522392113,0.2781916792912721,0.01968526107475632,0.2548397075399506,0.10718152488078142,0.2568950715310058,-0.2811953751240867,24.22829533797689,37.77013176404087,-6.356868540808229,1
0.08378163815960768,0.13689944923807984,0.14667041379773432,0.13055028233216798,0.10446251177355231,0.3735400444655329,-0.2629469716575989,0.29634852730382816,-40.102197416120795,29.317301229523864,14.416136008832133,0
0.22021405828500878,0.16890686526225018,0.16100371036171612,-0.2836108409308434,0.10308032044622861,0.3086359897826189,0.1012922264233207,0.26463303243898323,-2.4223734298078767,34.35933908720176,-3.3634051885291036,0
0.2662837910729604,0.1500500490090539,0.2664821121695991,-0.14331265265722734,0.11185730815728734,0.447850695579852,-0.24806111832261482,0.17179121127285513,-30.951445039168586,-15.353119153861996,-8.558082250502594,1
0.16921095193828856,0.33425864110596804,0.09780504113236321,0.13917093844291345,-0.22250931179488603,0.102802763372983,0.00030348575320066074,0.1475290360898538,21.5485779196064,9.803004502207067,-13.673239566245648,0
0.3827780220659293,0.38651085641199023,0.15574407709470345,0.2680299664134473,-0.2788958359654286,0.490447995168101,0.20155920984519865,-0.17140186751327166,8.959243854112962,26.84694261323726,-10.84206215953326,0
0.1251374835101234,0.2944668048397178,0.3504914901563779,-0.2606804375036697,0.11619053839262827,0.10626411126221003,-0.1472876305284845,-0.28115118224653163,11.463500049558,20.855645411895708,-16.17050021096981,0
0.3270080207326678,0.21132598687558857,0.040577000211949654,-0.2905166667359197,-0.013679620030245254,0.24715726676730887,-0.05558256728221661,0.04090041077481871,4.694643297398436,30.29517369294237,-23.480573804264253,1
0.35444985014905156,0.3709348050516246,0.24519920862981676,0.2738039640440508,0.22514508552718565,0.4126153585496127,0.21582603880932355,-0.07087475269870591,23.082204667998923,6.960510276853434,13.1810401044184,1
0.3369084890988259,0.05107138670243253,0.30983868106785883,0.2608542906274674,0.172715971220322,0.4268170960736797,-0.06182718289709971,0.19454336766007574,4.574849852723993,10.668621285287898,-26.46507963985179,0
0.33113873468314764,0.126614532610684,0.19077294251216126,-0.09004606653817607,0.002944689863642158,0.4768568100988177,0.06935902106868708,-0.11223656434792273,39.736596454689476,18.024432554672742,-14.035168591079795,0
0.21656935213013495,0.26732260889794274,0.2068711624928285,-0.017890636078190303,-0.12581444597539776,0.21992665029582226,0.11135533946274628,-0.2760348449481185,26.552466656653934,-19.531841322481846,10.953587605949984,1
0.22848946674027554,0.14112204611084006,0.225540807340451,-0.02622008965091438,-0.10870090555915835,0.24316229079152674,-0.071908871670059,-0.23216439793087396,33.005313666520195,18.11463429872034,-27.521468100009567,0
0.33295944855453635,0.10757675030041841,0.05070024956330077,0.0783904798052184,0.13607149676333563,0.026528219659733954,-0.17942198928130776,0.022360786153484247,-39.34650603700577,-6.835244734467025,-1.0752132325019375,1
0.13845935050552283,0.23401009564039255,0.23084844287261236,0.21075952647739532,0.23660240481767097,0.37962457705420466,-0.10821602603261343,-0.27714629374910776,38.28023633194907,44.28110264928023,-22.37875426064952,0
0.2174135350419788,0.2301192141747755,0.44334105295923404,0.19065479640889937,-0.15616678126473346,0.006462977614425103,0.07769975532123063,0.206909894302512,4.756510134936008,-25.994077198843936,14.481305440518412,0
0.2820548674271974,0.06246132346822023,0.13278253817313984,-0.17593996219231894,-0.07751483895699601,0.4765268582726125,0.20736098337500292,-0.12394524517903385,2.702837798939079,-27.69604905720043,-13.353960462243705,1
0.30187672475504895,0.2575477681647987,0.4244335905296808,0.026321873929291584,-0.03511763260025769,0.09472342993035415,-0.20796574492909278,-0.040818410176891085,-3.96228788752358,20.998125470765444,-3.474899397787418,1
0.34512385968044135,0.22259997424914713,0.3042160930307549,0.25607167810444537,-0.0490726486151406,0.1101431940203233,-0.24541179692196677,0.053987438193729254,9.997660830601077,10.863459840704586,-27.77003275451368,1
0.1488281791769535,0.19128558849650573,0.07860877938516841,0.12248801285891497,-0.002963201424217188,0.3199082204162516,-0.01542028260532069,-0.05250936190130254,-0.6849851860678768,35.95632912296894,-6.237670302423581,1
0.34479109636167316,0.08013130197484454,0.14733815552855029,0.018933658717524338,0.19734250613537968,0.28230833700993635,-0.006132691651570765,0.2772705411918985,-34.52306452641677,25.205933311377493,-22.377908548480384,0
0.35175561997483523,0.18436146787914853,0.09980751887715011,-0.019231688093859334,-0.14688121541099672,0.11791074424892528,0.0439570804640958,0.16040776251052768,30.1458936743888,-9.209711657664805,-25.99177418418364,0
0.3699609186020252,0.06955682699816923,0.14140950415547326,-0.02776548520235861,-0.16429670715232694,0.33188040705648164,0.10727545992222709,-0.1728851888307712,-44.22678581413168,-38.31144768084129,-29.97432689836346,0
0.3171441312070484,0.17180542539330484,0.3383685337913253,-0.03246746579284271,0.06468280021380751,0.4145076864024496,0.00843521253252344,-0.014896079491976688,-20.972287475522727,1.4314123637805451,-14.255263625423765,0
0.2882393214828919,0.336235574535459,0.3962125501675893,-0.005217880380060103,0.12267497282005013,0.039129503841785096,0.15481264989018412,0.27709980431542053,-37.35227221868354,30.25042061326691,25.978801598956274,0
0.15575054896831642,0.2013882575687932,0.1931558434321804,-0.09486987500998806,-0.06696409831077749,0.005558855206031665,0.23175640087295074,0.2864080784692145,32.624657227452445,-44.48319533511825,15.053132801677314,1
0.19596850918865177,0.35781339945645674,0.028645373361142923,-0.1723951759439816,0.24500740532495774,0.4450073370799608,0.10767049997756473,-0.1557158675428572,-7.217049504979286,-25.990110500583146,-22.284689452487804,1
0.22213976877296815,0.0838462678223835,0.4000355036548944,0.08005915704397704,-0.07168968586223903,0.4877665763119436,-0.09678887837781813,0.2445803871996612,8.332600325277788,-41.70222143317038,21.62010648480888,1
0.1210942233625434,0.12304337853735256,0.15241541211441867,0.23445842247414322,-0.055885701784276626,0.15089690653797744,0.14470846912762558,-0.2772058934534145,4.393306017747577,-4.482900803136538,7.491492644559351,1
0.06476773437475475,0.3784889453954471,0.036845637915748075,0.22355016153505386,0.1987992225898308,0.2972119188037051,-0.2784083495605914,0.07268568406176884,10.606177874417405,5.147772747945261,7.8915342868032425,1
0.15509516924988437,0.2170315184915288,0.17983314683330548,-0.16535046439518822,-0.27242205039591594,0.1761062467825621,0.12684560862584537,-0.2889373182748837,-5.473933811465876,12.960846130488157,6.62424655045843,0
0.3239573295376002,0.0789554999728535,0.24332916541908017,-0.00557580338728747,0.2626958729849897,0.2858640261880377,-0.015906359365827738,-0.13981460214486385,-15.158790239170305,1.8605162224383989,-3.6653123816971984,0
0.30403444033168564,0.3436286391143847,0.420564443197348,-0.12067929994794183,0.2118897656885937,0.16182351387677923,-0.15973957929927673,-0.2991160381678745,-23.785627037993574,-34.34050585895413,10.496196155939757,0
0.3471424479186989,0.2153640371475709,0.2549151830285247,-0.11267143624675305,0.28167515023535256,0.36656223727977266,-0.07860686801979302,-0.19511556826019694,-25.23783670181178,-3.246994250095497,26.554104018860272,1
0.38347445235140754,0.05121867328961412,0.10639579602075544,-0.19188349577463001,0.16878271036791082,0.29904002955591014,-0.19359980202196098,0.18838257319131624,-13.187261537482641,-3.5228811336207855,-6.761603680761276,1
0.2698746408964598,0.3676686021318191,0.2598684013671253,0.0800141045122148,-0.053027669800878974,0.16369210044037302,-0.10097293232324794,-0.21100963097262435,26.693788560646624,-40.01687240998106,10.4811146258712,1
0.32680279580214366,0.33765825227015184,0.15477175406881372,0.02937271961669763,0.037806456051815374,0.2364435910770833,0.09306833485485888,-0.17394772570587985,43.13189156281149,-36.17281556181608,19.753268472187152,1
0.050399271651100835,0.3918770870211127,0.20699170872525158,-0.041440339293970285,0.1275672702562431,0.3021926935722121,-0.11880803261280662,-0.2400132728064196,29.462626795247616,-1.496054128823772,10.348457618803273,0
0.19914850022576286,0.30836340647475774,0.08553285307473407,0.29971593289910464,-0.19581181507853462,0.414900313829433,-0.1725370986223643,0.16950479075650077,32.51271753247258,33.897681558879114,-1.4568931852094131,1
0.11764735735446265,0.2878742945666694,0.038559041746080935,-0.16862698652328958,0.1752945171988795,0.21753507216503298,-0.0011734994092697515,0.292438151090118,-23.83447627359739,-43.24025254176589,-23.31764342892935,1
0.26001030461003194,0.1032125676930998,0.3274676634211779,-0.03710284128045255,-0.09936629950768686,0.12046274026158194,0.1939979915140257,-0.061995631521959055,21.463133904560493,-5.3680326626354,-24.487968786793235,0
0.14921294258517515,0.2508458557086091,0.09165908093477015,-0.018519937816729892,0.09048735902642085,0.06409103659140203,0.2583565625261424,0.003434819672474887,28.757517469590795,13.851488755895701,12.60005647335273,0
0.314307471573863,0.3734499835655487,0.3948752685333255,0.06756949766050308,0.18793974936634572,0.2021151164664292,0.21569841304841247,0.17911130978290918,-44.84478201693129,-1.0985278574234698,-14.12300543524643,1
0.0829212131640529,0.3945478428055767,0.16835032386964716,0.0854492482723494,-0.23356808508805457,0.3547431943606632,0.20427380823749158,-0.23682891460162658,-33.67231610669404,-19.705732705149508,-29.283851077480243,1
0.2319596651833859,0.3778184046629502,0.08138593820302609,-0.12036714029414447,0.21742638325851665,0.33310127238659926,0.025829616401429834,-0.06305976480528688,-7.9816110281540915,39.14304144880512,10.264536272028714,1
0.24495062365850762,0.1537048706587198,0.08489998688635375,-0.1828886821088066,-0.265232793277122,0.4746467615046287,-0.05827223489542224,0.2004725352012649,16.3196525420722,-27.727095473002315,-19.47226520525473,0
0.2937810596546896,0.34811891045723414,0.30184911957979316,-0.0875046444643075,-0.18726525468200922,0.067173097201848,0.146504843489437,-0.018520801449890434,-40.83124039493691,43.54555562483583,10.278190979339406,0
0.3130609195158902,0.22992734664462577,0.21445336619206617,-0.2780582588527227,0.19300094978329135,0.21535645208105603,-0.10741956496640634,0.06398062796656895,22.872403700976847,2.074618847946226,-21.0250094714765,1
0.2921508158903163,0.22704088379478404,0.2657496659161893,0.12389383116041291,-0.006755700398137665,0.3001631960088584,-0.16145938835317367,-0.07289604210682182,32.87163150643518,-35.1087739516453,5.854515656018393,0
0.2515375617746226,0.17597643641268185,0.30541227523298486,-0.12224715877241671,-0.09248968334352584,0.3953367958223048,0.22698883853631485,-0.10677955108136875,6.4364221210748624,-19.965394449695875,-26.799921497554347,0
0.10613518103496039,0.18595146180287891,0.0672470976658664,-0.08238599925789483,-0.05988042287301859,0.05605520581269813,-0.26409994428837474,0.2289611341545184,34.888328067619696,-44.76790123086151,8.472245785448187,1
0.13621909385537517,0.08092548067025981,0.053559446769088026,0.23839754776201166,-0.1498147425969503,0.45350265080587143,-0.22792925472060493,0.2903611542059726,30.00141637760784,-34.5394132562687,-24.836609831019558,1
0.3116866929117986,0.3658856578812054,0.13150481847477447,0.24088537728680598,-0.23478322437554783,0.488841523864939,-0.2010889049402339,-0.14025817883862363,-36.30654539175229,27.33088561979403,29.053923722500734,0
0.12101212818210579,0.3573102454403011,0.3454515904437624,-0.09525671720717785,0.016692193684284262,0.33474009410651423,0.16971462998725512,-0.25191167407767495,-42.97330422042779,-34.69925725470992,-6.300221389646222,0
0.1426490987168381,0.36964981429569155,0.07002770234474531,0.10662516867268168,0.18868432561856036,0.1176281942078225,-0.13427558192606037,0.27871133168352097,-21.186215518845756,-6.303865508995699,-4.049064405458033,1
0.29030417365303557,0.09125313012476127,0.1685383584712079,-0.2708647725006445,0.09183630486686961,0.33636963443853335,-0.265501952955652,-0.09868803522074243,36.25545302433112,29.413442706732383,4.452754188672969,0
0.09523788113166684,0.17869983169136366,0.3001607350233223,-0.24909731425113335,-0.07040669771151778,0.13058604200829538,0.27123013258002243,-0.05304850630111771,23.64037726927613,-10.196517283904363,-22.09127577486987,1
0.29385373084609373,0.35063818739270075,0.06114476860140933,0.25570931776491806,-0.284389557869058,0.41809987547888766,-0.25395574406418164,-0.18322307303704663,-44.64952682569807,-4.926896501756339,-9.938446396956465,0
0.2415381699166575,0.3715605474137541,0.43516875501876073,-0.11650250660110398,-0.04284147986661779,0.01827109953978323,0.026498104589489646,-0.2619792119695627,39.474554960618974,33.0240451367045,-17.148742413749822,0
0.06554245126973589,0.08882659635687837,0.06965516382076525,-0.08109822575363623,0.06439977344660641,0.15379505721096492,-0.26068341974111986,-0.1411147576095997,-8.218651419035083,44.30429358050962,-6.42078571494368,0
0.27455405862023347,0.1801602341867256,0.13809613627563022,0.15279115879170907,-0.28096405983010236,0.3693688553740468,-0.1738356033774853,0.24166623416869876,-7.767607884972122,12.806721300819945,-22.741841413929478,1
0.31724731733265216,0.16665804353419422,0.1913761477766328,0.21938036893526952,0.28332510555600393,0.3881786703839161,-0.16975741513366424,-0.23240902070169162,-26.17153670107782,-6.951477147939322,-15.798178335141706,0
0.09686117428131358,0.15392855823620297,0.043223706634403114,-0.0432634420924517,-0.19958563841337068,0.17320337298720434,0.1761466496349638,-0.1524434096465184,10.070515920786207,36.10632773237515,4.01575122177281,0
0.3285282516818594,0.20442542661398339,0.105596860014529,-0.18662376946818793,0.21389760054095502,0.2553782433742574,-0.24591781077703997,0.13021168365773322,-22.484605247547336,33.87552756757913,-11.425692838201485,1
0.3999783188541535,0.10028584660756312,0.47138411998136015,0.12392400701115014,-0.0008350989800852138,0.47734331967445215,0.12821590939278027,0.056192713271445593,-26.14259123822239,-23.000044331628917,24.69010416397473,1
0.25868379334177655,0.14241179579646493,0.0939292740963405,-0.2757408411641978,-0.08138305411463323,0.4394844361932287,-0.09799751544157659,0.1074445260717562,23.089226706171658,-15.470927172882039,19.298444100722477,0
0.2716503968437028,0.2433627733720528,0.30377667957584464,0.06727075822989637,-0.2745550388869868,0.04443564296671043,0.0716499430585496,-0.1114701419769088,-17.871706349108933,-27.590342461652718,18.064198166045323,0
0.25915183019615,0.36076183109142884,0.05890921169901053,-0.22080092399641058,-0.015259888525401222,0.14061505202891872,-0.1338426531517205,0.08320208047008515,-8.076926028213968,31.01828030003972,-4.265632755384978,0
0.23331353205117306,0.08558516601630059,0.41672927689427985,-0.2688228801209374,0.25490512141083727,0.04955657078993775,0.20614497095865164,0.2415918863565702,43.16136125279334,27.182329224623416,16.768652446279738,0
0.16278050727313437,0.19889939038518079,0.4948380060464067,0.03293936556150123,0.028140681028127723,0.4047968932004691,-0.1931613003518436,-0.05675939508988587,12.722616557301407,43.9215091578309,-20.731824198115266,1
0.3906643534189928,0.2837290330706741,0.3035680975105045,-0.15773768892064619,-0.2622475764603715,0.4259673851459144,0.04438863836656137,-0.05135168254507089,28.07705898796351,-17.04776556804131,17.01703535786924,0
0.1165730219154879,0.08539976572522098,0.31920265095939915,-0.06412255208926504,-0.24489873943889476,0.0018712141745225175,-0.2525030541711133,0.013641347263144032,-24.219634938215194,24.97969208870549,21.450517984304575,1
0.17430771044785515,0.20835758219216532,0.2080808400336454,-0.185972870424242,0.23902523036362472,0.12665380035282187,0.12316344568659093,-0.25970659335901625,-41.512380162441346,13.835742531922854,-9.659048545604378,0
0.10901656664104876,0.10641728502317749,0.15102562970792593,-0.21305150588499608,0.25315279246457384,0.25647722525565037,0.07414508862161062,-0.0855070947611275,-20.13784730694796,0.2859453208991667,-12.340621509909983,0
0.1389533008416524,0.2925413235697329,0.21740054227496375,0.18200972005361965,0.2997108661085696,0.17454130374493504,-0.15335817391317133,-0.13957050672314505,-36.598837888739524,-9.535842314986013,-28.95449683698544,1
0.32281519461943176,0.08703556003281954,0.42850135851627413,0.1604021365584808,0.21681828234089245,0.4474968730208324,-0.16213330623415126,0.012603484337172455,31.492999814973956,-11.035082509549966,-26.37554539226205,1
0.20130304909728153,0.1753091873293895,0.40794412374879224,0.15423617912146242,-0.06059996518557151,0.1706859313050636,-0.2766672062024747,-0.2509756527359126,-40.147339000118876,-42.80260622867759,-20.827657071553144,1
0.30814815642815396,0.3577290498847481,0.40733313304038926,0.18706444694469443,-0.022184020746680966,0.4099949738893864,0.11442288781278032,-0.22052916111347737,-34.72340363419319,24.472992234117584,7.527845326375427,0
0.17766168810174598,0.3681934248737358,0.17839620626662744,-0.19457580437872254,0.04583348409927168,0.19799629569018468,-0.24246111311949536,0.03890541059874503,3.4061770049131255,-29.41226220301244,5.858290137590572,1
0.2705712407532501,0.25841721473698465,0.3198453687317717,0.27266672087625415,-0.09608455590420309,0.14045798805257775,-0.07395451183846535,0.18056945644633648,-34.11370130490217,-26.3857771842584,-16.305269251308072,0
0.36762075755459667,0.1219992392318243,0.37132257386069667,0.17583958262433913,0.21862051986563052,0.1297993354002605,-0.029499092416703954,-0.16709734257804576,-42.81214885099278,14.311136507846143,-4.112182926411265,1
0.05979613261381406,0.06904941376703516,0.18557198660398888,0.2309649385451809,0.1744993820409505,0.055076820955781924,-0.0031014247539911666,0.06275236258689382,-1.6929681448419274,17.780997328115497,29.835789485371272,1
0.3789579372990069,0.1544539915155672,0.18837733161450654,0.2959999808761737,-0.19426670087609052,0.038484084187652035,0.05385314332836366,-0.2854398069470202,-28.76100918526596,10.998826262142124,9.570744041479976,0
0.1163149756795,0.09547252686741509,0.23785246311296687,-0.16385439056946952,0.10188839680950623,0.21857595943616537,0.19960691763470245,0.12015906120134945,-16.887002275616304,29.9033821255681,18.28586144980811,0
0.24528841285452796,0.31736795417146524,0.38980519714932077,0.23284877970351653,0.2063144395098258,0.20721165643214717,0.08985199588299397,-0.010058845282959583,-34.38346802218815,28.951282800455644,6.1058117820304005,0
0.34108518399095894,0.18886013281160863,0.028268249843165616,0.01054970640572439,-0.07417049468210557,0.06148619358904239,-0.2364879921665367,-0.2081778698063425,-26.47586939538243,22.840776842892467,-7.097791769957528,1
0.3989592265737105,0.06057672131297247,0.2986679593557215,0.09012736450902537,0.10907360518178899,0.12781387198454486,0.13294754657931046,-0.17016026203124068,29.61344301765142,-25.27949933238289,11.80236174456465,0
0.08229017432738041,0.23989042486663426,0.37597525413587146,-0.04584879102312822,-0.12035310311008535,0.0236921169087993,-0.2851332749030419,-0.04198405821268725,34.50107436326711,-23.034349908612867,4.443330346909278,1
0.0989289493446801,0.09008552573759071,0.3342014808952358,-0.017342276314120497,0.03914166388871332,0.3824994287080128,0.08083099200035448,0.032147640394797505,5.328644467087216,-17.6444911743649,-28.150929925923634,1
0.38250061970097277,0.1498273799228536,0.34638578462749825,-0.2849758781968898,-0.14256691635982527,0.2318598639982964,-0.2814031269113193,0.07060167633218334,16.047954756153736,22.205854335424206,0.9944702905807361,1
0.247924710362744,0.20011534030542882,0.4940123842732057,0.14190704001568333,0.18437577450833526,0.41269249511739875,-0.286875040027319,-0.2671893689626441,-27.147151285189505,13.969583647835861,7.436951771964829,1
0.37498484754828365,0.36773071846686095,0.4955149025130348,-0.22099394877770545,0.177609835254957,0.4022471774737516,0.0866241169070921,-0.13268342505707878,41.86334444654835,-26.60200758988114,-0.02547729849365865,1
0.1299176810711741,0.37613850177836045,0.28560659567599883,-0.04650294964910873,0.0362243375807238,0.17130117832513891,-0.12686819582342873,-0.15521139721348273,-37.581480948858584,-0.3091592567531336,23.265700542833244,1
0.2657081394746365,0.06482269305305849,0.4420728556834086,0.12574697106037241,-0.19612329214649804,0.04586050291209903,-0.18988006267180862,0.28801630773251546,-3.729542178735919,25.56728535072672,8.184500526466614,0
0.12897833751910034,0.17322897812199062,0.037544690316595464,-0.04755132310710386,0.10121993224495862,0.4190835170546981,0.039548947079493135,0.08404360175584713,-29.045963014474665,-41.65145655899045,17.50128871063896,0
0.17299379798983833,0.12582170337205537,0.3459425463529515,0.11210973945988012,0.0235009754141986,0.46747890843292544,-0.06875146113514724,0.20151778276157578,-38.23745328610233,21.584798463465404,29.306844829915804,1
0.11760034132428164,0.17982241201980181,0.44429845190464407,-0.0672881558407945,0.20711257649459464,0.27780651006579066,-0.2954311774664598,-0.1867579722580709,38.815024068723275,9.375610157794668,25.77281151433644,0
0.05219101190831941,0.17288096284148818,0.05958566741542376,-0.22296931297566625,-0.297296341463998,0.34819028303255345,0.2587702644296304,0.0729273365112943,-36.34181532648813,44.06845044532537,28.535110252590798,0
0.33469903135020457,0.22176718108720767,0.043873655826522084,0.17170913405957045,-0.05551305706048809,0.10403563775087604,0.07599013953646766,-0.037837136591541476,-37.11847961878361,43.53071661600363,-15.320287785351281,1
0.140296424209825,0.13919003426068405,0.29807352580001006,0.07828475092798448,0.13231558569947866,0.2901469938409629,-0.19531993561774075,0.25448608479256457,-30.004958185789842,5.871466653469483,25.200170679676923,1
0.1514669974838483,0.09931180161910805,0.0027441980672952004,0.214134924831428,0.21792442547980145,0.04765330225885506,-0.2086552182667194,-0.031258661245339214,-28.286624424031597,21.223902315308123,-26.517615257656658,1
0.214006641414398,0.3859654892289695,0.47823108234561845,0.12286252074593257,0.15608875589185972,0.4495464540769079,0.2785852535224425,-0.250635140237506,44.76049492235235,18.27199934724588,5.564691251497656,0
0.08257732411466362,0.28491222073815997,0.29371380101531686,0.08440177674888583,-0.18644538060875954,0.24680493140597815,0.07077407668003721,-0.1198242531515023,-28.653906471885204,-24.958733500233077,21.48100014658676,1
0.22608062917244692,0.3975612179793756,0.38140138634381876,-0.14146066748104663,-0.16254440081225743,0.07953224400613157,0.18368743572191343,-0.1158827746945614,15.821325919572942,3.6122534587989605,19.55983817440137,1
0.22941665576360692,0.2508522082576886,0.4486608845686505,0.2913814275083129,0.16716468157564784,0.03259222897931535,-0.10641615939368163,0.2379374039521847,24.151725526543245,21.80097639219845,10.075393828088465,1
0.26982892021185234,0.0731862659366394,0.2812185297134205,-0.10121532452063117,0.2718259338757402,0.3777355023909424,0.004208801189061806,-0.04213356029551529,44.62819792105827,15.064567646468475,0.8357845434744533,1
0.16462922740960223,0.2652585336661807,0.4451289668231456,0.06153405931542122,0.11671967477182887,0.18275164911067865,-0.20415691942637448,-0.10764956253005634,41.78543838336972,10.96302460078234,-13.349332833959089,1
0.19485773691071745,0.1504373778143171,0.45216309202923616,0.09317376915863218,0.06836751788307027,0.44336732608308405,-0.2648758282371693,0.20260770720454818,16.00779278745908,-12.60064846978836,-14.618919448568663,1
0.11088601073828733,0.24647555152975037,0.33907046176437466,-0.0845647736636525,0.017392855062430268,0.31377109407765263,-0.18364422036912373,0.29655397295140934,-26.65063479730626,-44.06953817820432,26.657075526284885,1
0.12766522620283827,0.2881508713823597,0.19375026776938414,-0.08191930816198822,-0.21015947503993768,0.2984186672752232,0.061598646327903905,-0.095819613800083,32.38650511789807,31.091210884388545,-23.45674161105412,0
0.2664408532678921,0.14011446262998348,0.4868788838843236,-0.05956799547140093,-0.20260402719742254,0.027957709187313662,0.08170315985122267,0.29002791070587347,35.62150471616535,18.189411073777222,29.43587573957165,0
0.26741848654935557,0.20309525102370796,0.41028533485515667,-0.2975107508771798,0.19596048018795864,0.029767791309473157,0.2221631453466199,0.26854322811680004,28.725254922534276,-43.23656064933883,1.572477869940979,1
0.25249328726055986,0.3330512551167868,0.37213685865779145,0.21348504122029538,0.27271491683048305,0.0965416037304076,-0.20072421816293023,0.05181109704894049,-4.563444340214602,6.365042362725227,17.88256406913051,0
0.24916208111339289,0.09709555091473336,0.39804815804478816,0.05027394806527791,-0.01084073110868844,0.027333397916540658,-0.0001353984499666283,0.0381416582167442,-21.08992379335519,15.983130681739972,-25.394091077188765,1
0.3316474850014689,0.07087754615196255,0.20242641946748313,0.19158880110698606,0.07031095526790554,0.2590328476998466,-0.08781964709785153,-0.2549665017671879,44.18747874323088,-29.270364594745644,-14.681491501437371,0
0.3367407849459953,0.22249323002407378,0.3864475435474289,-0.13731726825894577,-0.003444133912882452,0.09874102593163908,0.2165317011125963,0.19384056994104892,36.19347015681011,33.97292831018335,27.575775723569684,1
0.19955560824098656,0.3289451270604128,0.021005020652183626,0.07063549464673197,0.1264074857387259,0.48595838041198347,-0.21254207985609871,-0.1522540687743194,38.919890841231805,11.756596093497052,-27.7170580358693,1
0.34241770383010933,0.2733942709819087,0.14410735854223844,0.05875396537181782,0.21987697292873548,0.18224148027623094,0.14188243291454006,-0.050500211773707726,3.876605800064972,21.03300250184131,-26.368357721409367,0
0.3296342501874415,0.22192362069630428,0.28323144565708025,0.20448284859271232,-0.1889107356690306,0.08759153667105785,-0.04751899627809231,0.17167694471676032,-39.73090018318685,26.56531835088711,0.04539561550858906,0
0.2112693618338482,0.2990453145588723,0.07522700577873703,-0.2715755879967109,-0.21707677701688155,0.45941159676534143,-0.29444413090732596,-0.1870068151131889,-42.18448383885199,-35.043347919401704,7.208957197697778,0
0.1612968839332173,0.22658418295778054,0.4375024711173043,0.2106789760933236,-0.2739149627923248,0.09074920479826204,-0.15795307733736239,-0.1503674545006729,6.410938656849545,-7.536381686712694,-27.044752804344363,0
0.12864131609105584,0.34633486767788524,0.19959765132889523,-0.27892991333420003,-0.20283505785022127,0.319625170178085,0.16974316450303434,-0.17343936690677222,37.5656030339528,31.5897408046948,20.902845243664856,0
0.36205152171841615,0.27833304688035265,0.3012409989767521,-0.023877298216993192,-0.09258178160948519,0.3492735569608559,0.2885885646094885,-0.04514538388764594,-9.701531638721931,-6.469787487146178,-4.46736191701671,0
0.07080679373710684,0.06798308718243697,0.30058375197404846,0.07431878541324999,-0.27169526609093125,0.18921966594390888,0.06771076773625645,0.0940083934518458,29.54481833488964,-7.134094476280723,2.8954668688181258,1
0.3354568585455068,0.33149085354047,0.4439929653471038,-0.2463120356258252,-0.23534491085722506,0.43637641196357174,-0.014842339702680674,-0.06459689555348103,6.596420861732923,-39.727523685920396,8.62297019376485,1
0.23616013197112384,0.11553363061536955,0.49430194925978826,0.19098472122231774,0.1449687796389092,0.23437964850697623,-0.20827372672419842,0.25239951496414065,-14.275163935644514,-40.490397927275964,-9.455779391362281,0
0.34609058216226757,0.241920499969064,0.027793480413668914,0.12781937455279435,-0.1905285013222838,0.24303138175342387,-0.018876671575732307,-0.008107842869832793,-42.20873943066054,-20.485033271871757,-26.955871636866327,0
0.0575688330351887,0.20189177184164464,0.4642948946113872,-0.2505961158602353,0.24375560322360018,0.09726081226051803,-0.18653566599352128,-0.18273842474187413,38.813047407289034,9.337049495429639,15.047336717812378,1
0.10596964680775833,0.11658373289117924,0.3473932927037112,0.1556979748829348,0.016236783279697797,0.49133455958380917,-0.2766546718072537,0.07249252142926965,9.582238746145535,-16.087969144223237,23.966428204670862,0
0.2209747453623852,0.266629072426571,0.3134862358992865,-0.2909756779473575,0.01995546995976505,0.2510539844520332,-0.24250949022656612,0.14752911659778345,-23.772656741060313,-40.09271870214138,18.18953844500456,1
0.22604185148690642,0.22852865668053995,0.15064841945920093,-0.14431932225564617,0.28774467838900913,0.26856175554937683,0.03724597894638959,-0.29532354577916287,-28.634329652809487,-12.904023436197946,27.95884455112612,1
0.19521420117572014,0.20451661886382327,0.4434391370135103,-0.27937631974419425,-0.2863130566117042,0.10289767078251105,0.19657298681120616,-0.2080720874296795,-19.324864354648263,11.616182112615817,-18.945431396317154,1
0.1887259418868471,0.2735644445189531,0.12443986407393948,-0.2883563097035895,-0.057507278632034364,0.2682432447791451,-0.024271709242949857,0.277208618291316,18.61552564614255,44.61028205628557,-12.296394581161682,1
0.15254728876867935,0.2717491555664438,0.01562574555543289,0.2795937200107757,0.24545737078203028,0.04230072316325151,0.22101212901233397,-0.10285726887105187,-38.92459963268032,-17.449844913729393,18.533249653037103,0
0.32335965425536506,0.23051207320663047,0.06540216350641737,-0.24064462999372335,0.06353844476475345,0.24880380413695574,0.25773608203929027,0.20030446261396256,20.137427248843323,43.41570844926082,11.676641011391972,1
0.15148618378875922,0.31733992685838236,0.20470036227312788,0.12162794519595455,0.14405479499909202,0.3370851120621448,0.10412305420976908,0.06648492259563094,1.657978084234216,-27.19649818167572,20.56820321531101,1
0.2187611960183911,0.3192272242948224,0.2565708011793429,-0.19438518077853562,-0.26509345969620435,0.06309313814325623,-0.14913533469756832,-0.07935952713617603,35.317441095768785,-23.48214910202988,-10.824086519847913,1
0.33885351436967703,0.35145229904438685,0.1720502013461374,-0.015501883734791333,0.20882010301783888,0.4551992874657276,-0.21189510044415213,-0.19108057224510963,-13.78533599505591,24.32680453614222,22.498869435473686,1
0.08791502042770173,0.3303587886923993,0.3125304969760567,-0.23948544306983585,-0.12791122274205158,0.06858893117343223,0.1785607773346602,0.01977577507540018,-44.74530569550721,3.861328250533731,-1.031778944102939,1
0.34166471195543574,0.28551123070010404,0.26363570254165314,-0.2640363797154583,-0.12597937524250397,0.15990757872286332,-0.06299324943955248,0.2705356219825877,-26.20121918824414,3.7399419906564404,29.47308640165322,0
0.16099585484301998,0.29508973960531404,0.40989124782991954,-0.1665327495649952,0.016938641865865356,0.02030417369408083,-0.17144650623992286,0.1570569631932498,26.405848844016518,24.876401710662293,-21.456724500703793,0
0.08644714066252883,0.09687047527874547,0.03480550089930279,-0.004053075153229557,-0.25153694447558816,0.361839168287347,0.031415148870259646,0.20153101053188544,-19.818379019581535,1.722670574502665,-22.951218845367336,0
0.18793744390759154,0.09588804255917696,0.08143575027727745,0.11073724403620633,-0.09631334747465839,0.4774491959279038,-0.15384195278483553,-0.2406452969371066,22.815410670023212,34.29324467260831,-13.31319858771073,0
0.19591127900820976,0.1313994791851058,0.183755905057564,-0.08016453010425154,-0.10350266135247271,0.18973203986346449,0.11144600727356724,-0.12187411525722883,40.397213404380636,37.471321758436005,-1.145374301995286,0
0.09225981802274619,0.2641541217099798,0.2923830352416132,0.022878377500371694,-0.009451437915863059,0.3319303020941331,0.21108639327345363,-0.20277801699069542,28.271819013443363,-39.46719200903532,-1.0725330094376488,0
0.1270355504609037,0.19905329536139932,0.22665968448900342,-0.2966403366814556,0.16755186753589973,0.49833351907100865,0.017214522061253623,-0.06704478299252925,-9.652329610091705,-36.353058104510936,-14.030290898159294,0
0.39230716004613564,0.23752736099086486,0.36499778504850766,0.04334807216472503,-0.2450594203315669,0.47620902630867706,-0.02601812939084125,0.2364378741369177,14.00448113447056,-35.5328198069293,-4.976821742021215,0
0.180445819457357,0.06704446530984795,0.054641145557279,0.10518337720049048,0.1279549177870189,0.38686034137581315,0.21927392883339775,0.1436588810859059,27.07844328959689,-40.59326611590487,-15.927890973522086,0
0.2208881615984548,0.09625003921346847,0.45095833142610214,0.028090120963062515,-0.1289682162231495,0.43896344590835207,-0.2673357435633553,-0.111553849602257,3.3145561081932797,-14.416709756103629,-1.395944677268531,1
0.19332581790253606,0.24343504760909496,0.21616771138377894,0.19602895176131202,0.24543061187897036,0.46605512990768083,0.038577723497631944,-0.034710865521302814,18.471605291265412,30.44912321663159,3.7789345239826275,1
0.13732506896164626,0.3158210089389846,0.28369878744819543,-0.07997249022527417,-0.24990457319036538,0.4137547549035129,0.2637917524789352,0.09955066800038248,41.80874100240949,39.070027713869194,-18.32349595177478,1
0.09042005576803214,0.39057122873110833,0.4611665791576529,-0.10494410215131281,-0.14468823604566738,0.2182081468450187,0.11396401776724369,-0.0859033964052158,-38.943553704196,-8.748441680004326,-14.364660331114084,1
0.19223540150402468,0.33490713463311217,0.08348645995385195,-0.2863727561196837,-0.24597128353461495,0.36117967529822514,-0.02287366184916756,-0.20323693257983894,0.09402975930272106,-31.291910755814843,11.779222504664162,1
0.1567930720829379,0.17622965380318528,0.3416398542723457,0.17264709786189297,0.27661224515065214,0.14770357916207721,-0.0038181548614516503,-0.28262344195122097,-22.23109097020009,-11.339684269232372,5.628372391526895,0
0.1638169596997172,0.20261862667316716,0.08417085576359917,0.2787029256578996,-0.2483535915552704,0.3245066518374036,0.12315443673911175,-0.2053581158094122,-12.120911475255916,-41.118608991376504,3.396495455198462,1
0.38223848493704005,0.16344347511049678,0.2819029490088634,-0.1455674545832312,0.07206757736840419,0.2335211750666173,-0.07762304309662027,-0.17778639055189205,-34.96307904256902,-34.210877943899405,29.94240105033319,1
0.24458929980995697,0.3436744058085997,0.4951608321631363,-0.21504246685873518,-0.03105263204738934,0.19628635792095994,-0.25197042981228895,0.15319810367684666,-5.959887540966633,-2.760575922863886,-20.959621571205588,1
0.09415162941515257,0.16423261708586015,0.0919447534481615,-0.2331272787536124,0.20197544719380683,0.03067087242591754,0.021629968993754467,0.11560230702554475,-39.81688032110505,12.008409358330312,-9.956069085532018,1
0.0731277238217882,0.05037361275796154,0.10613856942037148,0.23670689863126865,0.08777445793713551,0.08598017596851143,0.23415837709417126,-0.018026435827596,-2.151741898920541,39.19877494583896,-26.430798468999598,0
0.24780183944356055,0.2418923446416429,0.1253044372015299,-0.02833695293230931,-0.24735733015041872,0.3606350729619428,-0.16698171097390607,-0.18396878410406645,-16.660936955024727,36.21329282368278,17.787998897012557,0
0.25710218378008465,0.2891654996281413,0.3905623826541506,0.24902977138693444,0.26943395481488747,0.3150927510627981,0.279573621452006,0.2468534394003405,-44.764707868630104,12.385571962140702,-19.291835409956185,1
0.23536883433581934,0.2973435724596291,0.2876474763142511,-0.24413440148488144,0.20664516849934395,0.08748891874374409,0.1588872003666772,-0.08366093353448975,25.448521325049214,-26.435438693518883,-18.80027377827421,1
0.28006688661893075,0.3020756101509323,0.3207736016704283,0.17414589323366098,0.07485638081075496,0.26875383126860225,0.06371785733268653,-0.23928397994800057,-20.415911334703203,2.465980259231806,22.379232924102425,1
0.3794531726037651,0.13706523260173942,0.34915935980922697,0.19595750586081412,0.24407117050965604,0.1467432060038505,0.2587699047364523,0.06478935632290761,0.7566105705996478,25.055336867479625,-15.677243198312087,0
0.09579565956326408,0.35185240824180897,0.4140234709823423,-0.08939988773055346,0.1142110305071995,0.2462014531378059,0.1565832582786601,-0.06592057880129257,3.2075311852106623,-39.796550634172746,-19.50540110471512,1
0.263220055974138,0.38600712172572327,0.43608385613046446,-0.0907560309883611,0.2159438671745007,0.47923890704672784,-0.1456816914452482,0.06612528399864509,-19.637647889207802,13.461055117399582,-24.381431727178686,1
0.05985799642689946,0.20463904743552302,0.022729825795172354,-0.018679562925814908,-0.021552613962146028,0.08936076863190962,0.1705569782215116,0.12252560514625871,5.358558663084985,38.331772210951854,-12.768773207387348,1
0.18725491872379757,0.15373932850785976,0.20414524747922141,-0.2755672628308608,-0.26039203790231097,0.4191807389685372,-0.23845092953286778,0.19444506719684967,-17.413919837726844,-17.16989671000298,-23.955178312391574,1
0.29390887647582153,0.3924573738467888,0.16443515479370807,-0.16059804935884028,-0.28244596713167663,0.17317246923889373,0.061580005987250885,-0.11677257005002159,7.165823141888509,-40.64528230525191,-8.754536121226135,1
0.07053349631638937,0.10474425323697939,0.4116460807208751,0.14630963586001283,0.2692634431231274,0.48948812932520525,0.23597039182438923,-0.2202443694138005,34.05444668324823,30.477342130978073,22.26515159158184,0
0.25118725593404045,0.21354567876231711,0.3071409252357892,-0.03163458785503853,-0.060813107487950935,0.23594035621474468,0.04919947725384849,0.0005899266190660946,-2.5069994081418443,28.60517789622726,14.738879474271464,0
0.3857900298450161,0.25146218657304725,0.29457912220456667,-0.17311731974770847,0.1589923072807487,0.36863226004592137,-0.24290521595714154,0.056996623355952125,14.237437079689187,30.20113571164896,-17.63452926493736,0
0.16288923581619213,0.12688752091272398,0.4200643680928953,-0.2838709897507586,0.1976065486662466,0.4608400868228816,0.07806661473063847,0.07521023915265845,-31.588405831306638,6.14859643897487,-7.489536363716255,0
0.15062370107883316,0.2744164405778451,0.3625578444114886,-0.14192662388638647,-0.10248379736085958,0.12345461906373262,0.2741331601897152,-0.18568816380755832,-28.513745672969137,-4.9468233751621185,-18.64161844796585,0
0.3188532380526675,0.07532018614713763,0.3124744120704634,0.29936017512257757,0.2198248424393699,0.43782902614498426,0.10821429170296404,-0.023287723442492858,15.9493978763415,-16.092689659908288,3.1661122451371284,0
0.29736200425915627,0.36694146695241064,0.2817347480312407,-0.25929073025760285,-0.13750473933186028,0.3541094902043819,-0.003555223214596004,0.0291311895718121,8.692240984226231,-10.563365431388704,16.43373150527131,1
0.12431381455913695,0.10781909019120331,0.46820707520019067,-0.2065808243364729,0.16626203124545202,0.20262962713157912,0.1342831592956552,-0.24488917190001075,20.255245896462228,1.0720239587172387,24.022703120330867,1
0.22615332697560114,0.21160712285457833,0.30975563379191035,-0.17097655026406025,-0.042977595564183624,0.4692422194024649,-0.1570458426127501,0.252950135327851,44.47887269482608,-40.32835307320529,1.8827473554822944,0
0.2530840494911709,0.08964386138763085,0.151874114983583,0.214213803886579,-0.09146701303799104,0.05140362154469785,-0.11875892033215305,0.184023811379885,-0.5868420282771964,-29.55845020050528,-11.242057645203719,0
0.14958930628913886,0.36394887957054833,0.11754855844032974,-0.10479436168999376,0.24543888865376912,0.2647710276425362,0.145390769650786,0.05444687649825969,13.809528810854566,-18.055503763665698,-15.517676302400226,0
0.2697153011188225,0.3808969634622477,0.44194207825519377,-0.16924381294018126,-0.20788445929387717,0.10579339276430666,-0.24227436968065508,0.0497275001921752,-19.56149614461934,37.162502527628675,6.804466393634144,1
0.23972766223275171,0.29548688543520135,0.47646123424278286,0.0660362897323043,-0.14693584138357157,0.31273907845696813,-0.10770530299319028,0.2856770344150246,-9.029147835272681,16.688494868491276,-28.606345059194492,1
0.24286215461394606,0.19794794505518404,0.49574314839754524,0.09244192143500163,0.2611212548374375,0.0726751525042188,-0.02947603613986255,0.16296456006352117,-11.892804477263766,11.925764653828203,0.7021303424196397,1
0.14598593732633602,0.334154553615655,0.37996319879704515,0.11733121824758486,-0.2165969528926408,0.403916954853141,0.10630557699799426,-0.18309738811116488,13.328453725336473,-1.4839523096687088,-3.6389962886264975,0
0.3763368434139612,0.2793003281257348,0.051516351235369184,-0.2119534544733117,0.08145847733219863,0.10780983838161634,0.25698328492637296,0.25241232047153167,40.379027414149206,-18.634265296902598,13.016994477618987,1
0.3680162203802542,0.30589878191782094,0.3134081180651514,-0.043542485490897787,0.006195550245440495,0.2546501566124109,-0.28777891578937337,0.0018274828966066137,32.03737201567124,18.834661002802335,17.742517327500288,1
0.340107650549766,0.3455029519412535,0.017036960670008927,-0.25827871949430353,0.10192025255474679,0.24999934747109992,-0.21038496436176546,0.18331777063925592,-25.515345356422028,-37.96656707738603,14.970428286000512,1
0.191437063492165,0.15316662927408334,0.4741268619016336,-0.22407374788019363,0.23091234167068458,0.031038399368402303,-0.05188235228845803,0.07903263329872023,-11.696545427248722,3.114577886531258,-17.759900004769065,1
0.1843118161802842,0.25166915454764693,0.3216928765166194,0.18208922777499037,0.17565049692590845,0.3324003827574739,0.23653954993707943,0.20281515215725127,-33.00785926038538,41.10114971911351,23.504538139075223,1
0.32262321307880293,0.07541374038733517,0.2547889169589761,-0.14293290877671108,0.2527623366014478,0.3914396110097356,-0.23547309158496615,-0.15405232258189203,-4.030177005166983,41.661775962578304,-23.419608952736887,1
0.3321668379056538,0.1096194177804816,0.48931707195021945,-0.0008162718742109054,-0.0037967542376124985,0.4854423642728689,-0.07156058326971299,-0.061484985267004244,7.627743252444297,-33.47526505069918,-10.734862415288706,0
0.16096431896103328,0.0626209419970773,0.2092000220784302,-0.015520394945897797,-0.1646442790774734,0.28622896656105784,0.03946314025915254,0.1212013086662228,13.3153633981089,13.71897508689284,-11.027150890557415,0
0.3776619260740687,0.3920174554700251,0.11818021769177228,-0.2705294137499759,-0.20783890047734488,0.031664239351279044,-0.18292545534459814,0.041141828822241266,37.12039166660776,3.349699532490604,7.559373401944846,1
0.3518917301429139,0.3424355693388821,0.04446437152514132,-0.2857460961256881,-0.2662267122108053,0.426815086573367,-0.15917790656886255,0.02896399071491318,-6.638021713794892,26.59729736057419,-0.666101911759764,0
0.39363208163988744,0.26712519838031545,0.2387529368138664,0.15685953791040458,0.24199672317843185,0.3603479733591758,0.2779267341296277,0.16920310244290632,33.012129443573386,-34.73063359347265,13.944810179627261,1
0.06306716349545542,0.05982450416988494,0.23065787586551484,-0.1672252261916089,0.05623122420391835,0.012908497105735217,-0.27876627458221287,0.13628909770316427,-26.08513537569195,14.07754112946602,14.995329690045509,1
0.20906010060453023,0.26119855901666256,0.4923247668088218,-0.08307835281648038,0.18789560749206768,0.15919955891422982,0.1795281133448946,0.06044035131758552,-25.52798742971387,-7.737651558968729,-10.9418619381863,1
0.20421562447495695,0.35101882639143017,0.1813809526734808,0.002273283162147255,-0.28705282422382,0.11208694754214926,-0.021806927050592062,-0.06061912424139382,19.31893892191286,10.069198343239002,22.816951329869916,0
0.06607096695823088,0.15486277603526655,0.06994336012138841,0.1111593275524424,0.00739303859582463,0.4696697864239354,-0.08029154335161051,-0.2755505438997039,23.549315687562014,7.155058470814559,19.646118314664832,1
0.29862571720799025,0.2997553134675961,0.49640397863522245,-0.09507704267902628,-0.2022860692543785,0.25958361745716074,0.01994988589902491,-0.1932525070223133,10.179847709472554,-43.728773987085845,25.660104147253293,1
0.32755174263587067,0.34674290352827913,0.4974121068104339,0.22374720983225044,0.2339394042433986,0.15717397131495242,-0.05900301959437418,-0.13914893710766937,9.566945837344406,39.492481878633455,-9.321546809302937,0
0.30079683239896,0.32020880596404094,0.4878498013681277,-0.28909411009862357,0.2713423290739477,0.19579510880208256,0.2027954434469202,0.02682775093265033,5.818458873002889,-12.655990063219491,19.708355422691852,0
0.2145061328787206,0.3700491544714219,0.2307788292812777,-0.23547401947503632,-0.16190826283443588,0.20375883802880013,-0.10477873621788916,0.21949757251949503,16.07810419768962,7.04776067268061,-0.5262269257985679,0
0.10404808080774985,0.11918344378912384,0.14566472677923287,0.01763481241577247,0.2296953396204468,0.38027301136493347,0.12489453230558106,-0.1948916592863978,-12.808563162662317,-1.9435566521989855,-21.15444279086485,0
0.08394226104691777,0.3460289352307499,0.30837808953865453,0.025418641381322993,-0.20081320597962532,0.12662773720009868,-0.20381278501064515,0.21115989467687918,7.5805074055096355,21.161648476767,-12.238028225398455,1
0.23568248482910292,0.13373515778716472,0.4396121010273444,0.10435320267912929,0.11213421228504394,0.33664020139428674,0.10737460238123603,0.1482689138744684,15.289888798408533,30.084774801545578,3.487328221482727,1
0.38367831986817935,0.21633815505988946,0.4882825063804138,0.006513235784339155,0.07285325451766345,0.3370637199108452,-0.006137126567895113,0.03766811458135472,-24.902364176865902,-12.387324768038255,12.119594705534887,0
0.24776730618824588,0.10107749037359523,0.25487458665929,-0.2319410931804003,-0.008674554686917524,0.15579952743777842,-0.02865222475107898,-0.0397503843340955,36.71398105367335,-0.9057960039183541,19.109934232612467,0
0.12122998856173069,0.22199116239399147,0.43962401272146034,0.10831760889121583,0.2955926394594996,0.39227713049809837,0.08607326058180287,0.03792123849325085,39.368578142585534,2.4312093617276105,-5.839633761850827,0
0.25214584254147926,0.1409136761841724,0.4377195135439824,-0.29351031907262537,-0.16353601992364009,0.2018662225422349,0.05169429314044316,0.036527592216213545,-29.176575625324375,-35.56816201678214,-16.66026434488322,1
0.07273137272348028,0.06922724621918425,0.29086364897935746,-0.2869659265775462,0.20927526788165324,0.07769855962863781,0.06393980111725789,-0.03318718319355257,-5.143363089128776,-38.538257187595875,18.16513501273294,0
0.33526568819283287,0.162292913578936,0.379018105628918,0.2637269044677259,0.09652091755487963,0.21584054058851232,0.14867383388799882,-0.025261578149168684,-7.701545600267323,2.2754847215414884,-10.936659911442373,1
0.39180299654316697,0.1548764137232242,0.08759269862552937,-0.16829750943099414,-0.01334864678822778,0.4372527995565892,2.172896258378909e-05,-0.2667647629708214,-41.41029575581704,-24.53481489394363,20.566276656565726,1
0.3845777477425878,0.052027906931094256,0.12224292168632556,0.09478437777623716,-0.03703707963771519,0.05640247406618537,0.1687402116429968,-0.27175647955204396,3.946600097053931,5.621789838826537,8.157679176639228,1
0.3251526535741356,0.10815956598747052,0.46245800891083905,-0.27361335128366127,0.19247240073865612,0.3283189064077941,-0.1501585686684657,-0.17854823446164308,-12.808985996067989,29.55625948578195,21.71739290012733,1
0.16360400010419665,0.2968967983305703,0.2939427574530136,0.2089109011823595,0.03213643398202459,0.2911656950659053,-0.01358610309409175,0.15757256777463996,-7.650704151133361,31.67456442569234,-10.377314330712004,0
0.09829913107176688,0.32675829086359787,0.13531607613543023,0.23090943570381633,0.09807195433745208,0.05592240119033859,0.19951757095440426,-0.19418617199515448,-6.885414478831159,4.6966435703397025,0.04596894481669622,0
0.29779611863283023,0.2885351337514679,0.33142859968014415,-0.2866150358538798,0.14527335123126295,0.24984213739644973,0.014511713819994054,-0.2694764158732815,-28.045698451863952,36.99062168068437,-11.068299793507446,1
0.327753704141189,0.20725257046513307,0.14015527151756657,0.18642293030497475,-0.28846991726603277,0.0871254213656088,0.19617289163747997,0.03039103659624154,24.628479712153236,30.43584132858699,26.517809315312377,0
0.35715227012866774,0.06565182641880793,0.38686582748654574,-0.2117147266655891,0.11895737597960054,0.18583123280000086,0.12467597861691704,-0.17170545329520187,13.049164701089573,-33.70373216442535,-19.815267140591583,1
0.3133151200517435,0.22646251153678487,0.37513299397411654,-0.021192217285602277,-0.07925739586690941,0.10959460823931616,-0.174972395138991,0.15089448634283759,-34.29806867694356,-37.26158849001494,-19.422518098672192,0
0.34923079502068666,0.2963194327181174,0.17767993517799924,0.05729982354607083,-0.16587353949645997,0.08419482432268799,-0.017310518916766326,-0.08808730216742347,10.370704548176292,-25.366573389507167,9.775662033637118,0
0.11983969751482164,0.35064400119519984,0.4562913720709656,-0.17271155548601916,-0.01811946709510326,0.3667474522814149,0.22701944028648097,-0.07256838297761686,1.531753816448628,21.754476946776137,13.868158599167721,1
0.21911268605748424,0.3233921839502482,0.274326267971366,0.08232434869419258,0.25950146416630243,0.000351884158844018,0.24056393355118527,-0.0013847882057766991,9.608793231739867,-4.494782523373971,-14.344882238860585,1
0.3272125371622581,0.30218494533773216,0.4473261524059082,0.2402657944953253,0.1665153351962691,0.09510134213184351,-0.11167709600636958,0.26179181930909873,8.8355969868472,3.4884660950358963,24.942566402639905,1
0.07557351544834355,0.33163363602279855,0.42143242784586754,-0.0982455672069279,0.011155971411543675,0.40473453400507475,-0.18477421364992827,0.07738545383476203,-6.243240643576279,-29.30258229711628,19.886412435057572,1
0.25538988076294844,0.26768176539888533,0.14313826083126524,-0.20273820182845026,0.2318914494822289,0.2847219687507412,-0.17277409816743716,-0.05200256808273879,-38.96176563673138,-2.216149505786319,-4.566553429021873,1
0.32538892638433786,0.051078009770900504,0.40908905797665573,-0.11605483348154388,0.27577593808798834,0.3795824338121817,-0.15537582914052653,0.28727949523888857,-0.037746720295047,2.0631417538137953,24.571088045631925,0
0.1297154050807266,0.3079401980737281,0.35568027222131615,-0.2799597505757985,0.22864345211252707,0.39467756504669016,0.17764034965403053,0.1855146313314161,7.429790616755739,44.4042780198986,-19.250871571352697,1
0.28293222608122487,0.18949079309667222,0.21073137092670385,0.17875515177503354,0.2907069319745919,0.28253389162710646,-0.25255969712183535,-0.23825821546581843,42.16506498264745,16.13114214736244,15.148147100029163,0
0.07194210303604708,0.07291918929803591,0.44907809609085114,-0.119542711117395,0.05821201970829004,0.14373776445365338,0.08925502537651897,-0.18451837843798366,-3.7017487753677614,3.014295730235503,-9.981426582772201,1
0.16450980046656705,0.3892738610445053,0.08745847638535942,-0.2092153071148733,-0.2006810990729819,0.329263741425382,0.295137191237759,-0.15871489775894718,36.505565736073905,-19.924509671264484,8.873995207518007,0
0.3343039312646001,0.29834544138187735,0.23420265980783667,0.23549060232579583,-0.16203118930882057,0.08519575457931244,0.08568225860014894,0.28319660562106214,-22.746908402390673,-22.529665895955617,-21.630069122268605,0
0.3887388252578779,0.056853966505226526,0.35729193154637195,0.28726781824512354,-0.23751183244582322,0.13599642747343932,0.028207872408714585,0.20625895664801946,0.586068285395541,-39.63635577048855,-22.36894060013079,0
0.38740479582592896,0.33551726405839477,0.36177967704590164,0.22145512231111736,0.2440843521633302,0.16874485319221932,0.06657520705001918,0.06528468552335653,-20.943029807046273,-25.02429736976395,-23.165564710858675,0
0.14302746280395087,0.10921613893161002,0.19089194690859607,-0.09997201569673156,-0.18871633267067783,0.47697246267812926,-0.010140957266735917,0.06484581366595477,-34.10037821253644,9.903157931836155,3.319361592507825,1
0.19874278498313552,0.17949452874651922,0.2088096463270228,-0.22896055009279875,0.1768503350505431,0.41885842909352056,-0.12936171925595466,-0.11772202895403353,33.690083070133184,-42.84266800248401,1.227446626033661,1
0.19607901237172065,0.20467289088111623,0.3818607851162859,0.20983589751888582,0.006686944784802307,0.31618391690429354,-0.15650597967660987,0.26104076733961584,6.11291412555677,19.76444014456736,-23.147216738845753,1
0.2276907229075174,0.2102447677226819,0.40812085587413627,0.24651080942581755,0.17206720512662038,0.29139095110547986,0.024869976332934418,0.08676961807419536,-19.095273320456293,28.06621615338166,21.410890656219657,0
0.19519820193415782,0.09334990839525568,0.20522073677772334,0.03416023272807017,0.2584267087233881,0.018111165522651795,0.0728750439011665,-0.025358888009953617,-43.176498461627475,-22.540664165515167,-22.890884858711907,0
0.32492723991821376,0.37750065620474244,0.18912496112707466,-0.2527031548156603,-0.23950615232768557,0.3272392545969255,-0.07754897364619465,-0.04432110159252384,-14.6657359666405,-3.1015290609379704,8.612967172803884,1
0.32157824044694877,0.29229502951246644,0.26465018495665155,-0.002215543255512542,-0.09778154305235537,0.17120194770039698,-0.258920448812307,0.11202815625355855,-40.95243471384325,-44.872309859683924,-28.141128856475333,1
0.36943514233943764,0.37335607482447725,0.4216614428809895,0.2869226584587368,0.14699491546781313,0.3823336142809998,0.15755405517758442,-0.0116354214346161,-3.9193024937155485,-23.379635146589717,8.689151661557432,1
0.24354757283851497,0.3776489953934618,0.3901507469546961,-0.012378261525275769,-0.07418431591150426,0.493315772462161,0.13065614160218608,0.27071679600230464,-34.33692805046628,31.548031127170432,8.224433039472451,1
0.24331844334221503,0.29938641825044604,0.006868444559355702,0.15753553507370982,0.09086891590058815,0.1373798267963482,0.11336696780864919,-0.22145937660183368,29.163347889192593,32.96026055326536,-0.8713841832901643,0
0.30226081262191834,0.14312888913304575,0.1546991625435204,0.23951731351153754,-0.1613957234219974,0.34875027813047077,-0.2129279208016172,0.15309502274954506,-24.903913537860625,8.46588354761844,3.854609264222262,1
0.21587697493233787,0.12606613075542178,0.03138163896530144,-0.29776469515342757,-0.10514873013551498,0.2947652972683814,-0.026861791409305613,-0.11893842088830234,44.2080027698626,39.557253598171,-22.46080158975019,1
0.36280760233534587,0.08857882169603884,0.4626960977895881,0.012029587196452973,0.1010531497988103,0.18643773577064032,-0.26451580679650427,0.27478346480509747,44.51384961976338,-12.190783611560136,26.63207578511878,0
0.12035904233867109,0.39598416775631456,0.31539614148301065,0.27964526272037643,-0.27445265562487836,0.08673535866758547,0.10634813112694769,0.24430782668740408,-29.179600848647077,-16.461158433738774,5.290639890515401,1
0.17135903032449623,0.15099306628702458,0.2840473355388632,-0.09081863091278267,-0.10314345559444016,0.008445426717698268,0.2689895925249646,-0.263643453407676,-20.621563352015446,37.92776646066265,14.120891715740726,0
0.3208846169945872,0.20360745391321833,0.42929895995569123,0.11842081743561833,-0.24349359126741027,0.48781117581837796,0.15668382119421176,0.17163858316617225,-33.469773059200875,-4.46526558939896,-7.752118546045125,0
0.390549567111061,0.08258732474484369,0.38836006138578816,-0.011473728188853893,-0.04869948001648311,0.012782496597449233,0.13667978497213257,0.16294530646018462,-16.293825289018887,1.526658353626111,6.386527394091743,0
0.2452465084681656,0.2955564828799517,0.09963430803259682,-0.03314163754042343,-0.25930351160156995,0.34852688801401,-0.05003032816531294,0.23498671958375456,-20.340730028417585,38.12411918915342,-21.5376093190293,0
0.12197352926232011,0.2533355268113213,0.4219123850177571,-0.252630278866733,0.21052848585354206,0.17156026477254827,-0.0562640316164989,-0.09608334258746634,37.03319141469187,-33.228510607544486,4.4564688705805935,1
0.23515374799727323,0.08235669213777204,0.12083527009014017,0.24377951945319748,0.2948758507048858,0.4315079462836767,-0.10759398920884725,0.16129140750605914,-24.999512076336988,-10.392994129668509,11.830087716041845,1
0.19474877595848944,0.20745075498044419,0.12262948651160482,0.12614712080159196,0.21080078964132226,0.4372875699277859,-0.09640671255806343,0.018510236572688687,-22.643423652091364,-22.968314860486913,-20.324756228884553,0
0.3548523112239585,0.054238251015904695,0.04860825524608514,-0.0291550172384058,0.15516442743160141,0.47128085025031835,0.012656889101057889,-0.08672357180004231,-40.990091407453704,7.533852456484048,-7.197374130087976,0
0.28941803942615574,0.19966210255112754,0.10024134494001552,0.22418384786148188,-0.17906644339719574,0.3533396082379087,0.15799461692720757,-0.12320634668675504,0.4423263453578059,-24.93096459134455,-7.264220552670114,1
0.3027905855240717,0.09315598088112187,0.4163000188158405,-0.11665667060517043,-0.04865142267308342,0.23138014231014248,-0.10121368261277411,-0.2349367199223261,-27.057253690048206,27.31198089890364,9.136207933902881,0
0.22903101402121845,0.11814324681354388,0.3127701759123932,0.16201972967409695,-0.2079229719745847,0.1591916088176646,0.22068058761983916,0.003319049180293132,2.865298200979204,20.016737734801637,4.673568913279588,0
0.11448238248971078,0.35873673693368574,0.4783741842270942,-0.14807061413801897,-0.17587024145935978,0.10696092615377362,-0.06754708218518432,0.21193630517936773,8.636454894700606,-38.92019114405971,-1.621254889675967,0
0.26534641857437496,0.18926198260391736,0.1280117485848627,-0.01720073612594797,0.13228825565458152,0.47640457033773465,-0.2746999044566412,0.019096168608587205,12.23694082673397,-37.28515259350324,19.75026143534142,1
0.35728494488719625,0.12891792853001355,0.3614372771978482,0.06734296435649684,-0.20178740042430304,0.37085375699091566,0.019248595819318592,-0.23278451956423007,40.443426293874296,-0.7234173770819297,14.704850088180187,1
0.30751638149760924,0.31301606400446136,0.4647290923869343,0.24846676915708416,-0.07246395249601023,0.015480761816423938,-0.27679104390236,-0.03201698128591879,30.14815769103666,31.285010395396966,-5.736625126204537,1
0.07293273043389335,0.3248958532550451,0.1415852680667417,0.19453763191437334,-0.04830724393244462,0.0214592959014982,0.2783488594028288,0.1683295742982281,-13.696557094588556,-20.697536860347316,5.337823707003253,1
0.37143867398660496,0.125276532854717,0.15500121595696637,-0.021777250638869095,0.20664812799554605,0.40132297069654554,-0.22425513806023067,-0.22533069099098874,-7.494097149535982,33.308585065239484,22.92509994573014,0
0.22761510389241313,0.35636916288187737,0.4857329268234267,0.21469577712283888,-0.006026130196436885,0.4316911180355155,-0.17161744567857842,0.2527017907409151,6.016136491624259,-9.957277277810803,4.8984709298593,0
0.3332924082450444,0.21018614800100727,0.2074053375574204,-0.12068874955515763,-0.18034327623578533,0.4152184723242323,-0.24287317743194017,0.24127663401098748,-42.578176388638454,2.002710170898766,-26.500286270934943,1
0.38115285985831354,0.301106343904293,0.39809582732458165,0.14882617402325293,-0.15430849513638786,0.07032831901011827,-0.042339850194330675,0.1974114730646888,-15.253620425930837,-44.13933519945171,9.603642127288232,0
0.12727927242312692,0.2796258576832722,0.14454179081909585,0.14083507846834792,0.039852390485786815,0.27545438424520147,0.19712815490327146,0.1263196630456067,-42.608001150243744,-40.54867765685859,6.093507147360938,0
0.19382533463502982,0.3556808133962311,0.45024037325296046,0.2882292609358645,0.23090855535862892,0.025478512693706268,0.257859899776493,-0.043099685155928824,13.645726871092378,-9.515171774959285,18.82008459681292,1
0.20118512083451928,0.2045597391821326,0.07653480102210664,-0.11726741723142911,0.18881167976402785,0.3930994872016316,-0.03870072063417107,0.2361913572942747,-10.776697464345993,32.78966218397406,-28.10606696491784,1
0.12425855472565331,0.2917991038192321,0.31826412884138483,0.0786869189118023,-0.17597760024238213,0.2896732971923048,0.07532300975097095,0.042243189987066665,-28.24537794518892,20.0754537367238,-25.605410285009338,0
0.3658938892267312,0.3256564426802687,0.09258967247678379,0.03730244024254331,-0.23886350561127306,0.3264610632819992,0.27320965691268656,0.007639238580066765,-6.032475641900952,-41.774152372365315,27.586471339753217,1
0.07035841196315477,0.19128056960470868,0.024288368914928804,0.0645250659724968,0.11305455931140918,0.36566877482188176,-0.16539396081224694,0.22110009717704598,17.12593505978338,-39.90148026301617,-3.5539974779143755,0
0.071256804318354,0.36603447952718415,0.30614246847711174,0.25124423118875966,0.03897235833758339,0.41050436274640356,0.13277415794072017,0.01506728019640241,-12.300876904174267,-44.74268813804919,-14.945683525837383,1
0.18862283794747053,0.0644385613772969,0.04997592788725652,0.09299755452087849,0.2973331797514657,0.00790161958164809,0.03455009809582965,0.1506052517295347,29.409734521249078,4.068441110037611,7.194958811046305,1
0.0676875960275202,0.3535982388189043,0.1529001143692837,0.07134982870411555,0.15598013022043805,0.06414662925556008,0.16850301271142876,0.2631068753766395,20.55374691717681,-5.289952636749774,22.60068832510217,0
0.14028729519773075,0.29578130120657753,0.2546570888350471,0.14846849825469788,0.007720319270077547,0.16369230534830048,-0.2378036119747864,-0.17842674079875825,-8.929792768888646,4.63088773636008,26.31824419143736,1
0.07952071305340895,0.07284703206753096,0.03746084812973438,0.0539356483745711,0.18574752139643114,0.20148137088525286,-0.03309854443088289,0.05357262219877679,2.973654430772015,16.925555979114314,-1.692856790218407,1
0.14054785809137527,0.2624604412541147,0.4658414069854614,0.16747411854021216,0.14742631510345644,0.16511617227885794,-0.23297557213490488,0.2351636436721512,0.07681545149658575,-35.95402384161732,2.0981238070307526,1
0.23009309568045505,0.09071478122224727,0.46534435574351385,-0.23427728809660797,-0.17497373599905178,0.14923923790001747,0.1954741435092131,0.12039355230141296,-44.36870057972077,-28.47946075565305,15.009070751514109,1
0.14140217453617004,0.1765861112694675,0.36639601026982943,0.16634075197277143,0.17403136056052704,0.3700539907021441,-0.16102643325447305,-0.12654801590644318,39.78369068076502,4.8474343570794645,15.267024076642393,1
0.1599651064012061,0.34352470374866517,0.03785847987050561,0.030704706103839907,0.029204153852408044,0.16325573108761415,0.2821839584120191,-0.23584610929878747,-32.724248981856995,12.983363836944761,0.8579534786191907,1
0.39461492863885717,0.05571948702936491,0.00783491362526062,3.3618690241654647e-06,-0.14015516467376593,0.3432552026755019,0.17592609213187943,-0.2385384547302002,37.560438247161215,-42.3069355974509,11.304235667669808,1
0.34717012131817165,0.13033203773152224,0.2657239965935983,0.14174195822614621,0.28566150470675394,0.005823636868555138,-0.10373127963294076,-0.09458984844849089,-19.031888719632892,28.568186978665068,-27.295713801395756,0
0.32256281638802814,0.30091156620564846,0.22468075107189434,-0.13665506289290458,-0.24216542270790042,0.45130119827192083,-0.026534226099833358,-0.1785819811228618,-17.463903826441275,7.129761204770638,-19.393633023646096,1
0.2770964268977638,0.3067217791354779,0.1831860774547452,0.1477690876412086,-0.22550999225359303,0.16590631262885236,0.12985990545354303,0.07540967415622507,30.34891933754895,-40.78286795995604,-19.53649693061709,0
0.14918274289702255,0.1683051912552413,0.3024122790380796,0.050139193140037897,-0.14657294783887478,0.10321213828660375,0.1958149140428141,-0.24436599739418008,1.154055708083476,1.8504786770348503,4.4482084086972975,1
0.35866752599862467,0.2833916499916575,0.23589575369692356,-0.1070495382783293,-0.24846827433745627,0.12231356637951435,-0.29328794814787384,0.29197555051497864,-24.976597308413403,28.338834841683536,-19.881307091701284,1
0.09821946451206662,0.23149292915704378,0.46041664786254505,-0.29491148128656136,-0.2663138755941513,0.20852246629253618,0.10557954405303804,-0.014339724739769855,35.779359461886415,-41.032390001626965,-9.591547821375386,0
0.2234788911016662,0.27909948819764363,0.2681598886113143,-0.15729876907092533,0.19709816896074933,0.48506825561912015,-0.024482342584760786,0.08155155911355222,26.137194151101525,-23.26598454403854,21.867022915727127,0
0.39626868058712933,0.26657867956816217,0.2723901189103193,-0.2784492711963436,0.20870581823821538,0.0419027279035995,-0.2718165797793712,-0.1350851483292048,-2.179025544823361,35.57600640039604,17.40472794497032,0
0.13300383599533427,0.07230742065120789,0.427555720242672,0.06435702041967412,-0.2010737392649587,0.1490239632503736,0.29396010755371843,0.0806541794781932,12.250092687041018,-38.505270311215014,28.139504054635907,0
0.25993381329358567,0.09720581602454784,0.12055061736105399,-0.10971116341194068,-0.030559237034356368,0.019044316414991547,0.2995268712436567,-0.11976479846878471,-19.138962533794867,4.938352793206882,21.24193075932697,0
0.24024864908650068,0.32214223448432716,0.418804738231454,-0.14092303782289137,0.06965890389726809,0.2785551887403915,-0.1636096484070793,-0.006073146457901135,4.371145611184566,28.560588768527808,-2.340637521463183,0
0.1662354157443517,0.2069252150649606,0.4313320628765456,0.10089988611549883,0.15744110382282983,0.29174677573478813,0.29483882933137256,-0.15515396022546438,-21.393795535306673,-36.66969551355004,3.241170124242629,0
0.0977764847084669,0.2790623851417701,0.09918397078620411,-0.13381889701653102,0.013693944729376906,0.3709936345219995,0.13289644451728672,0.22167560517422596,5.334736691392841,38.370838805061666,23.27331574121959,1
0.19228487214423678,0.09026921174607135,0.41529576093080706,0.0876038854947952,0.06763002906997112,0.1230390195532739,0.06902165043095404,-0.02726896489130759,44.574192599905516,32.6761445463694,1.5589729143934292,0
0.17186510456153503,0.2881531063410224,0.41446206539280495,-0.0008807206298835357,-0.10151220536817995,0.15069700543150671,-0.10404076367134915,-0.22918023592655395,25.07583927196879,-35.55361228327772,-6.101130303968837,0
0.19122836988863928,0.09772047107719059,0.3431064400180808,-0.04152048119651158,0.26076750621338524,0.48254858430944914,0.16058451320997058,-0.15450314177847888,19.438171272356968,-43.162042413145,19.58403016850356,0
0.31062608747053694,0.3761383936205327,0.23499496616677634,-0.05202450062831743,-0.08495562449874264,0.308153548026045,-0.08906436781719984,0.1477639403892037,27.118559359427593,33.826013408644286,-15.431944185283363,1
0.052132341923886105,0.05639958937459913,0.38881630250902377,-0.2028381879729662,0.05924306137688712,0.34054098096699015,-0.1323806442309019,0.04158828504684747,-23.376712860983275,40.16838846311555,21.610209380950025,1
0.22270668376615826,0.20358055153423132,0.3990969218877895,-0.1129272256480228,0.26418907213608084,0.141405178575086,-0.10122080533721714,0.2695879975498002,30.643503989532164,-16.47288307050287,-6.28291853392987,0
0.39511795301803043,0.2594344262334274,0.30379472498177273,0.2753773017909816,0.19921755259165624,0.4071214654841747,-0.09629857805902461,-0.09908196392121274,-18.743583616861784,-13.797381440131211,-7.829474318408966,0
0.299401552522266,0.3580542316200452,0.3405084833134876,0.11145122455692913,9.737175064722381e-05,0.31848811106275254,-0.12337156846618733,-0.24671394792855286,29.49434142708604,39.88298766523641,21.409340122616655,0
0.3964192316838556,0.22707200469870253,0.24916191206104527,0.03527615023450087,-0.18839737780035526,0.07358194134297213,0.10641277746906508,-0.06253991405653789,-18.908403460607182,-42.17475420720922,20.763029830708945,0
0.29245064274297194,0.2843159852262169,0.2580736707661009,0.2800955703660863,0.0010650830932088517,0.4191485395996039,-0.1424876382752017,0.18378509958411304,44.689116054504,36.9077388996384,-11.755696874883277,1
0.31737217738512047,0.29845493905301096,0.1655110724150471,0.0753497847230633,-0.18282751231611769,0.13181385963452202,0.2684448563414979,-0.052091656238643286,-22.95111651310309,-1.160257784490767,-6.77904721275803,0
0.23520153289311202,0.29998145352252353,0.17626895100124634,-0.036007165104129324,0.13102915174362384,0.11372715737656686,0.015806615079994757,-0.17394709698826064,-44.72301590860266,17.12373620085036,12.435891577274546,0
0.17867583500226697,0.2654537021557766,0.21706352970837384,0.22684191329724107,0.1311079360143686,0.05524999157178406,0.17976191019524762,-0.09749662116299465,39.20115798288077,9.303415180024807,-28.345322361552213,1
0.21341945449311728,0.12983824931877835,0.49620684198896653,-0.2019323896072393,0.20996226295215187,0.23504991574935957,-0.22252579216788693,-0.22890830570245163,0.02664504457698058,-13.183184567771079,-15.923862053220379,0
0.2410096365471467,0.26598034370307044,0.26606376594858033,0.2711139907301641,0.2972268105924745,0.41869799490278164,0.1831776869341813,-0.08036833395023485,7.180515554579856,-13.367482294600336,17.06135077042436,0
0.1511861484180786,0.29500355392359845,0.003674069532131341,-0.08678134060785736,0.06931001685489069,0.06487859503616844,0.23796414728846033,-0.20623561372975246,36.881419050359526,-25.52496221853228,29.65672043495045,1
0.11085538902292202,0.37737204336554475,0.20078547690164839,-0.019204220173623332,0.017161130213987352,0.13268327471678992,0.2781944655664758,0.24689232314087367,42.561459019022635,44.72276149885707,10.18800571085832,1
0.23790617515402007,0.31748377572118996,0.4735143313716864,-0.19288640752138114,-0.11740213206618647,0.1741698918195369,0.07498641547992557,-0.21814868987460773,-27.591383767374648,25.239315365278756,2.523219951364233,0
0.29920035939121803,0.3047557995579107,0.4576632638449808,0.01114835541081216,-0.10702659706845244,0.41387033493001024,0.16248616909943558,0.00018936865168223127,24.107163807042994,-20.89119581304653,5.370379824208072,0
0.2426314294057365,0.28672884484107747,0.03859481271970222,0.2726802176085558,-0.11087478578668625,0.17714587484396072,-0.1662943316150924,-0.24919795694067048,26.104211112766606,-23.355892646444445,-13.038735879281212,1
0.2969086273288126,0.09140276786296025,0.2739041185554088,0.11760448932601197,-0.28065924826221644,0.224370699572841,0.11049116219150384,0.23383859271291002,-18.06929094585092,42.679487671589726,20.67248997958184,0
0.390934028731171,0.11924947427500956,0.03946983785160224,0.2713155218375401,0.23557362588568137,0.32786273636656554,0.030858556372531987,0.2515396177816622,13.996806760028043,14.255699338356294,20.621133852117175,0
0.14811971814020697,0.1474772951906494,0.35737608087466033,0.0707063055905896,0.18769921183989186,0.2025366112390261,0.06402661618780381,0.23615288440955068,31.61956245447469,37.802105324996305,-13.861498648306505,0
0.062381388853472525,0.3670521744515792,0.4381592121454614,-0.18910859946211656,-0.14079444613592704,0.09427878572182047,0.13172072337703794,-0.14999466948646076,38.830478164065184,29.487692194521202,5.304067654180393,1
0.37989335198513774,0.3569283081634904,0.21054389132949258,-0.08051947524081768,0.10597681134010101,0.3776533743370312,-0.18848305360524714,-0.15537287808811057,-31.837273501635636,23.46226903694867,12.864111898745094,1
0.2886677659922301,0.08243369404647104,0.45992056308784485,0.13132438088680792,-0.2419483901030567,0.43449449598942125,0.1462097197456993,-0.11212390990035073,1.9289779468090131,32.41175932706993,28.087537385416724,0
0.14359624689603212,0.24913728518267875,0.0040991301067820896,-0.07532732542967882,0.19583362743731347,0.23150329325275387,-0.00044334060602058134,0.0729461027483958,-5.9211361049415885,33.03690549514323,-5.800519809108685,1
0.3723232245430944,0.2804893020176506,0.09474171792084779,0.055255986873168905,-0.1917652751786676,0.4372210338351709,-0.27010283559688647,0.017866618666499023,-39.28742767534837,17.55204759608627,26.147834111620035,0
0.2554362026545456,0.172424728089872,0.3574834823294878,0.04757167047574057,-0.20397387189466348,0.3431344275888599,0.17036155352007504,-0.2604755592263504,9.896453577054857,26.138669041176527,-23.120826133283792,0
0.11792235374825011,0.29995223425635215,0.06294520912494878,-0.13188362917741325,0.23883616079012354,0.3691577391407729,0.25767571058461186,0.22910000517672208,-16.86785202222187,11.91396910329329,-7.278259312693603,0
0.18430475598521756,0.32196345543780047,0.2177074894626979,-0.2551495334014282,-0.16211152225818784,0.43017248649861217,0.11770448218689189,0.0006096667048597348,-22.9053898245945,-2.286844641900281,17.330943466650872,0
0.28984898185812696,0.1816062076173905,0.18691553096360142,-0.2619210722229338,-0.05001500134384301,0.07473923852187692,0.21335355243586823,-0.09929335008162801,41.47806582555033,16.60752023102839,15.369092089639423,0
0.1634208599729267,0.16237195264608206,0.4388363747344159,0.09722187441482483,0.14095036702140712,0.006785044444275801,-0.043492798223740914,-0.10930762316068385,31.67328620161564,40.848268852786646,-4.599549024779684,1
0.14384455090994283,0.2813273778435016,0.4365188931803302,0.06576682394099437,-0.1723897600283346,0.024582762769608302,-0.27323161698296045,-0.24671287079159523,7.1836121222744325,-13.66039313634139,-15.41358135624611,1
0.15317088235108997,0.317681243412532,0.43835539863230966,0.240985112139863,0.2907411649504525,0.49118334155226623,0.2717994796607888,-0.25690671569826934,-32.59858176649753,-17.59801261715704,3.1738952438676904,0
0.31459751728268565,0.38234034662776584,0.17494035656472356,-0.20213713889732032,-0.14154959742707765,0.07408222252589552,-0.06345261481625034,0.22354035954093926,-13.76460927500791,-31.605956799966293,1.3579729213781597,0
0.20644090081425454,0.27071899650838677,0.2563818153651889,0.15781976008283471,-0.14245937251925886,0.35107849764124216,0.18995822813469748,0.15902998534977197,24.376192612923006,34.96563515359489,-24.94928745117063,0
0.3713067279193739,0.0519456798793421,0.2783316686796697,0.07335899041655625,0.046380199588140214,0.40750764609950624,-0.23270159514971328,-0.05066639742444948,32.736309571797634,34.986175967609185,-0.09933580567406963,0
0.34080830936511264,0.31918909738614953,0.2188947331692357,-0.18232778691329266,0.21809066597847165,0.0283905170225342,-0.0604663648785036,0.2139690854303707,-9.61409813362232,-34.391207631873606,-14.043029979252232,1
0.09436556997831047,0.29521665995592444,0.20631038521179995,-0.27886545661764833,0.021583386002832883,0.1260041330665882,0.0631524558243014,-0.09040619349667728,14.980708643666311,37.6653026637926,-15.327326275112451,1
0.34867063490042083,0.15463027789161693,0.2951601254415745,-0.06183595935129954,-0.13510496954695977,0.4432787810859346,-0.1874437908363052,-0.24911304525854214,-14.226575530890567,19.587523287741078,18.445896358576903,0
0.1579166213834955,0.09454666941516374,0.2751198459541288,0.12301691791451574,-0.2580410211138833,0.24056155088157488,0.169326717160677,0.1487940773714681,28.35657865968787,-4.658343014645368,19.233424958391645,0
0.19534923377508084,0.08414683869855741,0.026263994397387858,-0.2612835735087318,-0.2371487837510181,0.41786296170819937,0.02620627418021404,0.26843291266620645,3.420027118126221,11.58401990793481,-18.93096233157042,0
0.23175677084789287,0.06234939979619543,0.35469791029002634,0.2907615012434535,-0.1451682264168232,0.23173278273054998,-0.0832353593692313,-0.06571950346208197,19.92599944878212,-10.943604921955497,26.465047527523602,1
0.13578963925650905,0.3627313786443271,0.43914379980713747,0.07668552736215611,0.06239749234509584,0.475413234263444,0.15360906107096922,0.10996906270834433,-5.783332318336967,-1.440139883680473,-6.664734100099892,1
0.13246358210923528,0.12045961476357787,0.3104376467911296,0.03371195014487188,-0.16448910973125908,0.3351824322686211,-0.2417956732231865,-0.2883785603814647,-37.58266883642879,-12.161859662180461,28.500979672489045,1
0.12184761977012602,0.35659115836286365,0.2418619724192939,0.20437208902280452,0.2749774184866674,0.2110737260378624,0.11796272455074214,-0.16396943795438892,27.070714501068466,28.793308435479673,-12.285257758032238,0
0.23178164101698212,0.3675416267970899,0.3297951784356093,-0.06231195294701991,-0.051640915094289724,0.30262218040879246,0.15616517081180903,0.03861198416947448,0.788479399726171,20.42106323887637,12.315872994422179,1
0.26223686308791166,0.0629593070951392,0.11916634033639695,-0.11965462008061661,0.24936430924781033,0.2918147734242311,0.12492583341583413,0.1056091099902422,-9.694049706073542,-43.738103829412296,-23.578754204027945,1
0.1980802352051147,0.07823813244513277,0.16178671862466676,-0.15737137477741361,-0.29152405505408724,0.0476168051441877,-0.028084838970560355,-0.0962025217174218,-28.768165052896528,19.448997359287233,-8.573064246202886,1
0.15562490181096406,0.06430449642008602,0.1573439316445961,0.22674826595280412,0.24719258854288856,0.05481767288427519,-0.025164875028941158,-0.07119065904741653,-0.9576723038950874,4.924757165280944,-28.784474398935235,0
0.05054986778638895,0.170929204182372,0.18083139959712358,0.26916247043192637,-0.2731315724878582,0.26503253006759053,0.0466879885583078,0.11956500713863172,12.48611401265945,-44.26744556484515,7.911460404540698,1
0.345463892999442,0.203366034960954,0.47771931040401244,-0.18028498744552363,-0.18891832623671034,0.4451673673851794,0.2350302384034369,-0.0005883087005746912,-33.67922801814192,-17.530518761705526,15.249140282068062,1
0.06112425375019111,0.22884979509656367,0.04289947391469345,0.04425041097170507,0.005377030992487486,0.041423022751361005,0.1895163558700637,-0.14260969370023338,3.7335927750029114,12.513498896748096,27.738272014509995,0
0.2152340080893882,0.33367970211813386,0.16750794255310192,0.2622968550939267,-0.14958952766744438,0.03719891365655986,0.16315437156771379,-0.05716544669265028,-12.980036829299394,-16.118104069837266,28.826534051162334,1
0.3089802471136347,0.06932078162282491,0.4048845895239773,0.17768925518869655,-0.2151639431533404,0.25919032363848443,-0.24202470541863458,0.07954273187159233,-39.33629883265081,40.00327706904726,-17.536155877825102,0
0.11962947879582421,0.20363368011978783,0.44676640047611715,-0.028995700937733238,0.13362774359862867,0.23126310508734665,-0.07622467113423348,-0.0354527673023145,24.15604794060414,22.89654502902087,-4.094509283075979,0
0.17674087263295002,0.22345642323643766,0.3349372727227326,0.08453382939579168,-0.08574050151986798,0.3525228115742613,-0.12630876080194045,0.20128070653582814,41.793483893762314,-18.473701099599435,17.081313166225875,0
0.2273105055510411,0.34139012240447814,0.318248059838584,-0.2161165118042791,-0.08265963380486532,0.27771295759576897,0.022957458772303208,0.1983804120532245,38.89545874565913,-35.95832152422698,-16.535544579246704,0
0.28161576944168915,0.058417666485644934,0.2507704560499476,0.13943725995299106,-0.1870647768622003,0.22189528673966652,0.019518077510959964,0.14133922317553932,41.800833971379674,31.34479932038623,7.29110521379701,0
0.30695122101632133,0.12533531186270244,0.42978056670944903,-0.07307968619419133,0.21103330965151118,0.12084979899056547,0.07119636716179056,0.25600229284876913,-21.789539176698526,17.363393152726943,29.238757197428626,1
0.3400009973701126,0.1156592341898373,0.46820614113077574,0.04825469655114967,0.06705477238085039,0.25840070012598565,0.03269788622695052,0.10060524985369629,13.95317295907737,-25.726762001703218,4.946409652384446,0
0.22658584656754532,0.3108158449150956,0.31500592228819935,0.210678659857161,-0.20687220453534547,0.3673105459675808,-0.18417510547865754,-0.13754474920931983,18.89142275531735,43.218430640881365,6.6926163586241785,1
0.05769183762935683,0.39331607384446843,0.12957325785510254,0.055864985338701156,-0.11984976987728216,0.18531081010521744,-0.06134306485063512,-0.09897196120514537,12.365978340594218,41.484264343974544,-4.281920999626017,0
0.27647512935016383,0.16982685165501896,0.20407833411550652,-0.03596993505986856,-0.22451578901262886,0.045861839529503345,0.10049395388805477,0.09331064300583136,14.66187427890857,-43.22101991915775,-10.407189439693205,1
0.2823254926814363,0.3662208464236226,0.36772965977103333,-0.14498195347729115,-0.00031062889754546186,0.20217149815843438,-0.20076550913475272,-0.16657376115558148,-19.335889059056825,-29.372070150694242,-16.961496045856116,1
0.22782191342001018,0.35165821416802734,0.22624952347273625,0.19875619707475173,-0.032165600898078184,0.22012123335543665,-0.2056560226923948,-0.2250127053440316,10.034706986503899,29.460017221084854,-21.875610788988382,0
0.07461566025366492,0.2502953216547092,0.46214920650723507,-0.062168911505556035,0.27606037779786935,0.11034254836455265,-0.23661971427996387,0.014857401649020663,36.65221847831019,-16.984870312973023,18.009619163937145,1
0.062232958527159654,0.2560999746963069,0.46659382093409346,-0.07907415750872518,0.005175104430694799,0.11378016295133803,0.02456774395733552,0.1815448012460184,-25.626755345649315,4.813808576806544,-8.721403372925142,1
0.1346818668258818,0.053890701759732235,0.4249105090606127,0.2726674624608945,0.10927916848375124,0.20382482709606042,0.026252811116582064,0.19920094265799376,34.68062969519357,-35.772670196017216,22.079803034460234,1
0.2877491734841524,0.36982582332569863,0.31453078868194173,-0.15037291504808767,0.06444605719996815,0.20093816803255804,-0.0465900783367158,0.28759474882224295,-19.926808776463265,-2.7958368169520256,-20.407977258047982,0
0.1340210238130468,0.3905856948328561,0.3265164133235635,0.24236016536914357,0.2803216482321798,0.2839146031709915,0.29981480658075493,0.16039794556522197,2.143310048421604,13.944895577179729,-18.343718560404042,1
0.07878596876103461,0.1823030024436385,0.40159752924284287,0.2672614729539284,0.2850910305438255,0.10326293548000748,0.04285905718557215,0.045448895020506086,-29.15572099001968,7.346538249249527,-8.234229580932745,0
0.21418829717723797,0.14242445180656338,0.19126583985035006,-0.20403759740240784,0.292227248846241,0.3215918603899323,-0.1958730917524626,0.15875300170426737,9.169064773239917,20.029608503368067,5.069182404793004,1
0.18326354114312005,0.3018512481435518,0.320170310562242,0.17265163131957612,0.23816567509998438,0.3400304277150473,-0.25941626729816136,-0.19011579249013186,40.85803640403756,42.17854260395036,28.04479882190175,1
0.34728704309795366,0.3751255059942257,0.12738621204876832,-0.21452515662943814,0.09798916762362003,0.25792971899306,0.013900776446627683,0.2547715070899305,10.807281598793601,-17.00425484058691,-5.996006614927438,1
0.37617526472056145,0.19431088037521532,0.3910310502381085,-0.1174914129227268,0.04736421379672834,0.46348519862209897,0.0750427864553378,0.12669521025990504,33.83860726823313,38.288192697791956,-17.503507487815973,0
0.16492642175164107,0.2374021764405011,0.4242802443868123,0.09155240433606121,0.18263509676824646,0.2663611380328701,0.07975057756057247,-0.12710663149052295,21.140384607926165,-26.783586618685348,11.687887729109896,1
0.14619582547167043,0.2091340323496529,0.12407251773888778,-0.020136031878337235,0.046408632342273326,0.35555571142625503,0.10628739040969076,-0.15480643613728598,-41.47293686146982,29.941367948381753,22.338770577875593,0
0.1513996156651964,0.13753503560477132,0.48741277038710323,-0.19545588455624935,-0.28053915609036184,0.4746951975960582,-0.11639596676613934,-0.06394796962760974,-37.71585864509204,-8.634130699201108,28.333277446113016,1
0.3275895457114921,0.35981850220082695,0.4057332906417398,0.268557944611245,-0.0191828893218694,0.3261608777513694,-0.19899503700713533,0.2860848727081566,7.249864488657245,-21.45032027092084,18.322456702132953,1
0.29325368423540615,0.3906010460972256,0.2273441918130375,-0.21176332464915948,0.19084992631761183,0.13071794848685991,0.2973758769623283,0.03795849949623603,-24.063070629590943,-0.35957074280904777,-9.877123690221083,0
0.3385454399392225,0.3739903340578536,0.10067415952635761,0.257743749340333,-0.2892834244948915,0.4624812363534727,0.2711572740485448,-0.2927688821904449,23.67173670990732,42.3181415312859,24.354133129066696,0
0.08194080568950352,0.11974882038888605,0.12387130195378904,-0.23334861044303823,-0.162209177571758,0.05838985246646544,-0.07336097946806244,-0.008282844498094799,-4.024352467717378,29.62890615141582,-14.760276819917316,0
0.2817358802903671,0.18204974411915337,0.16822841924994608,-0.08907679621623663,0.270705891293801,0.1976225515721614,0.06367943780275537,0.013705912299923129,33.859963439504284,-11.779487929846887,-3.9513333386297695,1
0.17195995757781957,0.05046108015802073,0.04696910758589273,0.16260739573366434,-0.24959685313664337,0.2997113416201212,0.21466710741551537,0.14466074210526764,-7.790508466241334,-26.22562062361623,25.35224926450966,1
0.28629609713213205,0.16756938236284852,0.08084182924434108,0.1169748527642146,0.20941401184764602,0.41911565846726756,0.07590290511981962,-0.16355563815912913,-16.541102942734398,22.916491284543895,-5.348764217584332,1
0.3977211762682912,0.27272945046053104,0.12661131226661676,-0.029979626457740438,0.27005290937870424,0.21936253419340485,0.24026671920140646,0.22128551878707697,-14.025931551824105,17.640810366939228,9.629910226955545,1
0.07844264288163286,0.20211149944151352,0.09136384076905457,0.23002870925491364,-0.03305950921990092,0.2953868743187674,-0.08377088380199374,-0.12675537885611826,-26.737219524461977,37.06844244003176,17.967946945617157,1
0.1263627216031074,0.11563559158966692,0.48159114887291754,0.11351689309450175,0.021782405878894684,0.06602489642065285,0.00794414940979754,0.266532692112933,9.26021910138045,-8.583423980441871,3.0661800879077035,1
0.24498326404456106,0.21690347186197645,0.13776451796070982,0.2903073569549159,0.13330026654631588,0.3890318235824385,0.16122655659920293,0.05040934630595795,39.572895776299006,7.5439353044409145,1.2027351062489657,1
0.11014089868214261,0.1258351000031251,0.019347035435154425,0.0653638040027954,0.11312295527337424,0.0016811431156893986,0.006471458396550334,-0.07387527690613566,26.31427036368909,-41.4998328601221,-27.086058670915286,1
0.14484421849550583,0.3220874559506698,0.45498855325855925,-0.03699804225745107,-0.25110961191692016,0.399364369614244,0.23110225996364014,-0.05180383758376833,-23.098027147175067,-41.04254985993492,5.4649693136913555,0
0.06725071123500251,0.15581854337337447,0.452792550975066,-0.053316407894414886,0.21879920281865545,0.2543296717613958,0.010186793375760006,-0.2968702073610634,12.339366596007494,-35.296753947262175,-1.2750951190767417,1
0.15469868186823876,0.16254568828537364,0.42712036259688646,0.23602548953025132,0.24842194009786706,0.1465771040033474,-0.22781245944219064,-0.03600145680087474,-18.381162137293707,34.54800001306522,-27.801903491787307,1
0.1834576384597521,0.3565084700871227,0.4934722906019473,0.22491050928309791,-0.2004803821659943,0.4098291097675815,-0.2807103629396632,-0.0640188697804153,33.36600359860775,16.987699148392785,1.9644256402726832,0
0.16686974382328107,0.0827355529577749,0.14006919381570326,0.20570122548594,0.09348870457992964,0.48334712205146857,-0.09439138893773794,0.030883272174985432,26.103439947440506,-23.94072515413689,27.84539847957994,1
0.34985190358172635,0.06028049360115811,0.18560899708599582,-0.025598059936857598,0.1312297694834207,0.3174061672180959,0.10702716815362562,0.16032804828094793,40.35918861621998,4.635753052504683,24.242547869407232,1
0.28873263931239357,0.35460371972438326,0.23772530263211733,-0.040523725206354166,-0.15771445889451502,0.27242018060372963,0.05589814399074394,-0.048045973774897666,-31.91556957186249,-20.420598393395718,-29.144909428957995,1
0.05386141750412246,0.13987627166249975,0.21748543085995348,-0.1631684478829476,0.008421538791718808,0.32897207111233323,0.09347630946002261,0.23625865831987708,41.96871868348889,35.16255120238996,7.210497560815568,1
0.07633201930206313,0.31897026809198453,0.3968137696366378,0.29809997422681417,0.2607625493971963,0.2173212116924112,-0.21996719127493602,-0.29357999518828487,2.8365784647435177,32.450976974956305,-13.925775625168775,0
0.10779997220664322,0.15538417031034846,0.025295491487435484,-0.09021732187605563,0.2992942693599034,0.16465619768278794,0.21586379761554425,-0.24853337164174052,-3.625887299760052,-13.368342115652705,-17.905028206115063,1
0.20752237656245603,0.06425943984661438,0.2684448663881382,0.057448257254332336,0.23497906887146985,0.2505490328732411,-0.20557354639312242,-0.19196585926599063,-30.61193233289122,39.468138665000495,17.60335544162443,0
0.32638045881724614,0.059676458780693296,0.4092744410168624,0.1637144534631952,0.009896237028740096,0.24840869837320678,0.20131614208017196,-0.04512882650217903,-30.64838910360314,-16.83910504358706,-14.087855798550638,1
0.06889063108992335,0.37778993882991035,0.2058481415601951,-0.030328083428467656,-0.026380492654100585,0.18251397911923456,0.10475274637080584,-0.29164938250569045,33.61574963796109,-35.780487725739576,29.982820506289045,1
0.23488709550936554,0.19618836332298134,0.04270950571219434,-0.22437019457065194,0.15616528092040044,0.012332032312134034,-0.2686169845214348,0.24278614685185057,18.359740210921636,-44.62085502772685,-11.277397538707636,1
0.1762655402813888,0.06934464332542968,0.17868481175102707,-0.1411156936070522,0.06629104040507311,0.10269514883620334,0.23301927183770427,0.2577999725517331,-36.01520485408888,-35.33373393402805,-23.08041371334072,0
0.10695339879118332,0.37656675116662836,0.49529636947760514,-0.22655413195097307,0.10980352925562442,0.2329959957838636,0.024687512526311906,-0.19225519220713083,20.116880950042244,-30.004855113139197,23.117998664624253,1
0.2966234816255541,0.06773332024900464,0.224343359295898,-0.1970174924226904,-0.22623320615872722,0.293532706674401,0.003393533784129432,0.14571995058930493,35.30756054086737,-22.798632831150424,25.379519199323823,1
0.32656913192008213,0.3966559664095597,0.2632872213329168,-0.02895066140829039,-0.09417876101166861,0.4866693661350689,-0.010030034397190801,-0.19320188403837035,42.22943148462085,41.479391339942126,-3.856496859895408,0
0.15758997667966898,0.2482668885329939,0.11607426601971821,-0.22352372989631297,0.09817113906729585,0.06705379825395619,0.1691874415237004,-0.13694727074944554,28.666205370239467,-11.834588304861576,-7.86944444142091,0
0.13726789800889827,0.33729448188506217,0.08856677486001929,-0.0843158862765139,-0.059354634344165824,0.14975522365382143,-0.2979858516677924,-0.15869444530725127,-14.611179700901367,-16.77375949260035,17.13332978863243,1
0.13467210901618382,0.3545219165411866,0.23192317470457413,0.11012654246778791,0.27727148981495126,0.14959392619260187,0.15671973451643745,-0.28634152708876714,-35.62954422196246,-30.432141899704973,-11.254899787649496,0
0.08130261019665157,0.20360055731593363,0.46144237892441686,0.034667504825096285,-0.08506795858929053,0.4543530847605177,-0.06682070629263714,0.005487888560625098,-34.51506024341509,21.3660850967443,12.018177428622934,0
0.3117552273258153,0.29571353168502107,0.34939482805704253,-0.07331811976536307,0.05956758178228683,0.3255425918432362,0.10848838342183753,0.045153812422543405,33.01242721409025,-22.608127865699768,-26.65159263831741,1
0.3519073547598199,0.316710975215427,0.1887505656436344,-0.28642182837512686,0.22820373789462317,0.3931784232414097,-0.03050350157012144,0.027744292284111682,-26.61191845793508,-7.910901914771827,-20.20827437931277,1
0.058057875550319035,0.05529189807144958,0.07909725618646796,-0.288064496033909,-0.22056154748938891,0.27958680267948716,-0.05983630105620241,0.288448873554392,27.78249241954819,-31.79018209602326,-4.992636392336671,1
0.3671749408806223,0.33923870650172017,0.4463914116940259,-0.21198727789110833,0.0022330638117995516,0.15895457937826168,0.2324315647824951,-0.1863373905003201,-25.20491803722249,16.804301071950974,-24.666020454739908,1
0.3118017172682431,0.08651440106683847,0.35741872782775774,0.15798666780569337,0.04125690547012423,0.4430437765354848,0.27273810733539067,-0.2791935102277729,16.117472166348662,-23.65429477738235,-5.509001459710344,1
0.08767571256394516,0.09137394374558552,0.3287446501481724,0.11600032073707733,0.18871611319264214,0.09051843888662853,0.010062995658663088,0.09649877828134945,-24.867038355388644,1.5235079034591692,8.306701463435765,0
0.15772720266544776,0.1625225510688489,0.2063774255181931,0.2182317119448513,-0.2867663596139705,0.21696310340513197,0.10802858974156232,-0.23375072503048683,26.302823731567486,39.77123381076177,-24.543910735381285,1
0.10413955738050144,0.07558914400321003,0.19563470379207537,-0.2686186498910405,-0.06320568623226194,0.06919521432483411,0.1383166773437744,0.20001758960184485,16.903388501665923,-26.95552628074597,16.01089157447734,0
0.24630155052773578,0.0845677001997468,0.0514656618976318,-0.01169177110839087,-0.03463058092641674,0.06881739256618469,-0.2973305851146822,-0.1842153349392937,-23.769697123616332,27.02235992479808,24.926301031632903,0
0.26622507773599396,0.05174473785306552,0.09215500104492869,0.08132477578384695,-0.07216840411100056,0.4621401918395304,0.15883453148505472,-0.031569556317528,22.45634797844434,42.786389144359944,-2.341150517911764,0
0.24947683652453423,0.08661528388167133,0.45198664543902,0.21934352359261694,0.17885846149099982,0.049931238580364745,-0.17736157975114247,0.14616021906459115,-42.91739148762482,43.13021703365517,-7.3713191786591565,1
0.2520065179588984,0.16622241898013884,0.16936562951906692,-0.1094046706024075,-0.03280315900320846,0.40596993942964993,-0.018584359744242773,0.2961892240086364,-11.145719270985033,17.933603055057468,2.937940283445805,1
0.10764714917180251,0.15082872552747434,0.2549944647559323,0.20200873138659997,-0.1969481123589476,0.3060749378547571,0.15202116837032725,0.26162851220089395,-34.49666774890265,38.37524707481016,6.088052110468766,1
0.22271502790723463,0.17443165652233625,0.13743853831250946,0.2880075869669754,-0.1486495286869898,0.36285419786887163,-0.1297451425164397,-0.2577062967858485,16.494895306614715,-44.85322371331216,10.544910693634165,1
0.2097915630479183,0.18792519095896354,0.4051512776367332,-0.07329741348430563,0.018264707761847354,0.2967577962210961,-0.286901165012513,0.009080026107713413,-13.965186654104592,-7.084788508507081,-23.982756090284987,0
0.11859799524914852,0.11255528157372147,0.150328235066722,-0.23501912113863194,-0.1868114778534656,0.46902343649771094,0.10008158081847718,0.25266159807435934,-21.883775267899463,32.13120022208314,-8.263631588760965,0
0.3974981692234475,0.30276844583169454,0.47631760559790615,-0.25704887138809,-0.17270930618486893,0.015555517872440028,0.22075056881350524,0.11653886469919833,-29.01135124420764,42.67715466979145,27.347833356882234,0
0.3260908391514294,0.3742245061185853,0.01168129480356711,-0.0527410693750848,-0.17752471225788308,0.49838439271226154,0.25773960577990457,0.181311570645592,-18.370817538645092,40.68920380906175,-28.244973596271343,1
0.13127076806847687,0.3826987223286033,0.04996152231757023,0.09888692824450279,0.27941133369030074,0.32707678686662545,0.2394023722531698,0.2946182847874786,12.765909243821767,25.403746256154633,-28.080888373215775,1
0.1687378931904886,0.2604263465710606,0.03988332124278077,-0.16699050586647549,-0.0494758584429047,0.10090924678152263,0.2721006088969024,0.2973585160467896,-11.61576718905011,18.83060874694788,-5.5337561602055665,1
0.10440454742919787,0.3560100278517826,0.14162346662505704,0.03689363664863077,0.17518465508482445,0.3919120546878568,-0.036968244849484244,-0.014245614847964605,44.52315740415223,15.713772928112164,18.878306587072963,0
0.1718161463189055,0.2752151736674402,0.3260758143981669,-0.23818576964918814,-0.04789393348468357,0.3212572634093827,-0.14468327448597915,-0.05575182808291343,10.232543848051698,-8.741636887958833,-28.148341706065928,1
0.3577479718702919,0.2776598196763415,0.2884307490352594,0.15080322692794607,0.13559937428883007,0.05526309470915686,0.2996796662440135,0.26513383586923717,35.693276657572454,11.006022054816611,1.3674798799388483,0
0.1515583884629117,0.3818948908611535,0.1651935598092945,0.1224586591546799,-0.07095938532477614,0.04252611200432438,0.2617136193679734,-0.20164320317004245,40.02223211978388,-35.70238566640305,-13.98315330261007,1
0.19386128580881717,0.25011740134355015,0.44252121239518505,-0.08166797944916168,-0.06124569618687084,0.4329519856334222,-0.08514364185729081,-0.0363822605587894,27.07310001224353,8.268021215228686,26.033150926215846,0
0.08293475732267865,0.10400630155293956,0.4658973097764917,0.1569046486919381,0.25364345749510037,0.4583401422496836,0.08963557026464442,0.2569431888672991,-7.49663072257831,-44.67453796935531,-26.245733049230438,0
0.060149826121564304,0.13428982031440148,0.0715109375833175,0.16606076441533113,-0.18107746367226127,0.45531911356544263,0.09376142359649409,-0.2783023737031823,-44.51131492841696,-40.3507874687041,6.355510658863665,1
0.18592825333036544,0.2835324982950105,0.2872854721024874,0.09101556191832766,-0.022074916985892257,0.13351835271899182,-0.010348641472356868,-0.07107832203787318,18.83677782856956,-29.553765986809054,-0.23112402169526902,0
0.1953423473713342,0.1911344621206456,0.4044662437954005,-0.12373182494095744,0.11089912362058407,0.3631042617119783,0.2067335936169173,-0.10806864557579057,21.770034015438185,-35.415909217918184,-21.716296262885717,1
0.2745032047841031,0.27525188735134476,0.25943042427475443,0.22083329952402347,-0.21348714909337135,0.3964259282330246,0.1842740855711858,-0.278322985212062,-33.059074570912195,4.243401078535605,-24.58850877340722,1
0.38607441839193857,0.1476972855642234,0.012902430290915812,0.21319783430591094,-0.07944756248981988,0.17148294148747983,-0.22882763291017003,0.09625323493134497,-12.708596556950987,29.069507661005048,7.837098217807757,1
0.20360000780074555,0.314996323644564,0.36992890163442305,-0.2176929987061173,0.17557948377652216,0.039278498717482624,0.00032768527712084827,0.08704909594031657,28.951997163770486,-3.32008037162516,-15.788515346091287,1
0.2303881966545141,0.37416333563112597,0.13152431504093998,0.12901670880092092,0.27483062357632243,0.1803155878146962,-0.0674197963850087,-0.02846249447485588,27.813531750249936,-5.4643750437455125,-0.8252426395574801,0
0.0721986097561683,0.3297321601544652,0.35438307410991743,-0.17578463959406448,0.25902135980407387,0.20210094015319602,0.23256631647288245,0.06306822279895524,2.4073151886860913,-30.642845949361853,24.859657457238768,0
0.22928503988731952,0.14049501235205902,0.3314622257684604,-0.22879357975269304,0.26223085840230415,0.4473642908573659,-0.1884153480745745,-0.10604046938093722,7.887147718773875,19.625610297082545,-3.440639090384508,0
0.3770491404792557,0.24912685443693072,0.2572549906923692,-0.04601643346838458,-0.05959746608621677,0.40898313741855197,0.10650050969167557,0.16421407867405347,-7.102425634991228,-21.47064977675381,-24.78808688830908,0
0.2112664432021269,0.27857225451190853,0.2546949418079962,-0.17912606265159348,-0.23823657177156013,0.4109352314493502,-0.01241719036932859,-0.2627164895196737,-21.769065031539782,27.36304005457393,15.103579486412997,1
0.14842468775743764,0.2721896643906993,0.0019319411708541012,0.13653423141275955,-0.07351831014410568,0.488873933821648,0.11485055581784914,-0.26867102695059414,-36.66349721322237,-37.06487037682573,27.15733559351662,0
0.05297665567871376,0.28101796938682644,0.08508100403329116,0.13468427412182354,0.04040320010727483,0.20074133886158735,0.1164398575243551,0.21395597152126805,25.086934247586584,4.0841348914716775,13.361659215571784,0
0.25119052228067107,0.3973054622387875,0.2348897624374206,0.07154834254233094,0.005943412118308289,0.13025566978797903,-0.10178071141996473,0.2872714607735645,-9.710058778676377,16.146564069307054,4.0258358201228575,1
0.1845752681900512,0.28360372448345883,0.04881816080544826,0.26224819166327323,0.262445003904011,0.25970040708805586,0.005750720439086754,0.08088491268822257,7.206205549278394,3.91919101447602,5.351468933155992,1
0.12208657320485143,0.19184431068381091,0.31783801273614526,0.045868811832133316,0.1338963564329103,0.4182022664687006,-0.05451580093837577,-0.04621963472266355,-0.29770789903621875,5.971804054317317,-23.5006395457265,1
0.09592173625052154,0.27341898733338205,0.1047164182631301,-0.16461720862178456,0.16748310920616638,0.14296247441847132,-0.2570476187088504,-0.2781408316140833,-5.1139811479241,10.541571991618142,22.133114003508176,1
0.14579865484800353,0.14860757194458574,0.3684419529910218,-0.0991395470162367,0.13722644708800674,0.4763533794074125,-0.03641553793274471,-0.2416046142722148,14.989183319649257,-44.14292714740629,17.220211276337807,1
0.3847409259171026,0.36663626672633043,0.1983362994625386,0.26812185092294,0.2308875316500058,0.2951919251845696,-0.25072925472627583,-0.20352585560427736,-38.081317979357976,-35.28061968158451,28.617142463584663,1
0.08509229399433814,0.1536737839441107,0.23145645937667397,0.08504629463403135,0.12167909375969604,0.39300814430945824,-0.0024757139639076664,0.03395055997613694,41.45136201463903,-23.397454818927372,18.225584573050476,1
0.2714038320883347,0.3148624343578261,0.3728428960508257,-0.13706077767355343,-0.19132836734179115,0.1640614919572746,-0.01209331177356493,0.044268448238205915,30.325532608724444,24.213080493415447,10.569031539990966,0
0.3733651401909005,0.2526421336625849,0.0023093994216638047,-0.27687480040593854,0.10825128340195317,0.28133400691596655,-0.2840805376763554,0.1460759767334312,31.69308033622636,-0.32242658046225614,-2.0545535785647004,0
0.11563600630027292,0.21772464262468216,0.42132462033526746,0.1548010590800079,-0.037888795477335424,0.10436344171848028,-0.2723610599386853,-0.02242180831036139,28.32978136663725,20.671379423488233,-5.483953942364984,0
0.12099675558734922,0.27000083887159454,0.11460668028547388,-0.043149381486118854,-0.19229135952719234,0.214405678538707,-0.21808779676596235,-0.0972161653644932,-27.09615448639773,28.449168550479754,13.761245015670632,0
0.09971477522129199,0.28900979208920136,0.06172117690022072,-0.2710248895377599,-0.23447090123328548,0.34533707652154816,-0.21640484435717994,-0.21221738331811119,-24.272982291681064,22.581963377687032,-17.97882526435344,0
0.303237209363792,0.30000479426758986,0.35765508701747234,0.2342148009925487,0.05723566766596466,0.48353609974847916,-0.22848438936561727,0.07917538595631862,19.523389134221603,-2.050163014107646,-12.707496812583813,1
0.3347798895956016,0.29905219938420863,0.38699682832501764,-0.09639191585877166,-0.12246809555573268,0.1907104327838261,-0.19103205094754722,0.14781605111766227,-2.2460546694582177,34.72289624877452,22.702890556611152,0
0.28099850158040296,0.15586809839827487,0.47376779983299616,-0.08019870686607822,0.14310642761197717,0.20157010205954096,0.037091358037799615,0.1318695210129277,0.8040736576218848,36.637769421855765,-4.841940724331387,1
0.16232451282778593,0.057064546512463815,0.30198797337914374,-0.03694945388016718,0.14973999755167916,0.2622998822543113,-0.25410573884943194,-0.15318754784713448,34.42713805138766,-41.60792738564549,14.200180163897222,1
0.12440582589968784,0.3870000601946836,0.14774181932380342,0.07603299568805144,0.071320223753919,0.23538912108258264,0.09321627849945552,0.14614616629606286,10.710267420679962,5.399515740058121,6.397644484365813,1
0.16701597340554414,0.13765987523553094,0.37221836709661077,0.2595523054025389,0.19002587035730623,0.15999916487862637,-0.02654559388144251,-0.15177786213923464,38.158217218923255,-34.31298828691082,27.11726733868239,0
0.14539420558407626,0.1475175509887739,0.4960640781703654,0.25420642439415025,-0.25446069540638566,0.3282753259980628,-0.025873435509093434,0.11328845831949719,8.726463498649814,35.03271600741758,-25.980701142670497,0
0.16288774767860048,0.3672096166164769,0.1493617624872159,-0.1346934963270904,0.23184025151566273,0.34041129624660393,0.23740325082554564,-0.20645922644761655,40.706711798906824,10.146794103029436,10.082102645605659,0
0.3833829138210511,0.08093074716361479,0.2883660241342752,0.13223976578639024,-0.2234237945664862,0.31823106387870076,0.21854343250189573,0.17253338605689367,39.16536213861522,19.85271270668504,-6.360790219660952,0
0.3064412203453111,0.14951509986577757,0.30193013437611715,0.1805531462431471,-0.24582333317756144,0.4794084446451496,0.23513208150079073,0.2778113003437284,27.751365812844398,-18.51200168046117,4.893328058079263,1
0.10058346610311641,0.08619103870289307,0.293822286088856,-0.19764421887786832,0.25507207102607826,0.2905305698501975,-0.09187811727909775,0.054549294888850075,-42.947651607327224,41.270329191730085,-1.061793783425987,0
0.13763180964643812,0.31113648122502546,0.3848750836753247,0.13446434329052276,-0.28530993511943376,0.3518683098218842,0.2940873684334579,-0.15442477888462627,-20.31852849971953,28.217389462248548,-20.376191696635168,1
0.11607261425228291,0.31719395280640283,0.4757710965751413,-0.21589215467800094,0.2758087315044762,0.29738125173755187,0.08499624321795424,0.12595582688554913,18.370700131912287,28.782999736711943,-0.9918809191381541,0
0.3171614612084407,0.1961602799920395,0.23439891142905583,-0.024720563372366777,-0.17871935804457562,0.36069571894913044,-0.2381962016871782,0.004350663328002657,-29.70397552865744,-40.81204713805596,-21.4053669331699,1
0.17143324346578392,0.13514252103270696,0.03060755658620551,0.22233778630189754,-0.11665133574077313,0.047641073188190275,0.01291582737127378,-0.22603468897871803,24.578388131116228,-39.45798510841444,-2.1218430033461217,0
0.36458916485108456,0.3914663495600111,0.3337276012303913,0.2905531829665043,0.19319510527716233,0.022182750066906454,-0.29771343347851986,-0.2875209063466406,-4.328373607255742,11.104435000589788,-1.111690637968259,1
0.15698191948886508,0.1251526799049718,0.11442325040388396,-0.17110838116470273,0.0737105696583289,0.08384560723472856,-0.08237618449206577,0.11273211935607136,1.2303951612885555,8.755278369793551,-14.945581232175089,1
0.06691947424161827,0.3732499957373035,0.23872049446337135,-0.060235823471277566,0.21688524125264091,0.4227891144918689,0.13635657180001426,0.19761598974000505,-33.810436711535345,23.48239995723077,-10.31795502095233,0
0.16640121473838837,0.30860367533126987,0.30695060510620636,0.060042571892119145,0.11176447736828565,0.32323136241937445,0.2245624438741703,0.04126040854199731,-8.884396587458141,23.948039447626314,-14.445618330305605,0
0.34594062489390154,0.11782001503226854,0.09249154737745113,-0.0357739190491278,-0.29714907302251165,0.34642647744812904,-0.12236776331519342,0.034379607728669936,-38.69967955852378,-29.642007655557542,7.371550201315969,1
0.18144719358754952,0.12571858354749782,0.45147145221429935,-0.15792067084200492,-0.22749922440852183,0.017577655763571842,-0.27302791655318986,-0.18504825901990984,9.738766017625707,-43.41151129399896,-12.795364514571169,0
0.22272730315271938,0.21391218714301585,0.481099994267351,-0.02965412183947108,-0.1914693418067458,0.10845806140289416,-0.24288747699781552,-0.29965912244463333,-6.124890509956629,24.231832316839927,14.007986567990152,1
0.17167916171068598,0.07143178863590374,0.3328633407863903,0.14369822486297612,-0.04559119448178445,0.29154880580893466,0.29242289851444997,-0.15300084038420436,6.5679924419325815,9.986437220637825,2.9464317614677853,1
0.17221637221506297,0.1311033588800477,0.02829120182942013,-0.13344742997402007,-0.21789078669197953,0.18461238887084092,0.12154688355156329,0.1152204145278875,-16.36502135724522,0.7697133554479123,-16.993705811892053,1
0.1049589240669675,0.05413318086265162,0.12397349583044237,0.24841203796878714,0.1783573153633365,0.48489685387535975,-0.23954308732717616,0.05530724610340165,-21.856457337230104,3.8647535195166682,-10.772706866192692,0
0.1868362148749071,0.2613525963284204,0.10994502136753082,0.1825751195260124,-0.03747818593709723,0.35312205584162343,-0.2511345112555093,-0.018020763525379846,-42.460242104040454,15.831899263400828,-9.377395380175827,0
0.21765924293305533,0.06502492975076767,0.09865158183090833,0.02399958963107457,-0.1877336178173081,0.22679169784114922,-0.13000969192346126,-0.28751200157365636,-2.240151521497573,13.164298402840636,-9.705978212192033,0
0.20338206701613942,0.34922532971587084,0.22158467989693015,-0.2503007442214184,0.2953197247035884,0.42249179553010635,0.09602609124359984,0.15379417248516447,-33.46283702206403,23.932331469285728,-17.535063497274294,1
0.15582008924979907,0.2465227366445653,0.08465014100972534,0.19163970428059712,0.19036333156696666,0.43872645737647775,-0.27243780173596627,0.29547522586500824,-22.699852700427492,-17.15096825573855,-15.039856248573233,1
0.1958185618201877,0.39867216355805213,0.08820730224791962,0.17765967542507088,0.25686495216855404,0.3440271763316254,-0.23440422641348055,-0.10407518769692689,-37.29007681404376,9.157330882422059,29.888928549535876,1
0.3218322695682626,0.05184104314930657,0.10785547789489092,-0.12213742490205326,0.2672367037506697,0.25352310648345894,-0.08138887200111525,-0.05741273063179689,-4.335994491071737,33.104735110257394,27.740151940808268,0
0.08156893495284279,0.24880034131934775,0.19505485622785973,-0.25103434109856787,0.08887008301451299,0.3655989998114209,-0.19548875182801123,0.11666203158526134,-28.88572057670404,-32.63431956162511,-21.158204008515256,1
0.07326531552217432,0.3008630940620065,0.31758408142336214,0.10809743737239325,-0.16141775571223677,0.4924444912611204,0.03502509729494735,0.2817289033612131,-30.224650232215783,-8.541044114284816,-9.858868860692294,0
0.32615914254709505,0.34016816206798633,0.06864691843819937,-0.15718118424363223,-0.13800675759050496,0.08304085949104578,-0.06447899586154757,-0.18418007313023263,8.598537983394856,-35.854610139214564,-13.804850818394616,0
0.11815511107868305,0.13145658339078775,0.3093430502412962,-0.2535790140470983,-0.279571407710876,0.0320068019026743,-0.226041812528539,-0.04248188271948772,29.633457911804214,-14.22252962140254,-4.348115121154816,0
0.326119265185423,0.3325198770816552,0.18596989402173775,0.0036154376960391144,0.005070702051240661,0.056604258468036184,0.05888527327696452,0.1321078674002013,9.98710372019648,22.136934123857046,-22.866523912508598,1
0.28650196295846814,0.21258728930821424,0.4804404943057443,0.11310984834204807,-0.2658237385739601,0.3350232659065658,-0.26418248234823444,-0.11566207032601919,10.41151323624456,-25.59455854318229,-27.708648924342054,1
0.1724391645138691,0.37613507011524533,0.44234037705103996,-0.12409791241016699,-0.010158793387698428,0.4418524917265389,0.10238073640475864,0.08236780879997174,14.450271308405085,37.88830208006554,1.0304304426056135,0
0.38718277240148247,0.36778083629049,0.28598041890406933,-0.07423155339088128,0.048406601105544234,0.40796553109962475,0.21674240521107252,0.19130633096546473,-4.007125940243604,-34.302780938679305,4.150405604326579,1
0.13674384703297535,0.13283182704915342,0.3730071401217232,0.1899412580543462,-0.23683315208752503,0.03327942847758908,0.056660198253871086,-0.21229605348438102,29.219777141070722,-17.0698793468333,-21.367684021731442,1
0.12674511282308187,0.16312255132247402,0.2955388084769177,0.0730777162800117,0.11205237512487454,0.4525963781067313,-0.12297591570207711,0.09525539352406542,5.375056119992294,-17.47464836286896,24.4449111956204,1
0.12887486866518028,0.254295797483755,0.38282897254733467,0.22336870019728744,0.24992527865634612,0.04248782474118157,0.1356355016725171,-0.17753742393539074,25.120749733816524,18.062075874024792,-19.118858483981384,1
0.11421290427481612,0.23480534814425685,0.16026218648196133,0.08240066158622372,-0.17235575409504159,0.3977048666759463,0.044150319819864114,0.2743638924556045,19.059329602421542,9.66559855529259,19.749521426780476,0
0.35297875680094387,0.2766105011268269,0.21745015695734937,0.17087503086861494,-0.2675377475769911,0.40655962546648267,0.18642130364667614,-0.16288235200660786,-41.60955690792931,19.233715997681685,-18.007702294217037,0
0.2289570836944433,0.2160855312157618,0.4327159278110501,-0.0681756382412016,-0.062452392575578636,0.15245567264245807,0.011221036976770016,0.026910020213676444,14.441503077941128,-6.2547920901386505,-16.92976248698404,1
0.13504505168698672,0.17631597772194907,0.3573200805895135,-0.20475085188314207,-0.20455694710349864,0.24317921163330947,-0.1537819474603639,-0.15860522665857985,-44.16849707233386,-11.659536792184682,-10.904966722895807,1
0.09520746863583925,0.3341566387055875,0.4093509138515072,0.14325565192874834,0.2763182783428228,0.13526981434270802,0.1959892433941725,-0.0887756819739475,3.365876301240661,-4.895997326880412,-29.648998639583567,0
0.24328859212040338,0.12410938597164373,0.40972537777231866,-0.000839976964724154,-0.27967332291446606,0.3415074782244989,0.27029776188162363,0.19749029420745018,-20.05216738105142,-40.20074235599934,26.42108475229083,1
0.20182351695993506,0.1189426318885638,0.4480724505720601,0.28448895181241335,-0.2689516871801511,0.39787318992871623,0.08742993476492322,-0.1431382451004552,12.164050645453166,-33.422112748487294,-25.835609502150163,0
0.2037193968734925,0.22354274736166785,0.11008426447552722,-0.05806635435038093,-0.26218883538261334,0.42929294781341937,-0.28599924647147973,0.11011475075601096,-20.41004686912497,-2.1501511170154473,-13.106493594014552,1
0.16157035703481365,0.0514214785287093,0.010110045481793506,-0.15573226455824482,-0.22998563649894443,0.059793298513887705,0.06164377443986779,0.06327319393211672,-40.97051015063913,8.454172662037195,-21.250884357977906,0
0.3924586808145537,0.16205164062662394,0.33553404959043776,0.10670462440668255,0.008417667359724601,0.11422372274227849,-0.21512554742749423,-0.007790313051341313,0.9836583040239262,24.60300810973179,12.590006637131609,0
0.13091152348072208,0.311959098445584,0.4351996043378518,-0.2001055553619827,-0.2760377636250594,0.052754274227961306,0.06372142602112002,-0.04701127772664904,-27.445377246489898,2.54732145811456,17.131350856478484,1
0.3562876646628791,0.26357960555163606,0.22197144319798817,0.2615624996614356,0.2123906256883375,0.16110783691146913,0.02672904122480374,-0.0061054463445223695,11.898225010337612,-14.929985973711997,-15.347699954046705,0
0.36536440182520413,0.2847530156186041,0.20836462239150705,-0.1357129602830635,-0.07160339691542139,0.2380252976833651,0.1282934113054372,-0.24639506506267264,31.394964581005112,-33.519597198283805,-14.252995081653726,1
0.1817746998855767,0.1618821603588903,0.4171175924145211,0.09332850607105175,-0.0894628271504784,0.45708013062358244,-0.0008930609294131586,-0.1870351516204269,-1.5100323779086935,15.722949414012817,-7.973244644630263,0
0.2620628518271356,0.13960878451248016,0.1344942259028169,-0.09625650958658949,0.14768506794543312,0.4700666171469807,-0.08977401969133203,-0.18270717614370485,-7.142674304960721,-13.334427631833648,29.40149484739056,1
0.2171649096115466,0.27153338120021137,0.10795069969280935,-0.16958632646573799,0.005899106531768394,0.03430490886014692,-0.15800517034560363,0.1760472921485649,-3.263991540638436,-42.60402598057953,-26.35551489826264,0
0.0851045920840241,0.22903977925231528,0.2912370089995046,0.2345211583423446,-0.24382715619648399,0.1693003426414988,0.09560885693810312,0.28795804911604667,31.34468915620711,31.18455555263006,1.0309517654872877,1
0.3214792512893726,0.2958321809901902,0.2727458228370968,0.18920563783752758,0.20405062358887954,0.2939516540090869,0.2795566751123622,0.13182716857039634,15.918783854636587,-12.472038669721918,-29.86448528399954,1
0.3735756528363863,0.3540736363337109,0.13068739567781196,0.2308256831735333,-0.11997638473181216,0.22049022571533083,0.21074014687134174,-0.10558855479659573,-18.830527363125046,15.179116445632793,29.98058174483856,1
0.312376017535073,0.05745581416971418,0.11148166724312314,-0.26804959891611685,0.23888902297188924,0.0026485408507861408,-0.0043547009908608825,-0.04560052370461193,13.747019809332556,-18.923032028767516,22.421724028167503,0
0.1662570666962081,0.10919714758399951,0.10588608173315517,-0.24599916537294608,-0.22793362193916938,0.035652267092422696,0.29389384152292414,-0.2555653899785558,-33.07121271437278,29.45291360316628,4.814413004576586,1
0.22140627140302926,0.24930475620219056,0.25820427196735796,-0.10573363692238638,-0.13109465419245483,0.20764873031194758,0.23694556914934,-0.21877772412729418,-15.771186298207503,-27.692961484553607,-4.371781395757083,1
0.13885954295765823,0.2952130080244461,0.2751777251661034,0.1622864285787345,0.03804140385645116,0.2846655903661214,0.21495538903766126,-0.04518604961649558,35.554024769175356,-11.500627675950092,-10.28434759379715,0
0.2267977406148715,0.22166416056114485,0.009169473723785071,-0.03293707300110077,-0.282621739624151,0.20243038787794826,0.08819994654087254,-0.2244573250759868,37.50954666517917,11.746034096345682,-16.944081864546515,1
0.30946092760843463,0.09428781300044711,0.4092586951272308,0.11288868092457327,-0.2816969539856165,0.1677989247175254,-0.019973246456113758,-0.08362950576791112,-34.43248006124282,-26.338834394549366,-28.526316305392047,1
0.1786279207686602,0.16223809116888177,0.2550080911767198,-0.038948255337649396,0.10983133022323455,0.06859890418633269,-0.03858620757127623,0.2350210867351224,-41.75435615042471,-3.8395500162006257,9.631917983112608,0
0.3365315332749303,0.3788512456607856,0.08649340402474132,-0.02237269884310561,-0.2387742009152195,0.1695700035364875,-0.2609413471436841,-0.14127208318954376,44.12013003803713,-40.98570594107383,21.538099777120237,0
0.29241876623333796,0.3625398146848783,0.38453693184806054,-0.09443511449042921,0.12380340177046373,0.10349240730498682,-0.26510095232891434,0.1748290437869105,27.720820370849893,-42.93621549759622,26.867700832198423,1
0.3460917550919621,0.1954495978457656,0.43724982561430714,-0.26330019330575755,-0.23336873309601502,0.020136330611981224,0.06120657618144604,0.19911850866989977,-8.760529475219542,-36.83740952960787,-7.591870354142792,0
0.1758513714629481,0.10516854725623584,0.18167601732296212,0.18903101330714672,-0.22101001339282633,0.31897258964753894,0.29253363311077846,0.2370089254773265,15.40649954960552,26.336729414534588,-23.011412756062697,1
0.3179954517386862,0.2967562929061931,0.4418398766422196,0.2352448472622744,-0.13288452925105348,0.32068138760890996,0.2994737977031952,-0.15371607092335673,-2.4410998297243722,36.91497281764576,-23.81522150840422,1
0.07355642473414876,0.36404928363658556,0.4552061699158128,0.028835765905579624,0.03393330943256734,0.028778017971977266,0.058770307871854055,-0.042508926072502506,18.813926721099357,-40.75875750639848,12.653260963769384,1
0.09776157057484694,0.19390359826486187,0.22081139318091525,-0.23454602179350797,0.24999597611744045,0.2995729637938538,-0.06687868172623074,0.004144310083323999,-16.722226217807393,31.88979284801337,4.500902494110221,0
0.18485589208116437,0.3760023697491296,0.466960607890896,-0.1809008324986554,0.07207851836301954,0.319087901485489,0.03752104767481068,-0.2254021752029104,13.861378695677566,26.917675643178015,-9.286437968812194,1
0.11016804354020213,0.3655285202519581,0.05898249745318768,-0.28539267800688317,0.16496426886647053,0.18125477426259018,-0.062004868678721486,0.17991452694491727,-28.805778758038663,13.529424736893212,-11.18830026974193,0
0.09720662393273095,0.08821816154545808,0.0031809861669429562,0.14637326446303317,0.2888372315410023,0.4964088763767841,0.17051835260575532,-0.20268973302237386,42.99385103218094,-15.496790129824419,-9.982823430447382,0
0.34496679969820626,0.07969889560162181,0.4832381203441919,0.05310826597477558,0.01064387224449792,0.4236753112095934,-0.2834714272251263,0.16629164964420579,-34.50563589883351,30.670028904638883,1.7505731542717093,1
0.3015304497107926,0.08005477929662648,0.07912509047003047,-0.22036371164441038,0.25948804190569136,0.45677132417649463,0.178447361758182,-0.22996886359442442,6.684432292762729,-28.149243651913373,-7.896963746471851,1
0.3373739237780123,0.19077707911684033,0.3931030752131859,0.04585751547787026,-0.1282193503050162,0.48754465666786956,0.2570945960124767,-0.23268092772452548,30.54793334972851,-38.00819522158176,25.729151626314327,1
0.23043691100995078,0.22933001203689368,0.2811893988653411,-0.19981952641022538,0.08301467459353146,0.022170461294388155,0.14467409215909305,0.09789571538406727,-15.261869842860317,44.00904249900445,19.726702960270693,0
0.1460751718812116,0.2426096620608318,0.45402293278298184,-0.045761790120855905,0.0909416963625787,0.11444929356289801,0.1807962270276134,-0.13819762178396458,7.1822514155001045,-17.977727724058347,-25.95585899628918,1
0.1741192542409549,0.2729606070310076,0.2739172901339594,-0.19219203977250443,0.14084035052342164,0.22850672373974512,0.030864931371682225,0.10358571895488777,13.758459652542335,22.403593808104006,-17.594896281412957,1
0.082577006473397,0.14320504120359068,0.4099851328178653,0.015982505962320148,-0.045301265585336425,0.3310814719792745,0.024906336195003154,-0.22109164394662426,-24.96389725582294,-24.972987510845314,5.997150756740531,1
0.3872529692777538,0.34947474259584127,0.09380464638251679,0.05656361658094794,0.22688845479332248,0.18723196822446886,-0.239336300438649,0.1865777413439531,-1.6412803774045557,5.7953412323260665,28.92865777907066,1
0.15081497702411423,0.2350850718326189,0.25031642857695285,0.27601395477004437,-0.0635827318896876,0.2811137773107834,0.2572239569324623,-0.20231336929406513,4.543704295050425,-35.489437167435334,7.049935909110033,0
0.31677419133935536,0.27487064121528726,0.3072935700384858,-0.1686987044064582,-0.17130832248039315,0.014586214198396397,-0.20751752216778538,-0.09811124142209829,3.665240670764696,-33.227229825205015,3.454330816402077,1
0.08960548113916549,0.3909836433696493,0.35741872735910113,0.0023607992204485173,-0.24200967760546,0.009097967854885702,0.02671931848916348,-0.05168969553598718,30.839804492583312,12.807493172409316,-4.086219210258296,1
0.1462631458913845,0.2860650023218069,0.349280973302258,0.015045895395165376,-0.21135558450886938,0.4595929719458,-0.23097295059263084,0.07750330122630683,-35.72202630512204,-31.850936178036967,-28.76770115827026,1
0.17044937732217183,0.08388355225674002,0.4736598978648022,-0.05700356310250962,0.1853817615040494,0.4872085615544233,-0.25155883199835655,0.0910016807609964,33.42681780670925,12.081099057005545,-4.2584327185552375,0
0.24277571471575743,0.15687108223005758,0.26597422797603115,-0.2672176804014844,-0.2325780755443853,0.0035855525261349608,0.2305260249390026,0.10276825733975736,-18.150321138052668,-25.095472271342587,10.984596069466797,1
0.2380759932540732,0.315951110044281,0.12307350423658314,-0.18241926104174383,0.18338096809630894,0.018511811920417565,-0.20964204977366097,-0.2925859527226377,4.984631411031607,9.007715862663161,1.861841662170228,0
0.21699452977033729,0.23596251898428028,0.22622369960897676,-0.25644514420580083,0.17224207615641507,0.06320587182091947,-0.06325799382701383,-0.06790629263536249,-19.796328712193585,-8.774358669502348,7.080546622945711,1
0.3013020499807228,0.14216982555746926,0.4272448681827622,-0.28752790531449507,-0.1825370386741652,0.4000999715182516,-0.09584507286439664,-0.2101003003846164,-28.1920719859737,2.7680761742462607,20.77089176069927,1
0.2807599685707585,0.32332164686077297,0.3804764897585019,-0.11023477368901538,-0.17684408972087867,0.22680708922731097,0.028088076144306362,0.2514522767811334,33.73408388466487,37.445249817164495,21.01574310815878,0
0.0659398516623918,0.16677226299421727,0.4807666212705687,0.004502769366023229,0.19358679410111335,0.06463297294769954,-0.1391527305541771,0.2679278667264053,-10.480329275937876,13.356551560349011,28.567606749755363,0
0.11260567251429585,0.2756703527514825,0.23298347363188093,0.2037965576470691,-0.009000754069519223,0.46490196728469146,0.24028147673135264,-0.18882745253758632,16.754971711669526,-25.68377257913023,19.39825837382746,1
0.283579703004249,0.23642019638401757,0.06875743473258172,-0.1772575483761733,-0.19261342584575764,0.2933971294868762,0.28402991803108685,0.22634355766499686,-42.727330536338044,-20.364603798388814,-20.56455246377867,0
0.167438011975501,0.21087933522291225,0.2252363264301821,-0.2141436301324834,0.28589314242541747,0.007746071394064025,-0.2939562331095607,-0.07593520887980532,10.833871441213574,-28.83120958665646,1.9916402342496617,1
0.1588365284722682,0.2906827672081324,0.35270318274200635,-0.06729498290181016,0.08453318075169564,0.005363822487838121,-0.17456540483865512,0.015052981780356689,-30.26238261675337,-30.068381891111972,20.178257433014274,1
0.2994724202576961,0.36099566424573537,0.47066286843327554,-0.18649330142018014,-0.06576009226453522,0.34340849598119566,-0.2729854347417512,0.1301669437075787,-44.560490399887705,37.267962864078044,13.090166984496172,1
0.13487225920446638,0.10408678542685079,0.017976624000994368,0.10285455491540041,0.22516385296644986,0.1572097171556342,-0.042458769931363716,-0.2978718310184559,-7.8430704721696,-19.681009642612405,4.45200180747608,0
0.30072388646582926,0.10202112994298487,0.4889636509320451,0.17195175946101932,0.043633061180407495,0.08261547036906308,-0.1963916108526153,0.068598704916085,-7.542258029818981,15.827355046363117,-7.654336506017842,1
0.10921904305809835,0.31094963860032887,0.2785134706937155,-0.19498981476337668,0.13085234966256515,0.35687805672821366,0.009261137486064164,-0.16471941741439522,-33.09354969795031,41.152954361381035,9.34875229554931,1
0.3242562448379318,0.29723575793402807,0.3759934440841807,-0.1531629763705797,-0.06384272670394253,0.059875413603609484,-0.1566654298593201,-0.11832619711354195,-16.25070244168925,-29.246410071286938,-18.677292115731397,0
0.3372018316272711,0.29552511242650187,0.12493958977086222,0.12692107714965006,-0.07236272037600475,0.2788862535183227,-0.07777843633839229,0.01297761173150408,20.68235055832902,20.801758555844913,15.190954758065693,0
0.1693813441152936,0.2339503860681283,0.13326590085974177,0.17847547077399206,-0.2955036911171251,0.3957565412399207,-0.06397783405121577,-0.29691899475013456,31.235784204668917,-4.792095258048974,13.483598578141766,0
0.18561743266056108,0.15091483637558545,0.34124775198748775,-0.2161485098344141,-0.18005507851493502,0.003681134875502756,0.17215462650128305,0.09891051395521927,18.46488407637016,25.265612791977105,-2.4650534676996045,1
0.13464543524726716,0.2245928078381756,0.08208183680634079,0.17390373633001532,0.18442681426745317,0.421071605630446,-0.270259127535177,-0.04327610325982534,31.222590544290227,-12.310254872397095,11.749222699381349,0
0.11794843974764414,0.15015262694967482,0.18922152022232092,0.16573526418503953,0.26644856327183414,0.46216758842399186,-0.1975898209235923,-0.2637519135632521,29.56797173515605,-19.060356345164383,4.969566229375253,1
0.0994512434804852,0.143426777128205,0.4298401506209935,0.06145017729204627,-0.07320679608165975,0.3949529908677938,-0.26132554052705476,-0.14766534724656857,-24.290716134839464,43.68281059513998,12.365914943565613,0
0.36460051577097286,0.09231971532846202,0.048741419506680816,0.021005456280349,0.07493053668372573,0.2554795836957366,0.25739522826745936,-0.1423074991643415,44.12115682884556,-43.25855989986113,-22.88796032039084,0
0.3223319173883231,0.20681048631243076,0.26973899595048983,-0.20786253041222852,-0.1829054567276076,0.26583240605105884,-0.16519153023990504,0.18387923077715368,10.45962750438219,-39.9079189436037,-8.5273998997015,0
0.2444650839916232,0.29128315878455185,0.3217311170768049,0.19675448829394332,0.21709505966504578,0.2816280662351548,-0.1232663550201604,-0.2863198514550183,10.296292595788813,29.292194993905767,-2.967611669300428,1
0.05549063454915637,0.3644692725109168,0.3959293518009011,-0.2545060739145533,0.13416664668783235,0.38547084106965945,0.06138424405721071,0.04660248009367396,-40.52816763768234,-39.64532653594957,13.637318990141814,0
0.11568653595821421,0.2549715094007003,0.37541539998892554,0.15186427475648928,-0.08622634900845386,0.259355884202914,0.15826715915105177,-0.2673014432864455,-38.53005000292257,-11.139953402513036,-16.591703938261993,0
0.12865810415916293,0.17631147975454264,0.47463348138490863,0.0967263473820712,0.17341484036044336,0.48434730942233867,-0.16113784769240055,-0.10698799960406791,13.03214875510497,-42.807827359439344,4.273144640022345,1
0.10530055602295377,0.10417852810433964,0.2962595877330555,-0.2738437130604909,-0.28020442271988427,0.2157231344735533,-0.0809427100652644,0.026771641299297266,44.41361555612235,-5.876415357678738,4.563502647431484,0
0.3009699382541906,0.315404840212273,0.1960212309309281,0.21252150401699527,-0.05158345072058265,0.2852545764727957,-0.29961461778007575,0.08692386880671732,19.635821291514304,6.039842893991306,-0.206470977383038,0
0.26682729424700385,0.09072117065972685,0.45518137030243505,0.2611843244156354,-0.11818306937772141,0.4138542675914992,0.07816534523237889,-0.23970672930896508,9.24913433955998,42.84513354219017,-11.51435705965661,0
0.27001353741808204,0.27843729184467086,0.3768531047253439,0.2555774176836752,0.1523010633933835,0.3660719929197544,-0.14772749020741502,0.2957038255028877,-2.8432070168466765,-7.4294907948699205,0.11265439662560794,0
0.15039244413805328,0.09550874825626605,0.25060456676923226,-0.1679710077140353,0.2613305140435918,0.002001581221389548,-0.21408195735412705,-0.1521144881499439,-27.093895956612446,-24.679940707826074,9.362856303670704,0
0.15546212518191538,0.31956758973824934,0.16842827191663434,0.06381770412932108,0.09508846103597518,0.4147977045428525,-0.28532949547079106,-0.16790526530862018,19.07260295297209,5.717091327258359,-0.26369530793141394,1
0.23677385027638537,0.1408164674666207,0.2063842746210503,-0.04781718007271518,-0.06494733556949134,0.4459750611056315,0.02187816538172077,0.24224803429679082,20.406816658921585,-13.399193612339491,-0.38617910706270564,1
0.36684525160238624,0.3258610839757174,0.45032676390435616,0.20002537987024122,0.28439722175209453,0.3145505006378934,-0.16364469176849875,-0.06626212156020747,22.66913237571731,-30.87276490772446,25.79054017074118,0
0.09003844509044648,0.14509351154543462,0.07993138795474036,0.1392954597004351,-0.2366371254792598,0.43299705251226234,-0.16733129777342828,-0.23484562981705936,-44.09040200118673,19.368450388993182,-14.60299524368748,0
0.22667701901622433,0.3683432853549725,0.2935619702684903,0.21016457930023308,-0.09564552264508544,0.2494084792657426,0.01884662460274661,-0.23701217046235765,-9.130274396861346,37.560390529650846,7.849934421884541,0
0.08190754203097914,0.23497006671816623,0.23541192451782628,0.08308051647894094,-0.16256631915646916,0.1130141454884378,0.14946574066182222,-0.1249408795771961,20.4562561644002,12.663628657162178,-25.000370800249584,1
0.06776199978874521,0.36637205186937555,0.44132119212412557,0.18455486349710548,-0.1802327452590835,0.2627293259747516,0.177670260329024,0.10480150875346428,-34.60309256916562,35.59870798311813,-20.359056433322266,1
0.29959297936426443,0.07223617709889882,0.11226540896575804,0.19484111827540324,0.1858129846849358,0.427062878890388,-0.10434006624677175,0.016828817250125583,24.601261734553674,-32.67130364900276,13.463452752943091,0
0.09575702913986625,0.35704361903504755,0.4741651537787011,0.11715351181760514,0.019723666029566322,0.30103150391649003,-0.04268689728244063,-0.2498503307912459,38.595914895088484,-15.373211872100196,-11.229133577975823,1
0.27491227532089285,0.27992227107371515,0.41925081040172174,0.22293108805635248,-0.20396436048376632,0.3715204730814936,-0.2191754203036006,-0.07577099295251347,1.3982914403299063,-40.54770773216316,-20.59417730727274,0
0.11917115328529479,0.3313611439951597,0.11758349501900689,0.14223920327629536,-0.1361623801870854,0.11751375261691555,-0.12050713027123955,0.2285591906536491,-9.255090659694481,-23.06155231044237,2.1983684218147843,1
0.3052726557332489,0.17412945161972765,0.08170828877013148,-0.16409665084129468,0.19086775111534354,0.1338243675299262,0.16482155580673624,-0.10128035591627335,-28.01407010913337,20.457770366468793,-1.8872982314875983,0
0.35928429224583336,0.304716576286394,0.3939536982705032,-0.2569048772568054,0.12513610213112536,0.40229473681207184,0.27398121369423284,0.04828228366946136,0.7237666799344424,-6.714288901627938,12.077260857878628,0
0.2611153425754348,0.24081252493092087,0.029681440129461778,0.118977836752923,0.12980208007776178,0.2562401811335137,0.2222325632415258,0.10346208165400711,-12.360180792868476,-43.22750817612292,-26.450301210139195,1
0.35924299218797023,0.1324082059548583,0.24836889035903215,0.1378913526382824,-0.17836694726239005,0.10566989663098914,0.28682564424338247,-0.03923378355767637,-28.63660923686055,-15.168250621664459,-6.157431104044463,1
0.11174079619904524,0.2993738136271274,0.14050630375076423,-0.11306511696362348,-0.16590082735553546,0.3926030679715955,0.2758882997621262,-0.004500090793144396,-41.2172422711207,-21.54876152170717,-20.516982532869235,1
0.30825001347614284,0.10985121913265262,0.21285626187345857,-0.007772703972505901,-0.18931704949253644,0.04727767533169813,-0.09119219119735764,0.271371544530191,10.362203098957927,-10.673079443738771,-27.665350753547106,0
0.18915236783872924,0.1553320421233289,0.24429202267576666,0.09771852765814948,0.27337395422818195,0.1432231134410275,0.2548850575872163,-0.2850843051682462,4.96782380941422,12.057760051297663,-23.646155774954803,1
0.05605255854517408,0.1144944995333876,0.29438334981010905,0.11653023581279476,-0.27994301237285735,0.021665876730250166,-0.14321393072618221,-0.24989898276806102,3.77516089740282,-33.86682162389876,8.893160094085346,0
0.08870594384863868,0.3989621302431506,0.4396000121538726,-0.12965493728157662,0.20213794779656297,0.05320976593569143,0.2994628382845432,0.09941084166392211,13.511251400291727,-36.860334571428055,23.822003933797518,1
0.13557565088129037,0.3040720085387642,0.387911015992381,0.03929337240846831,-0.14697216078110317,0.2608709472634118,-0.29102546643963945,0.10908056564507773,10.28677998682511,-43.03831145566108,19.02069801796774,0
0.12369935075679259,0.3462293226631996,0.18123618888908466,0.18883399375581678,-0.01566008157133303,0.03538888795288592,-0.08308368683627931,-0.20503592723339104,17.421877316370832,37.02546421357225,15.784533846800635,0
0.20269076634045968,0.1376003075965758,0.4036944945130694,-0.19446445999668965,0.2597890559387706,0.4422825141605935,-0.08364747170275022,-0.11690824148484402,-32.62619849229881,37.46950343405602,7.6519115293963225,1
0.3683312844101724,0.35763388886157055,0.4319963737748531,-0.27636883178445176,0.20992198106867427,0.3606500594758584,-0.09942103416029038,-0.005940944066563536,12.592353615948753,39.918328043027145,16.805069264204185,0
0.0662964031050752,0.3160251235402391,0.36857587335859887,0.2981456547660242,-0.0912776029673591,0.1427544958452081,-0.028150727514103635,0.2139451062895143,20.5734278284109,-2.5538567429247507,-15.32622940284761,1
0.32182959649441567,0.19534675068119645,0.2546117960483415,-0.018394058881772812,-0.04131728617845587,0.3419497885339249,0.06524046945516515,0.2832322791865833,-32.49864831156915,6.61673819094451,-26.205590195861163,0
0.29737239012826927,0.1757145572237071,0.1857511869133613,-0.04152184515356655,-0.27797268745173015,0.263908201010625,0.1868285709136588,0.09634067592450635,-27.142123791461255,20.5230817240533,13.167516379921821,1
0.06964231886770476,0.23597008684460707,0.019813630729207887,0.18158750279723862,-0.004222758632513701,0.3639771833362388,0.1504215305615047,0.004058363802139642,38.28265886281196,44.12166964697772,-8.44711883912725,0
0.12516453834910204,0.3732934530004433,0.4676727793278901,0.18027936005791084,-0.22369774011475493,0.09319066661668646,0.15241976094254944,0.24828346227779513,-25.648367589502186,-3.5254948298759956,-20.712362419052845,0
0.35256106749296257,0.22409992144487856,0.035100390920775104,-0.042949523017865476,-0.0940640382705901,0.49276965964971536,0.11475912097136659,0.13281588289735197,1.4244227066007866,18.84728289978868,13.354258603330095,1
0.2699398470004463,0.2039790954848174,0.43081015611556484,-0.14257585783339724,0.08251198850774938,0.12442151832950882,0.08179024745597302,-0.27099321467057197,-9.746331586705395,-29.458294572082377,6.356039773408476,0
0.20211146148833786,0.3731593968085891,0.14390450748068395,0.10748722106333608,-0.26756741302884046,0.4779302670944627,0.2884544807450113,0.14344477740984746,-3.1308775592784173,-25.20059046054648,18.75098041487788,1
0.3043015927207148,0.2866112300438063,0.23154044940711788,0.0074339404194401215,-0.27407539175014045,0.2503166222434743,-0.09585186496557813,-0.12896927971502617,-20.73398177086326,13.405220762080354,-4.244542756720886,1
0.2648136504850925,0.32715247117041213,0.3840051706851188,-0.00669270494723051,0.1390988314044253,0.29179330529649183,-0.1791330102886784,-0.2663678156180948,-11.74502879546965,-39.42548982472141,-6.299195764746472,0
0.27772227522864906,0.18717392753614592,0.3555551880997493,0.18971596144221203,-0.11802007506806561,0.49641503245351465,0.24517162185278335,-0.008699135794246415,20.054692419785567,2.1608005156903687,15.655833131821574,0
0.1443595091337389,0.30271365034609776,0.23098755483553568,-0.057736366056538896,-0.08428747911829851,0.07279048265972993,-0.10041973989046349,0.22755091837648916,-35.80497679751472,41.24700135916224,-23.550208350730927,1
0.05363933552854919,0.2626934282964621,0.36742482699246837,0.16123801944094523,-0.2646145377660233,0.15182920855493448,-0.047235863669085665,-0.1921369753230529,-7.133951595149114,-38.59834177569669,-23.206963019576904,1
0.3210460215992664,0.27081920272042925,0.441087535164474,0.08308051665884436,0.013275055741890529,0.35637484688064985,-0.03156434892473431,-0.09236170625715917,-2.9112792794808797,-29.72573054112954,17.794303788161486,1
0.35519223166174657,0.1965833306737234,0.158646582905611,0.14347934675184887,-0.17064931702443675,0.12814340124384122,0.26154518900298146,-0.25104618442966997,-7.683193778091905,6.907607315532388,-16.184357063123663,0
0.1588128743520804,0.1835455708675427,0.3148019136482714,-0.2667114719304613,0.2801610243047504,0.08724050530486394,-0.28399680021224377,-0.2968062107757478,-9.040106250054386,34.58280289278399,19.18572475307574,1
0.30045603707831264,0.2691384881081083,0.04515012338540714,-0.07993922939553588,0.027956061560791112,0.16259871294908856,0.15619853088413033,-0.10926137096700486,29.581575687273556,-31.793965111666463,16.16355389915249,1
0.10703503602555656,0.28059402430597663,0.26331546662261246,-0.1374821296227874,0.03231748878374485,0.24635392358361902,0.17758491393961678,0.27359056160412093,-33.23965419192096,34.552213101718465,12.287816297094125,0
0.38968083231323736,0.38194243657320004,0.1366825751176391,-0.2823542384260963,-0.10235267033293921,0.35424005935632663,-0.2641192744364764,-0.0841724053971428,-18.176890720778374,-25.258892776292097,12.367845283818916,1
0.0811103522071409,0.20299150321662163,0.4952528408749884,-0.16236910241204114,0.10228300210528729,0.4692817407138283,0.16392203295803237,0.06531609339856731,0.6034643006006277,38.59329261033298,-6.3159979735382805,1
0.14059222136479102,0.3460250433359133,0.01776495901451125,0.03570562648377634,0.13297292101797997,0.13998884357807162,0.21809515053793066,-0.15582926198520908,30.588685445856527,-37.93095325507885,-20.40434448789412,1
0.19499416025859806,0.23516019319646247,0.09696890075798131,0.1957456349016941,0.2884638022237655,0.27031144132302726,-0.07538667700896634,0.17506962993550274,-27.623526202422433,-16.130379051374824,26.398835006119576,1
0.2597839770322953,0.35609671429311257,0.09821733285728662,-0.11380579625994314,0.16644290294470654,0.4859132130304837,0.0004447117214053664,-0.21366149846924953,-43.745734106261864,-24.330957300103027,-22.090666932808737,0
0.23916684225976426,0.1139830696508418,0.1603670594767258,0.0919151310136912,0.1037120368109361,0.21737987340452308,-0.16281263840273122,0.13314406770760578,-29.80142625485567,39.30027226786139,-18.7257852578114,1
0.1553861132303655,0.08394349480870011,0.10709040941310694,0.05195874693347036,-0.22442376721145263,0.05030889763176083,0.19554648686375803,-0.2290205231435176,9.724801492093789,-13.31899353952468,23.782027306574776,0
0.2914189564473811,0.11277081016370961,0.3008272104048712,0.25018576471734416,-0.18899528630447526,0.32954401513268194,-0.2726465152488556,0.01868858057467454,21.73853313952017,-41.93623969288713,-9.980076531447938,1
0.15192533769688335,0.15940140201315228,0.27141292126555333,-0.15974736451636493,-0.09732820350152016,0.22621861209452598,-0.06821855863417525,0.1909393822690008,31.40942045266577,-8.740937257764863,-3.132807007967692,1
0.2956398328345684,0.3973111717597366,0.3889609204159047,-0.16613260608742314,0.07387364375654137,0.14747840533212647,-0.2818940682502302,-0.19210628660649987,-35.766578496254276,-27.366070178862525,17.73626528694021,0
0.1616784447367997,0.16192058810817583,0.4792035070889805,-0.17773764123454644,-0.26248779031253466,0.17650741465615954,-0.2193348173821923,-0.22405082091852652,-8.32944049945845,-17.42479746750462,-24.49639343067843,0
0.34007869896300674,0.24075572673318646,0.17996835302285652,-0.017582743959819402,-0.25158365346945694,0.24815682242293408,-0.28329190325809583,0.08646926869829935,-9.859297222744594,-27.779131752974344,-28.957025934161468,0
0.10949248241852501,0.33637957341954006,0.29208107459164795,-0.14193041138585652,0.25775938320430275,0.05759302665713034,0.03831744208278842,0.13262433280003527,-39.70363164008114,8.807042988558322,18.954072927785646,0
0.18354791876050713,0.06228689848035657,0.08381814285597333,-0.05304118074863129,0.13074786421006312,0.18174252090361548,0.1471114526273214,0.21483635237705007,-14.297704721485864,27.033801376898282,-22.387160044188626,1
0.22949581000980823,0.11578531328738673,0.0776005721469133,-0.2546131417809056,0.1917835829391314,0.27769312578983063,0.2682846239439974,0.14969176881559682,24.188684422454457,0.8152590777313904,18.927236191539038,0
0.3418868806751278,0.26738067758008627,0.11303219033662065,-0.2268241904955419,0.05452627778893476,0.3636976457878466,0.16124229011741292,0.11628131848186118,-44.689119762858525,24.64562653622427,6.277361365810769,1
0.1503061854523135,0.34437957080854387,0.2882593905591035,-0.12993120126822602,-0.10283739940864872,0.2858325576923806,-0.04624584360482864,-0.2036885291193593,9.942293915287195,17.01990594470208,-29.99347222299393,1
0.24857564085012118,0.32076441806455686,0.18078496492131718,-0.15074428580181642,0.27073193218246533,0.28060876139139407,-0.2837160246694918,0.1924270104670459,-27.29177451729533,25.743268588125915,12.309745629357884,1
0.35083577713326386,0.20688832409381036,0.1397436867850948,0.21328521805072903,-0.06606631867643459,0.26536164553011704,0.2859162398490874,-0.18811002314648168,-17.87394269518329,-42.2037359937144,-6.489737405396838,1
0.0523505244571848,0.15086975542019748,0.3756618878956511,0.17581247316095383,0.07182876072877437,0.15062809472313188,-0.11378244522728223,0.28005837818521956,-5.470903868921596,-4.758700478054664,3.1399650144419695,1
0.23770871767373536,0.1950918084316116,0.45193109798801095,0.2035821432406522,-0.26542591707176605,0.3080436209705862,0.1633604419244749,0.03029434786497126,43.47049491685695,16.744275418279344,-23.75141923817848,0
0.3464681163403299,0.2952033995649014,0.14804719133167332,-0.141955521410349,-0.25188047870798885,0.1744529686989919,-0.06115829122340316,0.242508993832467,21.880414261368898,-1.8761603085893341,-21.908563872595202,0
0.22715339919252941,0.28643643096600163,0.35274141990281,-0.2085408526951521,-0.09205763531290431,0.05657277563249796,-0.03555203772684579,0.23237140896584613,-1.7159084336327695,-3.946231510296627,-17.440587252284907,1
0.3164768724899327,0.23625160670408674,0.2601961537082789,-0.18641428819219213,-0.15531561824044368,0.3463539421913334,0.2111418495008091,-0.19367271191141175,28.111114907476363,25.928565020347463,18.89470911451967,0
0.08828431351656199,0.09049192340498363,0.24784808145005605,-0.21670244766914049,-0.1659294948178737,0.0824088362124803,0.18149061680051032,-0.030169759396858786,4.733057825934665,7.466233326057456,-6.216907630994097,0
0.06997062092618642,0.2836001414545619,0.18418554129675724,0.09122908992292006,-0.09178142441784581,0.2278703653997471,-0.02522339390029149,-0.27265160779947323,-6.279612628859681,12.695792680368235,2.763134764526029,0
0.11362295119662545,0.21545331385741756,0.3644441509042184,-0.004719411577320254,-0.11204236538424592,0.3331649559769107,-0.02986214829627254,0.27769215679342346,-13.307350417384864,19.57382312659304,3.3043193951933176,0
0.27939745121572185,0.31742663722111203,0.4999736287272668,-0.27586057834411165,-0.17861697379346514,0.07253921595987034,-0.20733956854757848,-0.027450803626821008,34.06829009516437,-4.614905783902046,10.108823870064796,1
0.2890131295820258,0.09490199853198852,0.10479822416338824,-0.02943021066997764,0.0438576848049097,0.4994316201958415,-0.28444426314543353,-0.2998113482135478,-13.466961475654681,-12.04592689778221,23.030234165917896,0
0.07592469345854722,0.20639359484495345,0.20451756602286486,-0.2479731098140805,-0.16657924326191356,0.22048131589901837,0.14574378591484938,-0.15776275380920207,29.67749191124203,4.121845716551711,15.62530111107705,1
0.35929623202475625,0.09776145938432391,0.18242157857997993,-0.24316365056012124,0.03655777756877088,0.4786410302039012,0.09417110119275912,0.07564537040924918,-19.965723098117554,38.79960827608096,-1.7079129134583262,0
0.2995755094374164,0.24361464326440807,0.4376776772287393,0.21582852856422968,-0.034645353208297536,0.08426805606276827,0.04599342826266051,0.07244371327870924,2.1041616558361724,35.152003194656956,-24.418784578538045,1
0.32020435123884583,0.2815814421087164,0.18682886443685504,-0.24331999916309083,0.14807376680941559,0.13123025796143234,0.2620878903202675,-0.15541765499658913,-33.95178608296626,29.80014049124155,-20.802941002530357,1
0.3466253675981471,0.12066493228748629,0.3674694601739978,0.05512763939261345,-0.06862673575629144,0.13376812520945763,-0.26552441024015455,-0.08797187585219574,-26.952411905894163,-32.767874644321594,14.309887355348053,0
0.12829142601136184,0.24638219500379926,0.13449178236236853,0.08380098607701203,0.11430787975242268,0.15064520530332515,-0.24756739110196802,-0.0063288997026489935,-36.639142191736454,1.3712113371481323,13.573070527737606,0
0.33294108057739596,0.1872286012837855,0.29427612593974223,-0.1013441967222718,-0.05425501533276772,0.07369911084150355,0.14496214014623887,-0.1318294164009807,-17.844196999440264,-13.122993369796763,-4.0724330161679205,1
0.07076590800373861,0.3194138840624837,0.13421060898064302,-0.06627242508015105,-0.24801648462280998,0.41931499168242636,0.03643727179545836,0.0027991667083033245,42.16993298124801,-14.894481605339632,23.446757188601758,1
0.2169837688126433,0.32112116411054187,0.4828891937963186,-0.17963557452775758,-0.2894943512993871,0.4107272031321497,-0.05784775629311181,0.026641496109004903,-24.97839113407212,30.76098856675894,13.272374944362682,1
0.27185816437269533,0.3671634780118399,0.488335183403033,0.09007835957882593,0.269953774213428,0.03782973131253364,-0.08443299240225613,-0.29477118160395976,43.30653949717366,36.24538308900293,-28.316846625107917,1
0.225877998428692,0.06665834148814556,0.13995761621971203,-0.10395081141414281,0.10071688679250118,0.23580011035538306,-0.0076858040633489,0.18396221975674648,-19.942461134868317,15.53154674177781,-7.946561710276502,1
0.3941977905658014,0.08312536930139211,0.2739403711201274,0.05552258932275228,-0.11539885742933034,0.023476623745735392,-0.2687372785873044,-0.027829167479617112,17.322641049952722,18.015820722281468,-19.14180901669055,1
0.2200885344743737,0.08450764313426465,0.03564604446321212,0.10661617629531395,-0.1218190731499659,0.3347412355085978,-0.12305107015400643,-0.1111234728938745,-26.116674172798614,43.53452653707579,-29.035782594386355,1
0.2001946953024501,0.1895169016242675,0.1378356592331617,-0.2845008439252994,-0.1412590839719093,0.19665017128299095,0.012197549320033363,-0.025413467926810596,34.113258693362056,37.01968757371341,-10.970704691057097,0
0.3778588774598153,0.1822160144640878,0.13158680224192215,0.29703380325362355,0.018406722907245154,0.43159127120521906,0.24663429841260515,0.011081227668853999,-3.985746703273108,4.759735929511514,20.864370172884847,0
0.32326782151744476,0.2606636929577051,0.14988309555453583,-0.20275594775805034,-0.22592188761960064,0.3706937543921558,0.2315175417654633,0.018647032002731434,24.54390874665893,-19.518443550752174,5.139827607245103,0
0.33140040609207366,0.08550226779904734,0.15437424425150248,0.03918992820296602,-0.27421492461186064,0.03965844959072412,0.11766981456780767,-0.25693374416353876,-2.062542037736115,-14.517392992132468,-16.315235522615012,0
0.264267353941204,0.09361250790553335,0.08126659410845283,-0.11813018796198002,-0.19728923012335536,0.33854935951240833,-0.2851390071562528,-0.20389350499994993,36.234729854892294,44.778883339987814,-0.7445713303144146,0
0.19642951664131153,0.24456584460976633,0.34782340240114606,0.2671171565396247,-0.13859330246503623,0.051872609821037696,-0.04272484639643781,0.028029599290603724,-24.479675636469917,35.144619656827686,17.930820952773416,0
0.20788155628136723,0.19082980911026437,0.38383051634937077,0.23587818364201946,0.0915403510602491,0.06220519436326194,-0.12276552317408962,0.24799097809936793,-37.013895629289976,-8.382974454825614,26.550277154008874,0
0.2748691465984417,0.3226487241023452,0.06727610420657354,0.02164082156858238,0.008533722114248687,0.4287860720612788,-0.02232038064389047,-0.06894630233978791,12.56069441133991,-21.018301424923855,-21.61389534276259,0
0.08175075773866242,0.11427488219447883,0.485200462111778,-0.13115751476270998,0.1902283802713587,0.009706890199721041,-0.10691096334107952,0.24371545979162673,-28.346329540666133,-19.43788316278715,19.59089290278291,0
0.20220945404750967,0.16273710037354194,0.29600144372443515,-0.2846808977169298,-0.2955261411457182,0.4258209131483743,-0.2721455731334267,0.014877090200050846,10.348898665468056,-27.164589333980796,23.7438502959089,1
0.283023384902988,0.2718739383934159,0.20021216468128156,0.15489982047628764,0.16284981896130263,0.3481655995414979,-0.13670717747586938,-0.018362227971202516,-6.051869807103074,28.51130123503789,18.4907988560689,0
0.26796605943848306,0.39128966178270286,0.17416046008360225,0.1804485175224923,0.03537410452333789,0.11762997296347122,-0.26826700080804494,0.0696065351933764,-18.2145477260184,17.59305118327871,12.043629704304117,1
0.23234147146452078,0.2000075213878208,0.23220081315859598,-0.17443359145682943,0.19376152631585836,0.09919148164076402,0.12997365403638783,0.15599100689769158,6.738213782496082,32.663373745934564,-12.536978852961,1
0.13349348721958598,0.34729309502307554,0.028615970076630193,0.1805783121850057,0.2566772581033682,0.3860541995521903,0.1188724703871823,0.20278813119322986,-41.386383040764024,-26.839610035285016,-22.504579241661418,1
0.09026498537677088,0.271846403573752,0.2855580509360795,0.1115994362230881,-0.1931766549820428,0.36329395310858353,0.2616578803983299,0.060630188721264744,-27.348298232149453,16.15894697556959,-9.415098987236135,0
0.2546796343361809,0.12624560089938594,0.13838886259873462,-0.030273980365727815,-0.10633189050459255,0.010656952717470358,0.09375360487028073,0.06805674245598076,36.387963289695676,-2.083136390509466,-9.317462292096728,1
0.17182491821964646,0.08568695684746638,0.03145784694512099,-0.17501602500153474,0.12034527669694017,0.3480008228628638,0.21683347626213673,0.15385157549424378,3.1946118535031474,-16.864912079166523,-29.65131028993496,0
0.20180724079061874,0.19407551091070324,0.15609003630339813,-0.10458311415744939,0.11270223595769885,0.020417798670940568,0.10909003538779133,-0.17927730112447632,-10.421279711595638,-31.81149246957012,3.1650626443481897,0
0.29793027606875944,0.1553541346751836,0.04745859943971997,0.1892107708610143,-0.025164354904202824,0.03634674407998373,-0.23812658571896878,0.280176829137288,-23.129824095399044,41.99320600716415,10.869574781874235,0
0.0518476573344915,0.09796523869621421,0.006218077939114719,-0.14809263242470916,-0.2976881268118516,0.2086846291145945,-0.01416412720023974,-0.0377510036041222,-27.054971492915772,2.1203306878401733,18.845677299030243,1
0.26827042966519826,0.38080793111090716,0.331344119551636,0.2728639977286224,-0.18744532870771263,0.3094049644864675,0.1973273351257709,0.005414680952908313,-12.404369175359356,43.62826770286895,-21.540759576200372,0
0.2104429188632232,0.1360616676701243,0.4036248624287294,0.06595045635828511,0.07994759143167995,0.055131644235423716,-0.29912381547080885,0.17351198093853165,3.807577415544806,38.83980373573364,2.234354339376516,0
0.09552908182651401,0.06289894851589811,0.07882328245607095,0.271767908414887,0.045241880002043044,0.24448006263897576,-0.06940569641657485,0.12505208759003117,-32.2866471684516,-20.14831191126029,9.35412717982517,0
0.09645418308068777,0.20553031731389015,0.3197661697963529,0.2570942668400547,0.12191111637571478,0.2512176431848797,0.16203067071668537,-0.13203883118949267,15.19034386004003,-44.544404988137295,-25.646932173028475,1
0.39261133190664504,0.3858990450326657,0.316907013346492,0.23656302236494692,-0.0311949484071668,0.3936678198625215,0.27320072535403067,0.1777671343245984,-7.581117064337967,-11.00166776399115,-12.507434748760652,0
0.16635609961455988,0.316128660773315,0.02047218110108978,-0.1820893089646083,-0.28660846130853107,0.38914972835588313,0.29023340301907413,0.09572829555993856,8.112526282693011,36.72595920496525,-14.702760818191035,1
0.2802872604473261,0.14556616200330236,0.0627888928155726,-0.21072274877094116,0.2618623433570431,0.34182461917267254,-0.2697234294185753,0.29053804688765555,27.703101272464323,-17.173862491434747,-1.7479983836579684,0
0.33354957593596124,0.35784683725381305,0.30830757768511297,0.06789327432176523,-0.07711109456776546,0.12473448468143084,-0.00043750250805218993,-0.2197696659140676,15.500240537482235,-2.6921794158253363,-19.343909638144154,0
0.338567891057844,0.3954393260910385,0.32673566495528644,-0.1486406382237368,-0.2391659746740935,0.29487396419732625,0.16245423676848758,0.03694302852076775,-17.680070875054543,19.77613631151624,-3.1216502358201232,1
0.31544981766799735,0.29693405958704183,0.22845615866914237,-0.10603044898473157,0.13592400093729373,0.1844592088691827,-0.19794773596280898,-0.10748216308321237,33.91552736352435,-19.494979907635297,-15.902367909315833,0
0.07182742222373853,0.14425549416851713,0.450771189597009,-0.24631225387432043,-0.029139292734961297,0.17064567655588753,0.2279102871003617,0.010845679402288477,-18.866323601378657,2.1871058209207774,-23.25322766326991,0
0.10688418855755327,0.3868329592725717,0.22347215769643808,-0.08863246222394935,-0.28248203694445145,0.42162718155611645,0.07550034918383058,-0.05015690709522164,-22.902048059537186,22.06236768078466,26.72847454450003,1
0.2638733728532745,0.11854202417886066,0.45695602018960413,-0.17042362885029252,-0.2009029831253851,0.49852891453193066,-0.17194998332818304,-0.23994398480435555,5.580648978237058,29.447436930749376,-26.35495680820187,1
0.06125218073099757,0.24949401625791157,0.077141562706738,0.2646457708588184,-0.19958100021349243,0.31331960884874077,-0.10425698270156594,0.08493679557861133,-7.896726318233235,23.367874707575524,-16.15925248032853,0
0.3464680500084109,0.33979046827037446,0.17484273267513373,0.15831041784687833,0.02582415500665669,0.45452457028003235,0.18169462278238074,-0.2754025381187815,34.13483749721324,42.170977618064086,14.529372157506224,0
0.09941435687430633,0.09573410904946121,0.3695238531000781,-0.05618421686121716,-0.21090835647923878,0.11500018824108588,0.17676115499136263,0.07396127403481179,23.483589530984858,-36.20040849107661,-2.513743029017249,1
0.29693069132820765,0.15458117651029263,0.35543658764642905,-0.13043621339869263,0.02561330252475713,0.2632978818937764,-0.15156547265291778,-0.09127128007210919,39.796330930744105,-22.446131722610975,18.06162261785915,1
0.30413250829938904,0.19290366545678106,0.3921048656631463,-0.20707918024903227,0.17633543243735877,0.46976333995554737,0.21461211030393484,0.14379657198203594,13.62395818455093,1.8982948789464658,-6.286603227828714,1
0.29393968516758456,0.3403157828173011,0.08124540987446172,-0.0018298652717733677,0.100274862301376,0.05169494994760898,-0.21002583040295503,0.0803895565505679,33.183522382843805,14.437456104743788,-27.827711192635462,1
0.17807520749361994,0.06828277447434646,0.0855196205562555,0.06993221260425553,0.1650601121384121,0.378024317267798,0.050208951069018404,-0.2491451125710645,-43.44402355327688,25.39275815898654,2.96258605139176,1
0.21664683738164364,0.20733628439323232,0.32021960605182065,-0.17907901476457008,0.2328352170089218,0.40587618560963257,-0.0902618331287797,0.04716557808751465,-32.30754300449868,42.51116231402382,24.173561257817013,1
0.08674488417759814,0.1736469525325814,0.3152353597942519,0.15589929650784112,0.2277955431815904,0.48097094112926986,0.017618504696558013,0.22812446589052687,-21.41297841369306,5.368654298282841,2.363095551868483,1
0.3344030810393374,0.2774869430546078,0.3996830644226751,0.21343331702967544,0.07040846581426896,0.01836755400423462,-0.12135140392100074,0.22681184697695161,11.426085986462773,35.105072635851926,-6.928289877042733,0
0.06516979696444238,0.3372727819644083,0.29070348814615815,0.008231124700232295,0.03266992919791656,0.12622562934829556,0.06098302148331769,-0.281599812921582,13.141055157375568,21.099044716094767,10.381575822709628,0
0.1841537704251604,0.14852473961916263,0.12172235822019661,-0.284566829334944,0.03975075812088669,0.20061976041673046,0.030954127582206725,-0.11729507610149781,39.73147695488363,8.22124730173747,27.672422791936015,0
0.20183963917349285,0.14928272977461357,0.3078664071119357,0.24318115377877386,-0.005381204176531429,0.27693529670926614,-0.04611976261134454,0.12454149598556319,-35.93800981384076,-40.62691026660946,8.480308465989772,1
0.05321385583493197,0.13042719343714676,0.02103119863624886,0.1695934412701317,0.04721729530433594,0.4242172672729571,0.2775680224037564,0.06606891622524258,-24.142184674378925,-36.66155032821509,21.975662698770016,1
0.3380876679824149,0.18947731821597436,0.4951942286802412,-0.21767324532563256,0.09212389541618599,0.2243647536006253,-0.06424909398175563,0.22505051943244941,42.803608124555964,33.55730628967609,-18.46195925789202,0
0.26789640529582676,0.32274738040191203,0.3482696424523626,-0.022444545215600298,0.11320439517633074,0.3318085087791717,-0.2959778280443253,0.11918276323671095,-21.40564483594387,3.764053980002778,-23.320056695348704,1
0.18054668340756364,0.16531379678280061,0.08896240836344244,0.2071716019030187,0.12300870038692602,0.16566073482937171,-0.15739975104888793,-0.22311725219481848,-34.87383407948824,11.29303666953809,-23.470969315984476,1
0.16616294894781622,0.25949942730400527,0.18106126542372414,-0.26363101499549885,-0.2949230885464014,0.04743101505559416,-0.2409542435279719,0.06653386643624998,2.3278707866261925,-4.008302984417213,11.515288536145057,0
0.19456376088312122,0.13807088305441761,0.05446907334899764,0.07728025779657699,0.004484070922637806,0.07749487714927694,0.05182919776624606,-0.26279102795612147,-10.526304665402023,26.326616718634824,23.402978193912155,1
0.059174736363541,0.3873709074120087,0.07561645647028103,0.006279984028096597,-0.15101034141309394,0.3687346601126798,0.16603565942837284,-0.06166775788506415,14.260465931312865,36.816622609183696,18.888547109556377,0
0.24358633084394632,0.27893584331882487,0.4849075583527847,0.2907468488589748,-0.12706305270725685,0.3668767487189581,0.1499901227611612,-0.0921042832121707,-33.85172026222011,-41.31477357428522,16.640587651750714,0
0.1255736766509431,0.23595246418651172,0.38963497178740036,-0.1525801542030114,-0.16155221683966983,0.013591066748792513,0.2751091763852714,0.126010128032774,12.200431860916638,21.959525042549174,1.8967751217263604,1
0.06856133008515956,0.16912732234890548,0.3448759829702374,-0.19449015043139645,-0.16744328267225256,0.10033331270645873,-0.29944433596115705,-0.015739348901056383,-41.493708952548914,-20.43541694025899,29.688205475518295,1
0.2388879686572577,0.24030562282322393,0.20599379522593236,-0.0883189017832158,-0.10178729138762357,0.11236542913973652,-0.03687165303729084,-0.2293526078187123,36.14161880888443,-38.72845802577434,20.245122884913997,0
0.1331374852182906,0.10271020801804237,0.004308628566876027,-0.27164979668610895,0.15735080898210696,0.4935931660208469,-0.273071806514234,0.14884257544793555,-38.532405074313594,8.29195424133001,15.36451694569427,1
0.2059655634479326,0.2343814979724521,0.3878020238748386,0.18227177437106717,0.20283482622748233,0.10621495403480818,-0.02529332619364988,0.1986034177221428,39.769111788956565,3.8685044163702713,-0.4200013198974979,1
0.38400130325412213,0.1016550380211149,0.44463205094409736,0.15905928671394143,0.12113994475853274,0.15652681459518908,-0.2866842292871075,0.004530296471665363,-19.28075611628554,-18.91610829659779,25.628314631559206,1
0.26607243567571076,0.06129749324759886,0.05424285128519846,-0.27267947177178703,0.26913514355126517,0.21325895133334227,0.12936937851471053,-0.2989695951912533,26.38547699179864,-1.6168151418015242,25.416160185760717,1
0.20615469645091078,0.1833574291337689,0.15075604457393826,0.07816955587133306,-0.08291243366796575,0.0438249596580505,-0.2291964587276908,0.27713859872970875,36.77226216368463,17.973642042967462,-14.047802312428825,1
0.19603800171950764,0.15547314780249905,0.1939010174089229,0.13272496366432496,0.09324467975073913,0.3510462560002937,0.2333995172709235,-0.026222864213754415,15.256903360289826,-5.264284053611853,8.285884687192592,0
0.38656969732879026,0.13880453399410236,0.13508091436656394,0.186591872892724,0.253694205497259,0.2680698730024298,-0.28856760783206137,-0.0867390704664838,-24.845415424575684,0.9916242601189822,10.954307356126783,1
0.27891656061868836,0.09772213333082919,0.04281697626835962,-0.07045109606288508,-0.15058640221926087,0.07293027281794112,-0.2123232746648592,-0.14627657593034052,3.3164787038437282,23.228604008212614,21.166598595128363,0
0.31365836545871095,0.2400060008333601,0.12865232722751524,-0.1967052690181782,-0.1978618196443538,0.22958851830307603,-0.19792535663060992,-0.2881686335931085,-40.3120102527279,38.689608955766914,-25.622319530391856,1
0.29653890764210833,0.10221446436022194,0.2666937154155161,0.1041082288351462,-0.026251615567390918,0.07749258905302836,-0.15352855494865403,0.21263567459609906,-41.89761064505135,18.797587059673113,29.963402190871612,1
0.3794240019449378,0.22031758727351275,0.13043896965288337,-0.1977655441773247,-0.28865914817673716,0.18249632353417372,-0.23396311546435072,-0.2837928025985024,-35.731826465775036,-16.33306352468343,15.051822086297314,0
0.35419534528032853,0.26175263617274075,0.253945011195645,-0.22619098400329612,0.1219255195760553,0.06605368074735019,-0.28405806398146577,-0.0068813021619226755,6.520074493295908,44.9148655236492,12.739607667317188,0
0.39842753667993835,0.23217353232604399,0.04590031214461776,-0.21961857381289324,0.1322105276040092,0.4909817936115328,-0.03836686576083137,-0.24117675245301068,-13.225990274554636,-10.349075059152987,29.795720033115884,1
0.07586942045166635,0.1285702673096295,0.04522920496843563,-0.22398034217074303,-0.2018900735242381,0.15101471604213923,-0.29338999200267873,0.27008633135594856,-33.856281659072295,-10.516601487637168,22.771653582886834,1
0.25981321837424626,0.30676856109552186,0.13463480568953634,0.09341960406841165,0.14113568705215562,0.05870831474203625,-0.10565550939649809,-0.056216371239487,24.836165735390807,6.0754619621286,-3.026311611785367,0
0.2536103348621409,0.17314470654176295,0.3855104608095216,-0.012032747056778037,-0.16688155115684844,0.20119338007860071,-0.025369895231790562,0.003207091675019591,35.780721786790636,-7.99514886813585,-12.911350977538824,1
0.19609553881949537,0.3012764259402686,0.09839959392070469,0.02073116961271415,-0.28691713333168806,0.2518752835665485,0.027201875475299953,0.14126720146699878,13.453631118629254,-12.744293912477858,-29.656145957212722,1
0.2012316482528212,0.10016977773615554,0.4769249449750729,-0.21301048008171442,0.013132292310379934,0.09848991265949375,-0.25418291791643444,-0.1786148286947411,-40.07033033486075,-32.45423551911101,-0.3909505342069828,0
0.25810917385136406,0.35354942841107934,0.0557561279397063,0.1449925826210553,0.07723415220069452,0.029923241368932374,-0.12504577719080928,-0.1703359197764881,-8.534209428103459,-27.148199262864175,-13.510221350880897,0
0.29436658565120066,0.14751211842170786,0.35447225951080896,0.2688886107089004,-0.24506409937765863,0.16308132100178302,-0.15919664072304351,-0.06404991935959997,21.809938936855175,-2.3181676717152087,4.243836367214776,0
0.3723297769324174,0.269820766430047,0.49688243834458473,-0.13301627915431957,0.29814368557050813,0.09012364606103612,-0.08794897941657578,0.26119444820405674,-11.651194327165335,-26.11472606371201,-26.430773671606254,0
0.16415563846896578,0.15597003618825833,0.29659646988433874,0.15092530159686346,0.2626600311884035,0.04702503934007379,-0.20977090050711183,0.05390550631474034,-36.16779655104657,-11.631214384266336,7.473133832762215,0
0.3585495704495958,0.1899367141694313,0.05416814800681147,0.2908008556575035,-0.00019471726843706127,0.17118573559545586,0.2361724739065229,0.25644209632361575,-0.2875980142209542,-17.39552455859329,-1.0419708262705996,1
0.06932348484779316,0.1718965592115097,0.43255011595532417,-0.28146429777838067,-0.06213825878111273,0.4725741438353863,-0.2694715592729912,0.14982345062678204,-21.814864543616718,32.994794893830516,14.764078737561903,1
0.3747433763291259,0.26035019282748734,0.17865449143858741,-0.034251562131837776,0.09481938623046776,0.21346592988316815,0.1390036700806735,-0.24489119035198226,29.698798408639988,-26.623022432219624,26.636856571483357,1
0.2176725276048298,0.31953238863568106,0.44855492197832664,0.19402355482239364,-0.1894753714435608,0.045735117763489264,-0.1983356396729709,0.17011841496013835,37.244798054343946,38.29039809334718,-12.107052637773265,0
0.21441863973990244,0.1336733598826434,0.01840392408370528,0.28742022130937633,0.14041609635547775,0.10809275799567886,-0.05853944690706997,-0.1643854537476124,16.63697573854212,-13.4597635704915,25.19175491196384,0
0.2033135967457999,0.08069296726310231,0.24368338723737898,0.20807204939937457,-0.268930489304403,0.23855298848557777,0.22395784563662108,0.1740431576859861,-0.5895018300015522,-29.578982466268137,20.911571777489968,0
0.11450047178221158,0.3462888592731802,0.2895219769267749,-0.05817073039783732,-0.15010519580890924,0.2184223495948172,0.2745673955530454,0.00552557384617236,-2.7459421470125847,22.164643215027823,-7.257175750085597,0
0.35165329134281825,0.3218326277736702,0.2842866262033459,0.12856577367600147,-0.05042714766240439,0.035393987949396744,0.1233478772068724,0.13299657845408586,-24.86496686138949,40.85474074427751,-26.849314041630407,1
0.15249124691065113,0.3149639828307892,0.4744312774213854,0.04456386904066478,-0.008754634793967264,0.3750635877951319,-0.24174591606414597,-0.04307274750906892,-0.10578645611454363,29.794617935853992,18.85305961387796,1
0.15041283834130986,0.2780968656585878,0.3135629876560615,-0.16389510922066047,-0.03572859287023994,0.41781662952666226,0.06335498615686436,-0.2587570188129531,-5.138205181125329,-16.94056870998747,8.49874073469796,0
0.3371435284957707,0.17746496960228447,0.4638832797972796,-0.07815498337883389,-0.23546250311233052,0.08326418375528954,-0.0032907177546496746,-0.25208220398931785,19.65712896120064,26.55862697680581,2.9680999617186856,1
0.30814198106348234,0.10152777662410847,0.12277440981130805,0.09051320874263058,0.1373050222866674,0.025744627311716006,-0.22404635204867096,-0.03232919649404242,8.351545034897669,-4.159688908895028,8.824199568705474,0
0.23461017052539568,0.31066982473586396,0.41025297192930205,0.14961171701940357,-0.12728707437110762,0.05892195045291554,-0.1569968823827639,0.0017249621882119426,0.4749230063786243,7.43799143830838,-6.293889747126549,1
0.20988327882127905,0.13709372029391106,0.28293775159767715,-0.010234469984562178,-0.04615510378662252,0.49194147539211164,0.29757015868113895,0.03716629707455632,-38.879646563537015,6.022582243460377,27.14832890297312,0
0.3672640016224441,0.059748251856504155,0.01658642592396309,-0.25525561337754876,0.18263580116028338,0.06897823898227373,-0.1940489930161331,0.05123994119174735,41.17012758620605,6.040123837239577,13.955748052162335,0
0.3648602300841679,0.0882449081114644,0.3114254829280874,0.20967709118649663,-0.10144753211131999,0.0975715845679932,-0.14098721651662818,-0.1362397639501206,-4.752093156881834,-15.663275749860158,-13.723555637520523,1
0.3601507804562246,0.3694970313973647,0.20004408282644764,0.06483660146059322,-0.13247843239030155,0.22554264807923824,-0.16807041793011426,0.01888335711934508,7.041612146819581,-14.594693748230416,-13.67290196168111,0
0.22147304917611582,0.0756999849040787,0.43212949162844744,0.02327466294427516,-0.050330641535179965,0.19859225230549837,-0.28301487789327595,0.011325372840177539,-2.198152651394544,-13.870326866326494,9.520637514350206,0
0.17843932293722814,0.14048828837681565,0.4234661386212511,-0.20370935803688262,0.17438967762051438,0.2772298499953316,-0.07356493715700732,-0.21256814295997273,44.79221753637039,10.6187508829383,-3.6370660459203457,0
0.2532925398414271,0.18824771062100432,0.009755132667702171,0.05209384689683105,-0.0030657215954967842,0.10765850108624442,-0.005731479847499554,-0.29232644158620813,44.952985262591454,-15.109700295093436,-1.1866711163286112,0
0.10123644011017258,0.26079619937172754,0.4606152513591844,-0.037338979760694224,-0.09371613108368962,0.38292034279834564,0.14554143705339084,-0.1519463164336742,-30.525627392290254,-12.797097082617924,16.53620353359787,0
0.10703076488419147,0.1440240681334588,0.28540098460509444,0.04137707210056174,-0.16210750023821635,0.3753523702689125,-0.24719262510398374,0.07382416965841332,-6.687094594465634,-33.554248214107794,8.06308512573925,0
0.3454953251538556,0.36342660201890953,0.21717462411264787,0.16012534086431857,0.18383923727752716,0.15422981124887508,0.2575453464036899,-0.2433950984162067,44.484226124695454,24.30816463429825,-24.403745680540364,0
0.3924467036576722,0.11409239461769369,0.17722332501192395,-0.07505482831059992,9.167564209794365e-05,0.4353179344897267,0.20086212597851233,-0.2940262014817228,-8.167043973756364,29.514305793652383,-29.98813153039739,0
0.14476882511468853,0.17432462044183658,0.21426480865482717,0.047627642990691554,-7.494167819166453e-05,0.05397447713862957,-0.09601580672564372,-0.07428391883902197,18.623336860178313,-15.039712408009098,-29.522651064921728,0
0.36743432813489685,0.23152143637134026,0.39844586942039434,0.20298705126432487,0.1409658591543247,0.19569256221028597,0.21831563630458967,0.14522985199255234,21.883629906454715,36.14168944490123,5.9198083474610215,0
0.21233983866200667,0.15130039762782274,0.39803022381293546,0.24456293483428942,0.1816323631730194,0.13301543631083262,-0.13551936378683496,-0.14716298992951954,-32.84657135493875,39.94185312933401,-5.877132110575836,0
0.18733403804026022,0.2379770744833803,0.007232057300986416,-0.1292498500370263,0.2937671605751189,0.028699562910279808,-0.108363907105579,-0.10714711502121105,-10.855267116051365,16.63028265981108,-15.135372079022124,0
0.382191738765394,0.22619131350393695,0.4438732015011822,-0.2023078116069725,-0.19031416913558252,0.25617152283019495,-0.10049420349328544,-0.04048843919120537,26.83772876704799,-40.19332761519669,13.250630056813783,1
0.2255949181071225,0.07698488413295689,0.43137223700707217,-0.12917216507260035,0.2768284709683076,0.4657693162781628,-0.03954202426874831,-0.16285983573699905,30.13674412772002,-12.484274253979784,-20.186958319722105,1
0.31303184609778767,0.2276869491116223,0.36171568418864325,0.22161709612711417,0.07736881029766629,0.3062196646265908,0.15274217726377876,0.20547300087160042,33.214840764930244,-41.7212823885405,3.37141780786736,0
0.2532656418184724,0.3844988842429518,0.08894839819471428,-0.26672128168351217,-0.12221322727712272,0.07839884908430156,0.11731139813643371,-0.2965505012840006,43.27803830455916,32.01000077361158,-0.5597644754772801,0
0.1690445290952196,0.22069006924318674,0.39528852259730524,-0.10927043015830959,0.14668992397932157,0.0732327356395357,0.03643491338037014,-0.07494718460067293,3.5289722066013525,-35.30252246649755,27.207770805654512,0
0.08337370861400109,0.17309583679759222,0.3506354035546788,0.17438928396029696,0.054127964606774825,0.07321808727848977,0.14874096128890513,-0.08711884851744062,-43.830598619538335,-19.747024152052557,-10.163966751541327,0
0.3624471275487066,0.06270698663656633,0.42758197324210684,-0.20209310576151382,0.004349179477029563,0.21216821446150574,-0.2939223975951247,0.2492381622537792,-4.056729539912496,40.884144908455355,-12.795365941246928,0
0.2664181440609686,0.2602480733713273,0.21892217650420465,-0.12345350814360553,-0.26077160835928714,0.47351625206402687,-0.050067647064659104,-0.0024469776306684787,-11.180992068620874,43.908961560631,17.77032063712197,1
0.2680798401145774,0.37305513066671336,0.4932950379610455,0.0910192553466675,0.11995341647863483,0.16091458484829452,0.21429515726924947,-0.16932099886781107,-35.42574156201292,42.593039108788574,21.848320609231934,0
0.158728964778379,0.11627722208549884,0.14302365092019764,0.27862391693488736,-0.2434283679071958,0.43365152025059067,0.12470633664086866,0.19801150749541685,42.83077863311067,30.79391899651847,26.602941076671172,1
0.118320287797859,0.21747627144111487,0.1760531080294111,0.002167393992138389,0.04196717455210591,0.4954674823172226,0.23993702831352132,0.11751988651451445,-31.163087652262316,37.71257007052965,23.555164242479982,1
0.078097062141413,0.14195535874519175,0.4930148715383118,-0.17462423550923156,-0.18112935515274559,0.28682033439785454,-0.0012010255241059475,0.048262978321706895,-11.093824961230801,29.40861239054523,-21.68516691345223,1
0.24874711569088326,0.371712191956824,0.3249040945364294,0.22507743328266622,-0.20396808043731457,0.4520901567156019,0.0969544167392804,-0.11803564611676617,44.803217446281025,16.81955706190258,24.504963481243728,1
0.1872118653714726,0.11396366845348696,0.4718923757981646,0.004079248119363055,0.016821988507419283,0.49068595510740304,-0.08015631769770395,0.2658124107374697,17.5432825021932,11.978606947031984,-15.934901883451165,1
0.3077239340014578,0.12768391384633218,0.22560764707863284,-0.022320637309928948,0.19584632998362544,0.34192234216703826,0.0859005261240331,0.08989645353796705,-20.657692855576897,-11.545986615341938,-27.260262873797632,0
0.217383334278626,0.1303008869866366,0.31110138053925546,0.15593350864180794,0.28165667296533287,0.42128523465219186,-0.2483190931160678,-0.17308627203500468,2.8522672090835,-21.81681052299009,-29.138087575001965,0
0.17958101309540075,0.0690063832420264,0.2071901183851828,0.15406622104581674,0.0005592365876384009,0.38181695590448417,-0.2788357554803358,-0.19370147783938257,5.724713793851457,-10.32176215371316,10.810544620211985,1
0.17519280585145403,0.12339582818279944,0.34565186448951707,-0.21754419907351857,0.20394113803575614,0.3774185784277058,-0.11705601898391796,-0.000773088168619096,26.927450965743745,39.141928779518295,-8.870370246766342,1
0.39232155275007197,0.21477757852139567,0.08303648364344696,0.15913884035264536,0.19129131841286356,0.35365003785245763,0.21790900396786744,-0.07729045000805729,17.1283502901194,-21.25362247532442,-3.213591243609745,1
0.3217844365352246,0.10111887577810949,0.045645867711051,0.26090489642763764,0.25299392862420683,0.20327212425261942,-0.048040867171258494,0.21062134787839887,2.746900624136373,-34.45975905595215,-23.107593436919913,1
0.17641909258875715,0.1078430412847849,0.11273224801523041,-0.09665644273172205,-0.18097493890662472,0.25528937695760145,0.07975904189961358,-0.039941934670005175,-6.567106509438993,25.352956743183228,-11.938997222526893,1
0.26746785455017547,0.2789259439982495,0.032274001829762755,-0.22866653702103662,0.09690406719772221,0.26559382477669874,0.2000472049371444,-0.1769146996713949,-34.16919411812551,-12.417826847638771,8.224028099596296,0
0.24879186732372582,0.3636877529130209,0.138782595976653,0.19011224735317717,0.03480033247659553,0.24524524146134563,-0.12035194462471852,-0.11755871834399831,-10.036811569960165,23.715943928972237,-1.396026744463736,0
0.23715085109794853,0.0548904517964619,0.0011176023736985674,0.0063963790439382495,-0.11702669175048311,0.09015572299758856,0.06815636262966657,-0.16293811696954374,8.298643471645313,-10.866064447235438,-18.795226939812615,1
0.30258776649244146,0.33890437864249207,0.4715832796249184,-0.27625292116736033,0.16465190642200717,0.193173217678901,0.22144500773926484,0.22733751355993975,29.575662345242336,25.12805270875141,17.656970077495963,0
0.3692160293873933,0.23682381176511463,0.22437311693758216,-0.06848341433592331,-0.2721491545252165,0.4547606281525768,-0.002294344629163503,-0.026959541369093898,1.365073831270557,26.473906630278037,-16.531734841046166,1
0.13322322151439847,0.15173034409434455,0.1612266246520323,0.13100198343262737,-0.19395043610733065,0.13192827108966998,-0.2392763458377335,-0.10112400077155395,39.71175690244698,-10.790191558499643,16.640298242791957,0
0.12529592632739606,0.1071223396512255,0.2816581208489811,-0.07914403740203071,0.07569557150428152,0.45610267020433815,-0.2094041211389594,0.2480601958878383,36.224097068062676,29.61788250023126,7.87715503836511,1
0.23768243725773386,0.3379771469218726,0.2741824211900005,-0.2124640681325291,-0.25246826935614153,0.4786095746046698,-0.04451846614105265,-0.0896876130616093,-12.932722370852062,-10.895902967207519,26.69980967366029,1
0.2753527920282326,0.3379665646447905,0.22170709941366556,-0.16365676692913386,0.0327508722095009,0.03190862805208766,0.1965787031955492,0.07899863947323893,23.227896607683647,-13.092662868311848,28.2418814636942,1
0.2078662750648393,0.2487769806499724,0.23090895572487413,0.09525204589002056,0.03263941402785819,0.16035777334703805,-0.09256151654242042,-0.07284432746416145,-36.48242085755502,-30.05436308274242,13.386828128723167,1
0.305335163072187,0.3867406372718084,0.2958687122288459,0.05468831216214903,-0.08109968476591015,0.2823154659876477,-0.10840268016771706,-0.2993447554125948,32.94865555906365,-6.350032303046532,-0.4746908967601975,1
0.3848514569191025,0.2743863432375543,0.09247255427087331,-0.07914827552848622,-0.11671976608721737,0.3925781604107188,0.022253811075459096,0.16779392916881813,-12.55404508065002,33.25603171290358,-4.250257516231372,1
0.2661125552535941,0.18190858790830583,0.45939398803339976,0.09580362384711727,0.25754332010624775,0.23720623016982195,-0.027229305561642048,0.2623435741884477,41.38122854191799,41.46905869909976,19.13384363444657,1
0.37356265205300365,0.06258931086681499,0.33834560108988415,0.16919084690531483,-0.04491517161476677,0.005487237959412972,0.11222109616168624,-0.09446145447720539,-31.336834077673743,-30.860210113577068,16.149843349879262,1
0.25003035092474174,0.36816033493818723,0.3596031570191096,-0.24204905310207725,0.06837858652785411,0.3999404546004723,-0.13508292821658072,0.07949594101002833,30.63709992547298,2.148026031733913,-18.34876794927446,1
0.08073297929812628,0.22253293008666547,0.13869110106973886,0.19405547700675607,-0.008291292252359361,0.4263538702259325,-0.2350807088145737,0.28204624603706735,24.039120786970145,20.868890675943234,26.41296967390172,0
0.2819452462427009,0.28289249076784845,0.21872741156023057,0.08357839546196921,0.04280087406363614,0.11944752230563432,0.011260824881057174,0.008755676771337095,29.126059941003632,-5.985987959633761,-3.834873854023378,0
0.24877890649996248,0.23629231789491656,0.47564688354462326,-0.10655427877180726,0.08116191794395672,2.5313513714320113e-05,0.1421541883663615,0.001526357410056689,-26.245353844398625,-44.86404992142445,12.41663784022522,1
0.24482385504228538,0.339018023456947,0.08952235366714079,0.2402100137576318,0.2997353894919215,0.3325700832276727,-0.18246657625199492,-0.2133380026828069,41.347296504031235,33.421753923149296,14.920731093886019,1
0.2041721189854302,0.13639216683263347,0.06883134290386533,0.05854420426946272,0.14632318668193312,0.34263403339861087,-0.13429194286348728,0.2126669018201784,10.063996148466202,10.320003090668145,-17.229092897012563,0
0.36143184513332977,0.3151915273220517,0.0403257029999286,-0.08673487713675362,0.1271481256546853,0.0806784040058503,0.002063508935861824,-0.10933857100267941,-39.172119318584734,44.743147905476164,25.761875970548786,1
0.2084628059948,0.22700679051452444,0.4921570058909194,-0.16600644710283569,-0.0072143010704117105,0.07475586974466947,-0.09000046037521642,0.13038643122384258,-29.29840706154829,7.321617679503888,-4.997938585919567,0
0.19068457214068602,0.07480560849604255,0.07984918959139098,0.06402242582381679,0.2563043354504653,0.012870274285591121,0.02642111823731741,-0.14876314019448617,5.556591493606184,22.469162196033153,14.127187930175573,1
0.17250208399053055,0.05080133807121273,0.3906327824812203,0.1964273127363853,-0.2647779616797984,0.3126846142311595,0.09661072022407213,-0.2125596797714608,4.727209756732307,-23.11210073880507,-29.01289780772903,1
0.18480011520953132,0.13304607123037476,0.2861836596758629,0.0955600192951862,-0.10893632694804214,0.012115258255782135,0.141544688021982,0.0699583736079542,-25.29010929587753,-16.681709235080632,27.426815356180633,0
0.26506167380759593,0.16787002207762625,0.35188903655690423,0.11109566124161246,0.07298039415304702,0.3652702706171589,0.17636114439819828,0.2468539694830944,-37.75357534664158,6.43941133006048,14.926610017224057,1
0.2519862255561046,0.08034623216041137,0.4036953525150753,0.27545217532240635,-0.24346708521981167,0.3657995302234318,0.216503318138848,-0.23429626835069828,-22.788317739285972,-9.731587675045255,20.20561990240718,0
0.15390752226648363,0.14096747090071482,0.11233729475930992,0.015270521554882288,-0.28951203810770393,0.369442188234479,-0.11976719526556137,-0.04390112925865769,2.4346978057852766,-25.977635754511592,23.022158845422126,0
0.15780128296087428,0.38764121299366927,0.2483299623317165,-0.26406557197019864,0.20142398821923008,0.11361501117486933,0.22725225168541502,0.24986392678429475,-38.45105880857972,7.418630481694635,28.891446334610777,0
0.10767420161439908,0.34049075443274135,0.14073428550404704,-0.28280662258798467,-0.2757221521027035,0.21458874629293578,-0.027323456310915817,-0.10784932293339086,15.190164500792939,-1.3191499356525185,-25.553216020130588,1
0.06932902172433655,0.38169441251286845,0.45094790525468026,-0.2706397826844941,0.2029870331353672,0.25443708704501267,0.12117773302412993,0.23215870157891233,6.927703836992876,-34.53056097438335,-29.845283370804825,0
0.10945095257064597,0.30028106028918794,0.015009993660730803,0.2796843413363876,-0.03004597443234941,0.24487884052936593,-0.1203426624173072,-0.24863035631254313,7.94184105253543,-13.972095134511484,7.444356962665012,0
0.14226740004193109,0.1434375205173973,0.2861664857372591,-0.08029765892060414,0.09965684407295944,0.30511984098396816,0.09426709986182913,-0.14860942991446416,24.063423824069716,14.763199569182454,-22.161023242112947,0
0.2388584208445798,0.3378376783964532,0.07055199371438425,0.07348961381695368,0.2655581927071576,0.49834559690214325,-0.29394867541215386,0.2835403697390653,-34.00109749977335,3.3255483947425972,-15.217811442993622,1
0.3091529691586243,0.07127145436116541,0.28919407925795415,-0.19844574775772736,-0.17537883662019965,0.11662712535391967,-0.2914166169069248,0.23510329866820628,27.381174434087157,-42.184219710021104,-26.58083472003199,1
0.1725151278305426,0.1862669019570775,0.12353379364035949,0.21550708721813822,-0.12160228433608075,0.10509628487551192,-0.11445016419830634,-0.17811025489956184,-16.411030127531326,-37.53573994186443,-20.488198252832497,1
0.19643634413222555,0.26111266046905646,0.4779096030086962,0.02309076571142399,0.13869834572592094,0.4035005511977766,-0.23189512721486782,0.09187480053236458,-1.6100351771017998,6.518784802310293,-27.694983853857323,1
0.06606745636492851,0.24219264686697667,0.3331162202815987,-0.23428801576161057,-0.14664145698229816,0.360592054925407,0.17615410701531914,0.2915202296066672,-22.209868269832405,30.72955244981229,-19.673822093150008,1
0.15412553677350263,0.07026643438969818,0.08247211178202213,0.283822141887591,0.07415306149692924,0.4155425992872028,-0.28708826524570846,0.15927750069262026,-1.3543140112322547,14.877708918407755,-8.507697579553511,1
0.2683698790331687,0.3907718181868082,0.43567654167436376,-0.17115584430767308,-0.1552900138648193,0.1723870679575853,-0.06509135095192123,0.0317970721846173,-24.073863039329506,-24.98893369976109,-7.1166025579152254,1
0.288887697403028,0.32139651671844827,0.41425291497066963,-0.19239377945760006,-0.19075398228669205,0.0261570139644548,-0.005488896655904241,-0.21747982869240956,-16.326270775159983,30.639088735496742,26.919536563061015,1
0.24068992593210325,0.37848705152675605,0.4090278463937387,-0.0850874563558818,-0.021048449672244895,0.4786665343476942,0.23712263687635,-0.18528867741941313,-20.31265504589861,-12.202153257422516,22.79094216863423,0
0.3722874566501148,0.2599142670506125,0.1136418207541699,-0.28945562981449396,0.07146787096051654,0.43229894400952634,-0.26041483345595434,-0.06145727462319245,39.60422334728125,0.15092962711247537,-16.760506212684415,1
0.3254761880246716,0.280559941655868,0.3007178379896936,0.18915942258318802,-0.2590421366688596,0.3454433982156426,0.1293544279734093,-0.1349018701919934,-27.391532716134503,-25.753277208960075,-18.11154819408035,1
0.36951957935876106,0.17522847304081757,0.43001189144172663,0.2510166062403098,-0.2873736717256114,0.11971391887626576,0.12591737953649929,0.15410582584772903,-9.68248348046513,14.107915149556945,6.7295170417221115,0
0.1715306015803988,0.3492739673069424,0.4506547807371641,0.15385442473222943,0.10191949013742041,0.4077524547311496,0.12453491293327762,-0.147467427320893,-3.0386789374622367,14.463449809754358,5.2681654270982605,0
0.29290690124332674,0.2158386956916199,0.1537358230061765,-0.08037362443137483,0.0667368899761191,0.12722503130265483,-0.20883148470287993,0.1177372043661889,33.25227994069644,36.138501757873215,20.48511191268061,0
0.3961665084083078,0.32332027772387556,0.24035706459501371,0.045339213181467275,0.03730464679985512,0.12718037657157516,-0.18876558342394822,-0.12181457002672083,-22.75618051834651,5.1775280877924885,-11.507831649608583,1
0.2505850604053498,0.08296121885271263,0.4664295674397988,0.1657302775335821,-0.2128222281311438,0.482020714846748,-0.22428074831361594,-0.02719207289442993,-30.692184060674432,-31.482828444788602,28.06834430247661,0
0.0926626306718552,0.2943930419657593,0.1128451212850905,-0.08809807190122204,-0.29817194821748466,0.23954438466503336,-0.2229883097158276,0.21578844491035304,-36.20448728941155,-22.466831637991458,-29.112095646915286,0
0.24823988862477098,0.19189702074346954,0.47102884951163915,-0.17098935367685347,-0.03463087652782709,0.05432285458175318,-0.2250718434602771,-0.06084224640189892,17.969432038658923,-14.499545026123496,11.37587835618013,0
0.12380917794189002,0.3524726572862457,0.447595158737979,-0.25038485046363085,0.22435399768721614,0.3642467764216123,0.16542621796001944,0.17508919658748628,0.6509944564195962,40.22168786893815,-17.978423761164283,0
0.34921022172133925,0.21560378640402156,0.3599451518547085,0.27519401497774226,-0.2983011960277576,0.33751980342212856,-0.22881557757963678,-0.025220965390487016,31.210387280230407,-38.56537359139786,29.376809092718062,0
0.10915295390922636,0.3992180829359194,0.4280256780148384,-0.2580165487950293,0.03945232567630996,0.07370060543773294,0.12946884900776823,-0.009549942443737802,-35.06499322206517,5.1335002137860855,24.640539066168742,0
0.3427015633296076,0.0983566069211824,0.14034844597053658,-0.14232901903340456,0.11819134935472891,0.20560058901991202,0.2043526935785936,0.1484563174434444,2.799119808703459,-22.584440194283314,17.545128572161893,0
0.3831183829658802,0.14641164675274695,0.37592622133110015,0.005098568718801544,-0.11489136920712043,0.49554672448119025,-0.27181537348512347,0.049246263884414276,-3.463360559125981,-38.112623126814455,-17.1542276510787,0
0.3148248577043433,0.16121750155837383,0.26857389973515594,0.2236261272625581,0.26170047088452014,0.12011515943292089,0.24676164201605028,-0.14876853936049197,27.431748236709637,-43.627466082736085,2.1138885761426636,0
0.3668788662533629,0.30291112821535243,0.07164080526718442,-0.04418698015135203,-0.15412707292255046,0.41493182328540484,0.2506781916117334,-0.2014259179118465,-7.508629622024053,40.75532867278467,9.425366561495345,0
0.19517957518846463,0.30824393738455136,0.4495249234146337,0.2937822905221699,0.05035503841877387,0.3521369642515771,-0.14898019552954805,-0.12597217668876795,31.56924842123354,-9.158048671289443,19.34603726568227,1
0.34634895417734707,0.19132947813626922,0.27848888331673743,-0.22826998855575287,-0.2664193359162434,0.4931412353666101,-0.19266258473523395,-0.09867057782685096,0.42163984567652335,-11.297555262233232,-24.159656398549885,0
0.28654365421233813,0.06744524041208949,0.3590498926334642,-0.15693768791910415,-0.02908976386240053,0.18387655029738703,-0.23229579400958672,-0.09265082849293457,-13.488753753613299,1.9895075126776476,28.34109197639924,0
0.21151837509765853,0.08378326675697569,0.05281061075543797,-0.18131732779609827,-0.1303495764088149,0.24820290222989982,0.14925071864673595,-0.18796445878834062,44.338661504958296,-30.463026140671865,5.962678063328845,1
0.3692144475925534,0.3898011966606711,0.36392566309977037,-0.25409325070184796,-0.05692901446973847,0.30440118492034146,0.05411704286997454,-0.1911337285016411,7.465025650578426,-13.52875429067003,-9.664389309377043,0
0.05326237443681975,0.23031129375341303,0.48782345187427,0.2150672571601175,-0.1605176281486505,0.26403438096503745,-0.19715473852999318,-0.14204391158220067,38.07007546295472,44.80003212849125,-15.446340712929194,1
0.2603923910255566,0.31564482952778244,0.3965991871035783,-0.20669243939263657,0.03412024076396536,0.4068391853407303,-0.20334779314548884,-0.17539064893759504,-44.78297423114901,2.2170740755759297,-18.319098188282943,0
0.08154138528654012,0.29261199181065384,0.30181038139077593,-0.09747225198362489,-0.14355840134597123,0.3593803908740761,0.1448168237699195,-0.10367649062847806,33.86043997555532,-20.805550300035787,-25.80813444151134,1
0.09271672991370897,0.2958573506153746,0.39694134312758106,-0.06837987982842517,-0.28578463481021327,0.40912701232693227,-0.1763436562017356,-0.09658083486150706,11.540790699941724,-36.00407527098275,-25.68025403169221,0
0.3750081205331945,0.3292759597374668,0.11690963713053892,-0.12133303914710786,-0.0710908032223935,0.20270883764771824,0.19040571517923305,0.03872001318551421,-6.484561659744479,19.75001912427176,-2.5281074193716044,0
0.15592780661137046,0.2308778632266853,0.46499671550657923,0.2988895010240776,0.16959641017284588,0.3646571118637346,0.016609398427219035,0.09937640279949717,-32.00182421144817,-20.77234914826356,29.07857180982507,0
0.2889796072323611,0.07416035138472987,0.3516937019189684,-0.20724136545875188,0.10621947188215597,0.06201880711870428,-0.01235117366894678,-0.0679389444109165,42.06117209789406,11.772824917001088,-24.707645204921114,0
0.2792366610195235,0.0539934983500138,0.4845394891072482,-0.06276539639710732,-0.12071788293305694,0.45998719996872867,-0.007996714735893029,0.06859515089116663,17.626567377326538,33.42701461360171,-22.215480610976634,0
0.103089965990772,0.09087713972066114,0.4619044397920408,-0.19570401051929728,-0.07882696137443926,0.22799242474703013,-0.22533448330226133,-0.28761942718047157,44.46814227904045,33.8991520351465,24.740275761038234,0
0.18323581762183544,0.15644158310719442,0.40476568766253646,0.2582321822626679,0.07865932840014339,0.31181506562982625,-0.06599782817209493,-0.29250975025710196,-29.345616105878406,-31.730548086878898,-23.047079831217797,0
0.06131510304569146,0.3124940934291618,0.1909942794992905,0.059212686302790085,-0.1513931995859026,0.07769983311603657,0.02003280050096845,0.11737061697248619,-27.40560345493681,-5.727694731069221,-3.3207017825162595,1
0.19747074274563303,0.20200945996622777,0.3789978231801978,0.20008200212153643,0.1847422057889111,0.25529232652351186,-0.07731201745918098,0.2673236168493213,12.07795722931889,3.928806809479042,5.899135921697564,1
0.24193684622744416,0.18980526811540283,0.4411083021309833,0.13164642036469287,0.2464395415860477,0.4314093125797261,0.25282148009607325,0.2880068701732586,-16.94732057464837,-26.128745653170604,-20.09085826705541,0
0.15463521747627232,0.39576296074683076,0.3310962445640379,-0.04863950074960677,-0.16658213823572818,0.37260468095011673,-0.14382581417628518,-0.20257793769222276,-31.093658978914146,20.63369512482592,8.568615257323046,1
0.2400813664969526,0.1426261737697021,0.2716685436208779,0.2276496522317753,-0.016689796765934573,0.0032892829313948546,-0.2660366351602497,0.07958218646777493,16.01384057286773,-8.840260101354716,-15.433176771619015,1
0.275188898988722,0.2078729739034687,0.05230433750833968,-0.2244401974097686,-0.1310945100505982,0.3833258424770351,0.13736400135939109,-0.17692784915557958,-2.1418024889790175,-36.27117335907043,12.956777170992169,0
0.28179408134095024,0.1046578282383928,0.09705084617438886,0.22754293133998654,-0.2111800679384629,0.009375293368139581,0.0007399137157657609,0.21763608795776074,-15.660805912593773,-33.465395641886055,28.93384977393827,1
0.3890818601710476,0.24924064325439427,0.12209084230016992,0.08328719431957277,0.2487562056602723,0.34507410069924,-0.2842557653103581,0.2502795623175094,22.83077297285712,-8.835208794234177,29.24951336094395,1
0.14023294339582404,0.2550864809336192,0.2049911941125216,-0.16868603472322066,0.18963361005169865,0.430284959647188,-0.19938028819333142,-0.29549578032000007,-14.748302832356366,26.775975211267735,20.350431974059468,0
0.35029024935202524,0.18200684908941073,0.4821839509862089,-0.2291042193446179,0.20187281918128913,0.4541690766227239,0.19360531568623884,0.18530468471981038,-12.482098613554946,19.200879604887575,4.760793960678022,0
0.06590076417256632,0.32661007841040995,0.21181416270092307,-0.15191226562248333,-0.09139678160343181,0.37868643327322615,-0.020851598619702538,0.22109969551552594,21.143302989992932,42.66127354008826,23.310226007390597,0
0.17586369451905598,0.39462422118753354,0.47659724794593517,0.16716914118552018,0.17501020526378086,0.4886350657622449,0.0602737335839762,0.22801190959911272,-39.16550499300084,4.865626750889007,0.15098036809947857,1
0.37629780664358037,0.30873235397893056,0.11533627049462891,-0.23317014628842714,0.26935166692110096,0.056093833030066376,-0.14575797117165107,-0.19041960420032572,-44.32825616294088,-16.72787033117604,28.450732295925754,1
0.3900913986503431,0.2825793190522839,0.01678258852321346,0.17651953239179924,0.005125685566491289,0.037599786039237804,0.10845125882867473,-0.00038891647891892145,-26.55721790001691,33.993204487993765,-12.51720850198475,0
0.20959691196810748,0.37485979392085317,0.45096608373280317,-0.21662395610834528,-0.25203109959332587,0.1561544987153951,0.06487959736061188,0.06095718858920374,-20.552121024747912,40.599049209930044,-11.560096997067959,1
0.05244539442000107,0.2635020649429548,0.12083429857896616,-0.2253712188038834,-0.14498531399711156,0.4139569990397026,0.24840078495610912,0.27701797432214464,-17.74526732997741,-3.9664162629855326,18.151566168491023,0
0.15365528817712015,0.16403698181939247,0.008315541161477702,-0.19806426055316503,0.29675198467189506,0.12447428689196627,-0.28804974134361655,-0.1328758115769026,-8.244884881387193,4.300855135414523,-25.886038808074414,1
0.18613204487933427,0.06313040945280445,0.46532378306450467,0.17412566221865783,0.28929695954280804,0.45508026584800926,-0.11051233673034935,0.11495004739834819,-17.410132126943243,34.93900691366616,-5.354827801959516,0
0.1561513989644037,0.39655494782474277,0.24055432116794806,-0.10895533471786412,0.08061535229209205,0.24815114225822194,0.2744694549848748,-0.25008297120477285,26.149312846589524,-19.88222593833135,18.400159859413897,0
0.3996685563479148,0.17572078155823656,0.3616448471739255,0.023975179560303206,-0.027016919575100662,0.11993353934623058,-0.15245124240244137,-0.18901662794401738,11.833515584904731,-32.215221302120725,-4.116811810976955,1
0.232505123555298,0.21177977555028388,0.16344917593849467,-0.11671163257729794,-0.14948826500692672,0.1825236234423792,-0.2100351132395636,0.22326258120214432,9.19074526500846,-32.95922169655301,11.631560052540081,1
0.31470749006483373,0.1624902380498669,0.2944936452843081,0.009438108575260507,0.22645624752983323,0.06100746593141909,-0.2314421950479239,-0.11980819852619054,-6.190652868674846,-18.131197612307442,15.791224943714624,1
0.30696580765417014,0.19693694000837003,0.2936535893382184,-0.2844825584859011,0.11726487312619699,0.2479956770676217,0.07515060461270523,-0.11059921657429556,-31.8761843920727,-5.811395220347215,26.6387472771818,1
0.1049977067006328,0.1885259677254929,0.48967305957630214,-0.19135717745686742,-0.10867563394621862,0.3625571581597862,0.0055096697171529985,-0.273643113855969,-30.447898365481052,39.17245992958763,-23.810100435658292,1
0.31425923212520246,0.06300623163677502,0.2768810471326131,0.04552635512152975,-0.11793426156492348,0.4381723346987586,-0.20235016842008618,-0.08148317429648369,31.380181843259635,-27.842151905460675,19.2824481796605,1
0.3581502465239232,0.3380559090056626,0.49610822140046845,0.05184117332275978,0.27755257710894293,0.47442211625071373,-0.11205676169793641,0.2180602536335225,26.32253990028994,24.8218899660977,23.776846277515318,0
0.10809837025088467,0.36058575060360143,0.0245386916842823,0.2540366770732975,-0.2167139685813073,0.4060495220185844,-0.28917295296343176,0.18904690224505388,7.566369582589658,-43.286917416705336,16.452585571454797,1
0.35884874823865237,0.3985443143958975,0.20175289388325623,0.13016079737445047,0.11284068913894701,0.08707135666639998,0.08192915981582594,-0.04314643447265776,-4.442796889766001,-28.787580913134875,14.684360768158122,1
0.3245535524176145,0.27918058868703444,0.3477706759087936,-0.128555466973566,-0.017971570294171846,0.09085190001260857,-0.15205168315216414,-0.2460899741445509,-33.590393433341276,-26.05378686337471,4.814052682550219,0
0.0731025165409231,0.3807939983191444,0.31193810313736803,0.22408244247708625,-0.1255150301670721,0.13899947459939382,-0.09852933317562629,-0.16137706263635535,-0.1826357953831561,39.26173924450811,22.563760297798915,0
0.07194660559111156,0.09167145058380471,0.3948257577409246,0.029645694804083245,-0.2228779452234288,0.017230068389168185,-0.16545939103246357,-0.14351355737383734,-43.72082733828222,-25.551851549652596,14.299136217143982,1
0.3260800522284174,0.2703133419761108,0.2602692363198089,0.2689465133211009,-0.0026404667247751923,0.4461941824870884,-0.2783534219190786,0.09445130714947092,37.04954213107308,35.93477965376465,-0.8967821696789748,1
0.3604579066954342,0.37430570346242914,0.3300879071598504,-0.18156215361983039,-0.24882205467605525,0.1160124769034998,0.2771743114710255,0.27740712105042725,-10.627300447349214,-15.678761301220447,0.6006349355439227,0
0.34730451888420355,0.29235108372909707,0.4727726071311857,-0.2542503371582158,0.16524673375123805,0.03820570792178224,-0.09800283858469036,0.15040126090519562,18.990897682736602,-44.8093959173781,-17.883424028963724,0
0.3876310810602799,0.16491273827940067,0.36931519105992333,-0.12877531362602432,0.06657182479890322,0.40239479410913526,0.23189179479677596,-0.03077028943245197,-11.721988569069765,-22.189354919020094,-21.994969774908746,0
0.11498670710959422,0.07785150446908433,0.21910893321450725,0.2192233054272718,0.19245559612807822,0.37237842802380855,-0.2955543588387254,0.2194236160537369,-9.31508172403067,20.8473979071491,13.615121067823715,0
0.19009399325200732,0.30673255572159885,0.08185153075942925,0.03991420202142787,0.10310338912543388,0.17739680361969112,0.1991893645215606,0.0063949110280282495,11.429535594645898,-32.32144829656992,-28.610389528039857,0
0.3272230562819541,0.11890485299752854,0.12111420548658014,0.20495315805184194,0.1447155154375267,0.30643674448976027,-0.2766476815280559,-0.22364542902916412,-0.003828583115129902,22.170503113460185,-2.1539481484906027,0
0.2901570204653027,0.2784403572042394,0.49602100276402744,0.29965314553451267,0.009875641581384542,0.047599543480431994,0.13670597938123102,0.2859984469299535,-16.35062511338817,-3.4912002746183575,-4.513384511072644,0
0.21479592275971093,0.1775662709219491,0.3120389832646708,0.1971694062702002,-0.15499132020912645,0.17143793963020615,0.12295418981221196,0.16676435925511818,29.28571845611826,-26.16019029926742,2.3560176746649404,0
0.06904455873450702,0.2549455179820025,0.24857377304715683,-0.13774486324234064,-0.296071284838304,0.2840051746267006,0.19056398209779096,-0.2588730732459729,21.28270116544269,12.108834176766095,-1.2387136679319077,0
0.39638935088365385,0.23270187712715712,0.017094006681172558,-0.09140507899247505,0.10253889530205962,0.112298942317545,0.2786695421751458,-0.04482378126545067,-43.10214239315605,3.650954815166294,10.571377461152224,0
0.14579514267217472,0.1051311725610401,0.15324018865928996,-0.27905052490635207,-0.13125241987545522,0.33005881694101535,-0.2146302128660446,-0.23318101632804722,-33.085323787108464,-38.02034931646803,22.478124710576374,1
0.2344577172523314,0.1282056158554436,0.01877791171017057,0.12469518250190259,0.029388764361074793,0.36196363977654183,-0.24742625315607772,0.2973157074371651,44.49137102523288,-3.1500157046838595,21.96352291103016,1
0.23660039321213533,0.21371767297706323,0.4293557116318593,-0.022249316120308227,-0.051353914889510105,0.051858197666747985,-0.08250487268582088,-0.06177101966215098,-28.74399126979592,7.9040881541850965,-21.369475766979136,1
0.1858478397902371,0.06981660935634265,0.20443864284369995,0.16336925035118938,-0.1817829339446475,0.27094357556219184,-0.2780485599469037,0.23858999443899492,28.800422541040618,2.1968272608359314,12.347219758316989,1
0.29425552475369565,0.2356945325146932,0.4139396606716911,0.2239694491531618,-0.011709244404711772,0.4928309539443858,0.2248908749875072,0.0062817992528447775,-38.76411641876042,-24.795715421529334,16.583914762577095,1
0.2664657944052601,0.1353191411691618,0.1876168207939608,0.12380933444090658,0.034431732606417464,0.18432757207754846,-0.19955378889772557,0.0032893123486519293,-16.25705788435171,37.16350275672676,2.0607984173430367,0
0.38210581500219387,0.31477606670455865,0.23582009531218934,-0.008372850263476173,-0.03831814641053677,0.16232183355516683,0.0130285285115041,-0.04130942571533097,8.835109203669724,35.8308072450985,29.700565039428618,1
0.13426357492499433,0.1762836964961304,0.08817778820890065,-0.01950927634285693,-0.06476398655073407,0.1204635582071561,0.15106842553846894,-0.11169193673301206,-20.447610286874784,-33.219870223455445,-3.67069789188308,1
0.1034014650960079,0.07555094239969722,0.3073110899082805,0.00016539941346482845,-0.15717800416110939,0.14638489747951233,-0.06474769367915395,-0.0026874887264966008,-9.876692782042873,-10.143749512263007,-23.056031321318823,1
0.2503446024855231,0.1007955891327674,0.47301222677904753,-0.11919442049116924,0.04681032948452529,0.34988797229453306,0.08953989314718536,0.26435664581731105,-31.64049090719478,0.751746460224787,-5.757936555554043,1
0.30622936390480915,0.2357399025034635,0.4098746490674476,0.1877569484015541,-0.06610014243076595,0.39071864374370996,-0.17625433679900548,0.001937309973305601,-34.358244265019664,-6.588496296786779,1.2219461860314382,1
0.35856602743500215,0.30529366085975645,0.39937491388088037,0.09874782571638852,0.20780581019398164,0.49654943135881796,-0.04790228728521684,0.1883494102257422,22.012178356623025,-4.241685085918384,25.616939983950722,0
0.34639067259260115,0.31724084300669336,0.24552322877992272,-0.15287163696013611,-0.1271397504912887,0.3061374627359951,-0.15221760037470203,-0.10478659459561904,38.775458803527656,20.63957548556276,14.164442983018859,0
0.22853241463708934,0.22094924714203518,0.3899878658095748,-0.10582185662123503,-0.24328511772891404,0.33852165389488525,-0.10259039525765343,-0.10464429781094606,-4.075628751528328,-23.153938043818624,25.302151788427622,1
0.3570113782326208,0.23185512015008464,0.41615965210876665,-0.19025808960799057,-0.25899126576262355,0.32797655506234297,-0.26882849774516643,0.23548885148380833,17.239873239667673,40.69806528680208,-11.166800621205862,1
0.24111892336182794,0.26582362598858283,0.1459472007626249,-0.261616474555036,0.14247626711508932,0.05089299437450873,-0.2486654153889641,-0.11326613447746572,-43.87809061459061,-5.936794581931558,12.460854604804602,0
0.25814593517116013,0.2026862823311762,0.2895080548950889,0.010503146636129501,0.1085799600750954,0.253854421766562,0.2643665989005351,-0.043183091050988276,-43.567532726426016,-23.72638181319139,0.03641148639935565,1
0.2977263856822177,0.26780101302604753,0.33763810807463335,-0.140337110623358,0.18644063281907147,0.27961875465436736,0.13504682850320088,0.2637441059318187,31.994754560147555,25.410372347424612,-12.621075034124235,0
0.22286841010403968,0.34966827210194584,0.3852796513925499,-0.288689052577228,-0.026986943650087247,0.3090369191220444,-0.02376264774418596,-0.22161284638457862,-9.227332467841663,-7.95098743832375,-18.737044653014472,0
0.19852785130224787,0.3258255246558371,0.08396811990070896,-0.12852451373364182,-0.0971486511996271,0.052910376352261645,0.0010828890456407447,-0.18464391952410258,12.076730050469273,-27.891687638428355,-22.58962455964348,0
0.2487903289897454,0.16945062961109547,0.32317017086627864,0.08922403621362268,-0.1556451079895889,0.3929047001530331,-0.24524251719911525,0.19088332265239977,-25.922982727845536,8.062136864248743,-9.161416385833796,0
0.38949923784070645,0.18262594543254373,0.12044630302554066,-0.05793031371706109,-0.11919688787599356,0.33693841146418035,0.08068005669544837,-0.2835942553377023,1.019084022610663,-41.74202810921066,10.641795984856493,0
0.12540091758021038,0.050043717288017785,0.12875435605873753,-0.007474530494152809,0.1927668259811528,0.32164545028667546,0.2514380813743055,-0.026661341023263896,-9.826629933866641,-24.172360506385807,-16.91625092765375,1
0.15649512876010466,0.10495815804808677,0.4338820694559366,0.041711323883814266,-0.15309925430770102,0.1967103788546714,0.24401103258292983,0.23210469699183783,-38.7803977998113,13.869012445173261,-20.821729741816572,0
0.33662999698585294,0.29988050444489567,0.0770359645520135,-0.270979544280509,0.09233271471281551,0.32112906858754964,-0.07834542914731141,-0.016388000138641723,-0.9765550585809564,-23.406468052814425,-11.150003285544848,1
0.35815844396773017,0.09862128058305478,0.3807682056502578,-0.2921951036115771,-0.056028222455423965,0.12366760335869409,0.12240480849547364,-0.29036632118688915,-3.158846455362024,17.70561222704417,-27.197707604989027,1
0.056202832749827826,0.350784846929942,0.375897629878384,0.2680930499918783,-0.15984551683872975,0.16121116859895873,0.09688724556751177,0.2554757931967399,44.34024253044515,-7.493611447288707,2.353780543244632,1
0.22530405533436915,0.23873069517948708,0.4136963311177542,-0.09807379446754616,0.10025685573339782,0.18309573348131264,-0.27436566205174245,-0.07319093559819065,40.50310168837211,-1.506376612042466,-23.50617378978791,0
0.22665740646392013,0.3642694286194193,0.29058815269653276,0.09401839554261343,0.17253331217532292,0.20329244005253222,0.27196217072590995,0.2928043397094476,7.84240488498034,-25.015015146759985,16.49412103952632,1
0.1224571895336842,0.15572504907427348,0.19706288858904875,-0.05003422015851128,-0.2990035753951197,0.05603518549934877,0.2176587382445268,-0.2992601624928551,0.7350620231587612,-0.9448194143512723,-10.01435033936173,0
0.24451943273257382,0.12591879638328812,0.23082696120381424,-0.1151621943662488,-0.15616555126430123,0.3848521796484511,-0.292856044800475,-0.13867028482492502,2.7977115304788924,-2.146861041258795,26.409919615173706,0
0.3706041457981628,0.1305748968132083,0.01870627808808989,0.032911481634889994,-0.07744662968253674,0.4148948715662066,0.18495088323858105,-0.10971666430637078,40.76094555627705,-18.817394567389325,0.9034277539028714,1
0.1658800226611926,0.07192730490810058,0.47956570859239084,0.10840614538432108,0.02451405116253952,0.41455367334061893,-0.05330359314174246,0.2910694764063572,32.18157624580414,-19.750973250960833,-7.737120769341608,0
0.2890403701745323,0.1360927067336182,0.48488201235218537,0.15920781108229604,0.10433675015080146,0.11145566200772389,0.007853502979869365,0.19354574477819986,32.423420225905744,5.5287104221141234,1.3676306231558506,1
0.09664140055086082,0.3113537067021294,0.2092653885183266,-0.29076200702365806,0.017020392225733205,0.06502322004243305,-0.1740394121438432,0.11762457685445582,-21.85721665729235,35.26993816576349,9.430185505450197,1
0.30959162776579163,0.1349726449112872,0.27092441005583345,0.09568036500328686,0.2872851926682248,0.3723516471211924,-0.2291214898325556,-0.014799929170013826,7.989370469061484,-31.803917142208252,-4.0820365811352985,0
0.06196279382489106,0.319565432305464,0.39961146082952764,0.061446151854868625,0.21411623514994232,0.04894164010742985,-0.13444569477551208,-0.051493487044397684,-41.17878424547116,-4.660552118595049,-14.087192633246042,1
0.11286616059330366,0.2069267562886667,0.3990402188096828,0.21981777776524397,-0.15759869115217676,0.2979808954169103,-0.20573885835692796,0.2749661238730509,-22.301613990676117,20.397161574350704,-16.13322334638874,1
0.3355057224428699,0.18416997769367777,0.38625290301120674,0.18162298567612728,-0.23350753818077752,0.30432987631339187,0.2754576380226665,-0.05871715505786765,-40.41503198972799,38.09724212320907,23.01997689434898,1
0.1856547718962988,0.24482371050862584,0.4850578928912786,-0.11148392636647392,0.01211726018011039,0.24018500782205782,0.12998581904750683,0.13817416078974964,20.61636492717365,-26.863237805512966,-3.0544118183287345,0
0.1136817510303176,0.1164169963990865,0.03874509376280583,0.2206446620478953,0.16799868521767441,0.1272407486736284,0.16995462198672157,-0.04670127192192103,24.796827841336608,-15.92931133483438,3.879253589272629,1
0.38965152098161304,0.09882741531718578,0.11628111677624486,0.2849803691428346,0.16261979799202492,0.4682883401892533,0.1839718156848178,0.09104068500192003,-19.39023010232946,-15.580670247042715,26.836264382662186,0
0.050675397755668816,0.383525076719105,0.009989962114906326,-0.048848324667279786,0.13048655158239353,0.4572996221858808,0.12773177485926063,-0.021824547059992927,42.69978350856931,-41.46125552700566,29.21353215228048,0
0.24304526180048858,0.2107239142038767,0.3097712713712545,0.13899789986822714,-0.21902982282556804,0.42632068128044276,-0.006358329805352891,0.2612063938857309,40.99881565027037,-42.235486108372335,-6.931141453866182,0
0.17225668680319312,0.22063107619796912,0.07848271557442288,0.28486765683459153,0.1356824298458451,0.13345415481548406,-0.0771169858991799,-0.04651024390272934,22.27803517294562,38.312754009262605,-10.713592020925702,1
0.16025276547172967,0.37657334461143116,0.3413643454302628,0.03966419245439601,-0.014701801726525965,0.34369005340169384,0.11176520012770108,-0.29368736354354136,36.70053709755052,-11.883292160611283,-8.803612707420271,1
0.05992031969998947,0.3091558741723444,0.4634651812798333,-0.25513107946359037,-0.2338979729363201,0.3459785492248543,0.088778025537473,-0.2587035508102526,30.098047693604087,2.108146306040311,24.43184240019675,1
0.22599375049700843,0.1633380851265864,0.13437916725326665,0.29791669148477967,0.2863533097463366,0.264823231500589,0.27305134941830195,-0.08630673143613452,31.499489166721773,12.138134206080181,13.023966848379857,0
0.34545762390908075,0.344579867196632,0.0995075554777306,-0.1387931569426468,0.05762950833485947,0.32806870672065547,-0.1783767759323512,0.1477691236479104,-27.00328023723719,-21.329041806952723,-11.592267721103362,1
0.22937319114952542,0.055395593099300505,0.24134369516339782,-0.26688762564313523,0.19607182828885633,0.05682904249235032,-0.1698275910205105,-0.02402085432310269,-27.433435013962693,3.5297964177328396,-2.358094533197683,1
0.38171291349096104,0.1336271680358328,0.2836454848461336,-0.27556451730326265,-0.23954478722658346,0.18329345998439395,0.10950111037496418,0.19901616144332068,-21.923621777387446,22.41694922738465,-16.542530553117004,0
0.33892544386897017,0.12460620260509549,0.3992090941174893,-0.08314385553524603,-0.04613389327041939,0.46819412715700826,0.2351426345760103,-0.07493357208570656,-1.0700724849657632,-19.212859077030675,0.9260555009197056,1
0.19175935427534224,0.2993684493159534,0.3134610078523445,-0.18951588798395452,-0.23538652662248316,0.2188059453275254,0.03889701789765776,-0.21677543810471445,-18.60538559323999,-17.46513032124826,-14.32210793855016,0
0.24436087577899046,0.25830850737517724,0.36361299860426943,-0.18059546662926557,-0.08372338195781104,0.45632649030963685,0.013657458371884978,-0.26892742924696617,-8.499619387148861,-30.528971708629655,-8.622788287771474,1
0.38903737039076136,0.2507777274560884,0.1086581559921963,0.29925228346452776,-0.19519362430711262,0.16777884868742965,-0.1967626869496993,-0.021292278749959037,-7.301159135013755,-0.7883193140484508,25.679004003325772,1
0.2146059590788108,0.10211111992164798,0.24845037292053807,0.18913430364633532,0.2157257753793806,0.24427285281391642,0.1393813321045762,-0.1518283798564873,-24.250766228111075,7.763359714476131,-4.6949298745440196,0
0.2129249990091701,0.06661572410158303,0.04178101607423912,-0.06583431493659411,-0.14538774523620163,0.08497029568053366,0.27192226470518915,-0.18274824695362651,41.344134508370786,23.475495628908632,8.456740327513408,1
0.06770839630782464,0.14837625869413337,0.012825458484502505,0.1730445734810237,-0.146443902581424,0.34507759467568183,0.025913031324333702,0.20247817798631923,41.434085480131955,-11.943754728375147,-24.699550806621772,0
0.1846392154314695,0.11324716851838332,0.17606023696276685,-0.1275161888709462,-0.19527772102392701,0.38203802671064524,-0.0022267543024585,0.25154734933033546,-42.0666801077687,-38.97197881812091,-5.803585024179355,0
0.22507337725967325,0.3146326016994985,0.42486509570061354,0.2992971665728829,-0.16563260064362506,0.14344620678172743,-0.14974014796086704,-0.1422772007041304,7.420026738543967,44.41702708312587,29.416685225565267,1
0.1902005816747933,0.3250046812834172,0.37059998537015343,0.2932497103453762,0.16416915072561888,0.1417872653510311,-0.29083656052335966,0.2808996926872667,19.44621394602723,28.134596514226345,17.59464926572514,1
0.11016212838195849,0.18504846682044607,0.48667703628701825,0.049638574008587844,-0.0423710880476722,0.2829684476118544,0.10144593325630757,-0.03902792202575944,-4.706117617240153,18.126101644353774,-26.348245007657923,0
0.28630975073336723,0.21345642509461987,0.16156410307273544,-0.1279354735438231,-0.2183835328674561,0.2746590411379196,-0.03204198592949531,0.007311852179966605,-25.617854926853596,39.474960369592296,8.315471779832492,0
0.2071941432379253,0.39464287720142693,0.24434357568348475,-0.29470564451730824,-0.15448348184962166,0.48922741523925206,0.29344050804643945,-0.1737041461369766,10.373767905946814,-38.078250254512696,4.646498546677748,1
0.27199755189946434,0.3537606768336648,0.4972135563155623,-0.17846027826050437,0.11689286174207608,0.23325835003146833,-0.003913163431907785,-0.10465115786351734,-14.173900650053053,15.865375355799074,7.248175031761001,1
0.3167109501492303,0.19341817285930774,0.034112581102807016,-0.13188880351639326,-0.20074251064254106,0.47940911856359086,0.19064655850776757,-0.25297411714547374,1.211402631848081,-20.98023033818432,-28.07292140956747,1
0.23676123614650824,0.3254089066628104,0.03187210127727941,0.1856383412075639,0.15502772459509628,0.26477076305247726,-0.28620781455215993,-0.17868181168520147,-11.725866053611966,39.71000033360511,8.30932945140286,1
0.18805495855596327,0.2924541713242371,0.4556903443456014,-0.27949053434001137,0.07660766260520124,0.1090836485077799,-0.015517344035169689,-0.04561132266997825,-9.901829894892323,-27.867950977728423,18.15899618669893,1
0.18093174964055758,0.25523466120517496,0.457421174351316,-0.10380653141982654,0.0475559322998545,0.4387312628716614,0.16379723706082688,-0.2755600411167024,39.85116877148961,-40.80177861672485,5.325508462459773,0
0.11061689025254332,0.295446766101734,0.23016470469363687,-0.25757692866210913,-0.19357556062262715,0.0705153658669273,0.07183070779125189,-0.24760536067030695,29.07421026997436,27.599321784320736,-25.196280172753056,1
0.3975890936187879,0.151659151350792,0.20657201109389206,0.24171662240287045,-0.1265950325422355,0.07634057106426889,-0.11400015019830895,0.15558700626107463,32.38686087320394,-34.6999511139875,7.302760864489592,0
0.3205041364717307,0.11592788514749469,0.35810282598858967,0.07529720021343655,0.09137453119648498,0.08797384354377713,0.10150440079947737,0.1421870451851489,-0.953076488597496,-14.367088531120931,-20.006709042709446,0
0.3630623555006266,0.1348000965153096,0.4551465473343336,-0.21722000619238033,0.2120346352440003,0.09166168836500865,-0.044637990660981564,0.2903529787610037,-36.265595710299266,30.580903797120484,-0.31596302834042334,1
0.3970930097608893,0.19907626942296364,0.08254983911741676,0.2005840806521672,0.12625512508798808,0.0725378859976406,-0.10589442195716903,0.03193403533800815,20.831900429418866,25.258192519955827,-20.65611781020516,1
0.05517333169406382,0.3014696560024773,0.039725485115592596,-0.09702852538413329,0.16904920838328397,0.374483239216457,0.08417377222370559,0.11641238330483333,13.610819259321545,12.714836310614729,-9.020721597516019,0
0.2921013393741699,0.31301736117271506,0.3862846874280501,0.02394961220042585,0.02163726474135902,0.3594447902242237,0.11858896206813341,0.1020345984178111,-10.607877707160277,29.56883810443891,-15.827826637746643,0
0.39618217882496587,0.10254534486223998,0.4153519693729657,-0.26895015263766914,-0.013410738256217525,0.44316741196651177,0.09912837936247276,0.11112877161967977,-21.3014445969163,-7.32826877746912,-8.00513619005697,1
0.09267258741728941,0.25589029998922724,0.3430481825527244,-0.2926183884668383,-0.027409222894952068,0.4126997555981606,-0.12278458479354606,-0.024871150920869334,-5.191728563889612,-17.82653477017576,25.10651373093325,1
0.19196227485353318,0.20095651589199098,0.1319718064007126,0.021208379050447035,-0.16832625973827217,0.4337631090540379,0.1484202421597809,-0.05383260695148956,22.250506232956297,-44.37036523715643,-9.330646641456205,1
0.1447574889902994,0.2485923011263706,0.23113768014014102,0.2335186111888003,0.2648063862282965,0.10973671461404544,-0.2399367427396737,0.17120253089264964,44.53752632747481,32.72400628687387,-28.578155872875918,1
0.14460821260500012,0.22850352948549857,0.3622162176512943,-0.20488854287571018,0.17754368884642102,0.29148598082271365,-0.2101556856527511,0.22093775208245242,-6.5968866426771555,-29.10425886678161,-18.276218139680978,1
0.3143502422607103,0.12038651706217389,0.2828328254969325,0.056968518405641655,-0.22440682080259244,0.09582854366977911,0.2740239098782727,0.00480651601253862,-27.770200254587156,26.781727868460763,-1.7656018479916362,0
0.3127861017743281,0.07231212352591615,0.16921380470257769,0.012059227284268614,0.18218334735259617,0.3570137689443112,0.029642370401012363,0.18502520431304165,-5.8564371501258705,-39.990638346671936,22.23214371691143,1
0.10389183766710708,0.3032500473356745,0.2894666956550725,-0.2613128329247624,-0.023919458759035783,0.10425146400802277,0.28061915878944105,-0.23524923161456884,8.824965782763165,-1.6337487737863725,4.68506981990285,1
0.32235299789040434,0.35122064048864554,0.12334018861307366,0.10070949530879181,-0.22238231792503532,0.13757626280085666,-0.21680730225994826,-0.12988754004046246,15.726289261435014,36.92942191667272,-17.848655524548843,0
0.10779259824108511,0.3335691674388928,0.007722577718837387,0.14810486418596525,0.1396003362026922,0.32483998818432724,-0.05428940215124031,-0.28300758988547575,27.15990014637154,-33.68635165742028,-13.152750950417659,0
0.17123581366076437,0.22812013890298866,0.4871344953309278,-0.049566868714334245,0.18437425488143033,0.26299455887224804,-0.16562288908196154,0.048251182326529696,-25.374417446671064,-44.7275709111833,-15.846239071599404,1
0.13909152412510323,0.28067073148089366,0.010271517264071939,0.294664034657759,-0.14339633471844207,0.332397546811792,0.20949217271973913,-0.2037212023632171,31.30914085294313,-43.89789007882598,-3.481371714875557,0
0.07699530165296113,0.1129480787028612,0.2661195103275518,0.11672856063805132,0.008504719326346888,0.17775389172023237,-0.26931926295248126,0.17152853960106668,-0.2525184091720192,3.4910217492383424,-1.8625115839250306,1
0.204105401851376,0.21442947764099407,0.37436573885516944,0.2776844565370283,-0.07200172173431818,0.17529992476393735,0.06630913594823767,-0.13124783148505265,-32.27846995663297,41.53867834429788,18.57179740854132,0
0.36059801434785776,0.06710638189780647,0.3770452800927867,-0.0871648072820698,0.08915807488225924,0.2570240980194324,-0.14415464874801784,-0.21886718279760836,-34.474749021971256,-35.700942806235744,8.267402408074666,1
0.3392021734680252,0.3636562701439184,0.07012454449930539,0.03242168612342966,-0.23485455531873387,0.33612004651990585,-0.131259729696595,0.09565358081514108,20.429515285819434,24.178274272589135,-23.535543242646206,0
0.34242956310084804,0.28395524974702074,0.2803264203645841,0.2310977259803046,0.10346374333007419,0.3213648653955477,-0.18613911767353913,-0.23616679019255532,41.862790535165914,8.89725330903174,-5.058995451214255,0
0.17601859462294478,0.23448433121036188,0.3478918317375798,-0.10969818320505667,-0.013408807375650533,0.408551425166376,0.14721339916815812,0.18506964689570438,43.86061472648903,-11.670527255743892,14.825475776146384,0
0.3907824256106685,0.2786916842012748,0.3302261192466846,0.016787914698425055,-0.09943595297137095,0.07448891208976055,0.0504380056176304,-0.27303515789447574,29.205231092268647,-7.117947047644606,-5.1147465502815095,1
0.32162832006293335,0.13697642756251074,0.40885572303230705,-0.019855304578905664,-0.016247317681633178,0.3852581076656889,-0.07002389219046296,-0.15691164470857744,-35.54708609543101,15.471888855189128,-1.803447612427,0
0.3625683696636384,0.05385583358447996,0.08930208784855886,0.24234251327728734,0.029696167680034913,0.07501978912410506,-0.17832572843450467,0.0959917465422685,20.23351400221857,8.948412772194175,27.18890279475155,1
0.17634182303972035,0.3158302305675845,0.13198610774601127,0.2008487539003752,-0.2543690635084106,0.37035560035810544,0.2794736942649189,0.2974612781245041,38.14239240577497,33.368616486567845,-13.267186532536186,0
0.09911885897236944,0.19669001176070638,0.48311595607159086,0.0576255319406237,0.2598139329601267,0.40218045780648537,-0.019571039066825113,0.17085806955131244,-43.394689442071105,-35.177040291083856,19.76571689296418,0
0.375129152554969,0.3413775980068895,0.32394460083157994,0.12929579807453911,-0.21947662397678142,0.004831526880124115,-0.039510729383776366,-0.24628864419701815,-12.802269427845808,-24.863148578723617,24.98080334284456,0
0.08554505536661985,0.23896689906601437,0.1660019702185797,0.15550095677879316,0.21193294300359017,0.23213835050144427,0.154764128134175,0.24997495946222975,17.028048372688325,-16.020856251526336,-2.201275226657934,0
0.13016741653206854,0.254165344549436,0.0005952335311731338,-0.1341523250747049,0.09362521457306261,0.2275203052536709,-0.2126156756973307,-0.2992091329500253,-20.660461733703077,4.415337535961484,2.0727339068175326,0
0.26796909186753476,0.3625225547652154,0.1107571825480061,0.07194043801467431,0.2687830680328705,0.2648976274777272,0.2861386342182782,-0.11397237348912215,5.786450339957831,-17.006782391914246,-29.77683449595596,0
0.255909988476249,0.32836474280500516,0.29439973083356547,0.01779684699392653,0.208630486878486,0.005377692500414977,0.07004857670077769,-0.05418469008325952,-27.579046620809763,43.16200650774897,-5.771170251168641,0
0.2738538975477133,0.2325404769065052,0.33726957562424287,0.10501131652257173,-0.2158957536034568,0.02866870171085778,0.07521488426080192,0.09193458298514556,5.103336162753401,-22.881378030833634,18.645913018935232,0
0.16304033813198457,0.1343670004000458,0.11475903740870924,-0.009081369897480263,-0.16574005212533663,0.32424831627534717,-0.2551081131876389,-0.23779366654846396,-20.075915255777947,24.96989100405854,-10.602627657479282,1
0.21159637830003297,0.20735988950921108,0.4119854720017073,-0.28390832785573533,0.21893189952568798,0.242604225800093,-0.08932368888956449,0.24410097057534047,-14.41265834038181,42.99276195775765,26.181389956977284,0
0.39255415216570216,0.3043831812538541,0.49425859913540454,0.030449490765888376,0.10706951307785373,0.3689492860323233,0.1528482207413982,-0.2853422229982254,-33.52731113383578,-24.50498525738196,-13.710330547414916,1
0.14331199746721218,0.24458984686406127,0.4276558339372008,-0.1502864118165366,0.14158787040880583,0.47698335857344354,0.21974515185453897,-0.05908795039183429,9.648695968932458,44.25931208274335,4.106244682543107,1
0.09632428572570499,0.06650663184127703,0.20720902304905614,-0.27439878866517237,0.22835281601893637,0.3249790451113245,0.20620034773636148,-0.03335000355047263,-24.84423506921851,-18.874905395853595,21.283987237448542,0
0.28068395175853095,0.2374229329120202,0.4553873198407988,-0.23811668836183653,-0.21018646531312152,0.19172483960970654,0.09352923111774036,0.05044757534724725,-38.33615812788612,41.258232337182065,-11.69611101231651,0
0.33258156144299206,0.27662116491825506,0.1694131587609901,0.23041833071559997,0.03934001307190371,0.4264639655097011,0.10206824915054569,-0.1268903377770431,42.75168262749328,6.390499314560266,1.005314509587535,0
0.17317548005803815,0.2480265767809317,0.20670412219492929,0.1943474166304779,-0.14596694307890026,0.48488578941550503,0.1708332125108108,0.28055581559848336,30.43228993472738,-32.21064667335216,1.5876054381008267,0
0.3312030138475308,0.07732318935138748,0.1310904928373799,0.18074988556006238,0.24454800740899457,0.38382602912934355,0.23393569245172202,0.03593298782245624,25.165004584455744,-14.023230435951842,17.112844139760917,0
0.07790045277860319,0.10458108707327987,0.045779323780228365,0.2323271586136067,-0.07397899898385926,0.261674302567893,0.16121289108258874,-0.0771009467275657,13.419238916485149,-38.0988132103406,-1.1456611458839738,0
0.34298867969188723,0.10961797463215664,0.20531057939215797,0.20415932823832877,-0.025330235871888318,0.46557616773323185,-0.1744114179475862,0.1291396979728628,43.019867120555475,4.465227349827977,11.531033918639572,0
0.05347830000639584,0.1308671432717221,0.3028450887896961,-0.23261604820082626,0.0932512239670274,0.4098360444110059,-0.10909299555824908,-0.2508086763270215,-32.427108861640335,-12.78819607185855,18.806055165505654,0
0.12542529730096294,0.11654181871059954,0.07612792750578495,0.19187060964740849,-0.005966965806315894,0.16902328532962285,-0.10511569869617976,-0.13475205422736727,34.43577967029674,-8.128809652760538,-15.358935861487147,1
0.1662411314092771,0.33919202029463996,0.35777199855874103,-0.22302160624543327,-0.18291346767701097,0.3185542065891193,-0.12635031986638431,-0.22834023513225782,-31.052790616509704,-30.094453751363943,-1.332545590897066,1
0.12910247103541786,0.2181477730842022,0.08149713939307829,0.10020759748391123,0.06343744347945601,0.4050356840631014,-0.03028243665463426,-0.13281088018348258,30.27558233121799,17.189737331389622,12.402549843561005,1
0.2510617677387052,0.31162706071738355,0.08727619178763563,0.25899351713582247,0.01823972365110227,0.08912300157554676,0.08756854255013113,-0.18484637489079359,-39.28199865341972,16.6783718177318,-23.358307001670333,0
0.28460122679705907,0.10740482316851765,0.19057459482578593,-0.15829355630453687,0.10310734910587721,0.3899655270903139,-0.21471976678946664,0.2387734997442113,-3.3456683534546983,26.55052690454535,-26.90174348748226,1
0.12352420147079163,0.24358059837231016,0.41740596457195106,-0.06610821092274596,-0.07291668615484248,0.018070168445536883,-0.14754925294526705,0.11891487577156468,-12.56478793810232,-30.753097443907023,-23.653935974380374,1
0.06523325372347193,0.35502931272721766,0.22825446589348064,-0.25380733648019466,0.16369694191751105,0.3300772093915341,0.08966266366153308,-0.04385159895866336,-8.055264364111046,3.270477274860852,-26.964335226053805,1
0.2680750262467124,0.19702924785597709,0.1919759067385891,0.2587459970876775,-0.2104633629358461,0.4985345055381218,-0.07252496334507089,0.08926494233313265,42.11160583350241,-39.81590546589227,25.371861775511434,0
0.1314242596882518,0.23576935670966875,0.30300791035000546,0.22064337226560665,0.061864294403235376,0.20628578463684016,-0.07548957395569036,-0.04447074817589408,13.673792302197675,33.07415685770924,-2.766187075422014,1
0.3836554862316062,0.06276591055485403,0.17665943832015824,0.22047662821634645,-0.13556607651781577,0.1378097382966379,0.23925108964116976,0.19834935190355135,-35.48059242332497,7.216191888241198,-16.596288699604465,0
0.3059878691212297,0.38515735196796014,0.15133166119071478,0.2916967943733762,-0.07297439111677734,0.09986174851051643,-0.23262826211985696,0.17097714797290664,4.934286033891155,-17.358183570417403,6.5070221876254735,0
0.07857861268220828,0.3977987745171587,0.004441900813035249,0.12491685216901555,0.06663921717517263,0.27627551085458346,0.17149677550805603,0.2954837685812752,-40.78027606554653,10.307744337886227,13.006660112343042,1
0.28730404396012865,0.06406355041996462,0.4335028004282988,-0.08119302577272222,-0.2973818270911708,0.2536170887804103,0.2622090005257582,-0.14560158768301007,-0.763814425244405,-29.360080099584835,-26.538439700013594,1
0.09884028317215593,0.2990113904999412,0.11081900178635168,-0.22921378733606368,0.29932301385857324,0.1299582509445285,0.2376289892568793,0.06551157225115045,19.35631501261335,5.482702034967183,-19.151328296401864,0
0.20092183812293862,0.1095001869858242,0.4092755401344365,-0.14334163318970627,0.2662156755279163,0.4859044805384446,0.2453015544422768,0.05976868662370455,-20.931479641267565,27.65325733497322,12.095722872480863,0
0.13290121109455083,0.06044123780454478,0.15406348101813422,0.24117281410907648,0.19881727552981693,0.18600187835982945,0.04550017114908228,0.04041633540843509,29.586378527434107,-23.733890863473096,-12.21675067241926,0
0.1871826592820221,0.2004590815775445,0.4924114719503429,-0.23216841238049674,0.12336119367698162,0.42509206352044593,-0.20952389001958954,0.12867194160434248,-2.7235600190602014,31.760179620717892,24.447139010154366,1
0.1191550410649569,0.08138558687478813,0.03745548773098656,-0.2776596089740272,0.0441558144713895,0.07773730527730294,0.1852228496579647,0.2393716326200353,-18.683265581989534,-30.19802130191622,-5.423287462795031,1
0.05826032943113428,0.36114415012823886,0.46460239741422793,-0.010806763857560575,-0.28761578791108305,0.2904355801117245,-0.11044208900224728,-0.1905086538997819,-29.794260925691518,-28.86701037001492,-10.149539965241296,0
0.3586017981461697,0.12341623121469461,0.045565722713191315,0.2254476098157881,-0.1228034543539602,0.2127113149168679,0.27541583040746537,0.26662153149466433,19.342520033842604,-38.79549434407008,5.600407524683845,0
0.3225767828443111,0.2589127955158348,0.40467572650912254,0.0548864046422215,0.17839274840909203,0.4882612505666503,-0.06542411521906524,-0.21003469384386317,-32.81428694655381,8.772983699093828,2.826183951320516,1
0.20923233281959192,0.08332473059741684,0.3625027722360466,0.06468375911108343,-0.10384220376643297,0.038140756696417755,0.2554814772179506,-0.11099776767140279,-20.216090034293376,-35.909552617417475,4.641192545794823,1
0.27334172461764494,0.32312725570332224,0.018599867541275295,0.21145578128510573,-0.04941702153325167,0.3685801874080817,-0.2759848111075346,0.23632390997157887,14.3861030639275,-3.8249288215805493,-11.786514059393028,1
0.27327786048632574,0.34968015132881264,0.31553272143594374,-0.09139581909845801,0.0975177566197199,0.33592709430703366,0.27635217750397495,-0.07745260707499849,-6.742640923728196,28.091066506835332,0.34573888456447577,0
0.3754637241416002,0.3185952860030317,0.2693994355891019,0.027013354305474524,0.209718622254844,0.41181614654540316,-0.19280836072354568,0.07590064891106213,32.914409259160024,27.297668430815662,-22.517039021262434,1
0.32731397709431903,0.1429036719537234,0.36253900156934504,-0.19806289258189186,-0.1291498350997258,0.15591101544210373,0.29786099433853414,-0.17125662286922563,-33.37132818297735,38.31222937332693,-20.284158370778833,1
0.3769813328566939,0.226332348503759,0.4191396380304684,-0.12984745713485377,0.08035239845084108,0.2782941978617084,0.2544996536507003,-0.1924209438945474,-26.588709923176836,40.40679595081902,-24.122122752833697,0
0.19826865374533065,0.38619321530600986,0.4478624982655084,0.14397911612660008,0.160197672972049,0.2118137498469525,0.0044103021781035645,-0.18507159657789424,8.585662098046356,-11.707510647683513,-9.153700465778812,0
0.21039171453777988,0.09516052001371461,0.07616335507878785,0.07936968781812609,-0.06424356505786005,0.46092622507749753,-0.10850610323515797,0.13570807703034066,-3.5010512860583134,14.39561710163509,5.981721402959423,0
0.06395014044977354,0.2942769261980744,0.49735552647705517,-0.24312107382257964,0.21860273367028188,0.19264487038670736,-0.2899262728241357,0.006013075782726474,-19.90312135876621,17.406282736816223,-12.730162653894482,1
0.278581523206464,0.27711914088354295,0.38918023538910834,-0.05083115175672512,-0.1359055702553067,0.007790350021262493,-0.17602210436856786,-0.11256731267877765,-28.961382916758104,-43.186997565305795,-20.553143480088504,0
0.25490923666582194,0.2722615132057531,0.0048663362343081,-0.2660308772209409,-0.2598395846033859,0.40982108733061606,-0.15788872694499864,-0.10269708921675463,9.895750076608252,7.555888588798723,-5.368230145893577,0
0.3366775943782529,0.2756118689420168,0.03863301512682682,-0.21468839219098368,0.24011153706290783,0.44224907405225045,0.2710994692184813,-0.04328941960300575,25.565481687663635,29.540252458288947,-11.058185649708413,1
0.09112653378841054,0.07093851806105472,0.41735383216346794,-0.20654539741525235,0.02093889178552233,0.45787242893935476,0.04046886812959399,-0.06166001911630553,-4.948555063140702,-39.31945463665161,28.12513928169593,1
0.23115122765354557,0.0685426785185311,0.26420934367850585,0.11155330147734316,-0.04848105214842091,0.2084515832771603,-0.22632368983550377,-0.11889023682098424,-5.0153651473494065,32.72059247672033,23.87879414034459,0
0.13257051687311622,0.36777949233999613,0.3818441963617652,-0.025602120336398027,0.2732538203711155,0.026391690393220868,0.2362022287329913,-0.2637435985871045,-9.798237365889264,-40.13956094611593,29.938139505461116,0
0.39251961283270875,0.11524770188022462,0.1874279459284275,0.22055936768766954,0.08998832824682484,0.4687765033764462,0.07903158897530016,-0.11785801917550956,27.459774497023943,23.333737942897002,26.017136464731813,0
0.17805722433383142,0.2712774982336444,0.3736432647275633,0.27412822150364696,-0.04658870242665247,0.324140996155568,-0.06440169883101948,0.14269690732187224,37.07938541795015,37.73034141476175,-20.574748956749396,1
0.18283220472469508,0.360518691327768,0.17733413647324542,0.20382800680749197,0.026679798914812702,0.19281261742989608,0.12241932875879763,0.17199277476205338,-1.5578288752966358,-6.712161445481691,4.645138222339327,0
0.3176234678742358,0.07972081136029949,0.053308287183143455,0.16902412200691563,0.11371302293724317,0.28095156466831894,0.19235111562611612,0.210821106446258,-3.8238969909341947,44.66688183490837,-8.545203621653563,1
0.25115843229098234,0.2263309816395816,0.005292673013890581,0.23859732626046276,0.02633428229160034,0.41257673117026766,0.09330657644297624,0.17801616810652826,17.36385737020221,37.8867512102244,-16.47094881962702,0
0.06351056164536968,0.2640310118850023,0.429857758350131,-0.29832382407523084,-0.20402119341136557,0.2589950610026608,0.03657859561251947,-0.09398859290014441,-42.48589680049133,21.924008599485504,-15.424492905291423,1
0.3452495720012856,0.18610240940155437,0.06455381591747694,-0.156019483244184,0.020748880480353726,0.4581437579148762,-0.11966310085513221,-0.14136827754041306,-8.409614867087818,42.09790304629318,20.713180467681234,0
