left_ear,right_ear,l_pupil_dist,l_pupil_dx,l_pupil_dy,r_pupil_dist,r_pupil_dx,r_pupil_dy,pitch,yaw,roll,label
0.15441566041781776,0.15480892685277875,0.16832010069714337,0.057191013826583315,0.11253049608993404,0.16473420261906604,0.047141392116260436,0.10745858344006501,15.553095178592702,4.9422971291489475,1.7436641107413635,0
0.2650768307914372,0.2556832151957039,0.09553615234849251,0.06923630586899757,-0.08586985684577789,0.11879702294389259,0.056224410452248234,-0.06685297299040908,-11.268458181008414,-0.8359647399157648,7.298998640858155,1
0.22551520623105065,0.2312007039406438,0.45994695499200133,0.41624406395895464,0.045287635731454334,0.4458373972059515,0.4064593587357438,0.04737947846394464,-0.21064201889361556,22.774784144377758,11.419230657730065,0
0.2790801257050967,0.27195320722429406,0.011918757529824468,0.03550461836804866,-0.09526772929314711,0.021052080326880124,0.06140692653203869,-0.06740937702150906,7.427295236609396,10.299715803628835,3.3659026185541503,1
0.0969605866033085,0.09150245750617027,0.07019687103992642,-0.03437693096490901,0.06645826365999238,0.08745725871041946,-0.011315394628312422,0.08179640702095833,27.605231705604147,-3.962779469676576,-12.422033937129934,0
0.23569177966526664,0.23292154831578743,0.4564777028598992,-0.13510719056284587,0.36186550647522164,0.45131163653206136,-0.14721354362379996,0.37223242776899357,-15.268034876234506,35.20133374780383,6.226501104246555,0
0.3432220565512204,0.33484887464114144,0.139557458481395,0.015511910023702419,-0.048049327894758645,0.14321021770301637,-0.003939140393180499,-0.07176143590594673,9.010536650111156,-11.740412762905015,-4.360960531297069,1
0.24134723746403078,0.25278289224913625,0.2580294941268022,-0.14308663272820063,-0.08951535372010591,0.250229539993401,-0.143185657270647,-0.09444384615498869,-7.10794916443319,23.18963234534983,-2.7332864955648972,0
0.29674761975685915,0.3007832179710578,0.10861640177999786,0.09692990672352872,-0.02769278427216014,0.10345796740735204,0.08598804478534242,-0.05300628068733831,7.515824299682709,-4.358421172116969,4.787416355863856,1
0.17271219770430665,0.1788520863324005,0.1326499204249798,-0.12645182912036418,-0.023320328852444464,0.150781077489539,-0.13869904081279424,0.0038058070202633687,20.49739360518378,8.52711463534773,-8.876235612894153,0
0.31436183668361856,0.31302254216856074,0.07062643672592292,0.08305975205711097,-0.0006166807739301089,0.06782323171593273,0.0911321679542188,-0.010019133031195643,-8.775194080486525,-3.2309168832207966,-6.92533329843573,1
0.33612137395707575,0.32564435183325957,0.437948814939192,-0.155539853967687,0.14143884793004757,0.44030259548243667,-0.1753067935108631,0.15307736996436347,17.87286999945855,25.839770131719593,12.773789659837,0
0.3216180245245271,0.33650633152025433,0.39305920736550304,0.3164366000911659,-0.1863024885077462,0.37295031687147967,0.30241078220730355,-0.21050685210224773,-1.6923914755968603,38.69190663655704,12.0442688643403,0
0.3214114588282583,0.33405922902874874,0.159664066300509,0.0853175448356738,0.032035162863940175,0.15257919933560954,0.07486503730152684,0.0326357977994841,-7.262486144793216,-9.95288218704221,-4.287600739088006,1
0.2874195099615961,0.2792087784952872,0.07409802512335249,-0.06245681551004825,0.051261422894190695,0.050953805618560104,-0.0744376353626673,0.04713432098174079,-4.286383676580557,2.135694973646789,0.25168289534028077,1
0.32427620353039427,0.3217459163615393,0.01832147797482314,-0.08288847179632138,-0.037755378159155244,0.0391339301616579,-0.08849833957029475,-0.01682905305552665,-11.70082416389083,-1.5831452218484152,3.3228945612812275,1
0.2601687175056634,0.2720992400153257,0.17581711280696496,-0.09362055831259422,-0.022684680944536906,0.20182075644666864,-0.07345338623006495,-0.02483930268310606,9.169189236088894,-7.667448895531436,-5.738590513061473,1
0.27887793943473616,0.2695521010777257,0.06494590105515276,-0.06472888471643974,-0.0065030921142856385,0.042799320906182464,-0.06839958260832282,-0.018325214384047515,-2.5905594620293613,-6.217749206056507,4.028491347692505,1
0.26883624543906204,0.26552602112498874,0.43919425876909035,-0.40821020982168466,-0.28357525660715005,0.4669475127563157,-0.39861849217965384,-0.28853348291419406,0.037282439175893245,39.09084779522421,1.9082379312838178,0
0.1669736685763958,0.1697939146878649,0.2311839089835264,0.030557101732706343,-0.05911553444404416,0.22072339451703996,0.0273339760667322,-0.07558866435777606,8.030018474396108,-1.0666717570979767,-8.675655259885033,0
0.27946863705323083,0.2921475925204882,0.13057281186347128,-0.02474546966278328,0.015748959823721403,0.1424836739355405,-0.018218364299517432,0.012156150040072158,5.051987919561718,-7.311000064656851,7.107863779880789,1
0.2842090657212481,0.2860246042561,0.23489887203184268,0.05754209130552712,0.2079310664190867,0.21223147369866044,0.05975912356868885,0.1927132549760931,36.44786733694018,-10.766880377136944,14.900735814128595,0
0.21940092478147152,0.2188724318764723,0.21305136655305018,0.08789975702903924,0.1945497854135802,0.19057281962362485,0.10877784317154293,0.17622009640682657,22.306934487371038,-10.415246766667877,4.022923235496048,0
0.30519796016809037,0.3023553065137544,0.22310072656890295,0.015902278620286953,-0.19730309692044612,0.19520705202267835,-0.004039544236996248,-0.20260721499530926,35.219441942622005,-3.2960289400646285,-9.75270055235756,0
0.1094172435455623,0.11220669133814312,0.03935263387850621,-0.006562044134112099,0.03050679426119407,0.019416567825277002,-0.012157007162703709,0.043562380290302974,-2.54167642163738,0.22741553551409766,-14.60944490542344,0
0.292031237626306,0.29257450001531987,0.0707252718054733,0.07501683981081647,0.09511912916567994,0.0848087796523081,0.07900207885939514,0.0981736552751041,8.94861501058029,-7.384783703156807,-4.467233260657055,1
0.28642260045738505,0.2913320374745814,0.4893205151019506,-0.21710306468341767,0.42189876238679647,0.48470795112963494,-0.22481312573884502,0.39399643842472654,6.27807341285061,35.65189043371872,-0.8539564567291631,0
0.2837162899169935,0.2839831472787563,0.026383342584275545,-0.042661459283610564,-0.05215911624988574,0.014455888003622654,-0.06010821922136941,-0.02345191382453369,6.884757622492476,-3.708487727662412,-0.07096322009317824,1
0.2478873316577997,0.24655009258248595,0.17748906420305866,0.0907872799724736,-0.011557272296524451,0.1789936537425752,0.06965172152158666,0.013593884336971548,0.5744452317660844,2.346596695632531,-3.5993990449652795,1
0.316009335429758,0.32202093241115054,0.030832434736701983,0.012990122294488371,0.014486102806769943,0.03680804122805872,0.03886429643589448,-0.008329881883162686,-0.816356328450544,0.5431626123149478,4.222774240105407,1
0.2373858378202051,0.2439429021377395,0.11409848453452902,0.08123627314962278,0.09533407336121322,0.14296951086597812,0.10539986187562474,0.0670172267361053,3.603134383153037,10.798150968537119,-6.789448597998923,1
0.2500275285246246,0.24632086630474376,0.1616681145927064,-0.039847570372465,0.01940400656943002,0.1516866880099342,-0.054745533696327876,-0.002183593370296971,-5.100587306224638,3.570201015060757,-4.920490091679564,1
0.26979131178511107,0.2646980364750009,0.02779549704400207,-0.07521993084333796,0.08525666421431463,0.039542516852511644,-0.08618974916384363,0.08391578347674958,-11.667656496624769,2.4445857416717196,7.159580731842189,1
0.3574487014893334,0.34755030886738353,0.06479386688838462,-0.048428972012359475,0.057758764534155405,0.08992114545239259,-0.038848609627647746,0.08351309654478017,5.399520437860517,0.12815594729981328,-1.77551584737828,1
0.11072965388058195,0.12082465125947985,0.06086117911009831,-0.012021358423107732,0.006279682343258403,0.08853360190203433,-0.02102100116758821,-0.023582945415962273,-13.8425122001208,1.325025270696223,-5.864753805074891,0
0.2785768937738151,0.2783612498887179,0.06926303429922731,-0.0021140201483173388,0.05708880446683415,0.09493332738422032,0.003946012907823343,0.04852734343946464,-11.853833287796958,10.379329232065793,2.335831363248179,1
0.29897278865619903,0.29831335675581294,0.29813739359698993,-0.2601745161424472,-0.06410152724890669,0.2879639676968915,-0.23997155360716013,-0.07284626168856803,7.5491834505885755,35.91883161259551,3.3900659492086724,0
0.22178710361634055,0.22880751743409494,0.2548766387478599,0.22189927566895912,-0.10040701159966256,0.26104272830756653,0.2504626980304192,-0.11192136865931918,22.326924037698678,12.310882218146102,9.831256055489952,0
0.12053828426785149,0.11452967582627656,0.0015650085059424335,-0.0011631629045701943,-0.0015509043439224102,-0.022662868378382987,0.02821580405898005,0.026984205908668388,0.7989809367627672,-7.616573303383049,5.891416981953206,0
0.34426651619044807,0.35218223334171705,0.06730593125278021,-0.010793656154021766,-0.018059784690201086,0.08625174794850504,0.0026199050914864283,0.004085727540910654,-7.633369073357937,5.559048370325598,-0.8246678036982722,1
0.3386256485751207,0.3301877904512848,0.07707057543159719,0.02758734884932898,0.07124580075932149,0.06932531472409734,0.02309225490017685,0.08997317843054504,3.1455706289252987,-3.655832763938321,2.6004735098591976,1
0.16790445803406293,0.15348384857374667,0.055123041192280925,0.046956759055891986,0.009833989903003187,0.033437992750560176,0.05922611103594871,0.014603624641381499,28.252686887606117,-3.375693317202046,-2.566167030854835,0
0.25709634577586676,0.24895496538003034,0.04804805680879114,0.07193606024839741,0.02048339243068209,0.07716993053888446,0.08430197519196303,0.027550548613995342,-2.9282718432663906,6.957743561654102,-6.96868108072146,1
0.26647208627499924,0.27384854164864797,0.17633924129800138,-0.05575572199508452,-0.02617146356344628,0.1813805583475726,-0.06135749371148352,-0.045939259996398994,-1.6950989831957202,-8.998463446052108,-1.8748027716779223,1
0.1351005066996394,0.1360981851180362,0.21981200636073017,0.12509688605613772,0.06306645367498681,0.21397237259887936,0.14516650081828392,0.0894811188102079,15.623820666841187,9.853087981983318,1.8960619246625434,0
0.32270717847064573,0.319579175472491,0.0060417318683568455,0.058839844130599755,0.001708561855497101,-0.006475476633627905,0.04591324225779822,-0.011925023236966176,-10.195210270116586,4.33805035314699,-0.01037110610450398,1
0.3652043809339012,0.3597604535008046,0.023265196010571507,-0.026457239033506483,0.020064294009328923,0.039025447523422255,-0.033254917222776056,-0.0020269817655409472,-9.963892570045335,-2.816267908460711,-3.821246655734548,1
0.30230706688536896,0.30547312762452183,0.03167496250642619,0.022935977547500402,-0.040848398735122166,0.018437962893457407,-0.004981225647279722,-0.06068063312396803,0.18299397332878975,6.397372644237549,-7.718881525088214,1
0.2967304630400614,0.3000214024261922,0.07343305746490174,-0.08118560738212084,0.07793128433507945,0.05540557703887116,-0.059646635748658014,0.10268624898359532,-2.5198262390266457,4.38195835702129,-5.610013498109588,1
0.13194767716496264,0.13198818417262287,0.033181559343348405,0.028435962239959756,0.013484003142115446,0.04330845525004176,-0.0012603077521317757,-0.012162929030913025,4.996755083214445,2.790646791854117,0.07305859109278323,0
0.08898079246578769,0.0975548345511747,0.22304828850165875,-0.22089145968335835,-0.12446149245380005,0.238824813334615,-0.24917592813545314,-0.1277002127778714,26.508673496722764,8.472196696480946,5.737357080761136,0
0.3343548843904883,0.32010131201979813,0.12890356937871084,0.07501997941229452,0.022721087009384827,0.10254600045482554,0.07795323475268855,0.0023413745059569085,-5.322788358686649,-9.611768571229028,1.7000099112022635,1
0.21687617493679753,0.21820956337119982,0.45536360156607486,-0.2527611144030487,0.31127632314427117,0.4839575023317245,-0.2521097908246148,0.3185616485960375,-3.856517086207454,33.610062337875206,6.636187472181341,0
0.33074109057428436,0.3249265687301308,0.0045072365409330505,-0.0475223054532751,-0.007256054400681444,0.010743916439650645,-0.053758390376565865,-0.034780872450287686,-11.256125076452772,2.824067053287333,2.8529697344273313,1
0.3480753374642633,0.34008045438373624,0.1746705893186573,0.08953482937507123,0.011011519544455187,0.1860222786281075,0.0917130699629607,-0.011065492885066471,-0.1948782083791123,11.70337221043167,-4.509132726715091,1
0.14802662987515583,0.15134356849708896,0.15517627733529052,0.12271868233365427,0.06067453993715713,0.1735914161389449,0.13610384399827086,0.06899373127664339,-13.32752456588526,-9.451690261892036,-11.600483760400845,0
0.18347770647913983,0.1887037438103816,0.1103862281712577,0.0151933353441632,-0.07837450392947841,0.13083451303052893,-0.0036977382227398603,-0.09786351952895148,3.8296651767600736,-4.541079363213787,8.968650016066412,0
0.29953008214046495,0.3020667443587743,0.3917743159171786,-0.32858001709047324,-0.11326832385470731,0.38084045881691064,-0.35469476330286304,-0.08343955858438987,15.592210872380548,38.942251951575116,6.357406282734264,0
0.3208899762802726,0.31894844498402053,0.33549297327388183,-0.13275830985259204,-0.04526613527098661,0.30616003589860563,-0.10958266976529696,-0.01662532742406516,-2.898743414103212,35.00627732089667,-3.4106493940691767,0
0.29316777589672505,0.2983976546599858,0.149817474759156,-0.06341936320266353,-0.08633042192087453,0.13865067413795013,-0.06424986465056629,-0.07182900001816739,3.7428746429924615,-10.753139909806658,6.279702706234888,1
0.23749657361698345,0.2497037220054088,0.2682669288505217,-0.2243054379856832,0.07397675006222892,0.2464700459506549,-0.20635613266427213,0.1032679055533689,25.672702086408126,-10.748914378391536,2.845794510850343,0
0.3250206452527578,0.31723216320813075,0.17570101320725212,-0.05951691321563719,-0.02142816962860386,0.19930344173620673,-0.05198660029073074,-0.017128125152921815,11.152259950537449,4.560209823973253,1.4764563971523064,1
0.3128588260057835,0.3061923641897494,0.2589571625015658,0.18084995983660013,-0.16396382168431617,0.28309522699361983,0.1673309341248838,-0.19059965454112962,37.04656022640225,-3.2396024802827164,-9.001217393998294,0
0.24412491021314361,0.2418603470991852,0.3257790853108934,0.32083615912179675,-0.21928449726963123,0.30288825474064823,0.32085392248484806,-0.2280732869814786,-1.3234909150723126,25.702732094198453,10.498113147607594,0
0.08369595717459684,0.08613543396477057,0.09904135428591543,0.006645517992071345,0.0435167136396539,0.11747222055791842,0.034035017300682174,0.06925887192880656,-4.6369255734358585,-6.707394336035675,-0.3843079566663512,0
0.3075581072218282,0.29822072388658466,0.20592022898207346,0.00885707494747276,0.1552872048997273,0.220134796530313,0.02133640957024365,0.16617894211426465,29.63781335162317,-10.790384461324354,-1.1865035621578137,0
0.3419958394029288,0.34111256430426096,0.00594761442312371,-0.06724545468165095,-0.031477923767619514,0.0033730967195786804,-0.0804249315719012,-0.044767530306365336,-5.860824819463825,-2.8027226446498776,7.229892797079229,1
0.26808572719318385,0.2625671162896315,0.3625157437946225,-0.10921494533260329,0.2706084701988015,0.3498707301382857,-0.08549025716876774,0.2413018767632988,7.286481293696113,39.90818858021112,-8.430290874249149,0
0.2612576021916195,0.2501095725818813,0.10696908497428438,0.0756294849311075,-0.025107212710212462,0.11340177080392871,0.07112824807107357,-0.032908150639380594,-9.57345201754596,7.463109653758124,-0.2917831782052538,1
0.17889776272770352,0.1806327501541177,0.19831103860718807,0.17033259732172712,0.16424567683637936,0.19510934047859618,0.19043136911575154,0.18510235043331066,18.109249049692615,5.029489371683507,-3.623197624800511,0
0.3085390923037998,0.30827711742499925,0.14165318024128,0.03820899037701936,0.11949610342177194,0.13938128756090226,0.028709373953651716,0.14626713293691626,37.70599955487475,-1.380761569705177,7.138185144076104,0
0.2828209721793845,0.27797732139985315,0.05161935793685307,-0.07279451095581871,0.00986361645516784,0.07559539737985328,-0.09623824099385338,0.01723467440653833,-1.2816794371798128,0.29247408719866286,-4.554285320329528,1
0.32536776975372383,0.3271475919951532,0.4058971089570539,0.2155009235101324,-0.012215825372871192,0.37803429502431934,0.18823624626233504,0.005714359221437676,13.24340794297622,20.53798894809548,4.959236306135921,0
0.30131041831946603,0.291227323591906,0.48374620588260253,0.3485879063138836,0.27151643702157624,0.47436753576030277,0.36149349778501316,0.29448101387887143,-16.02490754257176,26.092775679383305,14.827701646715724,0
0.2658112232089273,0.2703029203713595,0.10799145227022158,-0.00767512676213071,-0.02248298748782926,0.12099003417497227,0.006142289316844254,-0.008738744203046829,1.359340149162911,11.282778858781374,-2.9729047031059714,1
0.28971817331536326,0.2910840370516336,0.12032897225838309,0.06258106953915218,0.07624664313434179,0.11351140843426293,0.05633583028159432,0.06454132385143677,1.1283894769520053,7.6772429236728215,0.1808952546031204,1
0.23067240331139008,0.23391175372486903,0.4332800259155454,-0.30972290054886437,0.12425203318852718,0.43253012336081936,-0.3204416494183903,0.10010334657925099,18.09875865331692,35.92445229935599,-11.501037114573496,0
0.32595205346322614,0.3253418167974623,0.17391261566202434,-0.028447821943589344,0.09981188694700502,0.2012967743906705,-0.004167319076218416,0.09361224288250966,3.321838824759986,5.966193899153371,-3.9653241784296007,1
0.2853984000304567,0.28228584375313476,0.10365005134472469,0.013472111802811687,0.06574750783874247,0.1263248779400051,0.03819137065710054,0.0423256285848555,-6.329037563592825,-4.8867002689677035,-3.171433060070216,1
0.1548725179454962,0.15399558583207995,0.08029808427803253,0.007022926807925781,-0.014134455758817763,0.07661091897430344,-0.01591233397394545,0.009959956780438525,9.874584183852846,0.7935982089861522,-4.415945089160791,0
0.30707138659394584,0.3116968830031957,0.09963735121613006,-0.020766699988150214,0.03552415271995882,0.1005123343292619,-0.050018507311677424,0.05328586609858152,5.418471233170415,1.6065070876652836,4.134755794956066,1
0.2687015330591634,0.27361908378316185,0.03476588982391626,-0.025815764560113252,0.07771938076185764,0.060642572536398445,-0.019565357788250144,0.10349219227619408,-2.6915262336317802,8.284503059783788,0.889808322105301,1
0.2648121399416231,0.26705816718211783,0.42564453481315134,0.007280539624868854,-0.24110926683514464,0.41121260258758674,0.036055007463769766,-0.23888185616921942,7.6813609685258335,27.95416073409855,0.08930155602054768,0
0.24131189405626544,0.24535460110301865,0.1556701847215748,0.05014864469533592,0.004635504464737011,0.13754926633356396,0.02094456960565719,0.024526961448320665,37.16033338219559,-1.0636943911499799,10.023817556222461,0
0.26490806555913615,0.27066586958687133,0.19246951992208483,0.11473856913773223,-0.08192496980898853,0.20182081705058716,0.12565946773897327,-0.08536803807236547,39.7122112035897,-0.6741443033949182,9.905647592154963,0
0.3352274717708498,0.32852618632232955,0.29063636769021556,-0.2317525648831173,-0.22183913186722265,0.2642106210444443,-0.2577502024615299,-0.21592311086347724,38.23170589517496,-2.2688257025721192,7.895952613741262,0
0.19312070718731014,0.18030137389843487,0.21959537731921314,-0.0392459867262093,-0.16741316513778776,0.21780799616029728,-0.01865301341416918,-0.16106242033347173,-7.986575463785482,-5.623634626524274,5.683016542811462,0
0.2911930935264181,0.3165087824623233,0.02571653133735434,-0.001358133426441338,-0.0520628598317757,0.017220968887480075,0.0056202923366840615,-0.060969296613495684,-10.724131878366535,-10.07953378736137,6.574287195678531,1
0.29838902107552495,0.29658210332180834,0.04833245657516796,-0.07234259970117858,0.039726713737335884,0.024942659281535946,-0.06082517379419606,0.048604516291083186,11.378630855533974,-11.319749506286437,3.8471256764500286,1
0.14407109656869144,0.14857698469146288,0.22820662042404263,-0.09058962615065291,0.11151141100030929,0.24799954357846668,-0.11399343478457072,0.11021522819727506,15.284516099799582,6.063589955090556,-10.817058919804147,0
0.30819048636925545,0.3086155511151343,0.4287550586740627,0.13160321812118825,-0.21243475187656136,0.44193914954840685,0.12848156788536813,-0.2252394057990219,12.979187549467888,44.67423757793132,-11.958298733704675,0
0.3126796552304485,0.31183870827316645,0.2355766039320689,-0.13443012854168776,0.09351287982944304,0.2183282972835341,-0.1491588915945362,0.06539776160478987,38.6310674968297,1.117177169688258,6.029489409382677,0
0.31620403085516313,0.31613390835235644,0.12428919921920636,-0.0967035598807686,0.09161851583212996,0.1247206063781621,-0.1004842025820815,0.08200153908185456,2.054490275173915,6.7551801456581195,-1.9634905750181897,1
0.34012925371092667,0.33098253772907377,0.14256418370935914,-0.019660244899503604,0.04449556463349408,0.13011985910030655,-0.0014272804809711964,0.03417983318715055,9.963321689882378,7.2171113653086465,-1.752855833648642,1
0.2816783751641877,0.27462553685259655,0.45688983179278675,0.2377345877387398,0.14423040694099132,0.4513649935641773,0.2604046879729548,0.16090023574298787,-15.132808841346348,29.581107008639513,-1.945598355663579,0
0.30889284041297527,0.31456400688497327,0.22208425430016016,0.11731865889644544,-0.0313887276076881,0.22145958262422788,0.1014237987124732,-0.023653891405451134,36.19578749493465,7.1882646498740925,13.83537779240051,0
0.2528909646186541,0.24527674725835716,0.10797621206896414,-0.07858588543367678,-0.04466718714670295,0.128361886963981,-0.07371150975434812,-0.045660354440276246,0.1724734331625104,-5.127369063424857,-4.56005852127929,1
0.17353344165750112,0.17051616309056838,0.09049838553571429,0.019008201251102322,-0.0858682111410422,0.11218359018328872,0.03852594657161838,-0.06419067416200447,10.468826210900609,7.859275397940543,6.678145365692888,0
0.21921687192107692,0.22122626041953425,0.31011155643406463,0.06372148945339273,0.06540582883614376,0.302745100522499,0.09310252103344767,0.0667261506293707,-15.332375766596297,22.989664925694385,-13.65683671687971,0
0.2777857830821505,0.25892071188304067,0.27308078187209783,-0.23662392547247105,-0.2131230740564426,0.251939359670454,-0.2350345628770602,-0.20301776064565508,38.943986305013965,-5.953698211131595,10.716450714620265,0
0.3047046943301177,0.30679600655178696,0.15259311051865454,0.09293204632015992,-0.03433557812605677,0.14951608157540935,0.08511738727411342,-0.0491284814054035,5.727129170876321,-5.151012545040973,1.7752486613040865,1
0.2847869924584209,0.27184217153219403,0.09329040237635412,-0.03355128852659216,0.05494025176444667,0.06772685812038463,-0.03542696466704667,0.03995532500785481,-6.56439224414397,10.580028001113401,-2.8585604017646773,1
0.28606066163059185,0.2847057740700562,0.13433072629236256,-0.07516999741786434,-0.03363747494845906,0.10724040122868055,-0.09364314396291167,-0.06338050631048296,5.194396218141719,3.0163869662490015,5.395363437786479,1
0.3121278803227748,0.3090324806954706,0.4839290401462446,-0.3863466080168571,0.14951327335480624,0.4818613541056193,-0.37773364084405325,0.1519816231890934,-4.870003109834027,21.97070188268082,-3.8774486823097316,0
0.24607195593085818,0.25127383251396673,0.09894121186729386,-0.03418502591974604,0.009679547206943612,0.07773402145790229,-0.005308434480149678,0.01673916161714338,-6.676240747807732,-11.418495501897963,7.061870420323949,1
0.31283710645895874,0.3025964409879519,0.07710818687865682,0.06044713092878923,-0.00899947830168435,0.09272713405155848,0.08291672916989576,0.008494877027220668,-6.533133712477268,-0.6599817333519145,-6.866691253802573,1
0.26263151432914694,0.26015543815807785,0.14651477195739487,-0.02930502563885032,-0.007828624741379533,0.17101500094865288,-0.029131377450095614,0.017154559883963,-2.704641472304509,0.5131249545895074,-0.3177204987403943,1
0.30193988073369066,0.29644334282994866,0.09842642284329191,0.08381742559371116,0.07496463085481084,0.07344014477220061,0.07723399410005176,0.06042585633119067,9.985399951243863,8.40629724326351,7.43329927098098,1
0.34229292241292997,0.3527314926917267,0.1482070664467181,-0.06315845714785359,-0.0817059528946043,0.1686275491275316,-0.060984325046527794,-0.06233844199371187,-7.933425586918836,6.804736598405533,6.621297431883368,1
0.26095855361426135,0.26276889771825074,0.15757888316296348,-0.054053694677441255,-0.00949832028109425,0.16209494376280534,-0.05395073966630881,-0.002503662867683311,-3.534374297751894,-9.164970561251435,7.108955832306242,1
0.3410159421874739,0.3433493091519544,0.10089670198797086,-0.019098820166648947,-0.08409385950383913,0.09443521143042113,-0.04301631520549383,-0.05805138798424287,-2.2742237564008683,8.788598601362615,3.2544949196354036,1
0.27387541296768336,0.27223784148716335,0.4726168267884344,-0.10892889632075003,0.44220413723110974,0.4488656435438521,-0.12260932502393732,0.4450249244719812,8.821915167572676,25.31280760837669,-14.41251715669487,0
0.2791289684468166,0.25991068202278467,0.33795992324490653,0.12118117631077413,0.27968756648590576,0.3320725034088135,0.11652216847710255,0.30844704136813006,19.600996564927037,31.59670646294981,3.8718473209165047,0
0.23961272016465848,0.24782358475363345,0.2780288944591456,0.054021072029494244,-0.18656949409345921,0.2617063251000683,0.02505976077554926,-0.18249878249441426,1.8541478257809345,34.68543341706896,6.634341818657003,0
0.27408238428337506,0.2614652415683434,0.1216510221663453,-0.09003129119309172,0.04361995705338567,0.11265851966393643,-0.08870495285130663,0.07196104902978491,-6.2775075167641665,-1.1635905544960217,-2.115950390483615,1
0.35488560499071187,0.36639866600012805,0.11730577660400025,0.039984472159544954,-0.03563416606068219,0.10552448467628825,0.05049471514240791,-0.037613064615890215,8.571806290769977,-6.772839954712443,-6.297909611024519,1
0.08299706272450669,0.08580706307784594,0.039278083234050076,0.02224290164682463,0.009010903422618337,0.05321866501219601,0.036430460128082556,0.027255773785427366,23.154123383846766,6.564665923963517,6.7048065964090355,0
0.24571833051768507,0.23788906959969594,0.009378816423808684,-0.009276389159872361,0.038494757888783815,-0.013531605510653105,0.010910892758256546,0.06299504708351067,4.8042188592750605,-7.65672360667622,5.727554256092581,1
0.3319819504327681,0.3412341304596163,0.14906210190075359,-0.004743091383263787,0.0017586277546962625,0.16707409848294377,-0.014327598669703453,-0.01925140228376538,5.232140570106708,-5.679783390344967,5.67183578184839,1
0.21480294718455967,0.21936078478001553,0.2032136931328622,0.16603257087079415,0.002500572586875527,0.19400792960157176,0.1428213039466939,-0.0010546311858090525,25.62644230164169,2.22600090373804,5.265979797085851,0
0.3168679532460521,0.29875378277694853,0.4428540912338761,-0.02710595927072046,-0.05955767341534146,0.4267246381162856,-0.012198685251477492,-0.03733372089479924,7.853247963319831,26.80386760517211,9.503767078345962,0
0.2945679142532814,0.2898728291509122,0.2616469022670831,0.18551902357246147,0.09546651523801863,0.2737808396167821,0.18607787423266714,0.11031336506348842,8.170201933191418,32.66705919382791,-14.866602360666342,0
0.08452223770816691,0.08873344698802756,0.01625725016341767,-0.003536727359452903,0.0035737016211581166,-0.00923817810534468,-0.004211207190783725,-0.015970703315910863,26.178544767650855,-7.2360562392039585,-8.64304950294013,0
0.28335216954622167,0.27973041381210983,0.08203333154390895,-0.00840779796676383,-0.09088386926649109,0.0705650968388246,-0.0375417098000225,-0.11154813584143637,-1.6745633676959137,3.3855447147648636,0.7368359372069406,1
0.3583136678909453,0.35105891628322855,0.13426998406844667,0.03635994273963947,-0.09009301158662485,0.12142548099866324,0.01065518086875443,-0.11790709474803318,-8.85108094282138,3.3201591314319074,-4.649074615579837,1
0.22180728451283113,0.22728206318734606,0.3045633554482281,-0.2555100478883677,-0.09510268692726104,0.2826702374146607,-0.26363650149344686,-0.0842674086500258,-13.196236441193886,33.17668674256143,14.58735329551789,0
0.2700387891437437,0.274654155488396,0.08811518387948594,0.02274276334518384,-0.0146540400846175,0.11303085897213018,0.017566063765035153,-0.010185980528335997,6.987194960629157,2.0307170931801046,-7.849028357957591,1
0.2950891376822106,0.29345219939499706,0.13502289160624747,-0.08058197202138201,-0.014357582503022964,0.13685624003733773,-0.06090921274077908,0.008039362412293215,-0.028209721630544138,7.945231449561064,5.02748256370079,1
0.26558068103311594,0.27596630484659734,0.44928835024242597,-0.40657960947781036,-0.02720632883692964,0.43571843367700047,-0.4065285617005274,-0.016593614136395957,-1.9825687764398658,40.974853369828665,8.612261163882629,0
0.34522004837463177,0.34623253479985533,0.029417271864630577,-0.025743902498274615,-0.0895435978357354,-0.00044861585052559383,-0.025104264593880793,-0.10124626701078371,5.819742985334933,-8.384333821610088,-3.8876797496246756,1
0.18122299168242006,0.17897085502224086,0.21817562772633983,0.07903930375731319,-0.032042612873698806,0.21921718984249366,0.0814417359818438,-0.03540149336607831,1.564044307674365,6.199635539230556,-4.7029066813859295,0
0.32855690544749083,0.3254869742151527,0.3013923448163975,0.2528351891764136,-0.16828935144495202,0.28100778134171683,0.25221393990551977,-0.18866331834225591,27.29450320009395,5.618791284112561,-14.575477872754924,0
0.32131134234792064,0.3318522196588051,0.10032951978192524,-0.026268971168980623,-0.06651792963257519,0.09374038149093591,-0.006622741341702994,-0.09312571550225048,0.13157249394607717,-4.335215435827123,6.606844934529201,1
0.26295779976007677,0.26463951342175757,0.05329582535782763,0.07514515033328847,-0.04172196536080992,0.033695433135584964,0.0977896199947568,-0.05517881434372328,-0.8922927706263426,4.937713301813581,5.951837819582169,1
0.2859700120864195,0.27900909392614026,0.13671269000618633,-0.047205556901595495,0.0669495846334584,0.12344550347365013,-0.019206655143809655,0.09262338026231957,-10.174762540336424,5.777068817189061,7.452631847064506,1
0.24859675310597965,0.23190261292611847,0.3993934184456095,-0.1787843937665022,0.2831258696939929,0.3839261916857787,-0.18029938072021592,0.26739513155642797,9.754879112128876,37.13170166993054,3.3546653828220663,0
0.30707089959185263,0.31086633796860563,0.13800049830248473,0.023733394755860504,-0.11581046022540496,0.14778663489421856,0.04132042787979988,-0.1384924161152432,36.99416952699351,-1.3187161751272178,13.635037329039413,0
0.12629508160911776,0.1301881944664417,0.1541612055253068,0.004737891090299234,0.06679870643724015,0.12689911241144136,0.007181851645424696,0.04971902752562819,25.663380558876348,6.923960950519387,-3.226957646838237,0
0.3160563334812444,0.32213710243414456,0.34104640685877463,-0.26767880212144457,-0.22745860409969362,0.3587521581766452,-0.26471070215972586,-0.20385769692088107,17.11066238378237,29.243542359215255,-0.16453588773248384,0
0.15002948591850418,0.156218516708532,0.09683960066369776,0.04163463002692486,0.015356071905919116,0.07079204474106272,0.04823226574496143,0.032781851266703466,11.413226055584431,-3.0043012520073153,-10.198693594733173,0
0.24798850289986688,0.24873225284595987,0.13849416976221934,-0.120634346147095,-0.011042351939981015,0.14437748028406144,-0.12172351199628592,-0.0063572821200781685,34.47143127632425,2.3680017393043507,-8.744912159518634,0
0.3170418342369162,0.3099887942933993,0.06865384111252244,-0.09221783584515703,0.02005465627821637,0.04149689514157836,-0.12073116333546122,0.015856250456947645,-9.785816617551058,1.021057705140631,4.031208132347887,1
0.1092951899011628,0.10863169587711291,0.17457967990461348,-0.07210615217529759,0.1505865571261239,0.1589024367063014,-0.05335133828283975,0.15958431879262808,22.196812939561063,8.1357056836552,3.239467816145382,0
0.32008196084915214,0.31731965430964404,0.10826873342369517,-0.07136394415462595,-0.06134813977712683,0.1047034314343829,-0.09811362154454532,-0.067557908973645,4.39694726947511,10.405239510480204,1.22054913118005,1
0.23970692199484211,0.23593347526404526,0.3747084406283925,-0.1629282168213103,-0.2949065693634981,0.3735978222407136,-0.14215197007001057,-0.29443646925439293,1.2764969309196594,39.56739399064808,5.94341527761501,0
0.2644468751592505,0.25462268679820643,0.17572397226132047,-0.059672014909167806,-0.07266960598440471,0.19331587471374986,-0.08034125884843146,-0.06925758190800818,3.0245016024428786,-4.347284412093713,-5.866412717112107,1
0.3612064770556703,0.35342025665009047,0.17071325309478858,-0.045326969952944364,-0.09411807947536543,0.15387399124392717,-0.03295912466912545,-0.08457225917390299,-4.094106813317569,5.003522849103678,-7.043180651639371,1
0.1533138635345262,0.15752819348258762,0.07205367927111922,-0.019529002592249045,0.03407717105143453,0.06935065061162068,-0.043816191632691875,0.04757750371976012,11.906547402886336,7.329232430957852,-2.5250105886853866,0
0.26045972959179237,0.2652854018172629,0.008093563649788943,0.07464798727077618,0.03870108487121213,0.004169814190646864,0.10004674100939145,0.0259696257688942,-11.041284825176964,-11.32098466468525,0.938788743600897,1
0.30038871368229575,0.31453305238226315,0.1642407833332155,0.007443776738868008,0.025197911339816137,0.15511482987861105,-0.01712147974900563,0.008753648814823087,-7.155185961371013,7.214006896172403,1.8846225360893314,1
0.3266183694845081,0.3287778966731243,0.43688153857708145,0.11428146763240876,0.40723950877690074,0.4613123212458219,0.09482840039997738,0.3962654031544082,-11.958966589866161,44.71315483973675,-13.722632781243917,0
0.3032086740780051,0.30042804914018617,0.060634892290928145,-0.05230736022675349,0.05104641403511723,0.04749939378135101,-0.0807683052086132,0.0683508713832196,8.38282579490502,-4.290125804035279,-3.618893041989578,1
0.2470750934939701,0.24681635221249637,0.07814678118486709,-0.0820962147323394,-0.02844948761743514,0.057391096931108714,-0.1091941691603903,-0.01921621614615359,-6.630172954326298,9.992321337137824,6.0808959841289205,1
0.2296717744009252,0.23276280179613582,0.3348430065355641,-0.056546897047650424,0.06594389372764775,0.3130306852871625,-0.06465630761805283,0.041627528671635626,-5.1056862882914835,42.085634813516116,11.243369637119518,0
0.34764280229476124,0.34286354627830096,0.04393130018277427,0.014811101156364262,0.036861163935952346,0.057983004275868985,0.03686697309075581,0.05236350053186492,-10.540083179967326,-8.32559098071895,-2.699571305286927,1
0.3287799075751133,0.3260012101049081,0.06687777751314508,-0.062232715904872206,-0.06090083452068254,0.0958570078052995,-0.06752210948681378,-0.06669957032573484,-2.158829114040138,-0.493990204658612,5.789030685056224,1
0.34126788488971715,0.3425893578164546,0.00649128769915058,-0.008532333369334719,0.03210639327704204,0.033019224134833144,0.014626173416226455,0.03558357223836431,9.305066089007646,2.2508694463962176,5.191748339829257,1
0.22379431157520563,0.22296297965367504,0.2792714768010315,0.13761596389102088,-0.18978856070073818,0.26083738474589613,0.10827268295710886,-0.1824360116090925,19.142789375120927,39.422369354767994,-0.33183505420742954,0
0.31090409633387717,0.3138587371172265,0.10794628782868916,-0.049787666877735795,0.022422887183034756,0.08791236059291527,-0.04223291415581253,-0.0014154494079266847,9.592626040710094,-11.977071997836468,-4.337059611072888,1
0.2372963002077435,0.24366399201574065,0.20127487746031997,0.09965982092945536,-0.005416792701314899,0.2220957516152707,0.08704611496732138,-0.028341434487274508,26.713710379769235,7.6522478011758714,-14.51555987347991,0
0.2985212927408624,0.2851461854426361,0.09604989343222288,-0.054582443741445746,-0.010174775292614152,0.12539394423686684,-0.07195285835514341,-0.0032589300219829434,11.632654436669277,-0.2715083671927321,-7.858817187128221,1
0.2847899193063909,0.28717083359738715,0.17318433581703452,0.04108842197040005,-0.0997452507498219,0.14401395066017203,0.03437336297722279,-0.08558140449137497,-11.441292444425928,4.567204883240986,-1.3976784392719566,1
0.29862422592105203,0.29940678999570264,0.0008313837917989697,-0.09229160013531286,0.0360837611339844,-0.0012231697867657306,-0.12196321360523521,0.05328274388360035,1.5040323319663944,-11.363221507054217,3.8953593795581654,1
0.13816789696290246,0.13593071323067243,0.05504213223776361,0.039474664571378715,-0.05247336114727979,0.04193563864374906,0.03347890465299298,-0.04966668796213704,3.1450234237214296,-8.739627846087112,5.505737537800549,0
0.17467504798526923,0.16902886195473088,0.04747635152356866,0.0357102878285295,0.01718023894020354,0.07080293572291517,0.029674315108575655,0.03234366920044889,-8.564769851084739,-5.379346605480253,0.6014595455618768,0
0.2757572944968972,0.28092757653255523,0.3582680911986018,-0.3562683171931679,-0.0858773355782545,0.37925379943967924,-0.3636904230772606,-0.10742300391041118,-7.009155614933821,33.44326630878591,-0.619678185910379,0
0.3216270220014857,0.3259161296893626,0.4223001343685787,-0.22804398124249156,-0.03512832754328654,0.4302948935117467,-0.2514281839342407,-0.06504070909036742,-7.120380556233927,31.582801988892527,-7.623285628275061,0
0.11648976169177314,0.1051177652103919,0.19885243333797314,0.0842220904273775,0.04271172871973175,0.19227666431366425,0.09884954917616379,0.014179893289207702,10.811273986489809,9.145463081853485,9.874760713390238,0
0.2754324302176073,0.2810323349241329,0.0949580774094929,-0.02494437206130118,0.09398637660996176,0.10358250533494928,0.0020557341731512954,0.0810996417395938,-7.8497446135936455,-4.3280263769499125,-3.296632465206864,1
0.08590441230054573,0.08898277695047785,0.12323780720476105,-0.003406002253581966,0.0869338570348677,0.1371504009887232,0.023006967420319754,0.0851520214483781,-2.5178009037235025,6.468515900225203,-11.754035440728686,0
0.18803554117653926,0.18344881496562512,0.17878343148963985,0.10513077155242359,-0.044179225891882806,0.15738633653168663,0.0983324417371763,-0.021916319352766535,-13.989257455159413,-8.632451092635172,5.052956323771429,0
0.30152047013680217,0.3180240886559711,0.0705445573178001,-0.04906706172782145,0.05106439706689686,0.07798222470110223,-0.030966573498868513,0.06117206412917959,0.2296204262798902,-11.185451225058713,-1.6144880036453877,1
0.28800386465800015,0.2813491400668389,0.46333636873364814,-0.33636825659520164,-0.3294040084642538,0.46115301301102896,-0.3103122814427254,-0.3124789691798092,-15.455824997186882,42.10577542117093,10.867644988713923,0
0.34332980998743173,0.3360261579490155,0.19081598889867685,-0.13845234075426233,-0.056259405361767545,0.21005022908129564,-0.1682034158419803,-0.03666335734297168,29.785074555589166,-3.735206954243994,8.369965175523909,0
0.25726376572569903,0.2622473945115277,0.13352776444312517,-0.05241802266713385,0.09612805502851762,0.14640617411386678,-0.07289310785544806,0.07567236031816776,-6.533107416931087,-6.319583913656249,5.738769927741826,1
0.23991139516505355,0.23975247321565815,0.4042184385577316,-0.16127619577609947,-0.0882775873066946,0.3944953434809025,-0.17931948855077756,-0.09372576352069742,11.720268482332333,42.09077132788926,-1.355177941387609,0
0.35687269359913637,0.3537967374205591,0.009922070505987821,-0.09314285318930499,0.013722203594674659,0.02124209551294913,-0.0731110389489267,0.013502848996856096,-7.121298655466238,2.503299925204619,4.502768456754838,1
0.252460657338154,0.2555631012350417,0.1503957158078539,-0.0029152480292219674,0.10357272620120103,0.12471696162004894,-0.01633489474904708,0.09857540242571558,27.45012514113728,4.538343342418411,12.148398205450121,0
0.28427814589476874,0.2794381187188078,0.12907459134971755,-0.06858572753859318,-0.03033202034589548,0.12748081458418464,-0.08896926293191385,-0.01395612651285797,4.557847739213614,6.612981644738731,0.296188701206729,1
0.27830763734093855,0.28430063621982193,0.4521138918246688,0.11813808302246792,0.205066046560265,0.42588288779999833,0.1135812531994899,0.20399083332776308,-13.419799965666467,22.535012478165036,-13.408306820415962,0
0.25965405575781786,0.26142798270078405,0.43696801951843944,-0.10679224529562148,0.08676376079636183,0.45897630432783293,-0.12186433053942132,0.060112168158044425,8.081546478288118,37.46974140285212,4.532555510594172,0
0.25533911833858597,0.2557058031628777,0.036822735487148005,-0.06420447528191922,0.01735885179475047,0.06536340600102211,-0.08006786120605032,-0.0005623571029218961,11.361196721243473,9.053742306599872,-7.595969873126764,1
0.31780460892017015,0.30742609070649213,0.42109548236951155,0.26653995024674304,-0.19341317538756725,0.4436349655069097,0.2773613794170394,-0.19574194773181652,-8.417513148285849,35.581888779020765,8.044563261657217,0
0.20154640364017187,0.20227175196744854,0.23829862397296758,0.22746563121136637,0.047877159249249235,0.23844960434106705,0.1997290629446173,0.02309427836869722,20.037685588914016,5.833673508792696,11.400595479955633,0
0.36325014854057813,0.3571578999569094,0.08676355800712242,-0.025751894011713072,0.02116659089494269,0.07466995655264823,-0.033146614217972284,0.05076658898256006,7.312747863544132,-6.233952149393308,-3.9887771335434206,1
0.24284772185876785,0.2523259321494198,0.04680239033752142,0.024345917407453316,-0.06863701953511266,0.038517919604053125,0.002755423464130498,-0.07236206811480786,2.017633077436887,-3.3216474646192857,0.5501676809323843,1
0.3064744288487328,0.31719875755831156,0.4516178426992978,-0.13196573319595822,-0.20564363713360279,0.4722428533123855,-0.1282965723648793,-0.17758491421736153,-7.753357463258496,43.0512323762277,-5.657087336209264,0
0.23340440615011315,0.24040853884248115,0.4014826234505757,-0.32813883197772914,-0.2211276602518727,0.4092106492302334,-0.32769042488546535,-0.24182827499395945,11.95372826963236,40.20860319835436,-2.60882049573247,0
0.29515490250740983,0.29507425689407524,0.19291561640000043,0.05594194781812939,-0.14448836145512528,0.20514230078682893,0.06705151394229064,-0.13719032203982057,34.155865953897234,-8.585272664760094,-9.907633570295792,0
0.2696252266464213,0.2678773881455496,0.2745906677706266,-0.22005271922788902,0.14613067328061552,0.25098766223260377,-0.20315030702719744,0.15750197557433984,38.46278665249042,-0.3135879618135089,-14.685625383168476,0
0.30890342302525275,0.3088650576986772,0.008794783216448833,-0.010339426048288525,0.08160831240910155,-0.01986088887261428,-0.006593648966260489,0.054883655404687114,5.081681504270854,-10.777104526652318,6.143876514416677,1
0.25038568080119644,0.24536195194826724,0.05557472793054089,0.013063309400988682,-0.09140497487062023,0.03925949240792588,-0.005609956727191393,-0.07560029724666546,-10.096394419645243,4.706792582712307,-6.8515665110277,1
0.2400032301879048,0.22731679769324448,0.41751163295328286,0.09659839761731526,-0.23746724293516522,0.41948948641363476,0.08226713235159253,-0.22628151211943648,-17.612165489882297,27.6807470697492,-13.854324462171027,0
0.3171781611123142,0.3165165382738908,0.12363292183796402,0.007833658471399538,0.08699156337317018,0.14442881481523304,0.012613541630003097,0.09459752723279982,-2.750058445405889,8.06071131046303,-6.797769473084859,1
0.3522444719846704,0.34402114259419425,0.08067731908623686,-0.03849298551584277,0.019695438311547325,0.0878987816657195,-0.0398426330981788,0.03538139210258778,-11.824453048967625,-5.327469441580468,3.2485354511822813,1
0.2625780685747705,0.26338058755851956,0.16789429368134245,-0.050576142326196005,0.03245376076625728,0.16796828505291903,-0.028812533530419925,0.022013223491194764,-8.252034635081637,-7.341559383629335,6.067811502399641,1
0.2998342236406153,0.29844690094071386,0.40861669028977016,-0.3790330971548492,0.1449471818023675,0.42317539915305374,-0.36144913889241526,0.16680923378893053,-18.906283689180153,32.78307889516962,13.074249918817753,0
0.3139963461235464,0.31510950730942194,0.09883929528440336,0.07382591158875915,0.021001506384423288,0.09815116506821109,0.07817262791762308,0.05094475006685609,0.18936053739096081,-9.047639360131845,3.251347188694808,1
0.2586533996876426,0.2518116663125764,0.0041688314158804295,-0.08985028583500275,0.08078402963964318,0.014648982291226856,-0.1129190142144465,0.1045165016283886,9.183417221958027,7.382194539884221,-4.806206540242227,1
0.27803557257609074,0.2824160502936336,0.14183186038665427,-0.11812264659011304,-0.11087358595954327,0.16385971811247352,-0.14080186879604586,-0.09853547912501534,28.928471500305477,-10.653010382809939,3.1983346995533424,0
0.22073508517561893,0.22380031794633728,0.44787827061996033,0.3108850891343419,-0.047695007484913066,0.43360799372171105,0.28801858455093854,-0.07181439786117705,-4.265188936747716,20.12837521874439,6.741799289070883,0
0.27928304682303606,0.27957572479671894,0.02716555595929045,0.04276184284053014,0.07460618277672476,0.05444785067365235,0.05638488173064644,0.07429709647213416,9.734223581826374,9.139270512906712,-0.771459160992114,1
0.2548628287951593,0.2567868995094267,0.12146629543305654,-0.04730491436213646,-0.02895643317576005,0.1257833329715287,-0.0644750650854566,-0.004950956487139092,-3.6273443508864602,5.202042003926625,-0.5358517897865109,1
0.2628999653154191,0.25370850219978086,0.0229200191111965,0.045794401200115076,0.0554870320034927,0.039532620064768445,0.06772539757958315,0.040261146564515155,4.134565144191846,6.6286998902382095,3.099545153490755,1
0.3092137088174397,0.30997763648518123,0.034136348678662436,0.0838793848735487,-0.07938010598293802,0.01754899472901644,0.06398276379227127,-0.08111115787461465,-11.834927735176006,8.518683087132796,3.260316924256795,1
0.2905036595845141,0.2966507521782017,0.13460215016639965,-0.008420526049722904,-0.017114545778371834,0.12922863857972644,-0.005004502776915887,0.00872812509396697,0.6067959257443967,-4.374663964576949,-6.331996539519981,1
0.23098915739249226,0.23492781770564164,0.4952764939898361,0.25788198616842806,0.14617261119953617,0.5064257133622518,0.27966888058072287,0.11631340702646495,1.9522549067940318,43.0008975889493,-5.199828550309093,0
0.0864665793655188,0.09281867676566286,0.22204929943254587,0.1999907302370888,-0.09794054157078746,0.2425640999261713,0.22869121454887853,-0.0683885338405375,28.162237155428947,-9.130638036375098,4.9428582240957155,0
0.2720282071193493,0.2795313102040657,0.3324481014810713,0.023513634695368935,-0.04833679847785505,0.3450888500549439,0.05182864034480695,-0.06959100646346492,24.449955107332173,-9.614977774838762,8.90958231946395,0
0.3084099229550438,0.3024723812054501,0.15750088960222955,0.0702263253644412,-0.09130498759744161,0.1304561367978852,0.0626431736720155,-0.08987981067438339,-7.644038169683422,-6.318123093494496,-4.009798786684611,1
0.2898361705304763,0.29385574797242336,0.2802198509388581,-0.08059119477048651,-0.034319222285632306,0.30235485094920733,-0.062277649199960546,-0.05821997426286955,24.09413375295594,-0.47946966922219403,-8.336071859539393,0
0.24661891020616053,0.2497171517270596,0.08293852894312191,0.04231160831935557,-0.06990919768850519,0.054815539717220585,0.018949376373087766,-0.06270024049080741,-10.863023519868435,-8.683071080675262,6.701171096490926,1
0.3237960106860013,0.31302180388606027,0.13495128312982463,0.03527875534345734,0.04922671114586191,0.14155275363651937,0.013026935245349536,0.06820813550041155,-6.992512018656039,-0.039010871476859776,1.4122968736813952,1
0.25561762245861336,0.25121743734638097,0.1352735208502908,0.0015353994923555658,0.0446862736754573,0.15741674802691094,-0.026278788766671436,0.04805769148332466,8.86468384508457,3.0947524119066507,1.799029268050905,1
0.2838464750117992,0.2960752979070487,0.15546951358345537,-0.09558878653799018,-0.013214758637947216,0.13464640185330806,-0.067142953041218,-0.03134342019080272,4.321143589662494,-9.350029001219472,4.676057552278664,1
0.1734707205976444,0.16603563814351754,0.06459085271779536,-0.043225384771120035,-0.03586380424483128,0.08957445437922215,-0.052631032278559337,-0.01621280286982721,7.47670283268409,-1.9131400736626247,-6.445296353018941,0
0.33991570739997373,0.33351189354525734,0.34881127578608073,0.2624608232311898,-0.09130707139814737,0.35446894865859874,0.25645531568981805,-0.06215957786263371,4.245295853517025,33.07107967916346,-1.9756666693148848,0
0.3178905174857849,0.318573102540473,0.09212803000285628,-0.015416771391425055,0.06310055118509136,0.11387673202186499,-0.03272061650420402,0.03562453770827502,7.03390638468051,6.16647206262142,7.972095219444734,1
0.2712666856707775,0.274469257513892,0.0957201917912297,-0.059126861250160624,0.04524573939701315,0.09196686782122472,-0.03395846273955514,0.06564178504884444,-7.272805056972551,-5.009681598855805,0.10471645316808598,1
0.12514721674534804,0.12851745951408722,0.19653206029865014,0.00029738979481427896,0.02427699613895426,0.2001630792337614,0.026989507116407102,-0.0029466977620040656,-12.365450091593424,5.903404077974912,1.9315781483751948,0
0.3142524242692264,0.3254334704769176,0.1461464748103746,-0.07428755890707389,0.02323734947716602,0.16937919067173526,-0.08168545880545983,0.024638265785313175,6.572150385869932,-4.502275883810775,-6.724550730120997,1
0.25738190070345457,0.24485798476198897,0.08597677852313473,0.07726696478660472,0.033042793120824254,0.08371045433175482,0.06688086589922408,0.02137162986309446,4.445150864787191,-5.680385225844347,-1.3028033382167319,1
0.26130100229850156,0.26386084718380587,0.14148653717625181,0.04103248543119295,0.09376274485263145,0.1473513022735274,0.01430509636846283,0.0640736498427529,11.173903238268629,-5.4141450082617615,4.263193299574695,1
0.3070770423032269,0.3056863565065787,0.4583675008839735,-0.11812438743687637,0.40844152727496097,0.46615949137515045,-0.10534001439046213,0.4116326089774309,12.316147052594076,32.76461632617559,4.025985743106297,0
0.31692198597576143,0.3105482798026634,0.4142892505483883,-0.19481962831680036,-0.3802196413768585,0.4298569517218717,-0.17829306810440967,-0.37039241406004086,14.570312806831033,35.60020438788314,-11.840392592398235,0
0.12257821501023769,0.12690343142451063,0.015109696244539839,-0.010692011409528876,0.004242421314485368,-0.012980914049621664,-0.028148476516717223,0.0339957141238242,-11.628544828820036,-9.780428318518318,-9.107215931464175,0
0.2838338757050823,0.2834587536106685,0.08077167349492666,-0.024977269384885953,-0.09242677667137436,0.056947552922642475,-0.026146446495725038,-0.09588983476401604,-4.971675857886992,-9.055836729312382,-6.362074719758036,1
0.33443637106443413,0.3390013783223442,0.127895898913682,-0.09468444700054167,-0.09010817257079687,0.1474925879931578,-0.09101106292713902,-0.09698600371937069,2.4374028589443775,-0.33139018506538775,-3.8370455145121376,1
0.15556110129452674,0.16320310315026676,0.23638630356559284,-0.20026107928264567,-0.07722176250656804,0.2185028795366291,-0.18354665868943199,-0.09965291174968474,-11.568775286866188,5.5082244583746025,7.520063045259782,0
0.2774630269593108,0.28796179959648716,0.11108314398323628,0.07377704667836057,-0.07783912099347215,0.11377664321511752,0.06868428331508514,-0.048472726591487464,-7.279852169080889,0.7152146617793065,-2.174266204128399,1
0.26232274580682224,0.2574500852486173,0.26127630723047157,0.0687342472081342,-0.031085360307780807,0.256809217536159,0.053236525451985275,-0.058418839332852135,16.520840110693904,34.798286552624496,-3.8186353202331116,0
0.29561099218787573,0.28770062852119305,0.14650482306772267,0.0489159519036067,-0.009425966857596405,0.1669465932997483,0.04270911527333754,-0.015780921492680913,10.246775993580286,-2.533777690257727,1.0474546604198007,1
0.1879144597392839,0.18699016838126914,0.0010410985669249972,0.00018597135750118778,-0.0004243602510498875,-0.0022897034175768695,0.0005977696693490041,-0.0025539998195104915,2.527652851493805,9.881373742249512,-3.330172198747114,0
0.1270632258997245,0.12063811914954717,0.24442433877154904,-0.07792114961815999,0.15260269204230978,0.22676067037630698,-0.07789080104283992,0.16735559565129515,27.136042467732963,-4.64153575566516,-9.131697532058208,0
0.1815219471633881,0.17308447474064642,0.12270531897082584,0.06824053672835056,-0.07000195523698906,0.10033554495935035,0.04942341672235294,-0.054759979142734116,-13.086408231688589,9.452253713570759,12.710867400037998,0
0.29499301135578593,0.30125901040301634,0.0459376019278347,-0.09375180420187004,0.03808162175579041,0.04437667030958016,-0.08889952329568712,0.008461100590174533,-1.5578939796277638,-2.0237233653063793,-4.000211935543858,1
0.2840733871320811,0.2886460585535574,0.29094464964627154,-0.07202466310599881,-0.1609089163117433,0.3012490800059328,-0.054514232632364434,-0.1518775400272237,21.089951890451818,-12.84335000097419,-3.760619413493389,0
0.3383949812545586,0.33400825437150117,0.07338496367001582,-0.07155014913154059,0.033929861911569575,0.08403949198498625,-0.051726847671010295,0.0300287025979925,-7.649073060276656,1.4715476018067797,7.69085091941351,1
0.08710779407182923,0.0994008537738842,0.07037728747891742,-0.041505673676829204,-0.003349649988665271,0.09398800748113903,-0.01836091569341878,-0.013076111559904915,19.49932582293316,4.578800045313036,-12.090391119690143,0
0.29753789356758725,0.30279567378239436,0.09376558803310293,-0.024616570308889668,0.01995593119101706,0.07191273757069856,-0.0036414548910315633,0.005260536871557002,11.010993349096903,6.913056808759443,-1.2123741274682,1
0.27725363740405085,0.27526531601615667,0.09020643118793296,-0.0340697055460638,0.09394984534831849,0.09731485308597754,-0.04944356705992178,0.08646386384359378,-0.6061981990272169,-3.068387753948553,2.7706468634885866,1
0.2323191223922516,0.24216807830283169,0.1754624013245899,0.13966101868668024,0.15917250778260672,0.18396703078799304,0.15182892806264986,0.1763334850997417,28.88547441170013,10.906864158906778,-11.992089086199588,0
0.35169711113669044,0.3478183702355088,0.04581849812148164,0.03181184656051067,-0.09589139309437122,0.06669125869011039,0.002546586507960018,-0.09937276480924678,11.786561386310357,-5.735853388737683,2.6367214979773443,1
0.296725516457895,0.28777625862495293,0.11107425170671525,0.060561410746834465,-0.0997923685655725,0.09200280570078977,0.06403034368999554,-0.0746341626304452,0.6483820038651764,3.6690321556247447,3.4752871958013056,1
0.28573043485230165,0.2903408588647637,0.28149715799891983,0.004510068658019728,-0.1737162766383814,0.2693472500172346,-0.022015685446603442,-0.19381962322453875,-12.333716506417671,43.9176629115947,8.927242622820255,0
0.3485854917754736,0.35680803913621795,0.007271861191589372,0.04115940072589763,-0.03964702666061384,0.027354321051205527,0.020504860984372396,-0.03755313748206161,9.671739681747283,-10.917246102977316,6.973985632177289,1
0.33886849844087935,0.3453543387179289,0.1465637275743029,-0.032099526019674876,-0.03302732130707091,0.14336854968898655,-0.04353868569487536,-0.05310650321761804,-4.998288964496476,-3.679301717368322,-2.087859818242391,1
0.32724935767945906,0.3340799001734064,0.2825923155792296,-0.07663992796067387,0.008579811658912861,0.285062422880472,-0.059100270017765716,0.014046640735789831,11.898153202743607,20.34858334236976,-14.106525476729292,0
0.2616517230230913,0.26164628810779145,0.013854270307554732,0.01795104777612122,-0.0951466023156734,0.018426125372865636,0.026554192958115543,-0.07693767953817436,-7.669602449404255,2.933020336571232,2.552198411061328,1
0.25686210503219326,0.2529887873521522,0.1616841980074546,-0.10418137993084017,0.022030271005277796,0.1748395711784442,-0.09511537892876679,0.008919277964606127,35.28713113360696,2.0912971850376216,-8.236692282756872,0
0.2716789459021991,0.2742129913542173,0.25015521962228066,0.09901296554752187,-0.1984461114057698,0.2459210242920979,0.1130725813582906,-0.21841909460929812,32.17739235698663,4.35666410939287,-5.852333982815638,0
0.2697693745608326,0.28562454762994993,0.10287284424214972,-0.044367543221546395,-0.0893330716585145,0.0785461652819535,-0.05348676234128216,-0.0621959172054954,5.708572352649792,-7.895916402332392,-1.1885996200493256,1
0.15838305923269047,0.1550462760771906,0.05144103864778227,-0.03586187497567557,-0.01876884650751482,0.06812237495096728,-0.055360702030441036,-0.030979755416733548,27.45530216264671,-6.502792104653869,2.208166840148646,0
0.3324769262631388,0.3274944075161454,0.1442371187188552,0.07516891868587622,-0.051439813950944546,0.1576727554920402,0.050426293370268445,-0.02170824320722803,0.6485291830170095,-6.637329198483868,-7.399106825274542,1
0.3150188356268425,0.30623820413492114,0.2613907147379865,0.05360956946174805,-0.11732459811943441,0.26118924080158157,0.048882819269341106,-0.10350797196437315,16.105397879645224,20.513884122578272,-0.8830942517681724,0
0.12447567040126953,0.12797567865668863,0.09749491695863244,-0.023492261135396944,0.07549933461339017,0.09063243105021997,-0.011250328259517182,0.09269861208959551,-6.433975488864212,6.052998728899645,-4.359951811605274,0
0.3051664756193371,0.3058988128290379,0.12257392785384448,0.013451563165447405,-0.01241928351486736,0.13324626546771623,-0.010025414453371038,-0.038645808975695646,-3.5966029849420202,-6.565555437605371,0.0010836289058016035,1
0.32043175135201546,0.3097660934242362,0.06649637125580657,-0.005462666712880579,-0.002170122352402132,0.06880544782694897,0.00840716785971151,0.01624994379133106,-6.241724814083847,-4.460001314217939,-1.3057671253839747,1
0.14492074464033636,0.1390790159179226,0.24192709921304698,0.10572951356514396,-0.14135734405935962,0.23078420526714266,0.11026230879756656,-0.1637402665824328,7.717681673353411,-7.659582221109879,2.446140444072558,0
0.09312615030322435,0.09775614253136022,0.14504497746733666,0.03347753736013606,-0.1091126474867773,0.14831463140942458,0.016384067235832973,-0.08352470832346898,-4.94721652470335,-5.69723456470284,-0.9066299699107212,0
0.3444238113895643,0.3524716756160676,0.018071216216965672,-0.047092037769737784,0.0692957072135914,0.0391512951810979,-0.024617529378403474,0.05965503595778507,-7.6921902636939015,-2.074369648560724,-0.8022512008939806,1
0.32879468912107396,0.3358678697020049,0.3204350171032848,-0.18861488731907539,0.1484103618906275,0.3085665786286437,-0.20924004831279272,0.1773216259890517,-1.7506461703159637,33.233209340600844,2.3999639876690324,0
0.32384273116565304,0.32667063054215234,0.1712150388006914,-0.07630428455659173,0.07010673583815652,0.16847411651119618,-0.056780313884812465,0.057828277358801916,3.2897732157889816,-9.073879719957297,1.4121279995075309,1
0.3452038216685288,0.33507822860761327,0.3195765503523669,-0.09368810482986872,0.27823873576080804,0.2985140429356933,-0.10237469841059757,0.27351265890893056,19.876245704700544,24.506182303051805,-3.883731442388447,0
0.2531405922815546,0.26206783466851674,0.12909054730936956,0.060170563260975335,-0.073436234230709,0.140429320204736,0.06937999139786037,-0.06932028486134428,24.94468852075436,-8.610370929189727,-8.517044346971247,0
0.3156311298219996,0.3167303503280974,0.15128554180358547,0.04147255156184457,-0.004245906989108622,0.13910363448858887,0.0516414998228763,-0.016551014004509267,22.406845751527666,-4.1392756158795905,-12.04220201706303,0
0.30832576951923735,0.30606855792452115,0.04604051761649878,0.09524017287161785,-0.09344855394726095,0.06812980720824285,0.09746016917672781,-0.08413014294682353,5.575642132027561,6.551928628594254,-6.925395776676796,1
0.2524675968381216,0.2555139981288203,0.13315860478190705,-0.08499653852969154,0.045956153408758416,0.14714607325547976,-0.09285722533167085,0.02644459658273872,8.375482142996496,-0.6607517384522836,0.1572858569127895,1
0.30999423996902364,0.3051005881078247,0.008833328590369147,-0.019144708733910207,0.016595652413112158,0.016318966671444644,-0.016894248981677934,0.02296743814638081,2.0445924313191046,3.7760150824409653,3.5234564640426207,1
0.2868802800917089,0.27647561991990044,0.2832763259809245,-0.11609898408268549,-0.2293874301509244,0.2607695666875635,-0.09384113897790693,-0.2195771160077689,27.96503288349352,-8.0150207346588,-14.245514967293008,0
0.15868075130115525,0.15784481026104605,0.0016759049815311122,0.00014018215146308142,-0.0013027399728440955,-0.02713054462185979,-0.02191597259747581,0.002247676348694361,16.438707242753324,-4.756809963543082,-14.309324952829797,0
0.23889515970904307,0.24850831387650613,0.29349479858925304,0.08869771774637003,0.2845276649548309,0.2675262643000994,0.06484339405120756,0.3113851294874419,6.20869792182145,44.904122193948126,2.3102206676938373,0
0.3007503684104222,0.30071874978077895,0.055872298625412355,0.03887660275071017,-0.051869304886847115,0.028680595134340583,0.041003334014243026,-0.022144761194177097,6.547108043404048,-5.124547646544482,1.9338193213506507,1
0.30767257455117214,0.28806199068504845,0.1722703888751177,0.08724712075543617,0.11374715963489057,0.18264374270942124,0.08888340506043454,0.08734352166334475,22.8614423478586,1.343923950773359,-0.8370866066056841,0
0.22900259082716465,0.2285568322711657,0.32996203938319685,0.2990002456314577,0.14677749793669448,0.32290322880851746,0.30259953761263075,0.1232665374759915,3.898042738593116,23.89492065183608,-8.88297338191391,0
0.1142176143867177,0.11066749053631689,0.05152853529783161,-0.03039730714524346,0.04000550456767439,0.07113862512864022,-0.03485247295874828,0.014637837844722848,-7.942115045499507,-5.575931879418783,-14.400422749075023,0
0.24479148154286906,0.2434713820424067,0.02837638168418554,0.09058930280496236,0.01508062666734769,0.037730508864010706,0.08933316468007603,0.031286179004893014,-0.26495699332916445,-2.776227856662995,3.334722335734165,1
0.25554844438495417,0.25675789211305955,0.08265186658910736,-0.06597511887686998,-0.09605621119770286,0.06735788352920932,-0.03821348774652012,-0.0713970608278346,-10.749869400727441,10.317229054871177,-6.832618541437828,1
0.26875139275756665,0.2669794869559666,0.3090443515397763,-0.22119310363407568,0.24597200464444235,0.30067922276094255,-0.2503062467722362,0.2590810885305813,6.873823273725147,39.498276354515696,-1.1152227844849012,0
0.2830186397484382,0.2770331495581112,0.05193954125297138,-0.05173713240449425,-0.08351440210857464,0.049803638832002894,-0.06918049155017719,-0.0641382494769888,-0.08244246846750158,9.306280217133299,2.0824315083901546,1
0.11294132383459951,0.11101336334761415,0.1303478227475083,0.02551827193914133,-0.11376581842487204,0.11273385121529987,0.0434232153084746,-0.1159620914778994,28.11559478525129,-5.97310359874438,-7.110744640257974,0
0.12639668225349615,0.12629934967339312,0.24076490848125187,0.2139616472584972,0.2166513806758668,0.24029785144154717,0.21388293604598596,0.24475367434296744,-5.355258267422917,-6.504892740518735,-10.52289436710253,0
0.279976994905484,0.28218168717507025,0.16303108151355394,0.06423836163815219,0.062237157673644766,0.16903101002713547,0.09412754167491376,0.09130864451416387,2.788763351097428,9.310957984699243,-3.211546046046873,1
0.13033825991872675,0.12911057675711507,0.08633349630094997,-0.016774596284412413,-0.03454785136157613,0.07161804725466388,-0.04052813377268776,-0.054936813939962595,24.28042254840514,-3.9025364842492083,4.701382823781792,0
0.08039765163489461,0.08558914480832865,0.18359067627526493,0.164618528718322,0.07169430820872125,0.15860564319614034,0.190349138648381,0.06144550029398778,-9.116953396302911,7.545349659145572,0.9861833014783166,0
0.36685608207368664,0.35707000740645645,0.12142754585622433,0.06292768862357653,0.08051079384384638,0.14874851154749297,0.06369161248158321,0.07648914341591241,6.902156069504141,-7.555695721114378,0.9947317398011553,1
0.3351964808475319,0.3389511749924905,0.015624079803130202,-0.09112054061788198,0.09953508947396447,-0.006574420495795619,-0.09104799260557411,0.08273798870256094,8.866970957632539,9.188340083188894,7.22047916170588,1
0.16182456532578954,0.15424204149869575,0.1501771952652338,-0.13053982916067247,0.1342681753246903,0.17944983630565445,-0.1127695085235505,0.11001378881157245,4.702995885378417,-4.115116938120185,-2.503382353232956,0
0.31320436340664537,0.3144418150403486,0.10457808727464912,-0.018172004475040568,0.02035495117354169,0.08244460885622232,-0.03839971444176728,0.03142867557716233,10.449152869595874,-0.7766338409616846,-4.852125107989899,1
0.22686042415842567,0.2473977520794616,0.13734347341981465,0.09404031451396869,0.08118044376355568,0.14422767807111198,0.08907553110548985,0.08549096235482223,11.29704386870911,1.207764136743343,-6.749501761833788,1
0.11412056686481159,0.11845220901549762,0.08791413649926136,0.08033752976468897,-0.014659776796484447,0.11360063171611676,0.09162079092448402,-0.0381001994378325,-7.9651270721989285,1.8688712961834852,14.886185447833036,0
0.2836612722178218,0.29046133278223474,0.11497267834575056,0.08709266678791594,0.09575841628125628,0.14082785522450247,0.08860726395136995,0.10658800799741042,36.714132940641,-8.18309932950784,-12.817019602859906,0
0.3055524026728464,0.30782223249442936,0.28386328304239816,-0.24264026715247733,0.005437590760769495,0.26031597388390154,-0.2580454994106665,0.00275080609065817,34.497715956362676,8.367703978183108,-7.146645438835554,0
0.32681027869094664,0.3341233142721108,0.1849647683732487,0.11132995895626685,-0.14021850800478716,0.193459749851003,0.10364314195970552,-0.15364697165171154,25.61831952210311,-3.697725591923268,-8.795259061419467,0
0.2500680600996129,0.24556961778205122,0.17199501631607172,0.0736883091077438,-0.04183268993079432,0.16902743337932172,0.08362353913513912,-0.06400463664444864,11.946175541588651,-4.388935810643181,-0.6584930166548038,1
0.3536924761819395,0.353517070265186,0.14367029245151566,0.013551223368238247,-0.07248873050135773,0.1304598475552029,0.024701050225667667,-0.052032062463430964,1.5377236542037664,-10.521718538059663,-1.1058416414263554,1
0.34197951182241904,0.3485119578141551,0.17825789957872906,-0.07168082228624506,-0.010350877349129789,0.15729827800752347,-0.09082522315239297,0.014075339980243108,-2.578254819793923,-10.07881719249156,4.085282764715911,1
0.23216019027988224,0.24085600556038292,0.43957153377512087,0.19776114530903527,-0.18207459702812928,0.44196389519441265,0.18332805387469878,-0.15297575258242918,0.16277255057951123,30.269115207163008,11.145942453439819,0
0.19034391851412194,0.1906483769707409,0.09900970707323509,0.0239777055586832,-0.05424457085293523,0.11513393608497638,0.03560583740686932,-0.08403731736150757,13.90181685661775,6.679250324293015,-11.341209524777096,0
0.27742575515426626,0.2824000648426569,0.1672965729083137,-0.03376435100757351,0.06698888253058935,0.14257439781977688,-0.03532829816202988,0.05002879066009022,9.501684431421218,-0.3999596828127192,6.308628311691882,1
0.3482608677256294,0.3499264658095337,0.10775942504238306,0.005714885992435331,0.07803251151941507,0.08217613867136588,0.034307466799619143,0.04836258196180299,-1.0929185240592751,7.477696704692228,-7.138458232883076,1
0.34936403765949203,0.35371881835856384,0.17153984389823665,-0.08563557189942313,-0.07244129281443897,0.17408170803636894,-0.10571689249738565,-0.08724596435042713,-4.6928033645752105,1.2695580975470762,-6.448353780712331,1
0.30538147673629396,0.30674837144185346,0.2845769981043179,-0.09466619322587791,-0.16584379562089444,0.2919449094666612,-0.06635840734094708,-0.1555852144762251,7.237709580970414,35.11209237094354,11.552998329405959,0
0.20375343504349122,0.19472333539738348,0.05064155072478985,-0.0006605622147711696,-0.017665656397844343,0.03975176496243582,-0.02354570708562602,-0.012971179159352197,16.266964630655707,-0.6696659987412659,-4.724633550017684,0
0.3190018243245754,0.3247267390370382,0.1017058567335395,0.07266723480419676,0.056848470587806565,0.11428188430346267,0.07929690369241063,0.05624730432583915,4.03085019414673,3.95420805655724,2.595242148772398,1
0.12280258479085053,0.12640328505742804,0.11594783488364924,-0.0701174331331387,0.02255197696316627,0.12534219127009844,-0.09828169154601733,0.02465644984791962,-14.910827749177296,1.3088524036257336,-7.825490786444808,0
0.27545839772431935,0.2692947909818091,0.49326515364282464,0.27122793944563905,-0.13801595453684157,0.4753672887869761,0.25305423450600933,-0.1412709930338451,-19.425631838249274,28.142985105215146,12.628869911337489,0
0.1454709871600994,0.13830850032270464,0.04788683475921074,-0.014611391388002014,0.04292845960463368,0.01960617250041227,-0.04218360659827236,0.03867910915978597,11.792831049023178,-2.6016690328185588,-10.056497004480079,0
0.27714748007679074,0.28275436514552216,0.02943912504083368,0.010321543163788235,-0.0021195114597468423,0.029449754177454445,0.039574740533575084,0.0254303779802635,8.400429091534953,5.502753116143971,6.018231789388059,1
0.2552168180086991,0.2552244323715067,0.015787622143938314,0.031572657008105576,-0.016278339841924103,0.0020197185985488565,0.023424178074428818,-0.02741194102966833,6.583713987404238,4.109553919406224,-2.6617958667481894,1
0.19798426104809902,0.19606920546170226,0.0457802818697812,1.3989789119456253e-05,0.03393562910586134,0.06545648573221612,-0.02997414174127793,0.035954003438955974,0.950099251073155,-2.501827610353331,10.043106298925618,0
0.216269971198023,0.22566232550855317,0.2903658871350845,-0.23395783211324617,-0.1899878773047714,0.2761703349940496,-0.25914587998404504,-0.19905352106089236,-7.898345656171774,27.355658380715038,10.411552829171136,0
0.3059013641782788,0.30953333788405923,0.36748563494822084,-0.06261170629246599,-0.14783793920461302,0.39161329834931957,-0.09099715721822496,-0.1465027990906805,12.37627522800507,31.44186771435766,-9.017163811789267,0
0.3373868467767564,0.3378831889485267,0.14559140541594312,-0.027737996919011007,0.04266862134419461,0.16976306765623017,-0.040397500173234555,0.021829489871906874,1.90431758427121,-1.8125008456507583,7.889787136858876,1
0.11705779454103826,0.1206743374149892,0.18629643859471726,0.11191779818206918,-0.13902160621607648,0.16016808124384407,0.08820291980696737,-0.11887805081109257,23.612726428278755,-3.1772677158857476,-2.5414942478502134,0
0.25034340564289675,0.266275475212921,0.03507093081207409,-0.002806099246438959,-0.0911709702215386,0.03542613161756595,-0.002906669799113526,-0.08764335519808851,-2.0257392575590423,6.917257007993356,-5.6205696962560285,1
0.12716846617537658,0.12299540164803827,0.002743618979706486,-0.0019105851719870815,-0.001881525737452002,0.0309669805591,0.013618536700113414,0.0009500931854320043,15.916582212126468,-3.1487151492401804,8.074921674939631,0
0.31486454187510243,0.31421015696818616,0.2801862947299416,0.22369822865489164,-0.15073623243622636,0.2635836857047012,0.2293421510199706,-0.1468816231720041,25.321650807602616,-5.718050247388776,5.925016687828247,0
0.16958911459596215,0.1766001610764174,0.09655821277804222,-0.03928149174511939,0.025697352014943067,0.0831766144796719,-0.05865727745466234,0.03870624881026611,-4.005032374292558,-3.109448107130186,-13.663147665598446,0
0.2390876043479157,0.23581883062200532,0.25535757872132336,-0.19975827258040946,-0.03610963111253823,0.23744562874737216,-0.22949470975604278,-0.0468181253896824,1.1913219568611702,37.888526198795,-7.314678097330657,0
0.3258614359904711,0.3190779444887773,0.1269731457871223,-0.022431660967270048,0.028177726917231888,0.14715140322013656,0.00691631919374628,0.03153589259893879,-11.74253652058377,-6.982616193546205,0.40141284747617867,1
0.3293604046221152,0.33813283155092005,0.3117426055431244,-0.11568434825545437,-0.07444540693603965,0.2823931904670914,-0.1137951927493157,-0.06432338820821742,39.82176661946123,13.936463877919877,5.947739709002185,0
0.2683459316688608,0.2707872155493673,0.08217851813892939,-0.021185605166306548,0.06206051105469329,0.07286839370285966,-0.02590879750531127,0.03807775496440831,-2.931896539372225,0.7305883104738946,1.4962494790750753,1
0.2740681296808186,0.26762028956783124,0.036566923530131454,-0.03646895583895851,-0.08341275542636539,0.06106766406262723,-0.013068075389363214,-0.07264570542860892,-8.195279301132999,-1.99073079849245,6.071469689438022,1
0.33964296694530277,0.3348382917109959,0.14193344842026048,0.01920677587788215,-0.0720103027025115,0.1443309663762908,0.016505083920372084,-0.08761827798096383,3.250926221576762,9.289422807299498,2.2907898142356995,1
0.3034139598896821,0.2853296593228644,0.08119213046180253,-0.0882420676865968,0.0784754207913134,0.09449951494014588,-0.08484187629330533,0.06252162616080709,7.635588201968051,-1.0499725265311888,-3.5289604364884255,1
0.12623207485738477,0.1238242138540248,0.0635407878009194,-0.030047867662324382,-0.062495799358358264,0.0764292209475627,-0.035507602534716534,-0.06407305158599037,29.00216645261966,-6.507990663748875,2.4066938439225183,0
0.28191178500395087,0.27631166606807195,0.031052148785689758,0.07387350210145333,0.0941665299714271,0.0568666698837477,0.08771601470554719,0.08512269510367361,-0.9939882269683054,-4.15152690372994,-7.240286755548331,1
0.2885982446554636,0.29900047149992454,0.1220514783128287,-0.052201328734994085,-0.029672413225888386,0.10229249622046946,-0.0785765200913193,-0.009960432069117682,34.01772922875923,-9.175848021630504,8.286763209251976,0
0.3195413110427395,0.31343734874150475,0.15321983545248674,0.021840031985221692,0.09200406955755613,0.15983236385235125,0.008748266725749822,0.10097810630248918,8.932025094262293,-3.6302412395344454,5.758503124653352,1
0.2827044441849441,0.27523883289965617,0.13616440933599785,0.015467800615229857,0.04393680034806133,0.12886697022432012,-0.00254878956350817,0.02067397413607563,-7.733133418061409,5.553453882598607,7.321478947106748,1
0.3128681296940509,0.310863615763966,0.043809245241519724,0.09351040105441125,-0.02369166987442077,0.03404562357887567,0.09247262000574506,-0.047664321526551805,-11.345197769667237,-11.353541630189214,0.8539739475950174,1
0.2946846004235261,0.3010358886372732,0.1568518174336962,-0.027965446285080825,0.07293528527075344,0.16290679874002023,-0.020312165318281027,0.059026423416862345,26.324199346059025,7.638830428181297,-5.71650022220623,0
0.3177279448621142,0.31891361739897034,0.13905682424179144,0.08385385226561415,0.052643150794430826,0.13953477484878918,0.08217723242345465,0.0435349238837226,-1.6034266647382651,-5.433443556828381,-0.0018933643265395261,1
0.3571001447916307,0.35050251335980714,0.1436781315549126,0.07740780406611056,-0.02295058782191073,0.16819519790581333,0.09127616668059414,-0.015341613654092562,11.916126231229413,-8.338425487588488,0.30032933146094365,1
0.3232334768847238,0.31994333542647424,0.36804591801419395,0.09763299625369665,0.13097397010164552,0.35629558848659093,0.07207369140395482,0.1255506024718707,-19.73685736548841,21.41514020165626,-2.9467533671182373,0
0.2569712457659746,0.25942500880517116,0.11044690878889997,-0.05431270565651458,0.01844142993698958,0.09893452651107608,-0.03019542424560693,0.038323157489971275,-2.8976171859294517,-7.518090775925047,-5.790324194100021,1
0.31783863058896383,0.3161055282197332,0.061022854363186864,0.03109187854400025,-0.08119575956623393,0.05312350421556751,0.03332223744360936,-0.09338365043578907,10.796433117980719,5.96434720543429,6.020275728412788,1
0.24647129519754382,0.24427718617103394,0.45462834825066517,0.22783496060228153,0.009334224332075702,0.4307949539009693,0.2227950232976542,0.013771930122256436,-5.259817024382922,29.22106481607462,-8.970677207703783,0
0.302875138200178,0.3150209904515872,0.4432807123755628,0.3470825770827691,0.39739364570708663,0.4524719553083716,0.3430180553010199,0.4179395189555817,-8.58628166708165,42.146535851744375,-1.2706701753248915,0
0.33699746065969216,0.3430794087764679,0.23635076194299023,-0.22292048323738975,0.03746832447103657,0.254466495588937,-0.24655429544962462,0.05827815405833962,26.957997342027262,1.9489755246773761,12.072906151230693,0
0.2797895458766323,0.28474564252411244,0.02875292417208765,-0.035883187510018774,0.09285652974082162,0.03239209461583774,-0.012773414911988308,0.10320290407382904,2.9234732268752914,-5.3397331335836355,-0.7853557254063386,1
0.11077752389633211,0.11965944921745815,0.0015985540634216866,0.0005755208441547426,-0.0005696223870051862,-0.019739154250376974,0.01584162594027813,-0.029356931363402807,27.482865783866288,-9.11549212522984,-2.294008338272606,0
0.2803279683783759,0.27119066735829844,0.17935829830156025,-0.05708554095640855,-0.074158507073283,0.19443862099435485,-0.04352560352752554,-0.09752693570818419,10.21659449955385,-8.113663348311533,6.068478714070485,1
0.3339686608589598,0.3388106102705966,0.00639538524522405,0.011901875494592123,0.044324307005993324,-0.01400895924267007,0.004760950528706613,0.06556763777388408,-5.280535508252562,8.723806021517227,-4.155446986272242,1
0.29044443630144073,0.28977443333427827,0.28371844001753416,-0.0289007301983788,-0.2621055450396873,0.2870106752130054,-0.0076587994390518305,-0.2646969829560395,-10.35595061111568,27.928701524502472,14.976343562182837,0
0.31995672846234346,0.32040900130482286,0.012810388058620864,0.09517891845626467,0.03690539571716234,0.03517540356489423,0.10137119805931563,0.017492854898896307,-7.638490372513772,-11.661728508915461,-2.6485937247165,1
0.2351751614876687,0.2192690568866152,0.330485410432036,-0.20484137062980667,0.27400925280373706,0.3339330352308762,-0.23115368758802363,0.2599559731309396,7.622958664166788,44.45919222057117,-1.3013126474719385,0
0.3041478212532498,0.31175802241080824,0.17673707880854933,-0.08071443762745045,-0.040376006290209876,0.17582911931910133,-0.09464292294199156,-0.06513182180946803,36.57865237710707,0.6054873444620963,-5.963294076806742,0
0.3165980227569453,0.31458895447563856,0.0014651088703097124,0.02637153468180234,-0.035522412060053576,-0.017978029904437032,0.03652197476175008,-0.021303707541538687,6.548855072347244,-7.479230732743222,3.4592904316348694,1
0.3589752692789773,0.36179042456257704,0.061476887196292115,-0.0674286897514595,0.003833446982864294,0.047351343865567816,-0.095055077248048,-0.019671586528644282,0.7979954359609973,-7.7301002808925325,1.8097507039062322,1
0.3246874793564234,0.31899907845805675,0.12694761898326654,0.06606936812271222,-0.08748964274454113,0.1283652491559476,0.08369730678169798,-0.09947475622678303,6.118851169967492,0.3302508228405596,-6.80491007946957,1
0.2844096153808151,0.29093626437860826,0.485190019736673,0.3717372926883822,0.33455543542338195,0.4978803342200229,0.3728378229137518,0.3231419309724593,11.773902395477158,24.63204160560043,7.356735586646064,0
0.2955793854788763,0.29912562793289627,0.31041714928948305,0.203580256991852,0.2570262118244844,0.32856871545797406,0.19265441830227467,0.2501348030032612,-15.024747920258893,26.45894525012035,13.850898716107231,0
0.24648626245774025,0.24505298963982375,0.10673219360693088,-0.05440644555536352,0.027521796045809982,0.08035204272138419,-0.035073632789735104,0.03641281982583804,-10.779996913236548,11.553290430072039,-0.495918735797245,1
0.27665027124217906,0.2743890456528997,0.03521693456773099,-0.05722950490880017,-0.06037182731360116,0.02437434911448326,-0.07571792148481771,-0.031052103988996223,0.5707725816862705,-8.744968527220117,2.5485737827096067,1
0.23274742030853238,0.2269912422086114,0.3091645123559985,-0.2927033981486258,-0.27160633038042076,0.2902612188685033,-0.3006182257014744,-0.28327830698914247,11.736486143237663,31.59333568315599,12.58546135717896,0
0.14360642969105347,0.14185723736314362,0.004309117439982413,0.004035999308706649,-0.0007930863382468903,0.020515708267041792,0.0043201261310929565,0.02308167285365356,-12.864696479413817,0.22414025311313424,-0.8301971251968752,0
0.14731098044301477,0.13771559787653764,0.11301947803900994,0.050822128962153074,-0.08296704075871017,0.10471033372935898,0.0766080196249918,-0.056802511569327696,4.7561062938156375,-5.79259857579173,12.261312680049691,0
0.10296644252782586,0.09148289544325625,0.10845688512392346,0.08791556819895882,-0.001945428810674818,0.08449821191469628,0.060830961354552515,0.0065348796553149485,-2.235077600406827,2.3146562844774277,1.6161178025559693,0
0.264279459384091,0.2818532120221376,0.04873242290929683,0.01348131492935463,-0.007544927943943597,0.07842410712761336,0.035297319120603875,-0.036123083816819515,9.340744447552012,10.592255449131862,-4.488425132350546,1
0.3576977630715412,0.3507619251234467,0.17932771132904402,0.0959243362248576,-0.01538272273993449,0.17651922743198797,0.08630408405311543,-0.034561499441865505,-10.06367091804804,-4.234237506015996,-4.1965699940643635,1
0.3562616567303229,0.344736019878771,0.15926625949500173,0.01807677007382784,-0.08357641824209194,0.17071753443544152,0.02626846553479402,-0.07570772635091172,-8.141034224171094,-10.155018127828795,-6.2721101656150235,1
0.29017331498875154,0.2889873047605669,0.1021942078368755,-0.08617201099854771,-0.06593618237763421,0.12394707586137502,-0.06604019911188222,-0.09060045779461726,-10.340684100813252,5.469141407964525,-3.391040500445749,1
0.2907332591147224,0.30370258050429516,0.0951483390641962,-0.046926690113284035,0.0927314885221586,0.11619237315397449,-0.07549839744310372,0.1127957312049688,9.875692925634947,11.349722405072704,7.950713155352368,1
0.34393614283193846,0.35261335302658064,0.06510324150398702,0.009828115377115948,0.0031780800888667055,0.0871581329809456,0.0022090014017799933,-0.016423394317378326,9.690976993871292,-8.042030193393275,1.2489722109870787,1
0.17286367852445655,0.17974207094184053,0.1975130669002196,-0.08331628910606458,0.17461775019927964,0.2229831788150287,-0.061189380020285566,0.16030023768061707,18.304859163192972,-5.367547775149102,1.6158114523598215,0
0.3208201414117002,0.33029331709224,0.1646278639869171,0.0425772582864202,-0.007274849019997642,0.14991420943276929,0.021124742623476387,0.0025240677423643623,11.386608935618483,-11.056334807201509,7.790275240608128,1
0.15226421368070606,0.16466886528468136,0.15832171203121626,0.03550140537531743,-0.1448934126779497,0.1464072411318103,0.017107843734215616,-0.12682921451190438,9.860928004978216,2.151067183033785,-12.333861421997375,0
0.24656230541869717,0.2626673459770923,0.019707718626146738,-0.08092930936342796,-0.029659521829947313,-0.009512680453545485,-0.094093992131463,-0.03982348858148864,4.830499370624583,6.97557135841188,1.4434123895139948,1
0.23596933003192097,0.23665108507145663,0.27832890147570727,0.12329046440175478,0.0223815364839815,0.2525706678356012,0.12241843581084202,0.02237093151492021,-3.988821321835637,20.134447219390545,-12.654775523560476,0
0.15965544802524553,0.1457944194167252,0.19859258021413256,-0.030852122588507364,-0.1377229424106065,0.1762484263990587,-0.015453575553477088,-0.14865708500059957,26.06143662865822,-1.540877304236405,-9.154761485208427,0
0.3276425178741312,0.32322867842702147,0.03112990855957405,0.0014585403164086574,0.09835489518574214,0.05496804054481967,0.02428135832407019,0.10052691997242466,-11.903817486399852,-11.602084754458634,7.889353310888104,1
0.2804557124988549,0.28794403541872576,0.49140719933315324,0.32648463847215037,-0.20493450083522552,0.5141444374237082,0.34832420332513275,-0.2325713840136707,3.6888685133469536,25.20800365324752,13.778345507243259,0
0.3271717586156906,0.3187775164508931,0.32949144571205735,0.10962472137111795,-0.23742509821299373,0.3174628731336219,0.09810494130726782,-0.209543747414079,14.823068555288671,37.0428632475824,12.176839221154165,0
0.2589251242319942,0.256678312372656,0.3024536828533372,-0.22547774830633283,0.20342440746648638,0.31427281778881005,-0.23080567762394338,0.22385967682434574,19.34867846092257,20.401757252339017,-10.855147978184366,0
0.352170561617432,0.3632074703300215,0.08369996859063228,0.07321174303676722,-0.05128628883888864,0.10289936545735864,0.08465403181804526,-0.07333920495023638,5.701587869359127,9.10142056352558,5.034660257292456,1
0.11557035054166326,0.11966337500498812,0.0053036527058683836,-0.004792250579235153,0.0047324196556606316,-0.017927141242584682,0.007318484221417854,0.032907849309617716,-11.333347954046832,-6.083015175279214,2.0508264047797127,0
0.22756616944619545,0.22672661369512692,0.3093882517075386,0.11457898006437772,-0.08309340256166411,0.33608637223294746,0.13106978240427875,-0.06864536841467203,-7.229403304126025,30.84506665376754,1.7800083210893902,0
0.2810794337879851,0.2993816758824636,0.20242304579864184,-0.03894059533546898,-0.06669320652349486,0.17662139091913892,-0.03499536276783798,-0.0878491338709669,23.871322973153386,14.387335502582989,-9.9297468077806,0
0.12635227537307614,0.13486397829200195,0.17112339058688258,-0.12362900032055081,0.04421742467327425,0.1706856060955003,-0.11041374768136258,0.018700620591776396,-8.307608478293833,0.38800780343715324,9.907443998234012,0
0.29403760500353954,0.3012418161575847,0.1774191434199789,0.07496362499583573,0.002093933084281588,0.18371027494626255,0.09766443469806664,0.02292076485789038,-10.337097711669447,-6.612190779074489,4.422377270020558,1
0.28834130692076904,0.29170208594443675,0.009284317992805137,0.08661504829568892,-0.017279371941422733,0.024816172408362314,0.07723508721254033,-0.02541794766131197,6.814236858027989,-2.008476270436793,6.997765145260553,1
0.32255426675485777,0.3309998650929275,0.17087952168988507,0.15884174709300886,0.06323356658029525,0.15312905514774175,0.1575687425847106,0.08070424650510358,23.031516243690067,13.813425360129543,12.851571077888135,0
0.22255149459388324,0.227451843309681,0.2548651598245809,-0.005594477910577628,0.2130041022803244,0.25349094876389117,0.010883435936943832,0.24095080553588263,19.136104463862587,33.99594841557361,-4.449378030291216,0
0.2856233702811135,0.3008195301363713,0.06341026133281519,-0.09416067898148382,0.0686508726224466,0.0562588436719364,-0.11606811487872995,0.04520255745881084,3.020013967353224,-2.006276283808866,-4.0714752105843885,1
0.2814740006065491,0.28177085316321765,0.1642859983335027,0.08395548307245473,0.030177185264733286,0.13754461488514513,0.09622122508545942,0.027374349762822457,-9.342236633455396,-0.4273730482007405,-4.074746140415092,1
0.15112155239944525,0.15492894138057584,0.13633112300304237,0.07669791429235612,-0.07836638127233782,0.14346314537843427,0.07494460882226603,-0.06904475342239227,-8.560360771409908,-2.741456643663758,13.88571944525859,0
0.29853347619010784,0.29811012145978827,0.023136616432971355,-0.09310797264433274,-0.055153130344154526,0.04703076621915442,-0.09971313068572013,-0.06598830678994107,-5.740542294953494,-11.658887290208593,-4.542551386604906,1
0.2821761957898843,0.2922384832160401,0.1570009010098058,-0.001989542596903371,-0.015680015012597165,0.18049880789695277,-0.0019236586521144405,-0.03623736965190941,37.80991547929504,8.965410476386708,-13.777762298861626,0
0.32374131601824313,0.3242689735758695,0.28870928921385286,0.17276011619246118,0.2511252985865329,0.31292169756504673,0.18393511680445856,0.23028965779074176,26.09813270053607,-0.038654408430954135,-4.435185123383171,0
0.32418001889090475,0.3312727948075193,0.3546435111101254,0.017111317057041886,-0.24101882785200174,0.35148891297707024,0.04165264631313929,-0.22186810566679052,15.562107506592618,34.866573349731766,-6.869042586593322,0
0.3076265501346232,0.30810981160277773,0.03208428056719683,0.029189514183377063,-0.06161545829693121,0.005396414559681102,0.04777566492625434,-0.043846532778061546,-10.475199640911926,4.447565818061815,-6.228881867112088,1
0.328613475613419,0.32844723343098775,0.10070833587646034,0.018525664898402322,-0.004514982948307628,0.07837720803178837,0.001275401211723523,0.012400772398955325,2.4062675512529204,-8.744300207142,-1.4584442701207152,1
0.2994839143809622,0.2897364688885512,0.09124329302499719,-0.03716050270623865,0.0708662063289186,0.07477984527890784,-0.05797311601813724,0.08227199751168346,1.8003609976440877,-0.12250045455495595,6.574166449529562,1
0.2780278028482275,0.27591230800966193,0.1207922578525576,0.03556820813556086,0.0028058891199082003,0.1333822644896892,0.06029068486571286,0.031057522833166096,-6.5172613083706326,-8.605021897099771,-0.20774168136910198,1
0.11256146535435177,0.11734608414842096,0.185295195469844,-0.01845911067975789,0.04627125313115077,0.18675491764750368,-0.04042104205634129,0.06917482561173041,-13.290442009006089,0.9762902261661281,6.932990204712375,0
0.31410782488996,0.31374465063390616,0.22745418386805574,-0.18480431422960686,0.21772225374677087,0.2281175510981413,-0.18492757100237456,0.23692718403576607,27.602868685896595,7.276211342638387,13.451213220121023,0
0.32307397186057835,0.31986203951592534,0.15451820731317284,-0.06324158602877834,-0.09983507663306293,0.12873220956637504,-0.08982679390107129,-0.07487350134311628,2.364683737038387,-3.507392656239986,-6.019402702125797,1
0.2934410583923389,0.2905109309065339,0.12306828833223184,0.052125446422223276,-0.04093729853104982,0.1213906250954265,0.06555343235814187,-0.040311044386803246,-5.1683896050525915,-0.22004240980359135,-3.623210983576042,1
0.3274182836701331,0.32491431718434016,0.11797340392522172,0.04041850240011749,0.07779983909030785,0.1345732215654953,0.010734109797141473,0.06074249643769476,-1.0489145685501775,4.068507562743953,-0.9358727206421076,1
0.3126971254831317,0.316006444227624,0.17760567627333532,-0.08231224614506905,0.09490017850845783,0.1565593399797507,-0.05248810548049443,0.08764768217395075,-7.103684482703018,2.95371608548885,-1.2786629551553332,1
0.29472586429032055,0.2851710534047443,0.00010279015257100177,0.05723008775664892,-0.06676596229287399,-0.008436533844807656,0.07693426074717022,-0.04504856939274666,10.197984427720275,-10.944534051346452,5.13259735303083,1
0.3245777604094783,0.32709201800331317,0.14904776911105952,-0.07809505414358552,-0.019946289570281522,0.16896670556321558,-0.07745556304078269,-0.012326599173850927,5.604518106623921,-8.071126523547395,1.0643787205714101,1
0.31151073112319017,0.32176377600918094,0.009987477574376643,-0.06627624763368642,-0.06776155141532716,0.0014367680982638933,-0.07970147917165173,-0.06757092120139438,-4.750769774019555,-8.522060235399843,6.750741132388635,1
0.28197276896713025,0.2824863818984487,0.33684704694425266,-0.212561291906746,0.02733919392489692,0.3187569636943871,-0.20535344007044404,0.0356297421031556,30.76000602625027,3.8613399693116044,-3.440923535900195,0
0.11718200485872564,0.09928024782170594,0.0744882853736952,-0.05466650407757921,0.03099816642984128,0.04799562367051824,-0.08293813146862383,0.020231049904554137,20.694051359628837,2.9184231100274367,6.7044601623976305,0
0.2594242024073574,0.2671217636367697,0.13617285617616137,-0.06859773516964163,0.05566051895021226,0.1419055188991691,-0.04344440920749862,0.0481968772779344,7.152188517230066,5.918423137322918,-7.689235391060153,1
0.2809501768450739,0.2878689323348507,0.3172458911811843,-0.12607960154668085,-0.2617991253918155,0.3308189617089219,-0.11885981405843266,-0.26490306691909443,5.586732405134136,37.262828323017615,-0.3164449851324509,0
0.2947009220911676,0.2975074866739804,0.4570554959844143,-0.04248332026041607,-0.43825309562944575,0.4608604933542988,-0.029547999618419613,-0.4306864976680558,12.487069040938714,21.231037333310418,11.644683709987522,0
0.32659756728126815,0.3296254896985453,0.13422344257829724,-0.045686925891184484,-0.06377612244726372,0.14479247411828822,-0.05987756831461885,-0.06504329251116711,-4.125048386050819,-0.48373247094259675,1.1804919530188247,1
0.2962852194823572,0.2955549954282361,0.016259702945056662,-0.018757177198311978,-0.019295971539336598,-0.012380796597592832,-0.030499787489730017,0.003483816751437205,3.560463977031496,1.186895207114425,5.996076517425376,1
0.26654874980512416,0.26594201186057154,0.3598407247671711,0.3122595965754221,-0.02111333774192603,0.36224068373027857,0.2934862347936913,-0.023898334000988123,12.032488894330456,34.79667255978575,-0.6292077485952579,0
0.27326711907034495,0.2628700330170564,0.11030502143905696,-0.06375882503232241,-0.034757771946179974,0.10582674625316545,-0.03574131029343718,-0.06154060106379816,-7.302971635456141,4.719926399763299,0.26516013155698914,1
0.2520935167372815,0.26743735827495024,0.08456415987146902,0.04669898091256597,0.07567314676216033,0.0887601889899606,0.022975886720852483,0.09991154421484273,-2.902735319104675,0.4084676843863022,3.8674625683157586,1
0.12899052577182812,0.12492923239369294,0.014328839318674208,-0.010984422117351442,-0.007735599435718382,0.027407470790966858,-0.019783790760955874,-0.02224468844895276,17.298474309380254,4.005255447212983,6.963845606241165,0
0.2922930224334073,0.2921289167361771,0.03427551083994291,-0.06139849276824674,0.008347714332645667,0.010174506307494776,-0.08882103512570808,0.021629846983476066,-8.906942287908596,4.533528191732042,7.103154013801545,1
0.2719844473942715,0.2786503958973168,0.1320756295388249,0.04999670758705371,-0.03070142773739025,0.1299740369104441,0.07867172633148412,-0.03600686760574666,-9.027125403258696,-11.017272953142726,4.437490040466857,1
0.32119635525804496,0.3305272311313914,0.17769353976750488,-0.09102393550474469,0.04961419181597854,0.18340490089503042,-0.061549257816343024,0.03507123718628828,-10.275308019816958,2.2111877976880034,4.097204518851806,1
0.2760189868115805,0.28541386510179384,0.20356725732757003,0.13282467343593912,0.1957392835232485,0.18515157319262174,0.12207108740168923,0.22213811852936807,30.580582468369283,-9.181865954521122,1.2186864793816348,0
0.3466394224722542,0.34105015807249334,0.12347777818341311,-0.08197635126483423,0.03863542389180216,0.11311012912056531,-0.059402724614464004,0.02476505702511164,2.4868983067572437,-3.898890079344996,-3.828224035892566,1
0.3247114528864391,0.3243501693632424,0.06428080726139133,0.07037357114930887,-0.051804567947376534,0.07101420988391227,0.05620073367985487,-0.07146253435352169,0.9214437620789937,-7.580658788419621,-0.07519013782652806,1
0.31171233142352933,0.30995001818283235,0.3394430018968927,0.3239703162448856,0.12120737461497971,0.312697621914018,0.33224390829078176,0.13448375400183357,-17.355998703205525,32.72091041306591,-10.237016602719642,0
0.31754137523112114,0.32967896501038996,0.061073025964796475,0.05276057046604801,0.04565977306813179,0.07959609827053135,0.06741699350498298,0.06700827719016134,2.4213894362012525,1.4035481617402645,3.7552558223933676,1
0.11645449454823319,0.11793413971937776,0.22143989804013756,-0.05073533233294483,-0.04714431544176878,0.2495693688553338,-0.02720172213045058,-0.07192484996060348,11.938366568142332,4.663169640502529,-14.621472885555889,0
0.19762005715340838,0.18087685603649092,0.20526708841286592,0.0313767956133012,-0.08773070905099994,0.22563237731268493,0.006037998798913362,-0.06200155742468562,3.0999101721651847,5.724123008527435,14.252679400072175,0
0.2712513581703074,0.2564029100120163,0.4371915933027697,-0.11746678275861056,-0.23859975572537256,0.45449899048325737,-0.1327692277603501,-0.2368509215151248,-2.101340912979456,36.51904036813839,-12.491509218674477,0
0.26084595757403845,0.25349679241043543,0.48706343095081683,-0.42659275380043404,-0.08423332170471776,0.46930353094604776,-0.4224506827524238,-0.10615979869076347,-14.938249858679576,42.121347569611856,3.951631664936013,0
0.09114589555997354,0.08654752951795486,0.21781982892662766,-0.07518419094367756,0.1310154663105903,0.2328639137198232,-0.05561281359256427,0.14690627505433954,8.219679206712318,-6.471216673604285,11.106803022811391,0
0.1052263546707909,0.11007714601263006,0.02777141231540073,-0.0067911266955640315,-0.0007667542990031327,0.050997041748701503,0.017696242416164097,0.026821228421215513,-4.665688317881852,-7.664405901341382,-1.3414508225724582,0
0.27386142427888194,0.27128792529901696,0.031533371505190574,-0.05609916981033139,-0.0044495489294092555,0.0520996481617563,-0.04881033635822275,-0.0006720777022317659,8.988134378716282,0.0008691585033506755,-7.113727012555238,1
0.12428679380894682,0.1243746893500017,0.0794147205823302,-0.0049195724543018154,0.07840594821381025,0.09515203784968343,0.018382301686283978,0.0791069458010293,5.039763074759364,6.2387975771859985,-3.715239756995011,0
0.17922283046419307,0.1798140427464679,0.19966232811110501,-0.15160496861462686,-0.0024079216487511157,0.20623876205974012,-0.1769772026169764,-0.02161682244254634,0.5629370140246479,9.26528031427879,1.6379139057931589,0
0.2572253275783086,0.2535266633692564,0.17242556989837232,0.016878489477722677,0.03582267331441358,0.15621881897115614,0.025989792307444984,0.029772011113006737,0.7523700784668446,7.356797943508923,6.342080792769941,1
0.12078984581489444,0.12073719816923242,0.05476511637956266,0.006463954638195102,-0.032612031507184155,0.05011789042783289,-0.010721128254223306,-0.016895967840878726,16.670540341638162,4.957465290269402,-14.810755760994873,0
0.1613314099932952,0.15891402564499468,0.019927758731324713,-0.016333413529983378,-0.008617288965997068,0.024599809785925825,-0.002231279984817088,0.021358789821968066,0.5112894023702204,-9.446013022366515,-7.706515066969432,0
0.3314378433000303,0.33158716259465715,0.2897422634146034,0.2780680096254936,-0.06615641738553316,0.274901987311897,0.2848652660749734,-0.09083674490051659,-11.945252923780082,35.011622784880394,4.4593527833161986,0
0.260372023009366,0.26264695118527015,0.006964932756655592,0.02178793466759847,0.037707651757791394,-0.020121125914259692,0.02900048059115127,0.04320598303257723,-11.919305130446908,0.2588583358620138,-1.9700073841636172,1
0.27479280574288206,0.27465416260242637,0.03266180195425932,-0.06249371068555834,-0.004157347071610196,0.030419621123223183,-0.04360718977446684,0.00962357254404863,8.22358177609284,6.192042363200315,-1.010367879395611,1
0.3293327421008121,0.32434324262941255,0.20434215169408615,0.14292772933889625,0.004554748951953486,0.20841742777779065,0.15610402276860783,-0.018592467786892268,28.838450907492355,7.911647106977153,3.9710350142576125,0
0.2948189245772823,0.2959001489335525,0.011185053144097895,-0.0483757000700884,0.06080675567683097,-0.00717494418632548,-0.03932776237901549,0.06591088104240221,6.041431794565199,9.019599189537068,1.6334052160270733,1
0.26376658423271193,0.25623250722926477,0.06338168530659606,-0.042505396290315405,-0.06509257367464234,0.05757810028241671,-0.06768875706607318,-0.07932879788975233,6.33782528211097,-0.08907017209833867,6.707929315475612,1
0.2988046411263658,0.2976026298925043,0.16685446206859433,-0.04189566787878335,0.10891904853664819,0.18887906573202315,-0.047696187687892036,0.1354721945912432,31.379273439010213,-14.754052193593076,-1.1098024048347668,0
0.36055388964063956,0.35366992922485485,0.13848128116588598,0.007470416181510869,-0.04904571346212068,0.1430176560069798,0.012819910846058873,-0.06635744543689152,-4.288669130757487,0.36874437190529363,0.67332671665201,1
0.13668744422137175,0.13977191612929132,0.04468038431595481,0.005320499121027243,0.03805951808659924,0.0473467715828568,-0.012358069917057929,0.06019325279069633,20.29177336661337,4.084186838208623,-6.384386603693674,0
0.29543831494387734,0.2988149125601308,0.09873935687154363,0.019316091076058292,-0.02347414540308601,0.1044629236381401,0.04734042304587579,-0.04632258433964774,6.573492602108523,5.364837213517163,3.428790595089822,1
0.3418639918487365,0.3402584124297756,0.106608040048325,0.08987416571830029,-0.03712307155311559,0.10579883501252613,0.06907830596042075,-0.031191369329431687,-2.4498862462847946,11.46419199607,-6.27961210605155,1
0.2887368115435944,0.2962654803661275,0.23999865483349475,-0.20597972528277178,-0.16334386246758065,0.2426407666572265,-0.2208560393022204,-0.15963946813850985,32.132548161455276,-2.9413223879412023,3.2011212911908373,0
0.3149890714162032,0.3093126540597232,0.12259475314811645,-0.044126881410300633,0.013862761682282482,0.12263272457735079,-0.01652548593329619,0.007504488493313723,-6.233790096262207,10.71157025683081,5.762722501586673,1
0.242036563082202,0.24126960522101334,0.14905507462121645,-0.1124302675353833,-0.08917936925449849,0.15939366144567751,-0.11850435370899357,-0.06905062002647974,21.571507344987598,14.404516225852316,9.290572418291674,0
0.3444193095345404,0.3413848192313822,0.17291273141318989,0.044367266446722675,0.0835719993251468,0.14854120085365338,0.03910976130455615,0.10610434199678098,11.620446358751995,-3.5507838182582834,2.2115768468213908,1
0.23355098727073056,0.24164947036811305,0.20240296890502069,-0.1585477929983598,0.19619652181733033,0.22804717853738227,-0.15873952500784044,0.1845995054449348,37.63140402569118,-3.0054244997630324,-0.009735863421852287,0
0.3313739445669283,0.33084480600349375,0.035034967413354164,-0.00665579925459317,-0.09123924684255424,0.027262549775446298,-0.008482450578044694,-0.1098709652974971,-8.297052190378853,4.393174877818911,3.916194494525074,1
0.1437003246858949,0.14213190648372034,0.19136174578244397,-0.02263950763448483,0.15068490988698996,0.17531736098383152,0.0010353921349229717,0.14450661515836688,23.169473769670304,-8.034447766444915,-2.2663410504092543,0
0.15396678950579729,0.15453761631962978,0.18180649930213472,0.1500459876659636,0.008276715653190131,0.17318371101436325,0.15274454528366616,0.008584899758596672,-6.044659997194916,-2.790779398593701,-13.446371462348308,0
0.19250332816528612,0.18449296984379837,0.24286646341171336,0.17650671708242327,-0.13893374030569391,0.24776493434157265,0.19354720967445496,-0.15452644953980793,23.602183284212913,-0.2008710065478958,12.635089537045754,0
0.3035884304116525,0.30156901573198935,0.16618023634853096,0.007855196450716487,0.023404582032112153,0.14736755394020562,-0.008988498493898052,0.012797019401679127,-10.242096331978766,-7.724780550198329,-6.3847808112301845,1
0.14055923601299708,0.1378148821203489,0.04732737991991995,0.0333093017610645,-0.03055340672250863,0.05223200875342981,0.02441982288250958,-0.01429215142536604,-4.148671368033277,3.8541576876533377,9.370371635825453,0
0.3296455266301212,0.33906010302201184,0.29447419909735717,-0.20212844592034007,0.11515060003739169,0.2939144346218799,-0.17687191273192565,0.12283415999682831,-17.781418778900814,27.407782196786552,-14.827525064200032,0
0.27108420317761567,0.2672325920381961,0.06313211131379012,-0.0179898973408045,0.03918672048043376,0.0743355632872732,-0.03309958464779085,0.04070993645154456,8.292478509077462,5.302036561888237,-5.216199054886376,1
0.28293570366283793,0.28841495530446537,0.09990184426918296,-0.08118013867275507,-0.06913925625546312,0.12559616315591288,-0.08617789248780727,-0.09892228156836666,10.363070869271603,6.276185947677526,6.763825533202677,1
0.3087352045313063,0.30798088019455366,0.13870967987491775,-0.036575867624972364,0.03079462934338628,0.1306760196079047,-0.06365582033452226,0.0025725425019697476,-0.4444697395488362,0.07581242268047994,-6.559119395485444,1
0.3346284168991159,0.33335929126034736,0.17330533696110847,-0.024000573911439393,-0.029880030094425067,0.20081531014255616,-0.0409306011904044,-0.05881147719624483,2.6523654379295074,-5.249913259402106,-5.738394658956972,1
0.23622697017192665,0.23217887534593193,0.35710436540922275,0.13660327689800034,0.15809710526108167,0.33108589825398904,0.11995966836663656,0.12887515858681484,-6.270935884706006,44.63848298248577,0.4748075688669289,0
0.3378274121605761,0.3337352169014762,0.0998685720677823,-0.03857374126759423,0.021690073958751582,0.10487818515595687,-0.009089858334456975,0.006174677936205143,-4.0295714918158865,-1.2394138241169905,5.802626012049458,1
0.3513167147237418,0.36000254224956624,0.025232353596599713,0.0919362438348254,0.018952500695020746,0.02723386884748178,0.08136586398263036,-0.00473204367799223,3.39984972871817,5.038233075421964,3.2659022456732956,1
0.35323107436459394,0.35181435413405,0.17054874810806128,-0.037056510506927334,-0.028967022601225634,0.18286509267672038,-0.06302716984282897,-0.05664194270951986,-1.141194363965809,-2.0121196783850195,-4.959276544646453,1
0.2663667753314598,0.28182866325459427,0.06276758200136705,-0.09718926241598276,0.038491164109971165,0.04173097921169952,-0.10674563562210657,0.05001289257387818,-6.054541542300205,-3.5662935228393025,-2.6415729506576078,1
0.27240193420225567,0.26668827825540353,0.14667766968336707,-0.06627102363900428,-0.04327977007888522,0.12589234170023245,-0.04966970305804686,-0.06440295528060253,-1.961344338519197,-4.214264060601478,4.773613004157777,1
0.33105024102982333,0.3272025035334993,0.06686971598173029,0.02982053092552256,-0.08466402935631245,0.07731596715908552,0.04464533626138651,-0.11095872652207234,-0.45826445835358953,-9.683544811912617,-4.027453749116351,1
0.3347956438356126,0.34223251652601283,0.11602896117018004,-0.08454679394926928,-0.07156279739699456,0.13572246280903932,-0.0956049795989777,-0.09284253472336602,9.604461482516314,9.227955554508021,7.229319179159502,1
0.28933621102956664,0.290364736155709,0.1241892053301731,-0.02863446546840527,-0.0865412304537689,0.1257870613248866,-0.04238267843068401,-0.08330948157539442,-2.332917781334487,-5.745864132445634,-2.8011198206206114,1
0.2657286429823107,0.26781474499501307,0.033225245248436217,0.027888790797253482,-0.057986170588119085,0.018470319953909513,0.03978027837440995,-0.0663626958801873,1.274098174101269,8.035486299453652,-1.7628856246065592,1
0.302447679398696,0.30662625247264413,0.4731508454769445,-0.1709918913569612,0.2845343939573576,0.45600169460651735,-0.16579601666361415,0.26209201723621234,0.9801124054590069,33.31224352118021,-11.685413156454079,0
0.2211418015770704,0.21833350537970064,0.11360672411931083,0.06608101051505497,-0.08857833530454205,0.1254607223380545,0.09591680000042624,-0.11278988750831177,27.422879464159557,11.548246927259044,-0.1550712376995591,0
0.28605094852889346,0.2709083607530596,0.007801609867427506,0.06415587540823331,0.016281395258463255,0.01656231330567788,0.07822190521896316,0.02666297108117288,0.32924498800929314,1.3067971679166615,-3.960779860854542,1
0.348085714533489,0.33975178360215297,0.020514705667325692,0.08491851066372977,0.0807843864822772,-0.008166693596213137,0.11377269475135292,0.0663331774248895,0.45956607805410776,2.9938137068928263,-4.594991196777572,1
0.284589333029165,0.28063867616050875,0.11074140909635258,-0.056370163087793704,0.03258554011212372,0.11978819923080114,-0.04425725986291823,0.026755900511725828,6.4046764872675155,-8.000732567316614,-7.298267465313344,1
0.310758603203225,0.30652329894523633,0.08848183812065981,-0.0026035835390009615,0.09325937745208376,0.07763227642669959,-0.017247238626156333,0.12322391297534405,6.15106132088281,-0.07249054895693163,-0.3324381937763583,1
0.329792861310791,0.3272740537784991,0.3876607271570549,0.2397758846656508,0.09459690915276936,0.41089069192782746,0.24586695856702181,0.12319180558292697,-7.604806066629681,21.274667991466856,-7.108630565235127,0
0.3243160035305335,0.3354869827678401,0.2744319797516346,0.27052262936110927,0.0776300713882972,0.25308326484229743,0.28809374074907224,0.09605747994541577,-9.98525850577398,20.369960147118633,4.307304630115265,0
0.12932000157391832,0.13190174111836875,0.19455598116276895,-0.09997350916750143,-0.18235932829643944,0.18994392071652666,-0.1218380936900098,-0.19257459606165844,1.3953752681728844,7.732217928762385,3.862533367556061,0
0.32214223351012616,0.3112023533872621,0.05014908947402117,0.041788903804323596,0.0896295369029668,0.04860364435954437,0.046032740171538376,0.07847883018766734,-9.802563975106345,-4.172096591914415,-4.245243752614494,1
0.3018802623913183,0.3128364784910396,0.07415545032215781,-0.0069796143071808175,-0.058344001112838974,0.05379281681073002,-0.018547546289242028,-0.06837567878548295,7.4851560169902704,9.93611293082322,6.570624676000698,1
0.3378643341089824,0.328226034331362,0.12164120069891049,-0.04150159662998254,-0.03470051335437231,0.13925885305530702,-0.011691599207301118,-0.008624258414652683,35.72637370909517,-10.317148346389528,-8.810700329452173,0
0.1379795117128631,0.1219067501516439,0.23573518945300942,0.06732353761927229,0.21304118791689708,0.21492166657684683,0.0912555527396793,0.18315215533677093,13.518242935078085,-4.646898960396484,-13.2252262772374,0
0.2516535074317927,0.24686048677749511,0.02070770676519645,0.026769373470715424,0.0142232203744318,0.0024755079437634823,0.03754200478776182,0.004808121387195663,4.463977448923522,-7.727066199281713,3.625406499474673,1
0.2694378419438333,0.2801792689822755,0.13045251932123259,0.0591590009610625,-0.011756899077723787,0.1434736876870059,0.044169264129364276,0.010826785967328965,-6.931350719302608,-7.464950778727518,5.703936014425468,1
0.2722055281713712,0.2710154979561181,0.03394036285985537,0.04390690779234599,-0.04999822316215359,0.04760606165180862,0.06118135158480637,-0.07568871088783413,10.354794177084052,7.8633845852056545,1.4144180411147715,1
0.26457792573286404,0.26340515172535656,0.08941280052925157,0.04596378421276079,-0.05945564908746335,0.08325536942520712,0.05334889966097406,-0.0340747695445982,-6.9278449617125215,11.473025769735298,-1.0462342282047032,1
0.3250224695391244,0.32462036383944737,0.2733270075785308,-0.18716098509852105,-0.07469915892384854,0.30258037088960865,-0.16346009255078842,-0.06442815922411152,37.04909073466891,-4.212739588890162,9.451550665357338,0
0.24762619608675043,0.23849971665687955,0.09110666801530712,0.02452593481615875,-0.038633232025431966,0.07393575730284097,0.04952763950127974,-0.010038432618031924,-1.6403950055699354,1.3031552467103538,0.8407670363676782,1
0.2942470752944193,0.29496828180689655,0.16917067687850107,0.06981941506619005,0.04730390439311999,0.18392731882413235,0.07833602369165692,0.03416042009431128,35.616742538342564,-0.7921095322757257,-1.4772320366815688,0
0.3310882305928809,0.3254545550404966,0.07812084179716071,0.08935737230293062,0.006857176428681111,0.06859517007644292,0.09102659167135904,0.01702598772146282,-8.220411144583585,-1.2054133968653318,-4.753731283103736,1
0.2369101407122374,0.23825458224480614,0.1502711417058412,0.07140213390445235,0.083340078152393,0.15604156074555972,0.08193576433395036,0.07416419815716373,-0.5239330167396226,6.906142166894398,-4.878713614061123,1
0.2323411161073546,0.248537745835202,0.13391197933890994,0.0962790771803341,0.09856355055071364,0.14515219651245628,0.06922202840480118,0.1181097343451672,6.820734104230212,-8.107589320894954,7.6433512946099444,1
0.08417245027372304,0.08879322620750305,0.12053111246067647,-0.09891431416782265,-0.10247290604478435,0.13905339742647294,-0.07497715090581912,-0.11492841643277737,8.015948440088678,-6.048283367716749,-13.88298044870136,0
0.28092100479700477,0.2815909273430196,0.14668240662936044,0.04976540009366895,0.03358477401170726,0.16946899399301268,0.04822832806835103,0.024065973343149884,10.08961135104143,-2.2098097348477896,-1.7652610242741495,1
0.28908303912544814,0.2848794842118979,0.3145647454323588,-0.08039315593772403,-0.10783643942602308,0.28887068981962577,-0.07966685035717452,-0.10015217934630732,28.493798346116815,11.85134158972512,8.38263830219336,0
0.2646682266519389,0.25912419322286667,0.03092322481440038,0.08020172583414165,-0.003076612181096783,0.02098277654904803,0.05722468208499907,-0.007760610859920466,-3.0505961770447954,1.287761815153356,7.702357325313782,1
0.30818814533880623,0.30219366406090875,0.33357456909987904,0.29590531280311994,0.18685812461668438,0.329011112843853,0.3133833928012689,0.19325350748643189,-0.3960629377709033,35.99787600443021,-2.1449777311447598,0
0.25283880748587134,0.2612804594906326,0.15587893890441443,-0.05577709925780943,-0.07828187660568647,0.1849966942985894,-0.07825401491361211,-0.08356632100717379,-11.757440533649795,5.1649201037315144,-3.894132064983328,1
0.27448364180303186,0.2838860309447159,0.01651081970796471,0.020860685885489866,0.00033995320407001484,0.012556617281089876,0.004574702311789962,0.020431115955883365,-10.149607945168672,8.705867376339462,-3.4445910686026764,1
0.28373988563665853,0.294770659366362,0.3127616348328568,0.05629907140948015,-0.17331212732717854,0.3374574029696651,0.04922757467219854,-0.18964383498020318,21.692604481443695,10.76896360680432,14.332295660935998,0
0.307702576117591,0.30168409907912863,0.1418811167249225,0.03460420879191434,-0.06064665155370992,0.12460370690817879,0.02940395198364046,-0.08662116197819751,32.256840922362834,2.604846922538435,-10.136910091422513,0
0.28239972533915014,0.2864640036501536,0.3660284261012603,0.07286004121396317,-0.3649924570699441,0.3894027921083979,0.049413220402939606,-0.3590282262992598,-3.1450797876485197,39.60573543494225,7.85729695743256,0
0.26817093331579933,0.265685205195768,0.20209593957503852,0.015169435045947532,0.11391224627496166,0.1815311714078513,0.008014454510973719,0.0964004204467813,22.526626561380883,-8.113382115894648,-2.4285514671233717,0
0.3073459450443663,0.31132095045626235,0.12978729984001058,-0.08823029253351365,0.01957120664124072,0.10690794186474128,-0.06200720669328324,0.04325492154412463,7.581629171114258,-10.37934445396672,0.1958875377060334,1
0.22397416819062838,0.22626059224042874,0.20934540493067977,-0.002953867164326218,-0.07908088857585521,0.20756967708665475,-0.004992598331193098,-0.06606531697010551,25.6722606192103,-14.955211175149646,-1.9763016044738144,0
0.23875471711004362,0.2393965666536646,0.15145591834615993,-0.01910218680783038,0.02980087087597863,0.16608584636262902,-0.005944635540715129,0.041215826535635235,35.07572818730944,-3.548895884978764,13.804004322960488,0
0.3087669123673669,0.2993158245496466,0.026413781977377444,-0.03274283391452766,0.09752948955129234,0.055096526724656245,-0.03425022372598543,0.07538476828008228,-11.610469047780686,-1.1398096434147824,5.482473947491139,1
0.30085825969300123,0.30039617267143964,0.15628304311301838,-0.07806882016166035,-0.023811930390273184,0.15534609866510546,-0.10514547455649668,-0.05282245485161419,0.14314604624777516,-1.6241928991414056,-6.262615234855151,1
0.31534669681617666,0.30940154932087516,0.16377650830124985,0.03557760510406513,-0.03655028042105313,0.1546868490169961,0.04055692265677837,-0.03866909535938425,3.4293197829592046,7.96964177875261,-0.38671905040867394,1
0.11732005515826566,0.11621183895783774,0.05300766517783731,0.05029613034362253,-0.0008114612985929415,0.07302866040856454,0.02749428650201105,0.021600203791131853,25.170319578118303,-4.676757707237136,-8.368051002970525,0
0.3195299161768253,0.33235345499785984,0.28027480241043334,-0.06424333606313243,0.17122915221653434,0.2965265936250401,-0.04259428535928063,0.1656475223832521,38.13156303561985,-9.061271557808485,-3.784601980336589,0
0.3184123484514294,0.30556810127139844,0.29857070865623314,-0.22986666815307644,0.19740988991592945,0.3054728736993285,-0.2325935646422072,0.22712601831586646,25.931050014432152,-2.8041538162082738,4.3801942747397575,0
0.2497637500684626,0.25337798230981723,0.011388879269032448,-0.027776011354112215,0.005519342909759126,0.0029572906413810555,-0.033711474788528796,-0.006510030251782303,6.302857294121466,-3.9670123490157003,-3.5981267738618428,1
0.3232775636193452,0.31463092693892536,0.006049794453525165,-0.04487298978332635,-0.08115402711077996,0.0020522294410896666,-0.053708297471828745,-0.06792647793942297,-7.422548224254767,3.3295419095371397,2.055626083278691,1
0.28953101209321164,0.28812743680618497,0.19786155955060497,-0.11339423595583949,0.015375151027465783,0.2233294427596913,-0.1412360683786712,0.02597662315825188,36.57363377938442,5.466188862614288,8.625960005947032,0
0.27948068740970705,0.2745694748627956,0.31503412703030864,0.19537689521154844,0.0531705411252254,0.3378690754927657,0.17830276679672735,0.02317803551745702,32.920198207546775,-12.47514177936492,4.605769779763037,0
0.23388371016027704,0.24300663423318117,0.36300669505669053,0.0826059757337832,-0.17634258079668882,0.3762489007242821,0.10271786298684346,-0.19607764215441884,16.223272084195585,38.138276709886185,-9.383677974237195,0
0.26257550613374786,0.2771145668606443,0.1630111314721478,-0.044276688158365524,0.02957998402506004,0.18272094836822272,-0.016068497484071104,0.02713174976658396,-11.028025153599174,-0.10430461017146442,2.4731194604637086,1
0.27372739788110145,0.2694412047153408,0.26769444397644293,0.10363866136070432,0.22025580123604238,0.28429432302335783,0.10775305650510583,0.23311237860364253,-5.538912455751955,23.95683636527537,7.892266923400317,0
0.2547034130186922,0.2535410074427515,0.14059627984486434,-0.04869033099286693,-0.09361410433582254,0.15815367607848202,-0.04930797789497507,-0.11463078137803492,7.8051255275833,0.14378721146064066,-2.7738698811452487,1
0.3549458093452646,0.36152322240000223,0.011554466766051883,0.011124376238383651,-0.08196060859837556,-0.007994408416749239,0.022790579396909788,-0.10121775564951159,1.632023404755273,-2.637366901062734,-6.69424909596181,1
0.24297238499719886,0.2504990850743569,0.05027738046205274,-0.010605199534711701,0.026125140861935264,0.06618037899702994,0.005645595540570307,0.049435564297665185,0.3063271375290668,6.3127904033133895,-3.7989166005135697,1
0.26626438883714876,0.26105162362849477,0.006697086882019088,0.05833762903546322,-0.06659235851174272,0.0266914593398622,0.04062082659558797,-0.0708288188659618,-9.811931147213942,10.501495701758287,7.416341824946825,1
0.34297826296367856,0.3361519022097891,0.17044061240407637,0.03039246920661709,0.03258430220641753,0.17320898200813417,0.007833658125210821,0.026147827041163304,-0.47925601377079374,9.724471760807411,0.1740343883252642,1
0.3232896901230804,0.32442099927031626,0.15714680154491886,0.021922274646998113,-0.0574632533427782,0.14173322018867276,0.005080668114829587,-0.030548361428592262,-10.8200273870588,-10.929264679318418,-6.579009887775873,1
0.11451851232461165,0.11631465179621969,0.18752296622204415,0.04543975423501903,0.0656938284984723,0.20393354032430633,0.015481229589843649,0.06575542518587389,18.83999389986726,-5.216109160174851,-6.767147621331786,0
0.255205421266364,0.26804679051932434,0.4571356614012192,-0.14156374274888167,-0.22506503746759635,0.4579290290916665,-0.1624167386643661,-0.23956126162033498,-10.551884425164427,23.893299158817808,4.89547536609469,0
0.34726415409515954,0.3404235871586896,0.15051868680615643,-0.06862155742848507,0.061336356666499725,0.17930350440387682,-0.04076651725422443,0.032679624347235245,25.319492691608936,8.062159486465493,2.5046714484714165,0
0.349038881097731,0.3545738788654029,0.16082039514561536,0.003771672077289817,-0.03681418963384141,0.14656802610098724,0.02998046110931657,-0.05235595513350032,6.5282983706637125,3.879870316026267,-2.021476338020639,1
0.31011007397232965,0.3109518998668528,0.16716718707973868,-0.06743778976468837,0.010097120655667619,0.1453384453322411,-0.04739779210898412,0.029349122141042468,-9.463849911316089,2.8199743636440147,-2.1490687458079254,1
0.268741707076444,0.2711925528578891,0.1630477713908431,0.041329139828416406,-0.08905601467058806,0.17652248143782076,0.06508773677189005,-0.10267932589375454,7.182890847879911,0.15440496863777753,-0.7576176589911778,1
0.15057548016113514,0.14881271407315702,0.21261348253459966,-0.19228682698249683,0.1782596864454815,0.23620777983192473,-0.21271525660911253,0.16830136392973002,7.802134384832172,8.475706798496208,14.316541431828647,0
0.33731944416969584,0.3211311788396186,0.33864087805641274,-0.17800691451595504,-0.06218576971767903,0.3509640931534283,-0.16136297488415638,-0.05624149775611434,20.693549659074236,5.372490722116218,3.694628475290976,0
0.26832877101092917,0.2527804150840388,0.15426048906585868,0.05346737885282693,0.07227276078029751,0.12788494367359662,0.04096544024513792,0.056787979468786165,9.479849904999956,-6.48533224936605,0.3360929156579324,1
0.2983456230298631,0.29169373313904773,0.09569815712439937,-0.08653918586620071,0.0794567335066203,0.09144726451714912,-0.07399656805213448,0.052284228502354646,9.849896155959016,1.1534306362231845,0.9048882515351284,1
0.2690610517511823,0.26902327828994677,0.23060635651572642,0.13698780917472075,-0.20089421372431016,0.23344065121887614,0.14876586024855543,-0.22134054437380632,33.02299878090314,12.616746372560456,6.388508523608969,0
0.2568130303598043,0.25180674336871306,0.02230666069563269,0.011051123980011221,0.01928901987205467,0.025659304988178352,-0.0011041584743739785,0.009076142645144815,7.014500092089655,6.073758566892231,6.2806639167213945,1
0.28760835586199673,0.28292967368649447,0.1793072257740263,0.07897318229212363,0.05455046856996884,0.1664558736515364,0.09916625567392111,0.0781535208157837,37.61891804371588,4.273219126242921,6.638660147552638,0
0.23560906226532446,0.2348281499552842,0.3014096637588001,-0.2538173580283796,0.2115177337758848,0.32609845803526133,-0.2759696984334093,0.21597420264646539,3.238345921293867,41.09561925088785,-4.706384113647104,0
0.13291026104930104,0.1207458202801552,0.040049419874089026,-0.035146160333925494,0.029681664524933912,0.01744595097621722,-0.018760568246514682,0.003376341119324288,0.6128455884579331,-5.134713083845317,-5.832566787038656,0
0.32005486638960823,0.3181378842410224,0.391962225493488,0.2940728388594531,-0.2664926091261487,0.42183103712434206,0.3052858769007215,-0.24198764564490496,16.767107652208452,36.24520472682147,12.125409402936114,0
0.2927018777774435,0.30171589672506,0.06204761312370981,0.002303436583553392,-0.06106100182083207,0.06237951804173912,0.004213635384206195,-0.04771650999763098,3.0129684437948736,6.480789186963879,-5.544612585988926,1
0.25928206308892937,0.25746287893518494,0.07065630124153573,-0.06139335771007755,0.0191078621853219,0.08853181641903908,-0.03232266451261836,0.023011929180574674,-9.561229370457218,-5.5219403273578465,2.648330335141708,1
0.30685938893992476,0.30301912072699083,0.3519124135480302,0.27121209109780126,-0.27975214906084683,0.328421555702254,0.24394414392062255,-0.2528386347057203,1.7501874077721382,40.8000392774164,11.039901517230117,0
0.16608662889711379,0.1581304898025639,0.040896107516500746,0.03947805076110057,-0.017551581791415062,0.03864050306191666,0.061709963917908006,-0.00231526428112451,25.60810192429257,-3.569453316169273,6.769590472547414,0
0.11044649451840705,0.11350696161839778,0.16792489481949868,0.038243566305592,0.003676867528008554,0.17929535819783626,0.025119638491833733,-0.0010219871953375086,0.22281721757460282,3.5638099078263874,11.352180422028816,0
0.35942485331704965,0.3509323254934112,0.07212960135857972,-0.06753467573247418,-0.08881691632507455,0.08549929708110611,-0.07717960832839042,-0.08274382834146415,3.268126394048906,11.601116428234938,6.332711949540506,1
0.22693929703800023,0.2390444636875453,0.14889121641372355,0.07130960471491163,-0.025547685361690373,0.17861908476874178,0.08763589819618677,-0.0368899947664444,-8.313290422544764,2.420169790681941,-6.085239106161691,1
0.32381910677279796,0.3289717293797927,0.008525479193871836,-0.08762290459488471,-0.09489968720796044,0.015523815077628884,-0.10010924050336972,-0.12106133466346404,2.3908535883088575,-10.282451998513157,6.93421370951889,1
0.16716561406235605,0.16048184384151373,0.004014032838796172,-0.003639083048880078,0.003190354762426577,-0.005651611434376036,-0.021736576939542552,0.0038250799973387527,5.920576772318988,3.9345804948987055,-4.164077778106533,0
0.2656016738840231,0.2709026228565069,0.09394532473846562,-0.0370500762871238,0.012819027409444586,0.10272277053217917,-0.056732455170902425,0.03623486511886171,4.239657180231305,-10.414098937934524,-7.982920559636044,1
0.16664016916934724,0.17096379013018173,0.1763814711336013,0.07991491749228291,-0.04624072463565457,0.16338481786184444,0.06401254958296708,-0.06823552039182083,5.5610542802228125,-3.534348299491052,-9.897386798140449,0
0.2397395827520183,0.24044749341653818,0.29246496612189,0.27265957137923236,-0.029291316314854154,0.29775952682358026,0.26334484128955804,-0.021846959352189145,8.603549747335766,20.75049968303654,-0.30726956823804485,0
0.2954754082368976,0.2888206807915974,0.34704534560787637,0.12226404691648807,0.08046991438489037,0.3223151559268452,0.13624551352193304,0.07351763604023616,35.29174560665496,-2.093785176879127,-4.878195654271714,0
0.29393288871301354,0.30282382023188564,0.10222816147712865,-0.007636417710050344,0.03175068196334019,0.08219191942196705,0.005750410418672823,0.02509648465466499,1.3055765611143286,-4.302826879342174,-2.4683071077978784,1
0.24737595373919097,0.2508117493362791,0.38542451553831825,0.14091033783922657,-0.3322131342372037,0.36286677239256276,0.13967522047233188,-0.33900702867829535,4.006314765827085,35.463008127678584,6.101622115138106,0
0.24375259706949906,0.249024972693331,0.0680427193205428,0.09000689264082692,-0.0033475035823165855,0.060619563981454676,0.09484755275138135,0.01560836014963838,-9.402469515915165,4.5078439050294214,7.41406959549634,1
0.2704074981654188,0.25588309983564733,0.25123586869361014,-0.18012042871758716,0.22532870834706586,0.2597260495264034,-0.15971382653691454,0.2425415984318819,31.20011046433323,14.195150870297876,1.9245214706364173,0
0.27135945400441513,0.28079757496026037,0.12192876462185648,0.09191381533038756,0.05552674764805973,0.13289891679374186,0.07614304435815915,0.029350876902552513,-0.332097765562704,-1.4229238031468068,6.522627013158189,1
0.25704978419828034,0.2670079897951935,0.08083676454501379,0.06223493820582751,-0.023693965891871255,0.10157464664419108,0.041551452458708324,-0.019634083507032274,11.622122814958292,-3.245118196987221,-0.03733076252850864,1
0.2538348123835662,0.24581298933139378,0.11756244015970936,-0.0035778559491151107,0.014486188449578427,0.09837409058224636,0.013300415087675974,0.02037099199628764,-11.07799354154293,9.749177677137244,7.244546393207202,1
0.1410894714095469,0.12885387859401526,0.0553761072591476,-0.007590556093406191,-0.027896613277361166,0.07297757687548562,0.014562115890749003,-0.011496678349500866,-13.906074425496389,3.180252557299143,10.413118418988358,0
0.1511781103122921,0.15521728402113266,0.16499491254115853,-0.11737836403950139,-0.14276257701525147,0.13507965576938763,-0.12648368532663545,-0.13370938886162004,8.222160360217664,9.317849251795735,9.484985023874806,0
0.3283331672927124,0.3362936909305779,0.1196641377926906,0.07884651664569314,0.06760505071908376,0.12590269459818784,0.07515157125767642,0.08257905047425168,-8.802095802769436,10.960306591763601,6.267876837086726,1
0.27690343804622647,0.27895367698779855,0.18184615267415022,-0.03608552131555218,0.018713535962733008,0.16099890736374833,-0.02326033400021213,-0.010606011408628251,22.07321293417379,-8.921337039937912,13.15912209571868,0
0.3440465871034465,0.35263715985202876,0.14365753844729995,-0.08002750456785411,-0.05912052658371417,0.16691180375658254,-0.08634971127884918,-0.0699725772677342,5.846408762583646,-11.444637730033286,7.667594139316474,1
0.14195762043152954,0.15348762331715193,0.037243459056585854,-0.03488214717658192,0.008246986024576498,0.01976518109156058,-0.04659229772285167,0.031692828271990825,3.256181044111031,0.20852670609610513,7.509458804925099,0
0.2767928688560589,0.28093990539650116,0.4184498749381735,-0.3731177004457689,0.2670051176113096,0.39611982082090164,-0.39230663813674604,0.2503881645396885,2.441644186054642,39.40299881246136,-13.25845944742603,0
0.2680796163245001,0.2749690856439544,0.30365953090577413,-0.024092705872430953,-0.26071896443228704,0.2788989948387434,-0.0047098990257813805,-0.24231941657607323,23.46382230014533,6.038294237291481,-9.678778031131358,0
0.24061010465540966,0.24857783670761646,0.49988163870796026,-0.28749375865754806,0.28244110857403176,0.49561041709495784,-0.26746629084970386,0.2872104619510806,-13.054121005235642,40.74501569147165,10.837572510824192,0
0.255133103200514,0.25871228845429367,0.13894598446823517,0.025092817754584773,0.0038752234382754824,0.1545625015494161,0.028954016171532218,0.004400876371426263,9.774282980371876,3.830168564909247,-1.6616520785871973,1
0.23416748517301017,0.2337384180508273,0.47231602547204865,-0.1765955336744488,-0.4513518524746804,0.4979443401036079,-0.19741740015125625,-0.4252979096992472,10.603952447596097,37.547497698272196,0.22651482358326902,0
0.36059816769172715,0.3494536729543927,0.06741890662598093,-0.08698447456449683,0.007507486969925578,0.08752859637301072,-0.09120672880459033,0.035512078400693814,3.3203234822829675,-8.649533141130021,0.8457915765631476,1
0.2835567180686185,0.2755901078071996,0.41517624947153986,-0.02171816821472161,-0.2673839853496439,0.43732407119134986,-0.04838288307848253,-0.2738844772642796,3.5121102847321737,42.12744017807651,-8.562538877613552,0
0.259143493025655,0.26745974343682466,0.12778507017991306,-0.04152024903227125,0.1137624577019451,0.12005814983023255,-0.04408005502595701,0.12688543465028718,36.611046021189,7.693971936953634,13.480876219904012,0
0.23671057760978875,0.23801495792767002,0.23525116328327603,-0.023364695188240137,0.0940847739264141,0.2387777184600478,-0.014455644396387926,0.096478669099027,20.949580677884533,12.396611481470249,-10.566144526108715,0
0.30242857650146726,0.30010907418688476,0.16812226538001684,0.1383150356464095,-0.0251575610779477,0.1902840665725147,0.14074882995462532,-0.0495097981487838,39.460029642513796,-8.12021246075778,-14.983375055012882,0
0.10164594279022517,0.08805861791473245,0.04330422443389578,0.024855925522631106,0.012388318814130703,0.05594351110198884,0.01854281401187651,0.014487487224287589,26.986525754677352,-5.574114451929617,0.5466923509786383,0
0.13472722103667445,0.13054960975823438,0.1457829534564512,0.11897226285580043,-0.022237629730908745,0.13196319127805475,0.12376043046613383,-0.03422278154694765,-2.6474779009870826,1.0062664034761006,4.547084818128937,0
0.2684766855113525,0.27783298092704395,0.03604874941622576,-0.08302831128901314,0.0023062273275294976,0.022737554144424025,-0.0573574371793443,-0.01778905654720176,-1.1822978923611043,6.03149147047543,-0.566358604911418,1
0.34009357827391345,0.35257487293147555,0.12073012231813923,-0.01665415104339718,-0.045237653427687846,0.09838372418595004,-0.030907146125050907,-0.015622259681332816,-2.8641358766168565,-0.5747857111984747,3.4211576348116584,1
0.2917988323187434,0.27900951255641193,0.06542420755140353,-0.0700531583466459,0.01936746691008928,0.07712651081999863,-0.07642307297554456,0.04935035797386285,2.463945853116158,-3.8327845520033197,5.757600909848545,1
0.09982299633061041,0.0977669790506568,0.07424392915553299,-0.028479554590911338,0.03399552177848504,0.06358850127835226,-0.02036336279651567,0.003998559400130761,-3.8780902591732556,1.150561797287219,2.038191985711066,0
0.24576687237499287,0.23580589915097802,0.32796029854052977,0.18799153538528068,0.3074990619816127,0.352835919106557,0.19940042746918948,0.27907348545057686,37.27499329492392,3.5530265787395727,2.077769421805222,0
0.3369972537128829,0.3309806737657813,0.14388382351028497,0.09237722027371811,-0.05021586014851625,0.14863301466212375,0.07241469397797187,-0.021718098003089985,5.030868237261895,6.1660679435396695,6.980455884874651,1
0.33235314062562876,0.33607771842030326,0.14124760365386668,-0.07266733584423396,-0.021308585202335653,0.12757031500452684,-0.0750650867500412,-0.04041719871575403,9.42971988870439,-11.935025431781108,-3.2198548700378833,1
0.12018426880002715,0.12337126747079268,0.2329536215108895,-0.007888425699484058,0.17877093097434082,0.2582124895642665,-0.006857995256878448,0.15967772260804805,24.810633934593596,-4.1365970803389,5.11903682023793,0
0.31417129563804036,0.306019657822955,0.1438495851740852,0.04203827896022083,0.05835498414103832,0.12847951233667504,0.0640640878890515,0.04317617442802392,-8.505656681195248,4.264169585052969,3.7923505972085305,1
0.26448399031202646,0.2765685399160997,0.2528457956768261,-0.17540334613310418,0.010172299060541679,0.25911952407873284,-0.1748306319739404,0.03871676678271779,27.1604322080821,6.444936125322577,-9.446114188885167,0
0.2297489067267444,0.22579971226169113,0.2769396204761562,-0.05963146579506312,0.04059578422109589,0.2874828141261793,-0.06175935905651211,0.0682486435377852,14.910112957085737,31.88156917905497,-13.2425078953068,0
0.19066619289684275,0.18886957840413277,0.05375453447360504,-0.002364356341412778,0.015323174067889037,0.051055043685543214,0.021359779414240006,-0.0065876848809076904,5.737252585062002,-6.9041208063509485,-14.443353347719203,0
0.33171534829501265,0.3327036257194353,0.04692668064047003,-0.06929369073259051,-0.050729551643354645,0.0628281449511526,-0.0808337627498487,-0.06773220979231209,8.209683642533754,-4.075168905654447,2.976797912094403,1
0.3293979731748916,0.3264398901365309,0.39647666003112486,-0.32267009627264914,0.1357359838475038,0.3960932517998422,-0.3155926886046454,0.12375355853235356,-19.242394682472703,37.01694868843113,2.622828060919012,0
0.24781988481945716,0.25617165976888834,0.3486673716567191,0.33631057557468813,-0.17944823637546808,0.3737673137486751,0.3073282040307621,-0.1659376505137266,29.167035036179257,-11.41468305410416,-12.823588743233206,0
0.2512647488603656,0.24280412123219203,0.019658729630014353,0.038134830608619275,-0.07213494811905999,0.04401053096457078,0.06071393606607464,-0.09104580806527164,-8.488695332724447,-6.472795277781617,4.014571267144362,1
0.2959954080264134,0.29940240387448946,0.0072716793940117005,-0.07066933580584,-0.0074947096853897055,0.02678827311298882,-0.0730531449610147,0.015461956245258562,-8.219678455582738,0.45013019913223395,6.763706924321113,1
0.35260524082889577,0.3554518243770179,0.05603025937405395,0.06003206387979049,-0.06616054682394382,0.05695637312266037,0.04356012213835096,-0.08822291328924403,5.89368950402255,1.3686465932983438,-5.1997283936900445,1
0.35520196983763613,0.3538083398437367,0.04346605533876871,0.04461421749620895,0.014780658714367137,0.017536982313008424,0.03086374356302292,0.027273797538892967,4.724881188595166,3.454990718620344,3.307977337561427,1
0.3143484046630801,0.31500962876758615,0.11281915362153853,0.067834175116527,0.047978926246304676,0.107922739496088,0.04559273024575323,0.0434164285064947,8.173834402518668,3.0051549516159763,-0.8086854317760963,1
0.26006971654122696,0.2574705139299092,0.4516765880749521,-0.16925914133758485,0.40974408963529024,0.43994984635180917,-0.15037797336118208,0.42691602809948603,-0.26081867923430835,24.28931938874853,-2.041275357041206,0
0.23664715080161197,0.2452596763265516,0.47681963292881535,-0.3974568820648917,-0.04045587447629406,0.44762202343009366,-0.3788560718652571,-0.011583486330330198,-7.109146691477095,21.293550584775126,-13.800539937628587,0
0.24398484860524164,0.23473971697482682,0.43996579433569993,0.025882397167426685,0.1358809211389369,0.4182371830598494,0.05508339134537454,0.1491027433066882,6.535199516634734,43.73096921002917,-0.620091817163658,0
0.14577241752507025,0.14147597092519307,0.14171177003499466,-0.06496972459991256,-0.04103598705361443,0.13428337815109245,-0.052554166693127013,-0.05106246199228716,5.767115990202605,-2.100830059060039,-2.14411148071037,0
0.0919907007119596,0.08946555046764443,0.017488820588493353,-0.013055097767596675,0.007017180390242333,0.0026093165564839375,-0.0067398521851665325,-0.0020234389594253957,7.865694645615516,6.840415536686329,-2.621376887292003,0
0.2779759925067655,0.2745470334789264,0.14789533230216742,0.03837593193338981,0.011848445740190311,0.17203352459724908,0.009602510921954865,0.02935928312765474,-11.976180862784906,-11.157821617852605,7.853853505697014,1
0.2997578058871195,0.3146301712438193,0.4268250189262288,0.16246240970567305,-0.2015906181173615,0.44934140422287383,0.15132757576434916,-0.20583649511049787,14.527266931191164,29.27956458299761,-1.6067956218048725,0
0.09035802655284628,0.0950974090903593,0.08148916994879293,0.008170783912405638,-0.037548637617487765,0.05462501888964689,-0.0019987495710751327,-0.06661412896027502,12.129160692682746,-7.303173447035311,5.862402468248753,0
0.29918708070106786,0.30803505426752803,0.007294866137327242,-0.06526980894166623,0.0246719849926805,-0.01860934752955872,-0.053816601155789116,0.03760742779002143,0.3422815124068812,6.889795750263193,2.539883047125393,1
0.3488882273433073,0.3594091106682657,0.009795605167758405,0.06514955828783081,0.048053786696107104,0.027353553545410615,0.03986297813392872,0.04808655522381919,2.202282971803676,-1.4674280365203067,4.114117652322923,1
0.2620195375123361,0.27090970686271776,0.44637030779313897,-0.12140399247399314,0.37502933572699076,0.4446197387352781,-0.11309594082609906,0.35877270381134385,1.285782460434973,38.74615470283153,-12.679642253414553,0
0.29398072774649053,0.29716626650124595,0.3231866581011945,-0.27349961099600284,0.22267180874602033,0.3332339702488415,-0.24444429269935242,0.24199131927373657,5.780083880719616,40.51458007323827,-13.872439309366758,0
0.184274088393993,0.1835128038847676,0.20309391435320942,-0.0033194031763039145,-0.1638140799629526,0.23162590351064266,-0.012998291014085728,-0.1393560412429865,26.124096953232147,9.046130173629177,9.002130219293662,0
0.33909540723354226,0.3232147164821458,0.35234778082989826,0.07462293481439175,-0.17192803016797292,0.3787557748875359,0.06564553284525855,-0.1901987477823434,-16.700233082056705,27.548375528536926,-6.9303464458309865,0
0.3107386491932167,0.31262050417406373,0.15287413101477834,0.0456356601558808,-0.09835311163883227,0.15208002922124844,0.06438474079168122,-0.10255565378881548,31.318451524730712,12.493383077728332,8.900333062647022,0
0.3140613951599054,0.30508816640915565,0.14638192480990372,-0.01915395341342832,0.0718994710161375,0.1671536873747702,-0.04867697235536098,0.08570928113945911,7.164452391316367,-11.958608537848344,-0.19529384131972805,1
0.3513197489020687,0.34600172944339486,0.08349234289364668,0.03670884748926265,0.09242382993831708,0.0722374431059972,0.030888080397025352,0.09104478338225233,-4.81949154275511,6.268789380657498,-7.635774055700457,1
0.2644754256553871,0.2620784697068797,0.27053748617574047,-0.19850372330853386,-0.013024436563508046,0.25001758149396114,-0.2192159756335042,-0.007473286035541385,21.72018856171763,-3.7210557393225443,-10.754595246837368,0
0.26302592224529,0.26639034617570734,0.32213364244546416,-0.0905615919620619,0.13638146782720095,0.32349025662908126,-0.061651261795109775,0.1512930409744735,12.69697199051781,21.1267859160851,-2.797808426790496,0
0.34166931841792086,0.3404156462365241,0.17298367354519564,-0.04091856833516912,-0.0012727182871505455,0.1648521771318155,-0.03347389034340863,0.018444222339869476,-11.304937678048837,-5.9282909253866904,-2.0159438700857546,1
0.2566929227396848,0.2490210918452506,0.16234499931339677,0.009363373654354176,-0.0429894054077165,0.16094905463612824,-0.004777651205786791,-0.06518441995174268,9.0702454036009,-10.693429742534214,-2.9747693227268535,1
0.31434903151659066,0.3261847811429086,0.34531801056966854,0.19142513103855935,-0.2423280109888606,0.35747470682885046,0.21458306727782264,-0.22665812878186714,27.56215729040951,12.359901524274385,10.077849215760153,0
0.28022432237109046,0.28639733116985056,0.16226544390476857,0.10913406188489613,-0.14548272898983172,0.1480741459085106,0.12631487165549166,-0.13413693898009293,35.84837619072063,10.979716622835198,5.938760485663192,0
0.28439472485646444,0.288940034275911,0.28276797484298,0.04799528642928236,0.015630381947320637,0.25522998578813955,0.030294914604191585,-0.007423774212321505,4.54788572066748,44.973109455626876,3.678993707787491,0
0.12149401728998932,0.11941527001998863,0.09516844115845388,0.08191851414294615,0.024952952221375155,0.07560469708786828,0.06076481541836022,0.0019058723901573607,-1.3146536005035774,6.190627506501457,3.708903937789575,0
0.317923111890848,0.31586094797856984,0.15048471664399082,0.038548300053375895,0.018864568957464647,0.16053045517905856,0.030650565008986764,0.027987477949756652,-8.454514499014351,7.586774436990783,-7.403601792111381,1
0.11387276790604033,0.11975276161386311,0.1671949013910915,-0.050803443169882515,-0.13309960292788992,0.17895500013463517,-0.029120095543668845,-0.11771444537846554,6.840425032173741,-8.517738673376861,-13.11252918329274,0
0.28622392679076014,0.27918545603449835,0.14791915068717607,-0.06847969734230433,-0.07929794633798831,0.14148175420083148,-0.09650763712631619,-0.10233198786389491,0.07188607770244104,4.125302058371805,4.728403217452264,1
0.12481271472659831,0.132412614869414,0.14713806296987111,-0.10376228532258847,0.07109816168361524,0.1430656299537032,-0.0991924506013066,0.08206655958534323,-0.10081475417038455,-1.808500511092257,-6.591470820049034,0
0.2690985557147593,0.2791456517690383,0.14755293725082474,-0.09938777902718142,0.023935472427143528,0.15060283715264075,-0.09227536483698948,-0.0025296072127082604,10.434171625098696,6.908638848812881,5.65814707435775,1
0.300148335495997,0.3056560927543418,0.30723103269640245,-0.12203584628449374,-0.10654850421756984,0.3011299023924336,-0.10193924605604185,-0.11230215047605585,29.970642645670548,-5.075610268408997,-11.459011796327697,0
0.30829121439943497,0.31793658341653813,0.041859542736661634,-0.08715822968690712,0.05350148319617967,0.057341715412131795,-0.06078553924013452,0.06315357495166764,-2.9647335742472176,-2.8743459864166923,-1.0989074957473388,1
0.33711335019103644,0.334881864967523,0.03709690313947932,-0.03219361162050237,0.025646201555426046,0.04673643204650723,-0.0028394966794378362,0.03581324916914266,-9.601086738928736,-10.272101612676884,-7.588739654795612,1
0.08403866825785065,0.0917293868015994,0.19398445746210624,-0.001432603188014775,-0.06322699859606248,0.16668283431954406,-0.031347476427804055,-0.09136812745253782,16.152218080174254,0.5860073982660623,-4.727883137976182,0
0.28666878580200306,0.29905349586159863,0.28887585938475135,-0.14113731082872744,-0.2336681825968528,0.29340191859978615,-0.1207121335388617,-0.22405694759494094,-11.115215516895699,40.33144312792692,-5.079296361870188,0
0.34615046165203345,0.34588168839456446,0.09583475754831648,0.02846348233430701,-0.007479987857838349,0.07458469559245728,0.012065401449189654,-0.004563144298505899,-1.925631189629792,-9.133237537711192,-6.451953626222464,1
0.23538056453443482,0.2438249051168206,0.1026750020048813,-0.047660968007791044,-0.06182239129082364,0.11603777636474416,-0.049909395397309445,-0.069444858404247,30.630350769943004,10.816992324985439,-1.8313988468753308,0
0.11469266206700633,0.11209268561401683,0.21016800380345463,0.01855951906426362,-0.0855607745310813,0.1835032214530949,0.03134145651954305,-0.10461362466330967,0.6723001955080647,1.9729689479422081,-1.8278512857193157,0
0.32051364807476407,0.3203512207874495,0.0538889924726686,-0.05172558767466742,-0.03550153056626695,0.07091843903521142,-0.05542241215961585,-0.03692609205106341,-8.26940246199786,8.983544766979378,-3.468049067998175,1
0.30251627947849524,0.30254773233857385,0.10329542138966842,0.0794643538274602,0.09712714250277099,0.11782940565113405,0.08953974765554866,0.092042973480714,6.686587263025913,-10.435573008992863,-2.837764250498177,1
0.31362088042976277,0.3160373760364088,0.12929748293698598,-0.10615145885515312,0.0476493659519468,0.10436250735043844,-0.12244701172050612,0.0735774680405655,21.544094417027505,8.597790499988278,-3.6040927272197045,0
0.31677449904163696,0.31514276599398666,0.43363252130681385,0.40027704166258726,-0.18677525744382142,0.43546380442037436,0.3846316401403869,-0.16402180532054011,-17.9795264824037,32.49236783989634,12.129098919821992,0
0.1645461241150278,0.16349517859484877,0.049885699324378835,-0.0009642416928861419,0.03259147340144819,0.07010071087567635,-0.02558614157675537,0.009605283713565498,1.4793998888336901,-4.1290036111832755,11.26602272543175,0
0.30527595184986595,0.3002475388376808,0.029813954582222173,0.01810748171714467,-0.06606061355162691,0.019020240535414987,0.0016120732636201208,-0.06776444680171803,5.366278166467705,-7.31420104728791,6.340561612418393,1
0.31294122077160813,0.30428157318819843,0.014992059669228192,-0.08084762962803316,0.06007540629650504,-0.00801910337477921,-0.07387190752859898,0.06649371036453147,-0.20136985636810856,-6.203797146068568,-2.4219772262476997,1
0.29966308127983404,0.30477079325054834,0.48507153577477913,0.3897279578020898,-0.20350515814845233,0.48926316585527496,0.4030548902016875,-0.2046412060353897,-6.711963928974086,34.6214378243438,10.951499433764429,0
0.2552759227829055,0.2662494273531192,0.11566236064864327,0.00945117675506979,0.0761306652479268,0.10249504514800271,0.0017140559857281822,0.06267524309983355,39.18262834369563,5.420307269216053,-2.6651796570871227,0
0.32404101370188365,0.32212138017594905,0.4567040075187011,0.45017488670850014,0.2029552049704909,0.4285706696633939,0.4722499435898507,0.21460909144041074,2.9685027924486462,32.11558401186509,13.57905633587437,0
0.29291379879784946,0.28799833760176957,0.15635112171086474,-0.13252421208479367,-0.0020994691465734683,0.16886245526769697,-0.1351629758871207,-0.014132959079807245,24.091114055715124,9.106997753764656,-9.25060780206963,0
0.22700278793045411,0.222584512105524,0.3369487534674934,0.1942000943942752,0.2699994135349987,0.32058428429064356,0.18757388223825447,0.28511216845214354,28.91799653810338,12.158164423061677,10.00126899351206,0
0.2673926392405714,0.27284476464507973,0.17470088211122625,0.0399454445641316,0.06843059709804244,0.2043235291713106,0.01047847266169583,0.080922282314944,38.39948799874915,-0.39983573679465145,11.142338204533903,0
0.10443455787460375,0.10505748489648223,0.16324939363039281,-0.02612376841942482,0.11498532531104849,0.142549805765529,0.002596988824871367,0.11101752204143704,-0.008646742463405133,-3.2405614160835006,-7.8496252271427736,0
0.2996346114300634,0.29337348935013186,0.08215269442233215,-0.022731708555363633,-0.02768019408546747,0.10799376373500938,-0.015998448039726484,-0.05556963515440229,-2.6038357995736465,-9.845922353971314,-6.761022635832989,1
0.16969162902946866,0.1747190746626769,0.19788669018703794,-0.014346351569349769,-0.18229781378881982,0.17208728550502744,-0.024672354951031438,-0.19272827576556856,12.017352732753661,9.557438173152946,9.582754494314209,0
0.3225593721363504,0.3239779029144448,0.3302279847843016,0.18076128041698292,0.2370252873833224,0.35554690425223723,0.19612688574015527,0.2359638232763619,18.925501038479865,36.539804050669595,-11.286503417673028,0
0.34463735993267136,0.34432052018078274,0.12954381859162875,0.0857056271704478,0.08156041055249194,0.11627547608592087,0.11361452346814671,0.06382573882590452,11.784715320625672,-8.839757951108218,4.73626227346552,1
0.3023614335593033,0.29138621479364973,0.006608193764480945,0.005563280404249998,0.06227619030455295,0.01398067317589705,0.012220222391566164,0.08266344773592384,3.853627036980253,-7.237899677723002,3.6485478620539187,1
0.28049838765980506,0.26034189485180587,0.10946325814462649,-0.006997173602145398,-0.01990975095094434,0.10758881596546363,-0.027824546274565237,0.005330200545469725,0.765266192305635,-7.506265329231804,7.8176623763132245,1
0.23999867206698908,0.23577427275241672,0.1487520905055107,-0.001276286581894187,0.0873479299770373,0.1734155203467712,-0.0001681638150087851,0.08469076550818856,-2.933759008176839,-5.683833492387737,7.920901420096628,1
0.27756292673792504,0.27682793864991134,0.2641577329070419,0.24113882223892924,-0.1182687696212874,0.2804050872545055,0.26752812572725276,-0.1279157542253471,20.808507664193282,13.519807803860711,3.848864482294008,0
0.2997859816322285,0.2984978895065871,0.013559519240226614,0.035580717012302865,0.05812029781112005,0.038323733311094184,0.04420621994427062,0.08113338218620064,8.396605157923268,11.55029401785573,2.7522515567933894,1
0.328643113232682,0.32541811434743667,0.25065358925380526,-0.1026713925310434,-0.10151460351890665,0.22240084667139545,-0.09363787858788913,-0.07815734879733666,5.504698649840311,24.46173524585159,-0.5061108108867778,0
0.1436849528547053,0.14121836955996653,0.23415600333067868,0.16970564307486216,0.07783464725496067,0.26025136429654877,0.17997017934689086,0.10358055043986887,-7.675265561727652,-4.0122380098048165,1.2914808200714916,0
0.32106608839404477,0.3223540635543204,0.10794516420887827,-0.005443205448200358,0.09001221892488742,0.1049231255142391,0.018106055933039218,0.10498933606025948,-3.7748725738810585,-7.7463479700174585,2.8495049740772522,1
0.2840128898248768,0.2875065289574492,0.37809286574063833,0.1046241873853162,-0.34456289275828983,0.4074322274066413,0.12435089034558688,-0.3421907546556484,2.495151909227289,24.17418639957394,7.233704607954653,0
0.2828658114756195,0.27894048353022094,0.01626459780625523,-0.000406488244266881,-0.0683664272695887,-0.0019166126746055188,-0.025824780035910325,-0.08622791013906281,-1.629829834092261,-8.559786669520765,7.261598239202332,1
0.3432010672475635,0.3455363207620166,0.04210910745576133,-0.0883394516621868,-0.04372322159560069,0.036492319142165566,-0.06949822858222474,-0.06370484640113847,-4.953749813599593,3.8859963534454813,0.9125144374604535,1
0.2805720133813857,0.27475899723281844,0.01407166794804589,-0.09366996385702522,0.08377244906462378,0.03366645563245208,-0.08785665050929353,0.09868729485127672,5.204849865592315,3.002641547243295,0.5198849505893275,1
0.31808309892208414,0.30916045510305173,0.35319470334671543,-0.030269517744850594,0.10997472812623943,0.3797563185153835,-0.043392361195057245,0.11348972853618455,15.542401138402852,31.86684382274845,3.5256364597435095,0
0.359772424601897,0.3545714225324608,0.10278099862912052,0.003351048365291792,-0.019298074349349006,0.11883944995011758,-0.012099265812556095,-0.0063392935011110235,-8.727739126135504,4.469109120867881,-1.1072128319069758,1
0.3467021414197549,0.3552621759800538,0.13489747023970278,-0.09616855242434957,-0.003922606318687974,0.1354537947509038,-0.08443152428564071,-0.030000467984310733,9.506446476888932,-1.5923738852525453,7.394331513807915,1
0.29560933858041394,0.29226331426621244,0.11844581586914033,-0.014613628046732746,0.04633455669355785,0.0961956676352842,0.004098938588510827,0.06545666635573871,-9.79564761407929,7.919679575637328,-4.732981765727933,1
0.24620339133585556,0.2430059537228798,0.024906724720848625,0.059564904765325805,-0.007025775228421807,0.05257706817464958,0.03585276611392951,-0.005285139224007751,9.153328904516009,3.2503025469860045,1.976460069926528,1
0.29393013399741713,0.28481867551243845,0.34014001786497966,-0.23025039266767441,-0.18676584504136787,0.3554001392480203,-0.22243085305751284,-0.1961215490553333,33.7399553349476,13.773168975574883,11.555473909151821,0
0.29158331648607344,0.2887689772177495,0.14212047672011802,-0.09865684316732298,-0.04236013975988715,0.17012631453863997,-0.10230411241327071,-0.04553260674525693,6.031770618991253,7.032498926438155,1.9154336194339834,1
0.25473183673682476,0.2529136614730131,0.01390003603536021,0.03858008102318761,0.06695708638480771,0.027163298161349554,0.05944301426890818,0.0678254868726613,-8.187804222495203,-10.220433408814927,6.184366307072702,1
0.1778938700191518,0.1735790579765351,0.127726838667464,0.026614422840033125,0.07869316956196931,0.13968740241771005,0.014026250158857334,0.08765592801883762,28.125520702080763,-4.199326110230093,11.816184566490598,0
0.26250894326680424,0.2591435586082574,0.22919285794240463,-0.05203470745321401,0.1770333332121597,0.22054696323129283,-0.04469025385785887,0.17161437771487315,38.39951691803563,9.496899883621374,-3.6552661310362993,0
0.28777519841952626,0.2937190917735984,0.4977337411586113,-0.3446871156269833,0.4171293019980222,0.4779761438222747,-0.329422922728848,0.4104402043374476,15.995801887568092,37.39666193810477,11.777582121239991,0
0.34743447771020036,0.35143998668368004,0.07275633845515056,0.07752210549096084,0.02102274093298509,0.04385341091936755,0.09418006179204369,0.0007389221356884704,0.6419507169829579,-8.171425586496493,6.6292419885970055,1
0.2727146812083234,0.27070715953942376,0.1588551420166208,0.011545093196438039,-0.021404358174291094,0.13179978501873468,0.036948760903767794,-0.04307575503242182,36.89869538956795,7.546396864284375,9.929634096419736,0
0.29397332493085687,0.30739459712732403,0.26123356650068724,-0.24052729774416193,-0.1561546175158393,0.27849737800246815,-0.26361938952553365,-0.17946926649092398,33.442746894219454,0.09606244354188576,-10.790935325987961,0
0.08886116187233611,0.09529790442709644,0.08826113812623712,0.03293611823434482,-0.06745514832005892,0.09862549425886112,0.006385922938779622,-0.07732395184213316,2.3254624704235063,9.931906677705296,-4.887698491727527,0
0.32169512929185273,0.3171200255213807,0.24864940989383144,0.12017440035902666,0.06401408789451019,0.24295993694176246,0.10207560085045055,0.05050386654362929,37.34568162349025,-11.654632323617623,-13.204605517864058,0
0.1831388096790875,0.17935008614610914,0.003353712454596036,0.0017203073167986844,0.0017236688261184161,0.027895484158285272,0.014872686159091836,-0.022481236484089305,22.850225905375957,1.544986860462183,12.096080379218566,0
0.10584964983090597,0.10748936424268468,0.1480233278638204,-0.133271735301685,0.008815587842296801,0.1678873148441196,-0.1409680657925269,-0.006970117828917648,-6.882395638400071,7.488841353406837,-13.095809225116122,0
0.30943000958598066,0.30965170257435914,0.2004577533493495,0.13047437622472907,0.17767234565356738,0.222602254123276,0.15320812758072305,0.19738945388372894,39.74983778698132,6.650379985066408,-13.812646058368017,0
0.2430191565187179,0.24881663078732286,0.03341838521112666,-0.06182297068555527,0.021660151394272978,0.02113803977573064,-0.06629761289553113,0.04920173443501952,-7.732452862906973,9.161266158594493,-4.64382943018539,1
0.2437636304874152,0.2375900567959365,0.026149044125886388,-0.07072203422275854,0.020454971069558583,0.010954412482518966,-0.09107245248428537,0.011923573014479966,10.109532065240852,-1.4935591904277707,-2.4990968288983897,1
0.24967440227425594,0.24030057881829944,0.12207441922265046,-0.006038636436122152,0.006027920346088789,0.11478077913591953,0.0007324403375034913,0.015428759691273365,0.4927148193101001,-10.573248429455532,-7.177916014517168,1
0.22171815860359195,0.21275907168985156,0.29589038678985263,-0.2803777222681208,0.27453708912890623,0.3101385460033742,-0.2637741563252835,0.2683703133403998,10.006047167676073,30.09586227502031,-10.463012611783139,0
0.3164232769540002,0.32797204309252237,0.25302732215421764,0.13086946522203513,0.22396040393138594,0.2580498904585403,0.12367209109194716,0.2485084130118884,-16.11133958031319,31.285207615066426,0.6328444550528936,0
0.3223665945064281,0.32249500852635254,0.1822802160262582,0.07036281233591019,-0.08016358772688383,0.16845613187775632,0.08368515239524123,-0.08244508114661954,26.942194184812003,-10.248156054045776,-9.697706968132689,0
0.3317734511557082,0.3339449513205048,0.17834575779920198,0.08570523501146582,0.0008438711075537259,0.20207603243101505,0.08176618990498356,0.016856405193985582,0.7637725386704215,-4.450042343139779,4.3830310182025,1
0.2687396033860901,0.2707773126324763,0.4930553226921376,-0.1898542594055308,-0.132095477766494,0.5048290431287564,-0.16768607277839984,-0.10800314326124519,7.7607887135230555,31.84562112082999,3.336844498805956,0
0.33638529983952853,0.340906963311821,0.0034590248201901617,-0.06514983145375648,0.06539096387915999,0.021413109418098483,-0.05262386256056639,0.047812499919753546,1.2156414638496624,6.567594589907529,5.4108162361932415,1
0.2936665147623482,0.28844191123684915,0.11647292366579852,-0.03152751333998918,-0.018368666353797386,0.12624750651840422,-0.06034152661942768,-0.028775855793490592,-1.4387974023947425,-8.980631560505154,-6.532421135055893,1
0.18814896077326726,0.1746409956832777,0.18796265130665343,0.008225971406580102,-0.05604246369569396,0.165538563783399,0.022189054511599512,-0.05055001063387125,16.16831453867189,3.735471136896976,6.616348364322107,0
0.2772546962400212,0.28397833571424536,0.42314724898745626,-0.12347170714772476,0.0723492776464576,0.4268173093800662,-0.14710556073893075,0.05468538170997558,-7.682870202385029,38.67283229283855,10.128681537159956,0
0.3117901127006073,0.3117829259822117,0.15748183270016902,-0.02749622363925286,-0.06630145613891911,0.1555669555875046,-0.03786948827798317,-0.08969182037571971,-2.3994001011740878,6.86320371481505,1.4638027852735291,1
0.1907703488760489,0.17358893733930753,0.11110416518730307,0.07882465446246445,-0.08401847395592763,0.0812869703655546,0.07756998062226846,-0.10631730492751038,-4.922117534609255,-4.194423421300799,5.947975025636506,0
0.28613632057915983,0.2784784767033056,0.16121427864906543,0.03432256177117174,-0.05246832732788054,0.15503068271393547,0.02081206481647576,-0.029274873597568384,8.466747111165905,-3.6472458381716564,5.653514738304951,1
0.15410458351328787,0.14884328906466354,0.1834061150682299,0.08628382686573782,-0.14033625935207086,0.1874564230429823,0.08325751525395245,-0.1512099124318171,-2.882867487941729,3.1139868022803885,-5.282775469824905,0
0.2976833424583925,0.3017165198539905,0.11603088542225862,-0.0424339407121251,0.062369369229737015,0.14057089754782334,-0.06520760108343461,0.03404856278227104,8.564356262487863,-5.586788083636067,6.445091330241242,1
0.31799571410937166,0.3107687005784678,0.1752540779246442,0.07427061666974552,-0.0570519481025577,0.15859478879147015,0.06715401411183029,-0.04673056130979258,-6.211600554592772,-3.725420738035906,-1.7357693587178993,1
0.27363632681809336,0.2665028306200394,0.08848986017354178,0.06116339227012449,0.07903282355474792,0.0824085494247467,0.05947623501589385,0.08395277128013276,-10.317253630939586,1.795697549762771,-0.5236261137226474,1
0.31958064242377016,0.3239098334103159,0.06781212141747775,0.023742955633928406,-0.09198099802544482,0.05846058610127863,-0.0004484354077733052,-0.06514181028166856,-0.9185472675717747,0.53402145557693,-4.570777554320214,1
0.29400382814306586,0.2967393155032076,0.04804911226180116,0.07222248937953782,0.005029538268397221,0.05616538562865511,0.07430890272338689,0.0022051026675123236,10.154627367259046,3.239159094661625,-7.747398455540534,1
0.11934465681781598,0.12652940912754757,0.007715242891391971,-0.003880704237275802,0.004902441951527755,0.0007128536723456785,-0.019571868708133544,-0.018795615445426253,-4.982280205672238,5.521618289310474,-0.9927652289452844,0
0.30235180012302654,0.30865625846451683,0.012524358253287448,0.06079234237260717,0.08456720744969357,0.014879277189709732,0.0729926564526707,0.08483579516254933,-10.721346408220507,-9.090005845018776,3.231603235319687,1
0.28403357620232556,0.27865373667955906,0.007016287956717671,-0.001079955205109423,-0.07521238911182444,0.013408213981194354,0.011541596316260332,-0.0623971925173794,-6.276805350822179,5.930660944497866,-5.907970985978903,1
0.24979921051515205,0.24990837695761467,0.1263471819575698,0.02919971411559308,-0.03155031480529928,0.12044637075108067,0.043409229937378474,-0.029886624237739447,-3.448244010838158,-6.0786627807539455,7.3906441018403015,1
0.27910230891521637,0.276467157066103,0.04228707231909614,-0.09795092792330412,-0.03210760588586188,0.050772146589902305,-0.09385955440918663,-0.04185880450139349,-5.853209574849084,1.7256558472035994,-7.003171675460605,1
0.14564109151633312,0.1459589769256702,0.23567975747337996,-0.16192334594247465,-0.23399760563167651,0.2280958554037831,-0.1570357773352185,-0.2512447601286066,27.014680768350622,9.939934591864546,-1.8806909378068752,0
0.2624139207240913,0.25495440179062806,0.022275684657062027,0.08551251020130154,-0.020484361235011878,0.047764190415783656,0.057004079684476926,-0.017172478695402393,-4.777231397257446,-0.2739829115632002,2.605827404217319,1
0.36231169249637424,0.3603578727491141,0.10001061462426335,0.037876090734029616,0.028692446830721974,0.10687480968812255,0.057404220729966794,0.025724835161421544,7.870179531757735,8.683802386601833,1.0120981195249534,1
0.24398891766737577,0.2456824824896034,0.17826450047667652,-0.06492791397545386,-0.1649664428591076,0.16491205450291005,-0.07278010356222189,-0.15641975494588442,37.71186825053919,-1.143649190687647,-2.431408872392968,0
0.2730450154985691,0.27960430442986706,0.05802097910544796,-0.0985829291660104,0.019247881909586595,0.048221227561290304,-0.08783847655883478,0.03464069971370103,-5.663191145385262,-7.491394843375656,-7.3530890977119405,1
0.15387009851035283,0.15369217989403777,0.237706617131722,-0.030549696914231983,-0.007607350665470136,0.25452843239514866,-0.05831771280927894,0.01353822746304044,19.020679580322692,3.6656354236114765,-3.332367050049946,0
0.2419108907608505,0.24755924904481869,0.0006705914539717316,-0.03504957671183832,0.017906118907352567,-0.004422962945918584,-0.026118760672221672,0.03191556675914877,-1.074471656372225,-4.757536835532094,7.859200492420017,1
0.28702177181017663,0.2891449652451032,0.45679843591874825,-0.39421491196369585,-0.06514757163057994,0.46489165468589005,-0.3736315339290034,-0.04079089987968934,-17.569971205467915,32.25260438045683,-4.68119613689025,0
0.1920085808247727,0.1909415747919512,0.1931411350730449,0.18586363533933506,0.08114643113287714,0.2075390466857049,0.20188340263653998,0.07656408111451145,17.315041680743782,-1.0799899076553388,-2.291258250400233,0
0.3241800496836321,0.3250343244984975,0.15875145391610795,0.029263245225786244,-0.05339215588028341,0.15352806573008232,0.006799915393542896,-0.024566421129976306,1.0586187533204772,6.142498006833961,7.029813037964045,1
0.25480214774854837,0.2599249287941559,0.026601007057594495,0.08722549267514881,-0.012419192560249342,0.025363180905066916,0.07980706108399839,0.016778700135209976,-2.800324253342165,5.512457008257069,0.8478890440463989,1
0.25302017892787315,0.24684065728197524,0.14939615432920025,0.0923650280994853,0.02152744051639817,0.1340664134172723,0.09105274752555416,0.021988383968171512,10.956200904737312,-2.0865160936380533,-1.35949230951781,1
0.29046041494886626,0.28704689841852227,0.02975492655675412,-0.07742368936392269,-0.04473843586517128,0.0074725945040315,-0.10509175123176939,-0.07261091224823495,1.188205139097537,-6.959841412506554,-2.5012626994437266,1
0.3384304588455339,0.34217162368341714,0.09308315163962634,-0.05332631025414274,-0.00974593401901172,0.11936596401935165,-0.04331815217229503,0.01552022578842422,-7.296137468629817,-7.710494977801957,-3.189496477864896,1
0.3565536232019423,0.3484319465518526,0.004683132639282601,0.06723995019155507,-0.08465191468806055,0.0017485422875169803,0.0613822031818861,-0.06859225272613606,-7.328922921481865,-11.906540486852817,-0.875892711423349,1
0.2486056774398035,0.2531014668797825,0.03448552229402704,0.021641702261390464,-0.09647002509777547,0.04579097822516796,0.03552195524001627,-0.11300942117900016,-5.118145805828468,-10.603994608240816,-1.5414596752133178,1
0.2570921617351256,0.244991281199048,0.16378869112514305,0.006285634434414031,0.017221876782873277,0.17273478707637144,0.006147462202860388,-0.007185030457079095,0.24399103914640996,-11.135402235929604,-0.046549411094430226,1
0.3197954939625328,0.3232191915557013,0.0030287046622407107,-0.045803303716853816,0.055478546257525574,-0.0021516790961361196,-0.061201988481637194,0.028116846350902294,9.839450556410846,-1.4799216902980419,-6.696256317784538,1
0.1554405566652168,0.1445459407027363,0.12048302870471314,0.015318075005911147,-0.056466175417222805,0.13473593974416725,-0.005848591858527402,-0.07173324623986584,-12.53999418751134,-0.004513281665554203,5.3277102272466585,0
0.2441780806185044,0.24507247102135873,0.15879888295228714,0.0290563055522155,0.05261450381277241,0.1746470669248084,0.017523826009149403,0.04190408399600365,6.816384022965792,-1.908965369981365,4.777779938276829,1
0.2995593403221249,0.2949832297291764,0.4202416745441001,0.2379127063620755,0.10798020165133515,0.39979183227658915,0.24421143346741153,0.0965780854707193,-16.486500231574137,40.526789918315856,-1.9316256159109972,0
0.10847658982364371,0.11058536621385538,0.11057046811340537,-0.02242451888576373,0.04415307804992313,0.13322514299260554,-0.04974134864253951,0.06057697734830862,-10.110943087642214,-7.502394782009237,-4.833181675374497,0
0.3516482480458203,0.34305618406809985,0.09334450662324364,-0.03567553235615083,0.0655481339720041,0.11525551391051617,-0.04659646207916007,0.0645611329178487,6.499446763977424,0.0075747460672879185,4.285718010140977,1
0.2422646729162078,0.2430966529197298,0.0660545089391459,-0.04829240664181964,0.06938645544850044,0.09591598729672615,-0.04121323938652744,0.0657493894025801,-8.148374321475305,6.975587104820576,0.8713551998506119,1
0.3320606577926883,0.3366879977600842,0.10444323901372976,0.05488344091386649,0.026182401554531,0.09520706838801385,0.05294258806087924,0.006365247860444637,9.172201687894752,3.323220666353773,0.3540014864504144,1
0.2590908401495359,0.2577778828439941,0.10053519124807633,0.046861598775573304,-0.06983853191763376,0.1126251279591258,0.03087849413600585,-0.08729086228924139,38.03380607674883,2.311526396119991,-2.861829779218745,0
0.2379451038819148,0.23694477053454008,0.004490589367197124,0.002254047887206706,0.06231934891933261,0.031468712657802114,0.01821605228323149,0.0849498709020676,-8.941759894257608,-9.009353902091025,1.0967496807966661,1
0.3603198299013722,0.36228829080779024,0.05056134947354792,-0.08758737869196896,-0.008347591692697207,0.03971073915003212,-0.0740165709889349,-0.01068162588340275,-8.903278627630998,-8.344158956218184,2.1165250084833627,1
0.3422886261528074,0.33820523947289804,0.061306343206474365,-0.0002366082937029501,0.0062822082009155455,0.05163768134305066,-0.01874042771394096,-0.0222284038911701,-9.480486818494306,-2.4347398391630257,6.677402760826817,1
0.3222551982833094,0.3203051772007366,0.047263043008827894,0.042281169495914483,-0.0903782943966664,0.05462588385409076,0.02593410162508377,-0.0855538842258412,1.504873273044069,-2.6052320739158326,4.751542270647445,1
0.2633310023568246,0.26819963553526255,0.09513751120964152,0.06656741093230245,-0.03935958467308168,0.08128534125300987,0.0558184153763337,-0.03652261420078919,-1.4445829804687982,11.654906436288194,7.760747147533936,1
0.32365591363212803,0.3093417227212275,0.017068140234710108,0.05761149247609215,-0.026318814285611433,0.04275159599384421,0.04816477474107854,-0.017772618995708776,-6.1231045307227,1.6796386065525866,-7.786045870071339,1
0.28728398672535327,0.28600329693508103,0.24107478052162454,0.14574154905691752,0.15359900049123124,0.269641592558841,0.14842811865475725,0.13418683209373275,37.17160188161304,11.088767587702787,11.388895770026462,0
0.3477707532938726,0.33178043920186107,0.29566517090535244,0.09794047039224157,-0.21026277388357484,0.2850435145851212,0.08240338474653514,-0.22649168939452974,34.58628447454939,0.8304699213609528,-6.924116382754521,0
0.25352317525273427,0.2516028614880245,0.41263954558183114,-0.3542770555433349,0.002989132660839111,0.4176914690290091,-0.35268763702993805,0.016955493840894002,14.40987695971043,44.70417122107362,11.20997285518446,0
0.11345246283181631,0.11660036346465526,0.16111655209165143,0.15534644834827377,0.08833153991941667,0.14301862858599593,0.14196455864662066,0.08970093439235435,5.289606335761118,8.53255638701205,12.463930069302954,0
0.1906153130997808,0.193055963355023,0.23894930565367598,0.08033615046465184,-0.2370297040069637,0.2592597336072469,0.10465376554490927,-0.2215764662663029,-4.893098778388188,2.94019506085421,5.663393768054984,0
0.25477712914666784,0.2600946831478848,0.15810889336649647,0.06772742695772907,0.07421717197193947,0.1554679843361401,0.045193978627502934,0.04545522925389232,-8.359545189204205,-9.19699613344038,6.780942073345306,1
0.24484585431879827,0.24923192917252923,0.24641594836352124,-0.006226056497385529,0.17090757126896103,0.26382026413211984,-0.0066190577173865645,0.15118824962478228,28.760776956902852,-12.369174234591231,-13.44652446522015,0
0.34527016672468047,0.34152720073341303,0.017618990438674747,-0.04481523159183736,-0.0171644956814659,0.04038369444793585,-0.058594773360179014,0.006460092041510421,-10.981009132125642,-1.2428138982920132,-3.7565847021989445,1
0.1444664379086109,0.1402495223182697,0.08094431794900567,0.06393132495277429,-0.05902937887306517,0.05895422309639594,0.07957906178690821,-0.08282133531799069,-2.3320990644341144,-1.6940507875220963,-5.2570620994025,0
0.30849096309593177,0.31579288067363076,0.39638956631012134,0.1123796855355721,-0.14180665054326824,0.3889991328185358,0.08578046012377205,-0.16941498554239084,19.88583548026955,26.236534139851578,-1.26470278975426,0
0.2649546719866784,0.27672751059879913,0.12422793408324545,0.008637677108111225,0.06749272599543973,0.09742297419163376,0.03252657940530015,0.03781055089753407,11.04908946136852,-3.185001260900041,-6.5865468817658055,1
0.3306701703397575,0.3303290796317301,0.26114508420277643,0.1575354595964813,0.2607721213405117,0.23775180860340056,0.14569881840440718,0.24641082856631083,39.262811209401704,14.833229558333528,3.774733779232843,0
0.26192833035818014,0.2550025001596584,0.2457065259557302,-0.061497448111360736,0.18064292000509943,0.23392072403817923,-0.043190931780011446,0.1961987453003641,39.572549304726216,-9.40733983883789,4.499416412341244,0
0.3136219557947545,0.31360131557551324,0.0936092301517706,-0.0741902154203487,0.07384156216609891,0.1220091447337333,-0.0619611508991273,0.06089948323078996,-3.383692028548838,-1.6181176810042999,-4.7093270933827345,1
0.30182849286532354,0.3099167654444136,0.08271848722711504,0.09240287276377199,0.041367834769205664,0.11186967925365471,0.101642104748839,0.06529684830942073,11.896075215009486,-4.918557832464673,4.624852473714345,1
0.2671106654634816,0.2742332270948816,0.44210013316834484,-0.2054727343279796,-0.31908396815586226,0.45349640062721014,-0.18639778171225424,-0.30486722818198975,10.176242235120387,30.793954465385006,-14.958909168743048,0
0.13099822282450563,0.11476269784259824,0.08217958590679933,0.04297656650865336,0.006069828072089015,0.055385640536031525,0.033506597017331045,-0.02296440523229006,9.561283173962202,-1.8326682224979756,-8.644336241389436,0
0.2812265923656295,0.2865662131314242,0.3448546807088194,-0.24634858653746655,-0.26255717379477134,0.32360524695945003,-0.23790258055773095,-0.2744863612638168,26.31923640559063,-13.951671668498136,-1.1014941838429255,0
0.134382640802293,0.1352392963807399,0.1838723803831742,0.010700399264989446,0.017673141097225176,0.15584230768567137,0.0251899322164374,0.03821196735716145,7.632901391647778,-1.1606090323322054,-5.683286074211033,0
0.16890861499138168,0.1645325558230124,0.12102085731510925,0.09940063874980609,-0.038437511380480294,0.11952397736798327,0.10208126642070314,-0.05421226358960489,-10.032496611032585,1.140777825285797,-13.47583155714063,0
0.32923625692998,0.32260094963570346,0.14761160784413924,-0.006911868647206984,0.0974394477764638,0.14844792303891335,0.01429279991973876,0.1040918151106707,9.098325100591524,-7.273087928028205,4.588093954499797,1
0.3159499832683125,0.3132134052062037,0.25626524848802834,-0.1859574105252768,0.15252973991294067,0.2552334695439254,-0.17737282634572651,0.12462038324216043,22.01715189767214,-6.395561137102579,0.9887887537700095,0
0.3202863177899378,0.3183057968727088,0.10697299704248768,-0.05847256558121605,0.012627108717021954,0.0916506250080294,-0.08780136039600343,0.041824663768519815,9.165773211334262,4.003998856570799,-0.4513358816984461,1
0.15119389792657284,0.16116082766993664,0.0682615442880731,0.05958375982815134,0.025072361233563337,0.056812302627116604,0.05783576144449337,0.03866691998568587,-9.348999646598466,-7.0240916256980395,-13.486171470928767,0
0.3181708657294425,0.3338779209572994,0.31942166371695563,0.05761872078054908,-0.14680615022686647,0.30396072685249,0.07111879359712245,-0.12965382922595878,-15.236102882608392,35.62068908358215,2.541201641560267,0
0.3282129287818708,0.34033459836979385,0.3498958784264791,0.2727493267163302,0.2326021107072786,0.37571084133523147,0.2781449551478435,0.21315678481690958,6.0247926079662335,33.55019422391929,-9.019543194917889,0
0.35541489993549,0.36138887671995623,0.058845501934600454,-0.08232195291650052,-0.050261923842427,0.06668429349161967,-0.055929627562845106,-0.022586292837524224,-10.598054890689152,6.960714459933982,0.20084660065768745,1
0.2908730787614781,0.2920989417611983,0.10166910536929732,-0.07225847936823815,-0.041345301318311094,0.08375649910413797,-0.09608213654539416,-0.022033073544389076,-4.657368085666203,-5.728843175420064,-0.6278197393313434,1
0.13360172231707204,0.13867359232833326,0.06353779090530978,-0.012549048571938191,-0.01390076492643174,0.08611349995437717,-0.03473334902869532,0.011156604998435293,-13.233384531495176,1.702819588437169,14.90438387693925,0
0.23081381622019326,0.22075363956517266,0.4787985394483737,0.174954754626798,-0.20570860868054353,0.4769343518726813,0.1477816984742409,-0.23400992767232137,9.712085778905816,37.16362825886793,13.006174656021258,0
0.35580568340836094,0.35843339833266347,0.13578499237169694,0.07043583900149011,0.06647327169300019,0.1366813756660633,0.09149805823301449,0.06235484786529062,5.52637829472112,7.243243599741373,6.954931645878563,1
0.29562331016263266,0.2994140689787281,0.09509659120228597,0.031578356281198955,-0.023017510559791315,0.09692509859768392,0.0552734292243302,-0.01866813601246451,-11.923015423555583,4.173387705783291,-7.131342596033399,1
0.3184444532145164,0.3214050780139558,0.11051025536492108,0.07734693043323362,-0.08829194274572312,0.13697470557972247,0.055861656633005796,-0.10272563060187007,8.104308288181926,4.268744743322422,-2.2401152835179303,1
0.3118499136094696,0.3117825736759002,0.00808945263165727,0.06490051353837478,-0.015817660105876902,-0.011978657275640918,0.07441216250942062,0.013696059017898998,-2.045898620112604,-4.147899396578262,7.5096622191773825,1
0.34332188124322705,0.36220845297958193,0.08817980255878174,-0.09331950738732515,0.014874234086288782,0.08781506892823263,-0.08621536111282938,0.00032242768000023507,1.3998932840570042,-11.640585457521745,5.779872710429306,1
0.3053948127931628,0.3016296521863794,0.06126582293775814,-0.06668903014236482,-0.042007894977851894,0.07167812835873505,-0.06004053788280173,-0.04090257625502908,6.331880698860502,-2.174382610889861,3.243411871892121,1
0.357968063629839,0.3626681637063949,0.14124996375324322,0.09351860519949445,0.06762731096606084,0.12705692261465756,0.11929454351992473,0.04453847416491648,-8.589505779560575,0.6350421752403292,-5.280343660867429,1
0.3111969429170322,0.3256805932371395,0.27625362516121915,-0.20545649918276196,-0.21408940194954432,0.2630017312579432,-0.23390820754785208,-0.19276961851895322,26.626429393174867,-7.869987552444396,3.764345556512694,0
0.3076349439485858,0.29694143699477976,0.1383871127875486,-0.04128173806805742,0.05808269800888158,0.16838573401261026,-0.02554792225088618,0.03457038783397684,-5.656281288360346,-11.530800680568648,-5.428336909156911,1
0.2616429482909294,0.25897989866033533,0.01903819207685888,-0.08098932436985823,0.03182668662357904,-0.007365541327118325,-0.055437816853696954,0.005308339863735453,2.702915491045168,0.4445041344500389,0.005223170546230449,1
0.29224644915311293,0.3017132700686011,0.1630794042023066,-0.12046688222790827,-0.09779126518561301,0.13427214916222574,-0.14196933796837727,-0.12586095576656425,35.34742751645994,4.921066523060816,-5.971045610806048,0
0.23943810125505727,0.23699625934339774,0.014707304179226213,-0.08921630888915306,-0.09511690273039464,0.022151090253666413,-0.11178040409597206,-0.08317898151185144,-8.331062828621258,8.571403624333797,4.770548972093842,1
0.24070336005668372,0.2349401586937218,0.24207943455270794,0.040344743526070675,-0.24150305936609512,0.22081786698297487,0.010423830231068142,-0.25527670052189716,27.50348787876125,-8.128507154394129,-6.707616253735246,0
0.1588049524531281,0.15711630402217025,0.0976130632701539,0.08240866008702355,0.010994945508105994,0.09239930528093908,0.09006395226900185,-0.0038540597089925487,-6.389565876487172,-9.652341978053823,4.408601569459108,0
0.3041531761161605,0.3034211532607967,0.01922396812622384,-0.01498682602540842,0.030396243011904578,0.04326994747847371,-0.011964295270139313,0.04097833069894643,-0.043383517480449996,-8.020092747609052,-2.1911727713338873,1
0.30304026366195025,0.2916235261101843,0.3003612457130507,-0.26315309414667837,-0.06306780956298744,0.2745333737636203,-0.2529610688912037,-0.06306788786645545,-17.757854374539654,29.23749200125843,9.866370047122796,0
0.3416714467185238,0.34766824891053294,0.05521933504389692,0.05238963571283503,-0.07190996832219548,0.040619888572426974,0.06710650604210937,-0.09748724417549637,-4.630754016899791,-1.302416079366413,-2.84288450970525,1
0.334830878534613,0.32305884886913694,0.01377202478944561,-0.01897633815657948,0.021760473968136587,0.03381244510751978,-0.02366034863648628,0.023404231212003745,2.1646817147989807,-7.645349140065644,1.3271156712139422,1
0.24429895941685223,0.24821645525480707,0.06304143538221951,-0.06478051414632158,0.03241765365140237,0.08880768098288146,-0.0729497072847926,0.008489620407008847,9.096093235265265,-4.733883402104345,-2.673877993375255,1
0.2517954492907156,0.2449631524842322,0.3481020622086155,-0.1670852436240963,0.21259952603620913,0.36366914274422707,-0.1916897862172343,0.22472719022953913,38.85128874560583,-4.517028904387262,-2.3216984941158145,0
0.10685839698253868,0.10580185864659071,0.019266166999270223,0.012805401775155767,0.013281457720605641,0.03734201515040926,0.03575090147321045,0.043031911617045206,16.154899373218132,2.4135198393885666,3.9310582191880954,0
0.35926555487637557,0.3533703378103729,0.08882487149514923,-0.02889619627295073,-0.04502458467499622,0.09982146836622571,-0.05879834541515884,-0.03447967398136205,11.520303478679018,-5.945981147479592,3.611334331803892,1
0.32039175768407746,0.3132988287490595,0.04219529434964651,-0.08964886552244199,-0.012443232342972246,0.056145319110072936,-0.06266531592675688,0.0021473325005995567,-11.755896912102598,-10.295939741510796,1.5252280911099678,1
0.27533991787171574,0.27627467976559705,0.16508717579345716,-0.0598170850165092,-0.004515272408495058,0.14203436130973554,-0.08402621677378776,-0.030810659587965396,29.02163229361804,-1.3110044825457194,-3.5954435835029503,0
0.27930492798212364,0.2805074496164629,0.1707561897682754,0.015372191699518575,0.06123819308894504,0.17584135193657158,-0.006944651667614207,0.05050333067365634,-7.9118113521955475,11.487219453610535,-0.02176724997895718,1
0.3586136467941082,0.35067816754825165,0.027796155843985638,-0.0604666035490721,-0.041734109288306856,0.019257113735544094,-0.061762307983871424,-0.06288855207917171,0.7053924966308998,9.187813584817874,4.168736363677871,1
0.1673616047507569,0.17008152215564507,0.0670717373626982,-0.004445156958782434,0.008957505306257371,0.08344194339647201,0.020019564184414723,-0.018363075531491267,7.164704773299263,-1.1790659412986493,5.498917981727935,0
0.3132333448261393,0.3153111262722003,0.006516866422093612,0.09408658341806461,-0.07209861981875099,0.015620934922285612,0.08115976334984497,-0.08248573331677947,-6.4185063947402465,11.399214765713381,4.336527946453998,1
0.2884250996010557,0.2904914780591966,0.15421260319861968,-0.04217934376109796,0.0400020308134848,0.13358904182564443,-0.017591731060858276,0.022985389334463282,-11.823644662457696,-3.4712536243142935,1.848267116130419,1
0.3205846172520177,0.32957640906201446,0.2857789285038025,0.08925541745397442,0.24920626311634997,0.2978557845626462,0.07028677968857944,0.2552070764095882,29.58307548698015,-10.954281936297601,-12.658654439779387,0
0.25227524233377174,0.2521268266411584,0.15334825865252918,0.014796212788853791,-0.01711722751502362,0.13942627111993733,-0.006950540156671937,-0.005231425014058912,7.4872157301236015,-4.546070818144349,4.5378760954317965,1
0.29573886174016173,0.300722104766835,0.11894963348440483,-0.05526008523419699,0.003385573118798141,0.10315756640020435,-0.07801000767504918,-0.024505108189573237,3.3226805853743038,-6.853211724535672,-1.9909854359977377,1
0.21998183462235107,0.2357838934952651,0.20786156723677662,0.20515297191438392,-0.027144020132919222,0.22472879877110488,0.20807212407094783,-0.01891158526349996,27.301909664491184,1.3385820649648643,2.281751323715742,0
0.26745447851915266,0.26873659153615437,0.029377203249201678,0.012663248339592453,-0.0263813458006769,0.04912245824935585,0.020540403377957567,-0.019172546352744055,3.027822860171261,9.89292816980823,-5.584109897038918,1
0.25508923224940283,0.26236241408012845,0.2954371701597016,0.11464181698375481,0.08935870945620272,0.2919467211486484,0.08736939607917549,0.08749075316362123,34.97932956865828,4.208688611185281,4.238278770204911,0
0.27496503736722055,0.2712821083693517,0.09051748865646358,0.001055384458619163,0.01652886986290751,0.10119579980916626,0.002440814415378058,-0.002159316104642872,-2.5175558988506204,6.8853931548006635,6.610460005555325,1
0.1675446702096724,0.17004882861540052,0.23879329515771863,-0.12114523854097613,-0.1390301899540305,0.22056469813782464,-0.1264410929041085,-0.14997753271025097,15.990165168130517,9.74350311228639,-5.803957473036766,0
0.31257014452391374,0.3007098762102935,0.2900369816216082,-0.2423115318759824,0.28849330762596437,0.28022037524277044,-0.22405891936454375,0.29775941101876113,37.98185816307632,13.929262676122129,6.090666449081958,0
0.25431593962731297,0.2521177761615242,0.4809950478303424,0.3017347614105492,0.20353566391285416,0.47388029976440155,0.2826315563157945,0.2183172690246204,-15.250217016404811,43.79886139111766,8.21980969950106,0
0.3281112755956171,0.32816610368908666,0.3068690037215822,0.09158668477604631,-0.10521534622302445,0.30316287201639747,0.09642118249111745,-0.13347376262626542,0.4902026385453304,34.16241336185878,-12.015545415300675,0
0.14699663554891948,0.12888944707177447,0.15897739665429272,0.14822059070831156,-0.09706241306587457,0.13102025588320512,0.12206140693663248,-0.11966659431872848,-0.8602821453098617,-6.4243426810660935,-8.018007137932479,0
0.2778026210152087,0.2761261727712765,0.24183089763362176,-0.08785598155194349,0.0801326984176638,0.2685723318181729,-0.07253879716439315,0.062198958485465035,34.45909287020997,-2.574072898997379,5.526709291366359,0
0.23234795091092855,0.2277840795268073,0.3454523473982076,0.017902288272935163,0.09295287931274954,0.31845046579814196,-0.009904631603089596,0.11544814217645963,35.29583482579279,12.201482012208277,-4.17542911982199,0
0.2870162321414017,0.28722933176185667,0.0662261094066274,0.07961236451165449,-0.008952852342407142,0.060238507067119196,0.10666107510711548,-0.0074783623461270946,4.663414399109172,7.056933711451897,2.0464572919548196,1
0.07997639412823782,0.07805196533931025,0.1679501335192619,0.1481505104391147,-0.009040843132661014,0.17592728458215529,0.13110459440225183,-0.025999475779234813,12.777239080435702,3.376407547444023,11.453113029067254,0
0.2964379412818473,0.29731839967506707,0.02870322179279372,-0.037420233430193475,-0.04695951932850213,0.027803146385841797,-0.011631997356030502,-0.02293137165536687,4.345416711634805,-7.707039599019714,2.3163589829249123,1
0.2737615247800137,0.2666315751946696,0.08860344951214916,0.012034899753495074,0.048504218685497674,0.10116994314390379,0.031432887385114634,0.05094757234309272,-0.6807519110031102,4.326789572147852,-0.23529445843239394,1
0.3118761115652758,0.31740827072562605,0.1169723882798676,-0.08311113577202218,-0.016838519565878077,0.12223106261053032,-0.10287555765980902,0.008668687536729752,-11.00125982731458,-0.14422033813154655,-2.722220602675435,1
0.3428651051088852,0.33507783663798296,0.30833726771557735,0.18712198350232728,-0.26019579600196496,0.3243963912110986,0.2105155527474995,-0.25660249721971934,22.32457483194029,-12.418304915509779,-7.134570429757207,0
0.2995091142409738,0.30397378212377757,0.20956788348428534,-0.18983810080954108,0.018379569539965945,0.1809839399581941,-0.16649910364470014,0.0441318572296733,22.256098962647414,8.437010582149838,1.8739299462755135,0
0.24835424577115003,0.24808589358785654,0.15019609538720816,0.004684769568978481,0.08143947466732251,0.12624477805531498,0.014215538477384049,0.05947810782106297,9.071781143824907,7.500186457203977,0.254382339910741,1
0.2991259115180946,0.2998141287273555,0.013768278345170422,-0.05106251594904483,0.07650475122530592,-0.0012268402163975144,-0.041944889369185064,0.0881112843111785,-11.095447302838798,5.680072065558889,-3.328903872777083,1
0.12411206374620533,0.1191954457418755,0.027926844943789636,-0.02231294330955917,0.0019531326077273786,0.03522326267265536,-0.049907212203790075,-0.0020792699400013874,25.13727327541134,0.01707010033257461,5.262307279957689,0
0.3223005014240256,0.31536845619895265,0.050053327149604136,0.09181466761599719,0.04145343883906816,0.03038356697057959,0.09441575266142266,0.05737603018272779,11.710534293898192,11.310271590452842,6.702555564961438,1
0.25009765792115973,0.25159107026422955,0.03732233121090126,-0.0950877210179735,-0.08138456772948743,0.03981296483040157,-0.11719688541263593,-0.09802716590003606,-5.608797174610926,7.679286375257533,0.42620015899520425,1
0.3176041546049317,0.3182042345165278,0.1757028202492661,0.010157551266147105,-0.038930810154252815,0.18597964598324182,-0.0019426628258880085,-0.05566112500181454,0.7667629428494962,-10.688707216059377,-6.202082014516941,1
0.28303915788526396,0.28113559728018417,0.11295576093367612,0.08466271086033286,-0.06566084011041881,0.0906859946422933,0.11226763733945475,-0.09189933673281074,7.217485423329681,3.156401996283055,5.0071479140328545,1
0.331270778869035,0.3280854032634148,0.13964796575725716,0.013097790802822765,-0.04899072026036773,0.1586686637752249,0.02890338291255007,-0.06049729552626894,0.5218054686437661,-11.64101865758558,2.90881508386874,1
0.27797267137669623,0.27056436086276336,0.042479507271699475,0.052631097963980106,0.08600066947094348,0.0658662752640916,0.07714759275731863,0.10348775873940082,-0.04963553306669688,3.4319621601799817,5.874756425707297,1
0.2742271012544602,0.28690761984565977,0.2847206539300058,-0.27609201239548775,0.23233649770595866,0.27954997034432594,-0.2555790110403174,0.23477979318535477,24.704786306509106,6.250740308214542,13.501176229673721,0
0.303920013770968,0.3032408339889672,0.0941702329339883,0.08492383569664352,0.024016181330652447,0.11278771340666957,0.09721624377497065,0.025836882387303556,-4.534467957489842,-2.3984026459709753,-5.86406663853038,1
0.19355729428227414,0.2028162489431948,0.11584493515829772,-0.0733377058342804,0.02224864326125872,0.09042117537672756,-0.05814760270947482,0.009178432043447714,26.796494161754744,-6.720005478703623,-6.903730721495322,0
0.28081764205019366,0.2814557977430382,0.08778346418221031,0.058115409038922095,-0.036423476719436534,0.06424844920454528,0.0853231798445766,-0.012050629711329863,5.867596959172861,-8.484828689302287,0.971597690143204,1
0.26332444735674954,0.2646782405716611,0.018205593801542217,0.02768106038375967,-0.021374184029755022,0.034858721860679204,0.04913157836806425,-0.042684202966837365,-9.795949577555792,-11.91018171962292,-6.733414777896355,1
0.29529803524416115,0.3039479996120162,0.3624659027360486,-0.28317014125370266,-0.27859766519029816,0.3423549630815462,-0.2650210795736516,-0.281614641129984,-6.500727343350077,27.773875859983285,-0.12911511299663658,0
0.3139436473069113,0.3120603342699389,0.08742465130027748,-0.077709879704554,0.056948169581889696,0.08708689589287709,-0.08984664347527661,0.08672381426042426,-1.7793874940580459,2.6600236701432145,-7.936922679477092,1
0.2929228586438697,0.2983221512526804,0.15463649853840972,-0.08111609017717068,0.03343013571052417,0.15035513328800446,-0.08940902912677819,0.02656458448227924,2.7028498196660458,8.820713912551028,-5.236242058814932,1
0.30505198491292007,0.3048729193599161,0.03707309479106644,-0.018946108180679502,0.027135205094458104,0.03687462285837563,-0.014964905477801292,0.0036345655487316046,1.8347524732853326,5.3558542573164125,5.38247252699842,1
0.35033182836873966,0.3495768424909627,0.11746210531807473,-0.07511792225469523,-0.04092184105802987,0.11213429594100828,-0.06507410896876739,-0.043517105156789936,9.919639123974715,-9.870372167810661,-1.4903065697467763,1
0.329180958799135,0.33718895704876173,0.23768728781912013,0.12110026345333708,-0.2260740636157559,0.2620093791768395,0.1344564568616832,-0.24747716698369376,33.56898376926179,7.136957161939399,-11.17577037794526,0
0.243883899571653,0.2455702461602216,0.25384178000695,0.2028885307060938,0.03725419580364775,0.23377011033453252,0.20392306091623824,0.0648151392970337,4.774686519497834,25.12285900513567,-8.724446708398913,0
0.259433818528054,0.25760249303073596,0.10918194033517736,-0.011062394397850867,-0.01142969575361949,0.13341619166290608,-0.008092777629847378,-0.03242732105872688,-10.2768685833589,7.266054005093174,6.288839756052042,1
0.17451827421528887,0.17334258125536817,0.025055009436486142,0.00023077032376115844,0.004985108150407761,0.04174844137169879,-0.013601642312617537,0.014219528731798912,18.085021139731218,1.6839053418466232,-4.923086048124134,0
0.3299808401407448,0.32513683114412484,0.11121189167717688,0.06256640394663063,-0.018985355504389553,0.1403371627491041,0.08154979887491562,-0.0012968871419113542,2.561064647512154,9.446115376382028,5.621255547462168,1
0.26662528340208314,0.2455461895572173,0.08704876531574174,0.06895671950827917,0.011392524806828022,0.05752064670950738,0.08848029249590947,0.0006859665003721357,-6.951753709853759,5.652228753901952,2.9014570058801255,1
0.308452395761106,0.310469189442634,0.06712904485588125,-0.09381559658381733,0.08299588345564007,0.06022906757619187,-0.10478773575358534,0.09501126738797963,-4.148240139406988,4.9146576315623065,3.1077952337834382,1
0.32387160370995444,0.31051054081748586,0.03518879309012638,-0.01272821051348716,-0.01106900594172086,0.034321337621434626,-0.024032267220953748,-0.013934228416828762,-6.816500422092893,1.561186710051146,-5.6650290114927895,1
0.0860708802735983,0.07498659170021323,0.14521779005586224,-0.09614792728837002,-0.09315563225451612,0.1449366724992637,-0.10048907774046713,-0.11440561882764802,-0.783156675168545,-6.350288463326064,-5.074769982620648,0
0.32966772183755144,0.32663902050446236,0.2735553811584118,-0.2136433499755627,-0.13853037655843048,0.25177317931091003,-0.22826108643333737,-0.1404877061062264,9.263962417874545,41.520971589118666,-3.24386255834842,0
0.3029616351486714,0.2993342140389809,0.14327547418188502,0.09119685386804033,-0.07386589820426881,0.1722077666601235,0.09758720381042325,-0.07972618076883328,9.21392349379159,4.915126518837649,3.080856724766477,1
0.2525276866925079,0.24291765983844169,0.010131986336758412,0.07072603462934679,-0.05305930218962085,0.03947750270675256,0.04973380803430222,-0.03321706586486497,1.158559628596528,-1.7701391236786392,4.728408419657633,1
0.16092757040107716,0.16981833092124232,0.18101441781707017,0.08681460526578821,0.11822777741992002,0.18825606171594028,0.08443783540848519,0.14101241177631924,18.403385561268976,-3.1024516515063834,-4.586132713767533,0
0.33305809292733335,0.3381169169401079,0.1502917873487776,-0.020466025905921795,-0.08663924728061215,0.12339661863076248,-0.0027212431144758506,-0.07789625380411982,-0.3846000368267184,-1.589244551318739,-4.848336827951369,1
0.31959060620429275,0.3125481040062263,0.03381493056075395,0.07166853441850582,-0.08932980353096363,0.0508002294561335,0.08100418253982306,-0.07786188265871191,2.2851765243995885,11.611692005558552,0.5040757094839776,1
0.3027100259461898,0.3129175078042137,0.012153326433734703,-0.08943857971997793,-0.09989625116685891,-0.007766622651593027,-0.11062675563069367,-0.07824819274962674,-1.5284001673376846,6.5909731510135146,-7.442586395521349,1
0.23100637279511133,0.23710552927697182,0.3597146837970954,-0.10200064608403686,0.2940352210703627,0.3739587405282583,-0.08998246865541393,0.3116898606419224,16.915390313953353,33.94447936771235,-3.3410353146318563,0
0.18187776035781403,0.18705195242018482,0.0877762309847338,-0.007510302117146719,0.070821612536559,0.06388841517931257,-0.034324614447299825,0.053316023155280876,22.641210002617825,-0.43963995645450105,-1.772957784167188,0
0.3073482125150791,0.31168805508594594,0.09099050748427205,0.02733405598326122,-0.01833539547340224,0.11202176021955351,0.02411099629808771,-0.03466332828023221,5.98017977557279,-3.9948017645194724,-2.709168048858359,1
0.2762154241039114,0.2702397875097911,0.14951426885691424,-0.06817645058190544,0.0960489250551895,0.13599540081776404,-0.06522025648580562,0.09902695369678431,-6.587437001205964,-1.8794746851937862,0.9370250682865038,1
0.2674445122810137,0.277473403162793,0.48298668969725256,0.07410593337993399,0.373837510380142,0.464437908911539,0.049099118805204386,0.36138124090079177,13.070071142921591,33.949913691567644,10.891773063081281,0
0.34567928030933026,0.3470970791752357,0.12241095397741703,-0.08647208909938714,-0.06337193083004396,0.1379913162166968,-0.07129894087991728,-0.08821739653304644,10.895476374410016,11.24761136105343,7.4786130191738,1
0.24276210940053694,0.2328747315228592,0.10148828606229163,-0.03212122994566799,0.027911560316752487,0.10761752213004344,-0.03101858316907709,0.051090564349778926,39.403853259189304,-14.190448588592442,-3.888763885244087,0
0.3309659614015784,0.32032086853866865,0.17603973424111094,0.009922727444062168,0.03843677972879858,0.18135889336064953,0.014550973871119942,0.0267144230153479,-2.5625601695757965,6.032096153411253,6.541984904379666,1
0.28627932595650324,0.28574204217685784,0.25688554703882627,-0.15213695330751104,-0.251573942725699,0.24342582614680566,-0.18058703770004098,-0.2656998511228899,23.878525987695877,14.827698647570465,13.328537763142442,0
0.33391530340382747,0.3285523500271123,0.41879601268085354,0.34070356211686614,0.331618447148204,0.409261385957761,0.34223791401425957,0.317610355251373,11.185844059236953,35.554321195997744,-13.255243424725016,0
0.11175805189192331,0.10543041624792457,0.16380439902176627,0.1549585562796623,-0.13330184390430197,0.1353382986134602,0.16862653477687556,-0.11700731325828351,13.077713828973621,-3.4967289039284637,8.301603683147288,0
0.2577502271305008,0.2621486066320393,0.0428375677738685,0.05582074774687337,-0.08280020567300944,0.07153978110721709,0.05364342612015069,-0.08677610725176052,-7.421737140800061,-1.0672582514420341,6.882910859916329,1
0.32669085933277364,0.3307442097602668,0.1451197045394694,-0.00460069654730548,-0.06154320477154514,0.15610283756179286,-0.026368828044945558,-0.06540182552867276,8.27442584309701,-3.179799718720446,-2.8691158322796912,1
0.33319874996941184,0.34062721891735454,0.05552273204959503,0.08584844880122999,-0.08113169947206891,0.071733949016246,0.10380182410077331,-0.07498708428658205,11.862460299918787,6.482177235812866,-6.507665514810764,1
0.30723182612153216,0.3107187279934829,0.13963064652401003,0.09550119682578623,-0.011126767472353527,0.13530430231476487,0.07554263298444916,-0.020342362713889006,-3.784439850057458,-3.033815844662609,-5.857774889997094,1
0.31538161273183335,0.3053950489750246,0.09681235400982625,-0.06536058267336098,0.019527633791968577,0.10048540537679354,-0.09373218514031016,0.03877033483867317,1.6166153725797372,6.566702952998185,-2.21488112251785,1
0.33629712813065543,0.33223311871469624,0.3913386977313683,-0.29670245610278234,-0.3150410831900772,0.420752802283932,-0.3255414960360231,-0.33792904351046804,-9.13875232111284,42.471465412212346,1.0502728140174504,0
0.2673568246387569,0.26233042525871486,0.31019621878436765,-0.054514585222752654,0.05976746677652589,0.31799634140636546,-0.030096154847398894,0.056219787474121895,20.77293395830332,-9.385050393707493,-14.84662460648879,0
0.31873638168034446,0.30671027866653566,0.4918828000803504,0.13958982856841012,-0.31308896426638777,0.47648871941679505,0.12957735954544608,-0.29379950267024546,3.3818958059416495,42.60783876025275,8.979245385268765,0
0.08307622574678127,0.09543919231651322,0.14638965570143034,-0.14447257816853148,0.019912023222678876,0.1544622118192744,-0.1457112918364634,-0.00718749547875799,7.371639574244114,-4.591495441411356,9.528199104889548,0
0.19626397317487898,0.18776067587583067,0.02543680827054262,-0.004083188685575254,-0.017659902385545517,0.04788375074981234,-0.0038854754897579176,-0.01995582418190352,24.600067811036908,6.00257745282406,-10.323996426670764,0
0.2722937827939014,0.24936226722845023,0.06362064714317953,-0.052501723219549226,-0.07547143047242043,0.08004631606496007,-0.08014996974855242,-0.05056360351855645,3.514785300694271,-3.6990954423471525,-4.393855283578654,1
0.10357183762217077,0.09938294626765012,0.1848052225547726,0.11391328105048348,0.027916360949528096,0.19475208853814197,0.12194881334649763,0.021941820711281885,-7.924717382097567,4.407568776965958,-6.867226620205715,0
0.3114624805700212,0.31067373529599074,0.11107560533300763,0.006425506379432136,0.09037133024338803,0.10216395046994074,0.023486857149856495,0.0706811985888982,11.889072423698984,8.09750375533352,4.884738318244835,1
0.24655093584081106,0.24565054370164974,0.20152730165019617,-0.025743602757519135,-0.034803789574023775,0.19964272589266438,0.0018504811103042113,-0.007416059692549562,23.80409528359478,6.094285571674437,11.252846561672012,0
0.26320118503700685,0.2629918980640227,0.17137302828011947,0.011864266730681902,0.07954614726074496,0.19029359206387222,0.03226932908956985,0.08482034574183539,-5.326596742772377,-11.37653856128254,4.410480058942747,1
0.2660109028102579,0.27902881657743916,0.1418027131149971,-0.023443367443948857,0.09599570797803167,0.1513115592185946,-0.0036676428988065626,0.06746275843095256,9.204716074168982,-4.768311416097232,4.323089816605682,1
0.192159027623958,0.19656655539259296,0.021150361581625754,-0.018294874592249016,-0.008201567321525995,0.03430095017584026,-0.005825607721616673,0.006370114488890638,24.075909675925047,-3.4285756290350626,9.266624826518552,0
0.3131748717677012,0.3282744625439643,0.26370555144844726,0.1067018207866971,0.15883332127001748,0.26779123171311087,0.09761995769541884,0.14851897571057346,-10.418745645020788,35.53680689338294,-2.691260955896782,0
0.25324902895263024,0.2576874837456838,0.09328515529694242,-0.03806554487361744,0.09313395137930333,0.07455389743724597,-0.04263711151517718,0.07897758672851121,-0.684366641591744,-9.994460247435583,-7.714522443915001,1
0.2757191701032955,0.26469370635566497,0.061856266631357563,-0.009449825145828566,0.0011467374368711036,0.07489490975374183,-0.02898209652019409,0.006027815889873694,11.623536282764128,-6.640257884113428,-0.19238136187764532,1
0.3190779476353305,0.30340647805439924,0.16833637645123123,-0.07092993899831249,-0.009825345379954192,0.1487687288551607,-0.04480901727850482,-0.015731088151756386,6.518582402540847,-3.1714145272703362,2.120135938458347,1
0.32208350433078287,0.3296544906986322,0.12027728226185311,0.11926173747602264,0.0021224883410616013,0.1252954699275255,0.13703266196056363,0.010208493287568385,32.57658383155533,-3.9819759150987917,1.46372849110233,0
0.3265738864996659,0.34436564714936374,0.1261282644483069,-0.055052511909049764,-0.027822011568832794,0.11542946448790012,-0.04636441273897979,-0.05636056314179236,10.782407106475613,3.8690538952828497,4.624395742945156,1
0.2311692245675433,0.22337333079101204,0.29635418089646076,-0.04772017902321718,-0.27091597265844763,0.28255582298956256,-0.04238235531621393,-0.24167829648901296,25.663410722669667,9.72688159571867,13.91744297014144,0
0.3320052922745541,0.3409871896100835,0.1327076136165317,-0.0809684053190472,0.018998874451984046,0.10849903077487039,-0.10463113202839464,0.0008671416723742206,3.796649887917116,8.053636189773055,-4.702541137316629,1
0.28428492327491317,0.27187642146219615,0.08477138492222706,-0.003983984961091425,0.09952959343674009,0.08592495117952484,-0.016435922672697594,0.11747604034313647,-9.253312344692878,8.447160854438177,5.818912630749923,1
0.24269763174395725,0.24818469757798153,0.17180406528256675,-0.036958261928895425,-0.029141650062415717,0.1527118418789431,-0.008465145110962621,-0.012279562225663454,-6.651773264603697,-9.967918277626818,4.640748642269619,1
0.2861154693879722,0.2829401606572166,0.25372001250640475,0.193036268189674,0.1125571999380649,0.2635245854063916,0.21879407234389373,0.13075241159803308,0.35399422486309007,29.840212144180242,-13.919155352913133,0
0.0852438516782091,0.091122320128945,0.12259358378633858,0.00911891575615667,0.009408516388043714,0.13470729814405358,0.018027532015760628,0.029199335429443633,5.428796273760103,-1.2357383992156183,11.116942149078827,0
0.31098765615769186,0.3060633594353481,0.1262503982238178,0.09058449369711316,0.022012096577434775,0.13737606146947867,0.06197814863791867,0.016015783345520097,-5.877433655342863,3.0114757659344704,-2.8721414131517413,1
0.3349494675291805,0.3373957521149634,0.0988459890479423,-0.013716360964021984,0.02520249618821141,0.09906396455892826,-0.012499854079587838,0.0431947208340416,-3.3442239731938983,0.3057418705621977,3.7872910157155246,1
0.3025398670884259,0.2995522254865576,0.2916455611118329,-0.25691064788120976,0.17407004417744415,0.26405446085261697,-0.2678242520723238,0.1844633871311036,12.690497432317514,32.894546019087684,8.650145669675595,0
0.17478874621128243,0.17566431882887937,0.13822295897547832,-0.0639778494485794,-0.0715966454020643,0.1327735448995848,-0.03873984971089635,-0.0907493239773298,-0.19165826722053758,1.6660345150937772,9.851790722127443,0
0.348559675691502,0.340557129943579,0.1790683584517562,0.07458240327741683,0.07797980141446623,0.16974681164245325,0.07800251019030385,0.06575777924167533,-4.455649376882284,-2.360120783774967,-3.7106383228711834,1
0.11609590650223399,0.11050722523359441,0.10901330476654797,-0.0902461525536049,0.03248886537554385,0.08160089877229697,-0.08684965709840643,0.0621851539449613,-7.424622981276075,9.290097521929987,6.157721836955588,0
0.3052639064616297,0.30510352470288166,0.344848866509998,0.01491771565205341,0.15849522548449313,0.35627859308479926,-0.0007595864611216335,0.15714093070968507,2.310900281465816,29.259231819233655,6.933919518614971,0
0.17411831599768307,0.17125454050799213,0.11425336186987256,0.03493222821008801,0.05688190912317653,0.09841245866981349,0.011808520323077613,0.034756158691741014,9.814869852876164,3.4528572984962587,-8.797448140706479,0
0.14301162524980732,0.13688406118400423,0.16706003592181073,-0.08250836972357427,-0.16221859124362306,0.17397887798085526,-0.10243638365690926,-0.15178929557471582,-1.81035360556392,-8.250734070933738,0.2828279666017348,0
0.2908229041955359,0.28960754797108873,0.2615406089934415,-0.10404209424351527,-0.23507741599979234,0.2831269887549959,-0.12889543140768933,-0.23749467419963238,36.337497239617555,-10.04571666800201,-4.5108660938027825,0
0.28640878788539387,0.2967232798260533,0.16802816847397645,-0.07493470734401214,-0.059406688064427005,0.17957544758192623,-0.10362632330766292,-0.031159598992882898,28.307557282868387,-7.613572002475189,2.9654313310056715,0
0.26053987903235054,0.26296318014420456,0.083506011499809,0.08851368006286758,0.046829269152183606,0.09062564821598806,0.1141139093477445,0.032302909701051256,-6.834150043700404,8.629467202053554,-1.9487916318451024,1
0.29911886761002254,0.2969475575967573,0.13103178600104595,0.050140510187168225,0.0013527879340465426,0.11443301982190215,0.05200085021087323,-0.005943955990809369,10.208709030083188,11.765778572527395,-2.252565023767266,1
0.32547016099882864,0.33136839690410125,0.13649391782345466,-0.021591507627628764,0.07084050133899841,0.1405204797527822,-0.0217979786050118,0.08943668976170091,-2.0633380288233063,1.6922196706941932,-7.98972314080202,1
0.3282922760491352,0.3129853625760437,0.3781237079639467,-0.33638846205958667,0.24713135579950873,0.35983475128797154,-0.33403526444776477,0.24477326126631105,-19.383360788651373,32.06718475816989,-11.590257450458981,0
0.2231892523643531,0.22329557358901572,0.465083777020037,0.10658523980984402,-0.2615301020791412,0.45527265287782714,0.10902873359035382,-0.28368158862927784,10.488479010212039,36.0621886582348,-8.565416124019658,0
0.31101639666382197,0.31703980756285954,0.3477959220924078,0.3268337583109466,-0.08859069090173,0.3272266502725513,0.34326066270147704,-0.0863339039147964,-9.94289619783709,31.76727438618369,13.78359223160124,0
0.2658952511219341,0.25922227318425317,0.11932232904159068,0.10334905428376917,0.043607225952397466,0.1304988490543608,0.07398031792941503,0.06807425068409781,39.57714269797994,-5.54976295956603,1.9832096227198015,0
0.22101400227997436,0.22566801189593622,0.2812418111549041,0.003013226471928865,0.21645661927971732,0.2819944747171813,-0.004607342086774512,0.20622469872819743,39.98188157595274,8.913557588818627,6.237972747076075,0
0.25840624036796295,0.25244660453138923,0.12549448284733855,0.0937356402232922,0.014730129974907635,0.12336525497234264,0.0888682007999497,0.014204583765542001,-6.784408512374577,11.97009133858111,-5.205163314856337,1
0.35484548110647657,0.3504803827289816,0.15491261090801603,-0.02810191031153471,-0.02534651647585924,0.1814829916196905,-0.02554372900056618,-0.02831976906722503,-4.855334633378766,-4.172876576999905,5.7706794606205705,1
0.31553509138592706,0.30452463287599935,0.15045930315956563,-0.04404084226573675,0.0038281568322281467,0.1688331924829445,-0.06769197060465579,0.010693806522518105,-9.180487538146934,9.230640063606732,-5.199920603362587,1
0.10929381792574433,0.11564809571728232,0.03029420148154549,-0.016837068265989394,0.023549583418666885,0.050440038995785995,-0.02418643335418973,0.045845229861535323,-12.086171218496052,-6.040124024082525,12.745226395334843,0
0.3087023568362063,0.31802966412205996,0.07159944980562304,0.060365007309876234,0.08746226079426478,0.07894014597017684,0.049671724133009104,0.06128736497930296,10.968970889581847,-1.7857715065396995,-3.770764411599483,1
0.2561433179601866,0.2532322244680499,0.06568516235586133,0.07439556094956945,-0.016238096757872356,0.04058054391289434,0.06927343176417484,-0.0116330252141841,-4.3849640205306715,5.739173870073955,-4.55064845398498,1
0.29121463665199054,0.29094558489974615,0.08527576901626409,-0.08614460129910145,-0.07035156460928141,0.06864065789226717,-0.09352027944813825,-0.0699425177851613,10.448998478228685,-10.361005159917077,1.4423294828899333,1
0.11211290431791408,0.11655536098491813,0.12204404329358981,0.05139104516394033,-0.01060771893612189,0.11359602946376585,0.022794082973916153,-0.014506411492514547,23.003557602960413,7.603113395190096,-12.805048642652082,0
0.16598168888959114,0.16976321868751543,0.10318595789100532,0.09632282964728212,-0.05614162918411206,0.09663848490587135,0.11238254209282778,-0.05443890991483416,3.315074901420683,-8.33392590243799,-0.1719880909820688,0
0.2660015946881313,0.2815892379851269,0.29425961102700027,-0.15900957827563084,0.21206994317939631,0.29273504793240007,-0.14167863480897996,0.18696253500792662,28.708299578507916,-12.757476670071412,5.885224109344595,0
0.3271833727244155,0.32070682318909566,0.15831133857670093,-0.1342101829098473,0.1460357642345243,0.17619636340193062,-0.12616979409914195,0.14391332568792803,26.0808954494819,0.563659628872152,-0.2681167039228267,0
0.1971693451953432,0.18950956571942684,0.12577187798031922,-0.05930591269813569,-0.0681450484844778,0.13631942859336785,-0.05689774372560305,-0.048585210310076433,29.686442311634003,5.256055453752751,-10.228065359632106,0
0.34923985891881815,0.35759224160643377,0.044257605660910554,0.04596304926057332,0.05091462764362695,0.03162338811139445,0.06372667611812557,0.07537092112705589,-9.653088061309365,-0.7624462633539828,-4.791000458855136,1
0.35453773811760403,0.353590661507265,0.031687797580786006,-0.06145142184185091,-0.07088346157955283,0.01858982947070382,-0.03653667528002809,-0.08250268734889048,1.6846329287745156,-1.3519302124151906,-4.0070850875751045,1
0.28160677633475184,0.27965178253093814,0.13737367483114388,-0.05094683137814007,-0.08304505144555106,0.15082517693609448,-0.04006345925990839,-0.0989830534958474,-2.0688045627804588,6.561102915323616,5.608991097387861,1
0.3417428436376529,0.3403559231563959,0.3425757284960419,-0.1532852374144454,0.2691103728307207,0.33304808063141783,-0.15197942230761802,0.29447748961867093,-19.194922939992118,32.3225775484693,6.345094509830819,0
0.3444633796709732,0.34440107897892075,0.007740585133209192,0.01302962253917743,0.009652768366653047,-0.010656293277197453,0.0019223312358276137,0.033794963582441565,-5.985387014326565,-1.1334781172923734,-6.5961954706778325,1
0.3335173178638586,0.33875136842799014,0.35754365530957244,0.24037840906201868,0.32241171571714666,0.35859862595014486,0.23296135959380812,0.29979005894783173,-18.11162097244495,27.58741682972825,9.950158627796483,0
0.271218471473843,0.26813737586880754,0.257077134211135,-0.07923875291926505,0.08158460693507252,0.2489103362662188,-0.08536332253795213,0.10353884521108318,0.7550248560118362,31.889402041279293,-2.669032644958529,0
0.08939070064179354,0.08440652151909325,0.07490198288233324,0.0018458441678429471,0.06581481032996564,0.07967202186287628,0.02149196248250778,0.06138312465438213,-8.705097589075043,3.705310918414746,-4.014577167580526,0
0.2951848082298865,0.3051386921601211,0.14294781326055608,-0.05510578280348721,0.04198013579898466,0.16398023650824478,-0.02719877110580817,0.047672252679748735,5.05847378049679,8.38926677419639,-7.86106242457808,1
0.24282951119029675,0.23922963589868243,0.198561410493229,-0.13946051915976376,0.008988033956015273,0.21796294710768715,-0.14538021854970365,0.016161120275886766,37.451345318031315,-4.588203091669303,14.758314499804204,0
0.29656065701275236,0.30114952029499936,0.326673549482538,-0.27992783951038025,-0.10271734342449512,0.3565392666501875,-0.2607932310611769,-0.11473459333668343,-4.723341007612035,37.98217155928636,-3.2603030958104444,0
0.2691321380238782,0.2793382885567552,0.15976668563045957,0.07477938107960644,-0.09068819888795969,0.15079350991679857,0.09997113599157027,-0.10823488573890173,20.73615696334821,14.371011065468817,-2.926972345353498,0
0.12881535590270718,0.128885094546285,0.08626123605183902,-0.01017683045858428,0.0010340960437027896,0.08681390396919292,-0.027586121864700358,-0.027115698517552758,11.996740150671574,-1.4905681384651697,-4.314644284696328,0
0.11452912755486189,0.11995039862935011,0.12068806605318463,-0.07926193025636383,-0.0009297970398945421,0.1468390838012263,-0.09461248704510489,0.014141011239726567,2.16912584715951,4.185950628571014,13.771876771425646,0
0.30388168832286433,0.2969484567412806,0.16995980763387988,0.020578264669734336,-0.019074275512093036,0.15671196439484972,0.017643382439242926,-0.035881317305104465,1.2264720351630807,9.267482088426828,6.605578578165241,1
0.30156144094057313,0.3050142225906515,0.44153924142773204,0.38166144278210445,-0.19189537180103394,0.42843110635934256,0.3811366171889743,-0.1898212357570423,-5.985578155269437,35.43590519305264,-12.93113713216694,0
0.2881865214384277,0.2944885623782525,0.2381377554272917,-0.21580718684343464,0.054548068892057766,0.23555732591427442,-0.23593847912631782,0.07581253785327577,35.716559183601866,14.77418842906376,6.503330056171521,0
0.3548995214795137,0.3561385958998448,0.1286850400676852,-0.08621220965348907,0.018668025082279494,0.10646872648197953,-0.07452431097856341,0.0050989269438936995,11.737870441014188,10.725989482175532,-6.303960119680914,1
0.24651568308761834,0.2586682337633759,0.33843794802320737,-0.25842403564515903,-0.1693507765589982,0.32016498143165933,-0.27677769560418475,-0.16032370100490959,5.158911023717067,23.677351273335947,7.237792360410939,0
0.2887592912195504,0.2934379628029598,0.08463280917654291,-0.04193814865846593,-0.012029339881671097,0.09319632805734651,-0.03278046570998761,-0.005541604906322925,4.454213578509851,-11.041393797924739,4.7204385167384775,1
0.3330639976694555,0.3344943390458808,0.3867520015257987,0.2623485814385844,0.12304260647324716,0.4089470378331712,0.2578328461855025,0.12152558794668421,4.395557809252502,36.40912322677666,-11.560577334527094,0
0.23913570176791984,0.2527581191692725,0.21955952448473282,0.11412229002877111,0.2061346839474013,0.22146103595745514,0.09957774968011106,0.17699659637239934,24.588622113522092,3.666082832355329,10.277114079131511,0
0.23366308347166814,0.2270967942009522,0.24648783511213732,0.022906513771515175,0.1280797364737982,0.26398234820015787,0.0062008607623575684,0.1285501768068643,23.87294342761158,-3.7368644023616273,14.331933353660279,0
0.2828741852045118,0.2676894707495515,0.025161766284576257,-0.011784514076543157,-0.017129245601127746,0.03424186620897904,-0.03526449582828705,-0.046302604283484726,0.5250344325325429,-5.288728101539275,-7.487302569949165,1
0.29760397096406116,0.29602555394164104,0.04805561935654084,-0.03368620053148956,0.004134480494307563,0.051297787968883804,-0.05717165606336295,0.014468886076696268,-1.4661249526788787,-11.48131008287207,5.220670787109725,1
0.31075443378878426,0.30805037815915876,0.3426964853108884,0.13200840138029768,-0.23204520081757313,0.3136312889442664,0.13447852776086835,-0.23941454347656033,30.500449296231015,5.195479961001407,-9.245957434349137,0
0.24627997969941548,0.2422566472306289,0.1701749830391907,-0.046838117344986864,0.0008127813129101824,0.1557051212734347,-0.046565402962750635,0.022384628821469695,-9.823157613840753,-1.8322771067854795,6.881688308001985,1
0.3600480333378188,0.3546858514573393,0.08202543480381307,0.029643208054276116,0.01560784958398638,0.06082067826505873,0.047904284215951165,-0.003248443836640736,-4.378682546698249,-5.926460839254712,7.805931547915579,1
0.1956444689106845,0.1966540687018315,0.21140040973958457,-0.13011013597466237,-0.09410109044548438,0.23171050698779116,-0.10781702716902712,-0.11449752649386102,-1.7958933884275385,0.6006306219864612,-13.049902529553464,0
0.3417061453870747,0.3270959864328917,0.15175048337383523,-0.08863646432000372,0.05538141099136609,0.1713709642503152,-0.08026679819057206,0.06948623764707812,-2.963070412882036,-4.719896815627234,-5.231617258507249,1
0.3190628449022619,0.3228999794857138,0.3410930108160064,0.21381470221051846,-0.006301096779355864,0.3235772873461115,0.22141371616416522,-0.010084810438510013,25.894733088977905,8.540656583112938,-12.367580650408675,0
0.15002319886399662,0.13717537219791534,0.14995873330163528,0.05454406165758263,-0.11429556726359723,0.14308920920775087,0.03174389951351829,-0.1253303771082455,18.854447343516178,5.472852466783236,11.001797781996746,0
0.30701937773727744,0.3223918279737438,0.12354167006426338,0.034959427957378525,-0.0013998704434060177,0.109598321523994,0.006953417723250869,-0.02830532584046769,-2.615458843111174,6.297091609610199,-3.1998431353471783,1
0.2382993415750136,0.2397102138970446,0.1546142993313607,-0.08450948444917904,0.005799386223472022,0.16815746771738194,-0.07255857821961112,-0.022632986806185133,-1.1491249817437037,10.357311840495477,-4.815202203438567,1
0.2716266329616047,0.2687548114893208,0.12800930367494834,0.03128974361323639,-0.009740216331338952,0.10774009977157542,0.021232371715406265,-0.019865152712659265,3.1787096325788724,-8.172166277739453,2.7732529184312806,1
0.3420123345467451,0.33512252889031724,0.1607009082098493,-0.07066242596370279,0.0007443546039331839,0.1360348877551094,-0.0567203953487044,-0.013168008097219474,-4.370180189843439,9.297262591299805,-4.968997080008537,1
0.2448047527211451,0.24745073291450023,0.04947445550123856,-0.00484227898849636,0.07905779200088012,0.029943972022683313,-0.011078966827796355,0.08661394027146252,6.961891177988129,-7.256828531859768,-2.0467275451635754,1
0.33353032655241716,0.3440297051419931,0.45385955452729476,0.3019074098305524,-0.1764858151783334,0.43036588253506214,0.2838692407038536,-0.15827782791239764,8.890352631322472,23.082570062937275,-2.4325711336541715,0
0.3185853516022021,0.3220992576214663,0.1409229493509103,-0.057813122302257415,0.08347911785322845,0.12927096307522434,-0.05067813943184586,0.09907713087527226,8.423930881251948,8.361138097465943,-4.357421651212574,1
0.26746467115523953,0.2629956002389648,0.12350994342333904,-0.05707505017584496,0.06466086124609155,0.14127963996570614,-0.08507247664254883,0.052798094174345556,3.2573557088776592,-4.941175337240373,-4.014021945863897,1
0.2598170208278701,0.25765019560407665,0.406867181385917,0.386760541925477,0.20773162333138434,0.4137788298228612,0.3599017619769124,0.20347608285649368,17.758987792687584,29.841268077971783,-0.4531065225787412,0
0.3428431519230721,0.3435250605083339,0.04407965072647323,-0.04660564293076533,0.06169990317814658,0.05258844417722648,-0.0416247869574908,0.04379527382988837,-5.439848227391695,-11.931088533724488,-1.1533804721608032,1
0.35660746198300775,0.3580438234332761,0.09150194928517034,0.04646382310307029,0.04108986624691552,0.08495958612086871,0.05269569675937093,0.024283268811019217,-6.329578145320071,-5.200659859516185,-1.2157264294885142,1
0.31638715584289273,0.3136323856306766,0.26713048505080494,0.04111513888355328,-0.2142004204619126,0.2671748397076428,0.028669124182196876,-0.19197040414959346,-5.724226560583139,33.12159961226672,1.1597473380652659,0
0.3232336607179644,0.3165380973826869,0.3309117569383896,-0.17490985851163815,-0.2525261583986572,0.30849982252190294,-0.16264474653992744,-0.26539342829978524,-10.64930528661845,20.036831743005227,5.248098077969878,0
0.27536342604026703,0.2756771280543333,0.4292336655726877,0.11722251195012501,-0.061733007416968855,0.4411101249533831,0.11915992029025482,-0.08232985594341957,7.5227126092631345,24.35356783332,-1.4809322965886658,0
0.2930410642383698,0.28968865624252693,0.006222899397281665,-0.044973848934732,0.05038139494804336,-0.017880026394183506,-0.016353466853772453,0.021266241762123092,1.8706937138310078,7.348019922144722,0.6830087100922384,1
0.24803961484940995,0.2579104343632187,0.14055090381342863,0.08770229179221317,0.045674993149281806,0.155512075515369,0.0749735843551024,0.02274562720363167,-1.4106540364666067,9.04027533004087,0.4393220811609435,1
0.26748840037794747,0.2686699597775497,0.29954846094389476,-0.1301176464972403,-0.1010684548475499,0.2932655424099649,-0.10958202997809635,-0.1259030887947194,26.235759145065906,13.209453606804043,13.479399877490007,0
0.34391831678631407,0.3333759544955995,0.028995662056353344,-0.058463549645865025,-0.09951772051366448,0.0379414827621653,-0.07575348195835434,-0.12843730897488223,0.5912197534869144,-7.327639275313178,3.5878812116303855,1
0.3013606699769708,0.30538487728620284,0.06981552451487169,0.06245938929405723,0.04191168078964419,0.09813518507697791,0.04729478369246345,0.02689190352567378,-0.7582723292238391,9.419624093031835,-4.320831714901882,1
0.27615723788692365,0.2801705871102437,0.1293843741367181,-0.07374894025414587,0.05739602327288512,0.13126496045293645,-0.10137130456664092,0.07555477355260898,5.176183423532084,-11.905356218745332,-7.572034032290478,1
0.30644599389186394,0.3109005458915991,0.10011358504346156,-0.054829703243753025,0.03407297290744843,0.1029484049720234,-0.039546137062825,0.02336271804134199,-9.67182692892746,-11.535142415258587,-6.681363348698451,1
0.311141970920484,0.31483600882346086,0.4040545208455061,0.2896472359152005,-0.17984947706618185,0.4010152617255337,0.28914117405070544,-0.17565966919243167,-17.736852863823866,28.946916708457707,6.591536662475185,0
0.26512162287007734,0.2712933304856584,0.4104814404023298,-0.0918356292443786,-0.363999438388148,0.41299466946979285,-0.11964048523906898,-0.3401404389442485,14.29439633083711,23.79401585118549,-2.7336814293780023,0
0.2658462771251155,0.26573463545271964,0.0872928450438507,0.043333074092905766,-0.04266159490858493,0.0665169618131812,0.03516089302278397,-0.02919998921801685,6.1851964995037,3.114906593398043,4.601001000635268,1
0.30135507876891054,0.2983703474174622,0.09807300606410292,0.03209222906209139,-0.013899537978085894,0.10167645463827675,0.03428913467385852,0.0058193328975338215,-6.771904994793616,8.80420949793302,-2.46398612419177,1
0.3083173239875524,0.3282323559651586,0.1382836455886554,-0.011336738185634604,0.03573192096511735,0.1440350648359685,-0.005072136069130061,0.016249202742697477,25.536414263942035,-11.27174425643297,9.813549329572247,0
0.3456481613017114,0.3445643309294763,0.0007205692397002372,-0.07136065245137568,-0.050704829383314644,0.024136045258477713,-0.06520724651983356,-0.039032861906131755,-7.225038921763319,-6.581317522086953,2.496761680978855,1
0.13548370929202957,0.13287046509283704,0.11528168055619964,0.01819783657350682,0.09088812230636764,0.08559943335052976,0.006674259726731406,0.10105071786321279,-2.395340198048004,-6.764327739126969,7.071892257042585,0
0.3328777771962523,0.3400572490597085,0.3419487962210096,-0.18670029006931815,0.33707265312039325,0.3417159277915254,-0.210077426789396,0.3556160457537292,34.838136575342844,-3.85011687042201,-6.71476416113485,0
0.2576262349580132,0.2542866921029712,0.09649224647057471,0.0028445740380828866,0.0715144288245115,0.09516488291199945,-0.002142063846224014,0.05546862525624393,-0.8928152257556192,-2.7578520935915165,2.2330123397937616,1
0.2960591623818954,0.3056502950950432,0.22303357850944988,-0.022200872654991766,0.20644891817881494,0.19768746491341532,-0.024015397605875014,0.17819874270874156,26.265254487191804,4.989897358614641,-4.4357834724616225,0
0.3023969484753333,0.3075201846992708,0.009106994321838589,-0.04020844715641583,0.09757883471247472,-0.011622111664104174,-0.026452650406531886,0.10614744996979777,3.892619739073819,-1.9455800299842707,-4.4421903529527516,1
0.22797216537863865,0.22745731970205424,0.21657293514078307,0.048741108122067944,0.008056112256259795,0.24361034604709392,0.0386962566222314,0.004420447134870657,39.880189308038254,-6.704512806880464,10.263588289513127,0
0.3638482716139835,0.35970836254529165,0.03761272934723053,-0.06037645171758186,0.01472813375914181,0.033316288097718465,-0.048990740810936635,0.03682232017611579,-0.0480410209642379,1.930519132868275,-1.972235548663253,1
0.271173368020689,0.2864561347632485,0.016660608972899917,0.0108039004141421,0.02267184728167357,-0.002303323878958898,-0.002290082116276706,0.0181967757682964,5.423077749571675,-3.949297777217735,-7.803891170159565,1
0.3341614706185409,0.34545349138478676,0.13416401975044742,0.061689882298568144,0.0974680327255312,0.1491478987672263,0.08483459125625732,0.08842733323969452,-3.112140601531703,5.930190310458556,1.6445530736317266,1
0.35356322480924934,0.35045723255978967,0.1415855278383058,0.01454435372680249,-0.06695381185237477,0.1423562381257015,-0.004178163995359786,-0.08764174319474517,-7.855664434104613,2.7439481966434,-1.3408458719678187,1
0.2504425910671308,0.2472005222017366,0.17981441851638336,0.08287790050012034,0.016959791049246234,0.18918977900341144,0.08968357474571842,0.04121843324237668,-6.771730224042107,-5.357334595260738,-0.8073061430860751,1
0.3505349110487828,0.3309603424618807,0.1596250690705137,0.027022640394994246,-0.019371349509821306,0.14319682306778542,0.01435070440394104,-0.04118313963725996,-8.29164700425246,-2.365959853356504,-2.6813578574754633,1
0.2771592255692636,0.28724253363198854,0.04807642979473433,0.06578619629749319,-0.07110972009614536,0.0566612104561101,0.0631648550738054,-0.06152817138367824,3.5083000466418177,11.613471930628005,2.992873332058135,1
0.2863341973713373,0.28559821847673084,0.2032881796489599,0.11040806790570101,0.11306530461494374,0.18499763397619914,0.11230795663182808,0.09654615159095323,37.520096059025484,-9.932903837293114,-1.559101173220224,0
0.14291742475990507,0.148432836931753,0.02311192295555145,0.022717159809813377,0.016779990681314833,0.016183260202439112,0.034547247525855224,0.044914071032388536,-4.124825691887384,8.125983981773249,-5.379699460442364,0
0.27553318563121254,0.281525147552483,0.23325863002052738,-0.11489049322580927,-0.10722347391226786,0.20440186923732123,-0.12356440027245766,-0.12378708419531831,25.3337837248737,13.84883119961059,9.329593644636201,0
0.25382151838265143,0.25305444887798534,0.05486659393907784,-0.0057045475961613745,-0.09991009478514892,0.06394985777280698,0.010458697436797393,-0.10463517825783727,10.102876499417388,-9.621633821757507,2.91952961097876,1
0.25830635198178253,0.2522630321038131,0.08562688672066807,-0.05461813018982318,0.03396279893650206,0.10391274817047617,-0.061369427448012714,0.021262485172316707,-1.5083539470640623,7.984276705388098,3.204241632035986,1
0.3174120172539868,0.319950904922511,0.2511203422749523,0.12937564060586276,0.17817717344226847,0.23466645288358667,0.14622934504253826,0.18897007600423593,23.387024507653017,3.5463337699533497,-5.440387207874064,0
0.12209318956350745,0.11663927862607348,0.1317797634398975,-0.02247562851734561,-0.04349999297226623,0.11435527708744503,-0.026046122405557582,-0.05868990722952906,-12.782138863987386,-8.694800495224733,3.4737543082532447,0
0.3173639882545501,0.3099049440064742,0.001871658271825296,0.021539101883692596,0.04696993079698736,-0.0028843094582741155,-0.004193125966771863,0.023762967777410455,6.449520777637812,-10.584581510640932,-3.1414653262420966,1
0.3127665577866173,0.3146266280890743,0.08406762302398223,-0.025874347698873423,-0.05926213018396403,0.11124335046154309,-0.05467555224508466,-0.064146962650692,-9.323487744685073,-9.122900785039842,7.9846402800888505,1
0.3241750915908562,0.3184647300536144,0.08479731710576385,0.013047221296237768,0.052999771483205116,0.0810003604597056,-0.004077698334590478,0.047511490106683284,3.2332396800141794,1.2859056157919007,0.9473145719266167,1
0.30117528608563277,0.2973578616787553,0.08498600118371631,0.06356706199161616,0.04912959824757154,0.07210472079966913,0.07791740130721951,0.033456718009092536,-3.8069161396513724,7.213850820367689,5.658410704072002,1
0.15164766929542245,0.1557632126866435,0.1389115708533392,-0.04374853123752906,0.04872633620805594,0.13661338399805267,-0.02267257858978952,0.07238657668982304,-6.098049027011051,0.31534099749560696,3.132293923780715,0
0.3353880972324048,0.34409427058086656,0.1799132598325709,-0.03018347850202599,-0.05111939130439045,0.1662150046689311,-0.050591711947457145,-0.03718984533434694,-5.582820268925802,-9.759690103663873,-1.695260855997514,1
0.2509480036722837,0.24872406340926173,0.040553520980820004,0.044802450436869645,0.0674766956610851,0.05100270501845789,0.04630804443756147,0.076643929130564,-10.06115126549255,9.169865026514504,4.760275264850865,1
0.2901494787519832,0.2883548126491226,0.08535037130687126,-0.07615649476045108,-0.07318107802544693,0.08005902510200547,-0.08162950819472925,-0.09012336642362921,-5.326186901249823,-4.687089509740049,-1.1535485810984003,1
0.24679650135718292,0.2372095120275229,0.08076360934652327,-0.06567249747423015,-0.07541106871957576,0.10614312854584709,-0.06459299112098442,-0.08988097362846872,2.0895699203712486,0.1357413513651764,3.8858653490481316,1
0.3380781832877338,0.3351839377676434,0.0062047787098973,0.04177241568816248,0.09987800730290539,0.01724478492356067,0.04706119657500669,0.09178908948416942,-11.820408093437601,-8.134903612321441,2.7863088142901518,1
0.3525957441006319,0.36125182036467074,0.018779453099156577,-0.06337058669066581,-0.013992327005353355,0.014784703020377269,-0.04774735146715585,-0.041466417134577174,-5.229626254667397,3.576205167172972,3.049627567146951,1
0.2851280584752359,0.28188474177933914,0.3093512486683101,0.21539665308618972,0.30464624442722243,0.33365647066668275,0.22234124181790446,0.2999269431836167,7.268348133176534,38.691744676707884,-1.2193566104030396,0
0.1592348624338401,0.15747998527729123,0.12719755771943334,-0.018578868723200137,0.09998096802102266,0.11190022442254839,-0.0004928098978859777,0.08674893267844587,26.785022909342153,-1.5680886276451105,3.1472076288051447,0
0.29270398146051,0.2776764460732293,0.27028980023289073,0.04150888485365428,0.05234300800505076,0.29094016809730466,0.06429871407495019,0.05566201528144912,28.414767652322254,-2.7408390283427337,10.349927509893732,0
0.24830246936104014,0.25784433001536217,0.09333922070933677,0.08416665914501803,-0.09830382709552046,0.06598429404158546,0.07457511132364264,-0.10722295373219722,-10.652555023766052,-1.9909216179582643,2.8154545080810145,1
0.2772262419525231,0.29067043990956953,0.21441105503049557,-0.07840801224125199,0.1970671706338964,0.19630736563002804,-0.09669434468178552,0.22158626441893298,37.58072415408046,12.339895857904473,10.948025163610634,0
0.340408575252529,0.3347935082547508,0.17891912409897015,-0.13540309246564164,0.08976944955058969,0.1961714232052936,-0.15854121098465077,0.07590689084419065,23.373369468700687,-14.774752238430768,-1.652343526015601,0
0.11524495466876718,0.11820496419185819,0.08219999593895533,-0.01993150184377264,0.00925290659996017,0.09539753112285854,-0.001830794188553031,0.029580592068399407,9.778273779885204,-9.199888564645418,-14.8551959323097,0
0.3175398977316527,0.32260936114058875,0.12782743881947867,-0.06784625907948122,0.06282623215312552,0.10682886664606768,-0.06634931633548322,0.033672757710196045,0.24689446023269923,8.362960274762614,-6.603433762439288,1
0.28934412019323286,0.29208638185419455,0.2914144862736673,-0.24188821579431913,0.13175383346789232,0.2722956277896859,-0.22191840544914743,0.129461161709006,37.44562333990958,12.496263932817303,-8.876871196769537,0
0.3055891435822768,0.30181671406062766,0.16701448058333793,0.09204520090459359,-0.07442352312953673,0.14622578143920986,0.09578497056965822,-0.06523811915128577,-3.623898586669185,4.75547138762056,-4.455064009825115,1
0.34855012076386516,0.35158246108250096,0.156048090273409,-0.057162474712499405,0.03987373597240909,0.13086490989316568,-0.05208719524239408,0.022636024300276544,1.632489178399993,7.232585100388391,-0.38956629197568127,1
0.08191598712459426,0.07975344337763433,0.08691455041980206,0.08073479324614954,-0.01298612932267397,0.0842740210429062,0.10642504363258151,0.011129800725262408,15.190417147654472,-5.5080423072982,-14.367380797718685,0
0.25694536347614144,0.25637824714856855,0.05185477312841536,0.0019977859023729144,0.06733624379553332,0.0774382711782888,0.008085838012841684,0.08333833904147048,-7.877924494357905,2.6915970170283394,4.053897823208727,1
0.35824440503436117,0.35122815313124783,0.03475497734294673,-0.06690807272097674,0.01727036568298017,0.0478309360755642,-0.08510012145049217,0.019343482644251578,-1.2169184907238932,1.697344630060062,4.768683751768137,1
0.3136856730137731,0.3197992280787369,0.16410992714963984,0.15812663444302105,0.10892727180875544,0.1530738245261105,0.16091685156193986,0.09318609893804822,37.56056105241798,7.567729626229347,-7.771157896591885,0
0.34179718791840424,0.34702437005944253,0.13387971298789877,-0.03355109691958243,0.0004555823617864163,0.13050714739665875,-0.03159928916848643,0.014589504679340351,3.8822241902872534,-11.422788583841491,0.02465459359832245,1
0.1344445527007782,0.13296663464092304,0.1844944719814691,0.10775798899221198,0.08137254705716254,0.1659066330372903,0.09659027939157502,0.10755172898807241,22.608605645659246,-8.82879047509601,11.839569144354492,0
0.18258260139250107,0.1852483969913686,0.1957457196737729,0.09681055934764682,0.17886475333707602,0.21001541040596014,0.12153014962628025,0.20401831428025052,1.4645002714926072,2.644428470493965,-2.329435121332624,0
0.3085332029457272,0.30010445120937834,0.12720526583638064,0.015058990525700436,-0.08137813382829383,0.1095816400407014,-0.003741283252573776,-0.0815565830552449,8.265806739973758,-7.8005319003002835,4.236992009778058,1
0.30321355259963834,0.2850617034891989,0.30890196132595504,-0.14724347577137897,-0.24660225031514676,0.3147188049687518,-0.1301132623528575,-0.2721244683340215,30.828136475869492,-8.288685507979498,7.077728677087851,0
0.1657870088862554,0.1687651759274962,0.1256359822541903,0.05199921637837479,0.040882125408048337,0.1299160696605539,0.03633291905505091,0.04200820789615405,-5.622676922199313,-9.969788871427657,4.962213494387008,0
0.30597465585350386,0.3092957189851464,0.18813447550062318,-0.10255047908775425,0.009912564125050177,0.20057036707789772,-0.07280711717193904,-0.009226509211261849,28.79976116319569,6.55145758718119,-8.697354849413031,0
0.25037627541344176,0.24485623949624308,0.06236615797329256,-0.09619317043650269,-0.06690244848364499,0.06799599085499941,-0.1186315899317051,-0.08827932879631294,5.40439970042085,4.99418965640611,3.8172861833181226,1
0.24664847492637354,0.2498430043111962,0.15002253968194074,-0.08960762670697915,0.08496837380361241,0.16679119212822047,-0.08105863014724629,0.10170815507830015,-9.621284602082987,8.245798838346065,6.442450302841873,1
0.28278654669197656,0.2622249409661587,0.15598958978766103,0.04921359579187301,0.07714103417167259,0.12762051779751613,0.07672451343040015,0.08974204697495,-6.817805029649616,0.7510261156465177,4.468319097196812,1
0.336032159706264,0.3167355218313601,0.04049428460323056,0.047768609186608385,0.043024804691403545,0.03458548956404713,0.054201073165896695,0.07253101274656579,-5.601463030819737,1.343303784964199,5.684986685990426,1
0.26371697723186244,0.2478787710790797,0.0673068736532557,0.0488754602412583,0.044327511968226374,0.07890690572696343,0.06774707156052251,0.025189724634621796,1.070480253725739,6.664194716832341,-6.277681711362508,1
0.3214895301974667,0.31299004792517243,0.2514185270899021,0.12757288298730823,0.21418965970490111,0.28098890964019085,0.1256774116427438,0.2092366658416545,5.144404276352226,36.31694941747649,7.615053169669174,0
0.35846825507156443,0.36078052679484707,0.09565448608750388,0.03199914376023025,-0.039503943772414375,0.10884143818879666,0.03253519286531151,-0.015078764157843864,10.740854391983817,-3.2079482746431296,3.8161714029860576,1
0.2352001807135503,0.2233173139187425,0.1957602648183277,-0.09974587149939429,0.14075507538929483,0.18053081416189612,-0.12560741757325666,0.1613616645023082,35.85035927080774,11.701489096956077,11.752733403827861,0
0.19736270139105686,0.19019930994963,0.11936024723168567,0.08249660569877407,0.054251847072382675,0.10904229221073335,0.10454629330687074,0.04646573503159423,2.9823132396541823,7.229508041754698,9.880799487000253,0
0.32637247999804786,0.32952441547951616,0.33404186286855003,-0.16564973341403985,0.20363005072736767,0.35437820100244455,-0.1451820002303581,0.1915621207325735,24.804606377316837,12.338082100802513,-14.54248869424536,0
0.13951495405429973,0.14060278143016475,0.19753608902799374,0.1848414509165755,0.17340165205754804,0.20616789391203766,0.2021461966753554,0.17121260417687315,0.11892814881979064,-8.611361810194964,4.5570424892580235,0
0.2555976352136541,0.26582817084839755,0.1594294545022349,-0.007376338806835275,-0.07161417229789507,0.16503258458606637,-0.03462656923212251,-0.0920989284242098,37.08648376063662,5.6779142314825535,-10.902545412641444,0
0.28605800640997175,0.28169145261059614,0.31547015297716235,-0.03382429011973026,-0.03770343633651735,0.3400757897435816,-0.042291502007870074,-0.042188003945268046,29.04998093890945,9.937809853737587,-10.28280113461974,0
0.2657777342796451,0.26674546678863253,0.09753278762010004,0.03189345500109561,0.09576173088940826,0.09345075103896475,0.01893380398124499,0.07289138342512982,5.872879061817237,-9.164859593302225,-0.39466477786703535,1
0.1028524373011739,0.11021713252540327,0.14309182983793145,-0.13615745194681556,0.06751296137634849,0.17051864519411208,-0.1283452392462584,0.07324162675983156,14.667001447138965,-3.631210898268071,3.49791868039771,0
0.2876075089401927,0.28546094376247266,0.3957395370168263,-0.09304191894296299,0.02756183204873469,0.4096839115304549,-0.11906572731504865,0.051903829057100906,-4.144605087329399,27.460776266083187,-4.242682182801904,0
0.11532913170169744,0.10665720823068457,0.19581442582780065,-0.06931531006361935,0.025320460474128476,0.21086427382647172,-0.05412888258797042,0.016697825573283087,3.997404605855923,5.5104061869636904,-3.5516837413749442,0
0.12248250163696506,0.1347184749501679,0.06503527757353819,0.06168452753835607,0.027944027001581453,0.06770720942245453,0.05651555798475735,0.04850389666330365,23.389661852881154,-7.736829649190544,0.11803996102242564,0
0.20825901313504128,0.20232257817705118,0.09332313324594169,0.0879708650404239,0.028667256072184996,0.08702767666710817,0.11289373788888876,0.012599387741066746,24.67060513721914,-1.8371632130761348,-12.104985512586218,0
0.2557606947775242,0.24138484504291818,0.14155925286457216,-0.10737486277604227,0.03167216123333291,0.15139088911586812,-0.08626622344869692,0.01139435953426337,26.40094587544883,7.964961175546442,2.542982114496791,0
0.16617209954563897,0.1717025434602728,0.057622915787625795,-0.010399068375699802,-0.04976025023488338,0.07668757163840256,-0.035696480090247174,-0.048952648480317995,20.664251946888434,5.24062572281316,-6.594440175819663,0
0.3638484816631781,0.3506007994786869,0.1295481505711189,0.035375075232525754,-0.027715641488270923,0.13708312904342523,0.017092324000913987,-0.04189797833212828,-11.945794113599817,-6.217375826539728,4.222728109034078,1
0.34039037316431364,0.3431115812879725,0.16474989699479675,-0.03935027637043085,-0.06915127558098576,0.1739536089652412,-0.04778993433262753,-0.0728054219028432,5.283370741591373,1.96796941094372,-4.783741621159042,1
0.25975020891650225,0.2585002305482801,0.15334796840306375,0.01684557201224364,0.04702588550392667,0.13575678005390565,0.04333790341652958,0.02426520575054785,-4.8952112901593825,-3.089936709881348,-1.5223205691754593,1
0.32222223257930055,0.31735722557968643,0.14479052903047393,0.006544455213148032,0.026583525853524137,0.1516533134629891,-0.01774979989305589,0.04012646354980975,-5.084265259620919,5.637435895446977,-4.7615265099885065,1
0.2698796966180945,0.27827879751767304,0.19145021864965928,-0.1202837394149334,-0.09915390494065209,0.17279344750876185,-0.1180712522456728,-0.0832995433884481,33.53256037800337,7.659202460221874,-10.612424500545213,0
0.26228523718589075,0.24907761982284438,0.15237712762620695,0.015808790770709957,-0.019390243465945783,0.16715355643622548,0.008551615020624358,-0.02374480647309814,-6.00420783235637,-1.5157272194487739,7.3217972147478765,1
0.11015971156587558,0.12122001546545351,0.09563291992517503,0.02738615460785883,-0.06243971899686572,0.10070210232996804,0.0010141877710431076,-0.08024533508483031,-7.8028198051805875,9.7409082948747,7.93765008521337,0
0.2608246160223964,0.2618012257607013,0.015266086422437356,-0.03161461229086793,0.04352782952831352,0.01975840219981937,-0.001759810055092896,0.05558069013555303,7.37835854343076,11.969840881602355,-3.2582070878213614,1
0.2960419748826765,0.29048451549004595,0.1211796048750152,-0.02519078773149848,-0.026275369226636827,0.1262279797015659,-0.0361245011791283,-0.006460254685599444,-11.238788332538695,-1.829053669703681,-1.4663328732907193,1
0.27233926922092966,0.28009503671662295,0.0054377906835726825,0.06316667106532114,-0.06470797170613868,0.026988499405386508,0.05100644263171307,-0.08209641752107724,-10.756677224643038,6.141065539821142,-2.399308442032339,1
0.3227119124696941,0.3148360069959301,0.05801797049914595,0.08975451610065094,0.09593452698853627,0.061847596987238684,0.08529363853650689,0.08228781937437792,-9.127834375499733,-3.748322774380558,-4.672446883096395,1
0.2773700365015509,0.28685509319546676,0.0035449836477541652,-0.088167670700464,-0.02964034767164274,0.019822254104860444,-0.09519133157563726,-0.049298484776578985,-0.9094721952316114,-7.995093131797799,-4.970747097237886,1
0.24495810465621298,0.2460523743209272,0.016208614939615514,0.04447187011929005,-0.007624553949722529,0.009069888505404463,0.03256259546816264,0.0001924016374107787,-8.129477303193557,0.025074602480724906,-5.563006356589305,1
0.30711365526567025,0.30238053737037907,0.07237397779086233,-0.07814654928836236,0.018126815565024962,0.09984593157406726,-0.09075220686255979,-0.0034197327288422313,4.8131027645327435,-2.3040820036433054,-1.5035270299114902,1
0.22549980604305678,0.22597396665005112,0.424263444007005,-0.19177395945495887,0.3594371134871951,0.4051703406642022,-0.21613772915180895,0.3687756670169165,-3.335355211020861,42.291113315989776,-10.76880465951465,0
0.29070817275491523,0.2865918531109618,0.129153515881611,0.08992060858015871,0.03380748602472644,0.1563587308008168,0.08362753037254164,0.05181217017621811,1.131990502658418,-1.233652607588768,5.251111472601863,1
0.3330304522887868,0.34172372879839885,0.01045952670986052,-0.02667832301347753,0.007905487052335736,0.010747015684070405,-0.0021051883811965336,0.013132923484554568,-3.8770444008641753,8.267492958892475,-0.27883986260329685,1
0.141835569985099,0.14845512783006662,0.02927844706679958,0.01644073834667551,0.005966728836964343,0.04376169759385827,0.03959249252322185,0.00783143203723749,-9.830695077689933,-7.377385233806086,-6.00701426672785,0
0.2635249318236711,0.2611242518011308,0.018591026239268928,0.07322892126620403,0.017866233225495215,0.044557803418687876,0.06671844003804384,0.007621980801361391,-3.39185300333013,-2.1919349431988913,-1.095695941002326,1
0.32649797145558845,0.3351764717898766,0.13519460888691678,-0.06198782267837377,-0.0876752003244776,0.1120037048730195,-0.05793480548548227,-0.10654374894656317,-1.2286467894667776,-7.140351714130894,3.188332944223008,1
0.14319747241706476,0.13165788927756358,0.026967304601573983,0.015031554234292428,0.006698832423201281,0.00594066577701155,0.0348802409186733,-0.014594382757613177,17.4332689341242,9.229364089668742,3.3249570711323138,0
0.24252453763511522,0.24224413800825195,0.11186251317034995,-0.008452962669984548,-0.09594777435917218,0.11360487677968337,-0.038393563034401376,-0.11623561272144772,-6.010843777470711,-9.156353943484763,-4.531293668296884,1
0.2547704230643387,0.2434368568942893,0.11789926635626354,0.09911105991715527,-0.09683935216734077,0.12970276307273673,0.12064903489876111,-0.11950197993517164,1.3820039238331852,6.02421006918139,5.228397248222059,1
0.30242034255227207,0.3078181837051932,0.3592662916155135,0.019259748493493323,0.1980304883785029,0.3567369589961485,0.039120090265707605,0.22454322957114062,0.7202159665368022,31.140397389138045,9.113588718553359,0
0.2247845539498285,0.21837937643213087,0.45986847511166096,-0.24269239084093797,-0.32253643444812996,0.4456108893283212,-0.23444119199016303,-0.3376058522485889,8.127186247252464,34.02402288956608,3.8519868857525417,0
0.2527437188554275,0.25050247555558935,0.11325099036789205,-0.07938228067804898,-0.07077985817341548,0.12375212202014921,-0.10097185603839466,-0.09733961396811254,-11.507080463308103,-3.2792619874377706,2.233321030752606,1
0.2973495475824647,0.2899423200289725,0.3164289146087778,-0.04069730085911838,0.011538963003003222,0.30427943712795574,-0.0504854293210716,0.03293906430340199,36.06614854018126,-11.258519510631217,-7.265713363414898,0
0.32855776418519195,0.31896630685332406,0.2446738730434733,0.05388445873538292,-0.13126581840024612,0.26828496652535794,0.07658171471223942,-0.12359726566403051,36.96869069091828,13.87840112018782,-12.220516776071698,0
0.3342089408222566,0.33710577768440125,0.4135142687021005,-0.07292423985853141,-0.14482330485305706,0.44024041599749336,-0.044415136804148866,-0.16243175259545617,-0.20477390537067564,36.89202554505164,-12.532631249054177,0
0.3104179396571262,0.29164471102400225,0.09386768030745352,-0.06763413103279223,0.04450576446664817,0.0732741207963245,-0.046877190945619505,0.07162766637984164,-9.867188059674245,4.634346692321063,5.577847940650191,1
0.2782371320691018,0.2735129077382025,0.1223073392864587,0.054079076636265405,0.09964569622357078,0.11203413396480294,0.06794086902517005,0.08067418365628082,-0.1808899919896092,-10.528702421437385,1.5337272116957639,1
0.2816318975299376,0.2884660439317377,0.1017784257889221,-0.029711477093426766,0.0884135467342719,0.09442659477451154,-0.0010466050348290068,0.09989860231605682,-5.886954502676518,-5.2508785537757054,2.1572418007176815,1
0.3207354308889594,0.3143515107287592,0.12560897719574993,0.04733044933985733,-0.02901548123462952,0.15185347758615103,0.048494498190424035,-0.028440409190720845,38.34676405492471,-14.102311865816967,5.02317638429647,0
0.33292968103095,0.33581012776352887,0.014426497776697503,-0.09549623160095065,-0.07710946056602204,-0.009028104402653293,-0.07049663398920661,-0.07116070491075958,-2.5200885558584893,-0.7990413580297915,-5.816613916578426,1
0.19398146209764916,0.19573358938149243,0.006965587934060907,0.0017511036865439991,0.006737137413080243,-0.006519127050799149,0.006779686235602225,0.008080698048878359,2.8211947708246363,7.134348671398122,6.40247831136044,0
0.2846440096918433,0.2719008527722302,0.113203731402493,0.08258261677643489,-0.028440872548104262,0.12861431398726592,0.07612762778945813,-0.019035595781732965,8.64057078920288,10.04066424961239,-7.663297912682971,1
0.22729229575460538,0.23803034995793207,0.3989411734232644,-0.2590228660625254,-0.17910234127197497,0.39778402117466605,-0.25448894474437866,-0.17537187659198944,11.923975168187756,43.71164400684047,-13.376991388367548,0
0.1747909692630038,0.17874431191422216,0.05412404067660548,0.011704429298356064,-0.011426371005233825,0.061784806937125604,-0.005205532880710344,-0.012978105408750794,-11.483283538693016,4.990142762000172,5.781786113506037,0
0.2346171513887063,0.2330836216025868,0.41620288676854283,0.33213319477002196,0.40873660207781765,0.41184150947968545,0.3194291159803167,0.42818772211764705,18.627422246020046,36.35383934333127,4.255303081273922,0
0.24329560689758542,0.24986595962848088,0.17275941401925965,-0.07939946317396825,-0.09178418133903062,0.1458170429737528,-0.10270344107901463,-0.09871391865963493,-6.094401323881477,-10.427269585958822,-0.7181145214118025,1
0.25780105656261115,0.25873013200636313,0.4601395797737916,0.35326316506102895,0.16823651720052502,0.44797356577484004,0.3411517093401103,0.19075638259202637,-0.9046314583715365,36.72920407099856,11.91978612856418,0
0.25095157465177703,0.2610610008603587,0.07021126622817525,0.09972190300238318,-0.06148183535381804,0.04438970442365893,0.0780017540432575,-0.04403755692005841,-8.304874018136966,-1.852792018876956,1.914696415517783,1
0.34775298427346274,0.34712897119541064,0.07437250312840701,-0.051002481140229095,-0.0025783506322017147,0.066262534651816,-0.047124625221711375,-0.013418618648973424,-2.7116188851032117,5.508696896378538,7.393857703854097,1
0.24363873803753355,0.24473559585258334,0.16477144867613375,-0.009014954533138872,0.090853655352123,0.17588629460247696,-0.006076270541371262,0.11752543530328055,-5.118146376498771,8.790618561983337,6.758233183930088,1
0.2956652811745183,0.2985266836127752,0.28221042595277807,-0.0304121210443159,0.05237540181471734,0.3091830568032522,-0.03941927825654907,0.032161687924985305,21.02978509246864,-11.20231760243355,-1.386562969631676,0
0.2677094428220303,0.2593812219513054,0.09917359479243947,-0.08823978843530048,0.048289361317542634,0.09761696774810838,-0.06782472719763177,0.022508029631409958,8.161368204525637,10.088696671075319,-6.371704653123105,1
0.1548820161736447,0.14554255749315867,0.030276727187398766,0.026154812842441297,-0.005309520585720297,0.055894951022050644,0.03365909148797508,0.007360000440270208,12.451578965918078,1.106453864169275,8.46186301428651,0
0.24072742204496633,0.24221475907168716,0.3724695223092078,-0.029060537983946644,-0.3121920476292136,0.3616014359713409,-0.003802281104891142,-0.3328529645516499,1.942731382748697,40.43349688014661,-0.3811212530337844,0
0.29799591425114186,0.29528908488260674,0.12629917838959548,0.013685344211010225,0.0023077100533439865,0.09646528693543024,0.01758627036629043,0.014549436191684917,-7.066598254690816,-5.805401740646991,-2.264044143049704,1
0.11156057014099888,0.10737255542162265,0.015685289486029957,-0.0057536927316553105,-0.011042693187507172,-0.0042107514932112275,0.004132882448478592,-0.011589830909865255,-11.797686242117306,-6.357072493896341,-4.04646529156712,0
0.26903993856353253,0.2809741301141384,0.1581774515608571,-0.0253878824883894,0.01301558212614111,0.18610240876976125,0.0024269122449398217,0.03435410942828532,-5.511797083216139,-8.14588049796195,4.398526454101248,1
0.27630283934152566,0.28000391090584764,0.15072882522211234,-0.0011716706965153173,-0.07682865513294633,0.13110849193360796,-0.012338068508395961,-0.06226710112944119,-10.270580470249351,8.207837064947114,-7.110913329489954,1
0.3006243988345049,0.28938940398243973,0.13258315676083193,-0.008058107109281593,-0.05690097163745991,0.15626442997290083,-0.02170291726432809,-0.08025751612142665,5.88489222674426,-8.852275939566962,-4.822661383499071,1
0.24362931095093332,0.2449364500117296,0.049168177330593595,0.005479956131626246,0.07459744308034141,0.06881462848111843,0.011087332487024648,0.080079199665444,4.297237350911836,-9.830206116674457,1.47639920711047,1
0.32681387148027263,0.33793203026683793,0.01526746901612977,0.011092342027552785,0.06041195739714486,-0.00817559351699675,0.02161067974760183,0.07320744917584675,10.192840013277326,7.741994174818359,-7.408468364781212,1
0.35231469623177064,0.3481657012028771,0.12587622762493972,0.006496015891044232,0.029037192133195278,0.15401097663627686,0.034087937340877984,0.048281339318694105,2.5534627322165164,-1.6050910203284854,1.9962241620872057,1
0.31400162039581514,0.3195935505127904,0.049173694470157736,-0.08989606072559897,0.018913521778172876,0.033050526851368875,-0.06746275085137088,0.004133392171882586,-4.925875363133688,3.9269051198484455,5.37992282948162,1
0.18403415078111346,0.18567909347646006,0.05022005297594592,0.034472151981867746,-0.0006887395448655215,0.03343723625838472,0.009930972289671068,0.004710004274507407,24.559827198506895,0.8217043957130379,3.252965581845295,0
0.22620134509427234,0.2251606767621677,0.20849412274403184,0.1694053688601561,-0.1273808918255171,0.2147188224076516,0.1844527055779685,-0.1353964354604368,38.57179578445549,-12.529805793011764,-9.326783299676062,0
0.26882272212834524,0.2654840380902218,0.05818785918571883,0.017526994930608608,0.04361246732685009,0.08352931749847903,-0.007207442103098354,0.02045361880692315,-1.3762556361538039,-8.2490082729366,-6.333576099154055,1
0.35089769587668096,0.3274415394379735,0.047885557071899745,-0.04517312126227833,-0.04905432997650652,0.04183727523136717,-0.07306611259569834,-0.06933783576152865,-8.759085694650334,10.651160834489069,-1.56723522948689,1
0.27244584086485274,0.27591394141572273,0.12319740745108093,-0.0340709784249235,-0.08429294391141012,0.13131545211644285,-0.04941693551143485,-0.06597522247970644,-3.719677716797392,5.0758745229279185,-6.048242155946916,1
0.3132720807236347,0.30462183243650603,0.13920252346910736,-0.07260289699778391,0.04487817584314363,0.12995756581638657,-0.058975477078754966,0.04733479309440694,-9.660327614528288,9.918014607044825,2.1969629201860137,1
0.25673294442642725,0.26423366315153446,0.03513339536735802,-0.08841093109237402,0.0898587046018515,0.053852687457990704,-0.10252822845520178,0.11465581562397004,-2.3308893958168895,8.018901408050596,2.901271563035058,1
0.25005625740112025,0.25537119623497,0.022619493516336478,0.09044994316913665,-0.003593848082729889,-0.0055772317579927955,0.06758714181354933,0.02141705637502185,10.876932597724533,-8.07415493495736,0.870664832638937,1
0.27623114680375027,0.2717761154215545,0.4800592689204791,-0.3390703491857241,-0.09738328675393887,0.4795451572428199,-0.36370702641460206,-0.08438317127024975,12.436252685994425,32.412653721599256,-10.839630642332974,0
0.31004046056263923,0.3138546065848693,0.3011929664622875,0.13518854687220255,-0.25967571379268894,0.31234829661002184,0.13034044165736047,-0.2646615237994297,30.521534105465708,-9.109565382279882,0.5272480845896172,0
0.2940140047542967,0.2912232412061853,0.008002345758548496,-0.056083020106733474,-0.031512982067632464,-0.005553598319708194,-0.026540029541097125,-0.019234670931823204,11.987745703070061,-4.735402860553953,-7.57766641947928,1
0.08172760156589896,0.0857994769558968,0.2200848907894263,0.020353665124595466,-0.13015291483359467,0.24086706038883196,0.012102007791285625,-0.111269515458013,20.386058091726873,-1.0167833856707134,-2.6369673049239424,0
0.2932907910291529,0.30005392861971797,0.13845971535162296,0.0026283204717371528,-0.06479506025951187,0.12280494928360304,-0.008195766048110759,-0.08141418788790544,-10.603738387848175,-8.9715293691237,-3.976942258601822,1
0.3331560063782534,0.3234332487061504,0.17771627159228587,-0.0698803425513993,-0.08231954185986512,0.1648236156171972,-0.07977752990109122,-0.061577577821046794,4.180684618675588,-3.846337254023272,-6.860088362134542,1
0.31169068116226817,0.3095182959173031,0.14235572355538817,0.06437614415437248,-0.03809129837247452,0.17111031793059583,0.04026093377982843,-0.01833802990028737,1.1749087846679043,1.5122582420726154,-0.43380508553333463,1
0.3681908364748321,0.3670348088989019,0.005439456675242982,0.01946718374228859,0.03004245483634177,-0.011413542879678946,0.03126954548685324,0.047047263986380324,4.3629442072715605,-5.864934144741847,3.5452679087816126,1
0.16198600896158766,0.16980516651983765,0.07907671628506413,0.011617464167039904,0.00134509132200189,0.09466972998081147,0.024403499044202574,0.029347129906554817,3.057509173835818,9.200761130716238,14.605490766062928,0
0.2704581437159326,0.27530793539951387,0.1289812280908937,0.054405031979451984,0.0951399205472511,0.13286020067289564,0.045967705270638995,0.11484827596994295,-11.563764403944944,10.85369316295791,-1.734556518333358,1
0.13991813229357877,0.15101566211309037,0.2428509383858667,-0.2347092283888874,-0.14609191909996888,0.24467074260937732,-0.22332312156933634,-0.1653312087861901,14.54815143836845,1.7712629004955467,-14.203037368501867,0
0.3389610923761192,0.33833097095544884,0.09700951792755363,0.06383997585879606,-0.08144878451510106,0.11202547720444761,0.061720754130235825,-0.089374524101792,-2.532443569469894,5.707141346552948,-3.880768650816586,1
0.15072674490821664,0.16062096783357432,0.11723628572814174,-0.022064372317587552,0.021363440142810497,0.10148620726320377,-0.04315059676992118,0.016776514146489594,28.88424508096808,-2.5847952591260004,-2.0871934979146047,0
0.3085980800752478,0.321217189616802,0.03095940210590579,-0.0018430911776114167,0.044380836195597156,0.036870040186800845,0.014772222973014053,0.016544469525381415,10.496239712148704,3.2237087812368905,-7.605193417073163,1
0.24255933127402868,0.23637498766121628,0.14242415096569458,-0.0038107923259480814,-0.06811351294308692,0.11902783941925951,-0.03219007258579833,-0.09193473058693694,26.115902449369884,13.23634302385181,-9.888277208866235,0
0.29176204727869504,0.30381930676815,0.08569651620215891,0.08710838876853103,-0.088102661563332,0.061645934438087774,0.06952749834698141,-0.09273861950700826,-6.835721408910755,2.058511803713337,-4.872215846687935,1
0.2555761995254682,0.25534134424839505,0.0008008244655953401,-0.06140511164643123,-0.05282154916359186,0.008416145407876678,-0.08035670044482668,-0.07636020182584018,7.2059626466128215,9.970520412653158,-1.5048896401924843,1
0.2848924897934082,0.2740264546732138,0.17188171053404536,-0.05128065092827852,-0.08021509897903555,0.1732024486160361,-0.053175652453472264,-0.09464870858776349,6.08410951200619,9.144865246028882,-3.5501862900561942,1
0.08647388126696165,0.08123109159132522,0.05666794903361019,0.053437766202634504,0.033121922654064176,0.034961530719905584,0.05520279513221192,0.007726204773576727,6.607981469852007,-2.0023360627159903,-12.654399517564062,0
0.1320701007949162,0.1409905777784057,0.21200837625743288,-0.13503560618675597,-0.0649468155661099,0.23342975664609078,-0.14418230749055508,-0.08877838098074615,25.96793587191548,-7.063170014805071,8.108934845380741,0
0.2669106151199214,0.27842440450825695,0.050582247162249544,-0.055630927050267114,-0.030962885587871677,0.027620213335438484,-0.03331840179390513,-0.04133322152419315,9.56413812188276,-1.641903682280038,-1.3147357356250922,1
0.2998748594606174,0.2949595519812146,0.2211586434131093,0.10806109465661567,0.16141432590315596,0.23612374823727517,0.0917131306488575,0.16161757469474286,35.867040704392814,14.9194803647056,0.0790650706744529,0
0.22188027903839325,0.22642840552588397,0.42639494883619683,0.3871167797638287,-0.38161372956893264,0.45114287392269964,0.40670295495765685,-0.3669671616526586,8.866438563605726,25.59306476072514,7.078771448336504,0
0.2707967447283156,0.2871875900215149,0.2257098217835774,0.22414241113794214,0.21544251503327722,0.24670948122805858,0.23223450060866227,0.22846648188165708,26.476462007233508,-6.937249964804002,0.8893938900353398,0
0.32696499396920825,0.327217431556859,0.006514123971703511,-0.014595703619804376,-0.08003442363700804,0.013000728280098814,0.0006575463558302283,-0.07048892325874895,-2.3777668162443373,11.611724187092996,4.058132492853778,1
0.3140312514670457,0.31301084519915695,0.17698823520697177,-0.011687354390703925,0.04830786095248213,0.17052347495652606,0.003192634448093798,0.061282739495640386,4.7714709117245135,5.570133754729575,4.023437026708107,1
0.3214437578075359,0.31870118633480077,0.02561093614018662,-0.0777270054426824,-0.07352294174912993,0.03984004094321848,-0.04791243996607998,-0.08265070204586585,-10.138759817724807,8.991249884230548,7.1058418479444505,1
0.3368502637899679,0.3414967498675565,0.12309204318013377,0.028633508708011013,0.029965484512655682,0.11938634460538818,0.013354884604028616,0.012531121400221418,-5.508718094820506,-3.0789297640911837,-7.269403433012702,1
0.2659796075804927,0.2663121632181361,0.3635268953468813,0.22062317165197765,0.0906514251893667,0.36352723153378375,0.20660765518460106,0.10184204951042693,-15.92494405929807,35.575939994701486,14.538422454759186,0
0.27500195959892426,0.27223932812212553,0.14613662757376542,0.05198527951881807,0.039110406082528304,0.14514732603398628,0.04834628323019157,0.015837795890871635,-8.663878115705632,7.388013832950769,2.8348153866131796,1
0.309389302668375,0.30594122027984755,0.28147260456247436,0.13415855675891697,0.24176217796912358,0.27419434524978076,0.14598481665648355,0.23266959926817837,-8.792241945160884,42.45150669958848,11.455000258836105,0
0.3277216436972895,0.325827574162918,0.14940345224862506,0.09517950807357928,0.06843093110337437,0.17333874682785588,0.12348773719238196,0.08072123048596522,10.64117643066847,-8.953553837017925,4.732617042671521,1
0.2803922980446225,0.2780296979723147,0.21403824580473158,0.1868980132489349,-0.08433307042056512,0.20272692078302545,0.21098326493054842,-0.10117557112782198,24.186470915905034,-5.693481597388324,6.941597566500484,0
0.282543225253415,0.2710950772568344,0.15118113201377387,0.020171624291354523,0.02043898414643633,0.1774435485423997,0.025113833400437817,0.010440726163861616,-4.89800147028452,-5.755845874633251,7.144878208292075,1
0.3176173181615842,0.3114137620437415,0.044073854494868864,0.04913500013205996,-0.08310382086458562,0.0316500088850991,0.07249311117809276,-0.06737943960277507,6.586028026770794,2.1596453338323247,-6.2279949056575745,1
0.18624634063138062,0.2146702649646944,0.11452510196286467,0.06372604625900516,-0.07725313737033918,0.1124846214569283,0.06619479751163634,-0.09647865659105226,3.063825112903185,-8.419250872025344,12.991435814282426,0
0.2776116265856732,0.2867126810010131,0.3493250561878969,-0.07540785540504602,-0.0010620037096097934,0.3493297109302772,-0.07746836118539112,-0.012437747203215093,15.425231851692907,34.18162522853177,13.007026311698464,0
0.3630011249924657,0.362922364342277,0.09296269247441537,-0.08096018260782721,0.045568659793743665,0.10329855834782206,-0.08975992090371915,0.0628164922716338,11.43993787719814,-4.360166696903512,-0.6206578265988192,1
0.29529753774277806,0.29266688964763443,0.07961654287222077,-0.039614521711501684,0.08368837910311086,0.09983033765187706,-0.06322934979921871,0.11363466293156518,6.751056850356381,-9.345878136093347,7.952554525401169,1
0.11158730259151287,0.12346429318854503,0.048636160499949344,0.04013307769271311,0.03946499374841442,0.024303913509777193,0.014421191700745909,0.06509364851368915,15.822638820973289,5.42507869425746,-4.821595016528521,0
0.31418093801940006,0.31652209295697137,0.31393054876236476,-0.12698637608667715,0.2373438919575998,0.31421419611080426,-0.10523082955642232,0.25306577342310155,32.346948860475635,-13.897946759745922,3.8086953288209244,0
0.2900138650487391,0.287042948627948,0.056192413069223325,-0.034861038052483126,0.03756741198589961,0.059357475713571514,-0.021100011355354747,0.028846746549281488,-11.019945663794854,4.363601415511653,-4.780728029986035,1
0.2461463299475351,0.2465375497800137,0.05442096516344972,0.08111702039002641,-0.017772135964804953,0.030889795865274936,0.07984192527094967,-0.03215312462531902,8.751968112746216,0.20782424454699822,0.27164782335360016,1
0.2785478913692437,0.2750832527824652,0.1303690141756087,0.0510591695228412,-0.12246508443870668,0.11152052321070591,0.06846500377854033,-0.14441874053791226,35.91279129549193,-2.625456485785655,8.337929912754014,0
0.2880121429776652,0.2893707499903606,0.30473641303017573,0.18909259365938985,-0.10740855106052,0.28443743253949666,0.2007900789358113,-0.0864671498757554,32.82724435913827,-11.238023707668226,6.151041545918808,0
0.3312935128649977,0.3327907200391942,0.07899811915536942,0.07171958398227649,0.039473605811872786,0.07602127542910345,0.06396746543623136,0.0650795051427889,-9.739743650696411,11.414936439282144,4.1782352318456475,1
0.31386664142943976,0.3128392603310739,0.1799099891530777,0.17703583771818504,-0.13420538120976155,0.20979606781101173,0.20302956898589147,-0.10524884863279874,20.761790208363074,12.760078777316359,5.568480713496072,0
0.2520028287797208,0.26102332836017583,0.1831114997246856,-0.11114215482780354,-0.1749376839466322,0.18851985057981427,-0.08665818202449338,-0.18964044476482322,35.20735204418943,-13.771669133934614,8.348983701352989,0
0.09109876699277578,0.0937452256385056,0.04940796663235342,0.023425832697625784,-0.022425021122884456,0.043237906192557095,0.008051464490664205,-0.020226652701069672,21.175004227949103,-5.296660199239724,-7.949174842985068,0
0.18202239902014625,0.1880716976513842,0.21284212768594082,-0.06062597734474506,-0.13983397176147186,0.18950525437633933,-0.08820961767130732,-0.13371331414332727,5.588051504532903,9.925973741090747,10.37929329359675,0
0.2890508200783003,0.28162158366677437,0.009019204145448078,-0.03151926463787427,0.05889140609917687,0.0052985803206704336,-0.023178445682024394,0.029029932454381388,2.945009879716995,6.0201260338766325,4.698166141798039,1
0.30184515742811174,0.2951035332709947,0.23386901318321876,0.14509122314890002,-0.2266447266618779,0.22844007296809474,0.11679046416035245,-0.20853812656429688,23.376437445351137,-10.046348722192704,7.405243209298263,0
0.2656701472877911,0.27330746235807885,0.0608426697884098,0.02096491161523184,0.016713064380012632,0.06207632223976636,0.025413120023929134,0.039852071334440776,-5.862917913554991,-7.04581736224302,5.221731041141709,1
0.1086578008087453,0.10226425607378001,0.13299715943638182,-0.016288674251149687,0.11805905426811966,0.13878869630538077,-0.038413888903066226,0.11303369999606061,5.1426589074089435,6.998698158132402,4.572852931238494,0
0.3092196799706577,0.3107896668546891,0.18369185540990135,-0.022297459095385053,-0.14793599957085557,0.18523104243222446,-0.022913526854865758,-0.14376946993619433,34.57421490293356,13.58120276444475,4.996394439883083,0
0.30376294729627606,0.3075692116794135,0.008100969731659979,0.0712066044411877,-0.0907192878341677,-0.011253257485479371,0.07048327365093274,-0.11458051232918474,-4.475769446767825,10.220713566893174,7.1959222836721946,1
0.27577509477567763,0.26924877291391297,0.3407861500134499,0.27437440308828986,0.23276943738762912,0.34907683950222745,0.2848480272948651,0.2267503474305486,3.1913725678049154,39.49720150715399,-1.6346050584167262,0
0.25990821435082245,0.24485021527162054,0.28796311066555,0.28283359438136124,-0.26090933491831475,0.2708088830144713,0.29448811280203474,-0.2844096171307087,30.169952290626718,-5.744568460356021,2.4623131942207124,0
0.1301831761764817,0.13127850244329708,0.19605243283157314,0.1723405497819085,0.14025075446734786,0.18976582960374444,0.19427976523349885,0.14909826894623246,-8.03093851867742,5.877847747911959,7.189828599101798,0
0.11770398166743418,0.11965599424605292,0.12665036110788647,-0.09123744753796253,-0.03489624156810618,0.1525806669383259,-0.11520966188744719,-0.05143178614735288,22.46444430914719,2.72992239354336,1.662777455746138,0
0.2721607661943128,0.2760460497705958,0.04281552655895155,-0.011494482485342905,0.027066848609516858,0.04608070240571025,-0.02818044370771349,0.03789271227506423,-1.5979258677958406,-6.131122181956656,3.134060291652407,1
0.1759851243492628,0.16959347024056698,0.004511269598570095,-0.004339532323506603,0.0024740683035459005,0.02006136527644941,0.016853761976852413,0.0003306703637192135,21.678517668379044,1.6814154627977018,-11.953280968575442,0
0.31589886142220935,0.301067933744972,0.25122086000031196,0.032909516871923394,-0.03572311776734444,0.2707439594143998,0.004222012869191494,-0.062442054663608845,16.56353905070135,37.95423624354007,14.640743056392342,0
0.15279217466791967,0.16246536531542197,0.035291525430366344,0.009576995666317284,-0.025038476904975716,0.06119249426862171,0.026324407520338496,-0.01029584539463007,7.359367192775785,1.6691527566929683,-12.13204414047689,0
0.2584325456728207,0.2540346397457192,0.019332532131943896,-0.07693471237780242,0.0239138512620624,0.0491331648230931,-0.10428420620115274,0.0179897491132292,-9.07274485896905,8.45717563032639,4.068344239006279,1
0.3433033665575055,0.3466052741658805,0.06288444823403404,-0.05004143827899728,0.04857244416985518,0.07330318043100695,-0.06337844732924507,0.018716932798872925,10.779123985838623,-0.9810331904748608,-7.86232071092507,1
0.30086564082658035,0.2967509650730224,0.2536035555950472,0.2301915206187906,-0.20249497956183082,0.2645557322927091,0.2467166377705246,-0.18278462976535048,38.63117375637835,-12.33396584755673,-4.589473593524474,0
0.23974138268478168,0.24668673451727255,0.17898185338915723,0.06286587116002576,-0.0027057458726635897,0.16911408401352884,0.060445185769667856,-0.005677386701041738,4.328192885817195,-0.5617383218214584,3.9133803404596925,1
0.27248810587175987,0.2753568671118002,0.07763886362636094,0.05611622750531686,0.06824074124299129,0.061334036154166174,0.045960372028608865,0.09406381829834032,-5.751634958033999,-4.260229416774484,-4.120274351546676,1
0.28566948233421385,0.2874039881354135,0.08516340827073648,-0.041705514386652404,0.058090084629005695,0.06643688280253557,-0.06364474272243065,0.0727405689779494,-6.642140532358645,4.716415519178714,5.628293049473559,1
0.2004149814190975,0.19150407496251567,0.1549551361448342,-0.03858867127099154,-0.012240521137444532,0.13152633456867313,-0.05325281696922136,0.0010305254536043112,29.27464503514595,0.05592592782463335,-13.622789454434699,0
0.32660554804231984,0.31892237590896877,0.0459224380903741,0.0022287526859886275,0.08972929358323842,0.039520551112332575,0.024472755085060457,0.1010544263488336,-2.848619077045573,9.017723663116985,7.791113299262314,1
0.3154474749810872,0.31336244153856474,0.13391905008509836,0.006322583739087867,-0.004773235781917934,0.12489286677222039,0.011039141547839332,-0.026311597784917054,-1.2112262130354985,3.370541090487391,-4.775440393721869,1
0.19529248177212588,0.19269589201337473,0.20370227962315157,0.15761597271194883,-0.18969864401539618,0.1828950708801836,0.14473272980885,-0.18195452260698564,3.6703972940211607,-1.1704789220672414,-14.31565283058521,0
0.2531952180128081,0.25054324240706094,0.048849863908506666,-0.02848035795538484,-0.004216318437998995,0.05593429420315199,-0.030856622729803433,-0.026377603076456854,-0.14616616429442253,8.548681515561999,4.328948844561596,1
0.1422879758340968,0.13987317207178124,0.014899011748642915,-0.0052879371730956744,-0.008353022734913187,0.0401998221673887,0.002518724299968177,-0.0008319988196473435,-9.276705450098094,-2.481132623348712,10.203862085573718,0
0.31455475648408626,0.3095923280768707,0.28449918974376953,-0.07286605308009322,0.003428630316974046,0.29770997648378966,-0.06620798393329558,0.01818658639954541,35.778243724881314,9.215989464141874,0.25353510256203293,0
0.21512155440303202,0.22466911194244565,0.12637713711398066,-0.07707707118721285,0.007153848737456198,0.14950782080211172,-0.07082594726410923,0.02737826958444605,32.12404753403733,-2.350563886332452,8.565675428239242,0
0.13361088175398744,0.13408758561851292,0.1323776912325406,0.05085234369375935,0.06905112352782669,0.14536976492964854,0.04347445815709031,0.06528671039455786,-1.1559053654025693,4.768392421393763,3.1776140937298187,0
0.11180075354992337,0.10384514811506944,0.14146887579883857,0.1369087541313376,0.14032305273300913,0.16861720470181168,0.16245030597301874,0.12325310369888849,6.732414751157837,-1.538503459554084,1.8583148537278156,0
0.2851373455266435,0.2698144097575851,0.48090771832479673,0.1540445366704537,0.37185295111351757,0.4975455445890626,0.14480872271972667,0.36331103959829525,-9.373465623960623,28.332668671657817,-11.553477279934395,0
0.24433662618647764,0.25192756299698926,0.1624684313778915,-0.008844742033277786,-0.05952732704095394,0.1756362087349477,-0.012919159646771563,-0.051888796598807345,-4.65704102038434,1.9012696546055032,-5.171635472972293,1
0.264246241841561,0.2684639779134693,0.0407710047476116,0.0636225837051145,-0.046470252988029516,0.012647639824099981,0.09121912886577842,-0.06760504628370306,6.59286223226945,-4.051214236650934,-4.980279130512599,1
0.3174412591478457,0.33461100147183004,0.13478612433916104,-0.04705695646211863,0.028410700084556262,0.11146910971031833,-0.020121789770008537,0.005141960048164227,-11.087523091070553,-7.2746365466391705,6.916471160849387,1
0.34705065197352797,0.3467111055193802,0.060748147149198954,0.022191735683339722,0.02176156184111884,0.07640532592021917,0.011168258314438184,0.004077152869030973,-5.584807948545673,-6.673145965270387,-6.177483922895647,1
0.34656115412922583,0.3471669104248671,0.10930710612590223,-0.06702457975498624,-0.040390414699850566,0.13287407949942548,-0.06415763321919302,-0.05182707971279815,11.75840430214874,3.226167179127728,2.177794255473959,1
0.2780658066322555,0.2724955973457609,0.0815547817457689,0.07131503542983811,0.04571872850757977,0.09166990849502796,0.065327756700434,0.044428334796068863,-0.681028464779935,-6.1304917611390435,3.6322518602939375,1
0.3045158211510424,0.2967916086727406,0.08183120833150738,0.08744785806281594,0.09195828564870664,0.1081290578225747,0.07926111576763394,0.10736133125811889,11.05841565309327,7.653537453778629,-0.6015016828105821,1
0.3469967906856569,0.3502526053057686,0.15511020606963186,0.08125935990905234,-0.004193189630161395,0.13363273896471048,0.09223246712434399,-0.02678664840213491,-7.9070055034295885,-4.154871975418935,-3.320775728292743,1
0.18988250390076142,0.19786293942184097,0.17826531450666164,-0.06937260064638263,0.10634505368224509,0.17712558945356455,-0.07999290236903868,0.09823245531774694,-5.293758851689363,-0.5220290425310345,-14.124776725388903,0
0.331743859419315,0.3324815068339185,0.2341942068151526,-0.06917300856303388,0.14000406508513683,0.23012823401007382,-0.04869380101450619,0.11533430759253781,34.59288921241395,8.189203406061154,13.844527332601462,0
0.24693074464463183,0.23191000185796923,0.17312683345205027,0.00992581521456734,0.019686520333156626,0.18338211508528796,0.00721338065359033,0.006958204362603582,2.397394216255078,1.215395059665667,-3.3592344836225045,1
0.11203278627894646,0.111526450203212,0.09538647125608063,0.08655628238294807,0.022053040898394036,0.08135130266500083,0.11094704851108184,0.012705814766559975,0.7465450096367938,0.09815632878807179,-5.611828217396136,0
0.29874606401845033,0.2847566595378958,0.2714222613239995,0.2696661442950996,-0.01802353375659277,0.24582797302184156,0.2915216832905133,-0.01569606746216526,-2.137612924560731,40.29638899920603,-12.422228323346832,0
0.32065528753831685,0.33087431117187943,0.42542273746408676,0.04474664278353352,0.2167252695794344,0.4113304336817976,0.05171253317326033,0.22015189222828135,-15.917731245053233,29.17491131486979,1.3070270645571966,0
0.27869275498970597,0.2827112800149458,0.12524766809814403,0.01784918083800191,-0.030558276658564282,0.10193787840569438,0.03006083954960373,-0.034691523665619145,-5.36628410182983,3.6658342103857606,-5.862013807953648,1
0.3595478456436394,0.35765140105889787,0.157798304070293,0.08246758587012745,-0.043087386145576306,0.18759832635881402,0.08418903807625282,-0.049791864444829234,-6.717562254109462,-1.779202603789761,-0.7468900963518905,1
0.3271253122729234,0.3279982253474166,0.06200598662845872,0.08952870789619213,-0.05221545744153522,0.062049250970939614,0.09676737091581238,-0.05787906746664382,-2.2363091171987826,7.524607474429693,-0.9138180767419737,1
0.3381893168525228,0.3311414378346149,0.39051590344793463,-0.18267596823194104,0.09244647234458309,0.4005500460127936,-0.17820171157964254,0.10154802853641585,-8.974772767374226,21.77408287128995,14.22310705853219,0
0.35514808197698094,0.35896062032091214,0.11912616987415363,-0.09676096755372061,0.041001655326505626,0.10443804833305395,-0.11261167824384957,0.0453973633729152,-5.979244621026468,8.691813941131556,-1.8577614683817831,1
0.31500388644260013,0.2992846005876225,0.004255761332202299,0.05770489676042312,0.08189367918589813,0.031186415282287945,0.04649922059062948,0.10369970454925037,9.130302618783304,7.75240518895972,7.8754630848149905,1
0.2954235801082282,0.2924252393277149,0.06733632838657246,0.017276949260099955,0.08296846974052641,0.09390377423423218,-0.00992423648438328,0.08829397820298618,-4.152261256793062,1.9022372919941795,6.0394004118931655,1
0.27399793120484256,0.2821205768527254,0.1559416449477764,-0.12360645173243501,-0.06957047219595938,0.1653389677083273,-0.10629405641405658,-0.08114393092248022,32.969932651013885,-12.755405659381942,8.323297001352849,0
0.29629771508114616,0.30729610503460464,0.09851900619918626,0.05135045222567619,0.09652895046733162,0.1244638500179062,0.07086907499532222,0.07786706684908543,7.098114882883394,0.0909267036112329,-5.288749126285143,1
0.10003398386276292,0.09280100589900947,0.010278574598020757,0.009246254304988943,0.0066805823324988835,0.015196719391668147,0.008479524874771407,-0.016762401161318826,18.701842596070144,8.117729006583026,-8.852813528658587,0
0.28269348991430165,0.2786599220862791,0.473943540830341,0.01582425526788339,-0.43735357840283756,0.45354142148920445,0.016903662588202684,-0.43369571884158564,7.0063378311616304,30.86504508228959,3.3455153044287655,0
0.1982370560473915,0.19189376188639345,0.2240741125803516,-0.14701974321693026,-0.10236599633529257,0.20578616191712742,-0.1483095252555963,-0.11123962337176324,8.618649461020738,-4.4647011109331824,8.418821928753747,0
0.30093031790047703,0.2905844977177298,0.20797408662392375,-0.14017691411297153,0.06946861186498077,0.19469299860557548,-0.1199931925588262,0.08092843675257386,24.52014120202388,-0.587333735639815,3.171872173972801,0
0.31992168255860043,0.31440814801780037,0.14227438830220307,-0.05170218787564121,0.07289007638575709,0.14376971404446198,-0.030676316806459235,0.10265771184407352,-5.275178272560059,6.619939284365731,-6.206412281177247,1
0.24210834216147673,0.23264431517387968,0.1558973111181273,-0.014111182895658964,-0.0015823029892006596,0.15336428753093848,0.011757957232328857,-0.01902344478395928,-9.995978029777724,8.090652321729408,-5.274606873958554,1
0.11777656459797693,0.11887285131788002,0.1520583059825132,0.11959343937169914,-0.10886053059765802,0.17199117550160847,0.10346242235223425,-0.08593372550029078,2.6265725822479205,-3.32951682997993,-9.330430368190527,0
0.3022249265187377,0.2948966078254347,0.12849492331153214,0.09946214850932683,-0.029940431550247018,0.1361416887179751,0.10068345966725491,-0.012058061473925893,-11.70682889003158,-8.984998906760286,0.8562269597912611,1
0.3006142069390327,0.30450340545057497,0.10133942037329091,-0.057375697243325585,0.019890672629801417,0.09637450638234936,-0.06929458619146861,0.013158794718872165,-3.969033385341131,3.720487070308071,-5.6688384165483665,1
0.2657805197380415,0.26013765867186495,0.10544386600541393,-0.009096586255000094,0.054385085400897176,0.1092282053939336,0.01780261733575228,0.06671606105716135,1.3338255408707518,-5.293851720709661,4.070286715539011,1
0.3057179191930862,0.3123934612070898,0.09847855185396155,-0.06315292429159386,0.07642099253353471,0.11967218237189833,-0.057395287695126786,0.050474198437494906,10.961960842900524,-5.922824565520759,-4.689873105582928,1
0.24673475032968617,0.24623801855278324,0.22188561229410297,0.18596830879930754,-0.019719226591762645,0.2360522061145866,0.16078985618202607,-0.03515641150178213,36.425560866038424,4.298727017200527,-3.2755433112888817,0
0.30712032375096965,0.31501386692641314,0.11810473441943596,-0.05945892531078374,0.04925637454930348,0.11994586056288684,-0.04027396742269003,0.06803206938945888,-7.200874729929917,-5.687744481854059,-3.09127139229423,1
0.3126408613436992,0.3049449378467023,0.27784013611065805,0.16078893745892392,0.16451872975540244,0.25858926453930536,0.13512909331542441,0.17676877809816777,20.66800831414005,11.432172605626356,9.275731566570805,0
0.3100125184116684,0.3061401930199041,0.28061086944198116,0.1603565746469024,0.13536666699763583,0.2515272133896452,0.18844654391562907,0.14833080962832065,39.43849002227489,-2.9828072850177154,14.66248551726881,0
0.15046100723899347,0.14144830308191741,0.2029692944657758,-0.19676508728485254,0.03544386933827695,0.18638478363772015,-0.21575954809885403,0.05375028237836393,-6.584791816201362,6.308025356946825,-3.094427962653567,0
0.31150810807939366,0.32054909500655937,0.32998886613451545,-0.22518399297798214,0.17574534406273962,0.3524858084600275,-0.21496663981277203,0.15558617089162835,21.23171112260659,-14.072758085831738,-8.853517019295758,0
0.26461748529548795,0.2688487876384067,0.20164763597074853,-0.050883336190638645,-0.17605255008226098,0.19171830096258574,-0.023231292306938427,-0.16498086992824207,33.70565610617868,-3.7194679185093893,-2.5007500671921505,0
0.2978823336633984,0.2968306618940876,0.4200922157427374,-0.15538523028657725,-0.15684337856324915,0.42939300663885294,-0.13231674920724737,-0.1712346970312613,0.04506034774333045,33.550738544610255,7.353511795510816,0
0.22695470859060923,0.2124269240571009,0.2552052172621957,0.20387858389906138,0.026991374591488593,0.27904497203839684,0.18889710963936635,0.051411692688193164,32.129386388032344,-5.362656381407746,-7.609791955253558,0
0.14927961171366705,0.141378276528372,0.2323900341830376,0.224208399346767,0.09045116679268134,0.22403224919922188,0.24966542654050772,0.06754601289576982,22.52283469604719,4.474983833076294,-12.2291179890268,0
0.326583219286088,0.3250521946245495,0.19506472926570556,-0.05959996415268376,0.1385226730714506,0.21399502383344352,-0.047146472859356,0.12377593033936131,37.28659159643868,-14.05303348245892,12.039286844229846,0
0.2616823449645101,0.2629437490823819,0.1121620931269624,-0.041008637867149415,-0.09396468941674341,0.12758449018366913,-0.014076884576583168,-0.08950830251267693,-7.684251464259995,-9.537754265667807,-4.865079142908893,1
0.30287125810478904,0.31311292171555793,0.044713152695817264,-0.051040699689970916,-0.06774918742961518,0.04649789266676714,-0.04884661887534556,-0.07167540234775376,10.560456259380352,9.31173188653392,4.437739413243076,1
0.23141811559644884,0.23354820721207376,0.3169895072890053,0.23943659754121782,0.1027277135615629,0.30605874497293695,0.26055212167562825,0.12995989279675402,-7.037616003094094,28.026568046148718,7.047518351070355,0
0.34450026416688684,0.34676634440003373,0.12425187011956676,-0.08866995614003592,-0.01184665825971458,0.1522679725500418,-0.10820109550345225,-0.04024633828093896,6.4261558409395505,-4.538545758714486,-1.8950596174837635,1
0.3077224583537024,0.3024706630631725,0.4804135335572572,-0.06675228334396138,-0.10869987897785355,0.45064896072931,-0.04592488779848386,-0.13006741347738235,8.816183658559979,26.12016401177691,-13.925342021035314,0
0.24555147112243456,0.24261833017023324,0.10393949564003324,-0.07481585970271253,0.06373230472853159,0.07784536092566482,-0.0889430680216669,0.09314572475388969,10.549799702453868,-7.848316606812417,-0.596605302482816,1
0.23543844485184837,0.24315371621928925,0.2899668546308577,0.1883428242793475,0.1974288733207646,0.2734561571067024,0.18778277049370176,0.20717472636787368,17.541394962222448,39.83473143401018,-12.130960722302241,0
0.28236752088402983,0.2928561467582609,0.17265766911202365,0.05039262431498312,0.008171327388990249,0.174430192429128,0.06493170128006172,0.013616015038816216,-5.171018997316194,9.527923170551887,-4.238446129909448,1
0.2604552269316574,0.24887115705874768,0.12198755060180451,0.06289477520618678,-0.052948722316871005,0.10716963559758552,0.07944224039241221,-0.03663776172312169,-5.371023277042415,11.148453267340841,-3.7664383144614675,1
0.29487945295182605,0.29296019875130186,0.49065749879055165,0.1891152209147524,0.16630761685367368,0.5109553235425042,0.17486645708723225,0.184686126812085,-16.36865960045348,37.579069330270144,0.48442024596605293,0
0.31250552890287825,0.3206226934377606,0.14790399432754098,-0.007377956381389245,-0.052628384486970964,0.1323094011340927,-0.025378845329968876,-0.054177264112953365,-0.22416922904144343,-5.995005349509118,0.45960610329837337,1
0.2903228776584856,0.2843704352463727,0.31113526012729914,0.020910487244928166,0.17851857882074984,0.3129077516935964,-0.007710294210287828,0.1606503976522297,39.98559450345812,3.6804913148334144,-13.087673923363235,0
0.28211563050841326,0.28443194131949595,0.054979520128693,0.012852742355006747,-0.017425636886970297,0.0274246307475455,-0.011404517985733019,0.010875745738802803,-9.408977160122344,9.39089332215504,-4.725173933461214,1
0.13465734094163226,0.14319499422815093,0.08714931416185157,0.0012668662190736812,0.04760219234916174,0.07864056852626339,-0.0008379787481508083,0.07504217647088504,20.41013178658472,2.335654950844159,1.344850794180278,0
0.3423091721939365,0.34442370286468277,0.009062252322564336,-0.09743075028882116,-0.06340221329462625,0.030431742072094425,-0.11591709396129671,-0.09141866126191937,7.460976429855016,0.5632028791459511,2.0134925980317817,1
0.12739320333093496,0.11981354578089484,0.08022748869489649,0.0789301207649016,-0.02509820897868236,0.05394780926911342,0.04896359188088083,-0.027913800412361148,29.119900538371752,1.433533061464317,-2.580922840190677,0
0.327398079897257,0.3232632505907081,0.022929501910455008,0.03988474206446252,-0.003136882262903609,0.022524194395132053,0.014731047616903702,0.01028381793157803,10.05115183157622,7.364026732570924,-6.3338449982843965,1
0.33723425227910897,0.3463044035869425,0.1444762694507564,-0.07475171268674358,-0.07511023033032958,0.12381678127826318,-0.0635839540865766,-0.0501242354545952,-1.998425906542927,8.882289350730531,6.113359985528037,1
0.24808244168421184,0.24972511268010597,0.20709266851492347,0.17461372842085232,0.20469440975349107,0.2143955238723241,0.20398628701374485,0.2285072634785834,38.7696887760986,-7.852292130637505,-13.442784357735096,0
0.28870623221423314,0.29936512114883257,0.10540476241996377,-0.0700945982370602,-0.03294339589421505,0.11272029392497401,-0.08453272750568315,-0.04795526993584005,9.25432849363101,-0.5628596780724102,3.9062916166950306,1
0.3157851765374933,0.32468526803813424,0.019929574473583626,0.04189727774426527,0.06809126941249719,0.025832618970742603,0.048352644742077996,0.09562899959159535,-9.473156584065062,-8.979284295118411,-3.503241369804357,1
0.19197940081779621,0.18520840764454582,0.19479419780115223,0.1329489035936526,-0.07208302385192168,0.1715285684819509,0.14607289399332193,-0.0802617256314794,23.985830258605354,-2.748179984030658,13.932031500013458,0
0.25289121199543974,0.25671292845588745,0.13740966974579102,-0.0871291436566921,-0.08628797678703051,0.16178846116575848,-0.09920573215822619,-0.09975732641973956,9.3315955922319,7.21079549564282,6.105011197830116,1
0.20112216724055773,0.19768606458058724,0.05734620732831619,0.031334356292301344,0.012485434113033017,0.08142234732138937,0.02719753203275559,0.027878135538562693,15.171225157896547,8.771269628553132,0.2011547668668765,0
0.10787083138970843,0.10563307416896187,0.08512036293851091,0.02801247624774751,0.015070057680049195,0.09771691975949329,0.017062555471372372,0.03604494129160291,5.819392182979616,0.2742548857940026,-0.5494836082007488,0
0.277684116773813,0.2746573405389425,0.29619792952858953,0.18405868053388658,-0.1608180514036805,0.32595923697185347,0.15460962724844635,-0.17703053252874107,21.082075080766963,9.39357752798896,-13.869852302643103,0
0.2683225634350029,0.27148393309567576,0.1425718575164335,-0.06062579828712655,-0.05155431780536795,0.1425693051276901,-0.045845462878153095,-0.05370826595385855,8.19812632207368,5.788620617501067,1.8059758236723287,1
0.2970877036177087,0.2918057133402603,0.050307727242634125,0.07109507268357634,-0.022022106225478205,0.04381798983723729,0.053106078518667915,-0.011220010101004721,0.7373589854456171,11.436649593963494,-5.016267283906178,1
0.27989160642566985,0.26776195956457755,0.49896721644738407,-0.1018450793057526,-0.17505480668007362,0.5021808598455866,-0.09690519589784397,-0.1764134169894828,6.695363398430434,32.848243559781025,6.162582714048881,0
0.33942582588382886,0.3324322729404827,0.11455350157939984,0.014482629991727475,-0.07097394906699006,0.14098916616113094,-0.006611030613069044,-0.07047278476017353,10.704586885394281,-4.76777681964677,1.2482754529206748,1
0.2965412334321105,0.2946386481624086,0.114732487889314,0.004912488070455939,-0.09129528358658748,0.12369875425546731,0.0005273281745896037,-0.09666545982932817,8.916295729866356,-1.0437856371129293,-6.768195639471857,1
0.3439783616622189,0.3582250127722714,0.1517981194371562,0.09564088615291227,0.0489983051559377,0.16048727109871364,0.08300009431905235,0.03446680973807897,6.352013485487991,6.302162207103379,-0.3102779049230957,1
0.29207061655320715,0.2899096098340092,0.13933654884952543,-0.13284425621087184,0.02655289275936526,0.15727338191735135,-0.13992444444555105,0.0013444741519448057,25.89465404197494,6.300873402024667,0.5119683559039796,0
0.20163285497074318,0.19452313025334242,0.04658816027900042,0.019800853219192865,-0.003023435331003209,0.06547666119419998,-0.00044676275362695236,0.005687418641627223,19.27177541750561,1.0327643939983329,-8.628275408612492,0
0.2670280873724399,0.26211678616142614,0.1517078357998389,0.017428868231019662,-0.02118139872045069,0.12358829828743023,0.03358106512300426,0.003998689122243222,1.3532006059810602,0.7874104429902538,6.795725534398683,1
0.11670415853068293,0.11718200403755104,0.2241473436865922,-0.08327388609375744,0.11669112680994989,0.21069818257800496,-0.09058142953906184,0.13362650249577712,-8.429686133122056,-8.813118566147466,5.825993764663902,0
0.18436994984089705,0.17702747570082414,0.23681298184471813,0.05290074675844372,0.01261819848294396,0.22484177241673992,0.07627417018538052,0.04210395763543268,21.944342973155265,-1.8318110279849087,-5.900741319476468,0
0.18052986777708022,0.19044163786150994,0.14510612356297903,0.015815545063653708,0.04866145938784944,0.1363837100042856,0.024037363411826433,0.05153153420392456,12.529107928563779,0.33602800503942554,4.651057653025791,0
0.2761202314718329,0.28522479496916475,0.1620362588694439,0.0684154103272519,0.05740803702327435,0.18437502944731948,0.0971487815112482,0.08499073045744561,29.328798937388758,2.320431617113666,-7.7403218068643,0
0.2738496193979363,0.27828763177122845,0.16078038628227065,-0.10795112296375872,-0.026827563801767262,0.1522420101425199,-0.12536898098956453,-0.015349340063025213,36.59727293141619,12.53390958058667,13.58510955759489,0
0.30059627349173473,0.29351381018939293,0.27209960430737734,0.010992480841727381,0.049675550578826,0.2627979186174733,0.018692091652967167,0.03966399482455174,24.46514579762829,-0.5002526019613391,12.035639031355455,0
0.3279730143014632,0.3376144053173197,0.1265830914431051,-0.09797248617186008,0.02522046236184211,0.1535094357554178,-0.06923391065283545,0.048817501544281036,-9.108436700661176,-10.591988824019015,-5.497405566309514,1
0.28724899351763167,0.28473917232499296,0.03146740949244874,-0.0941856771662406,-0.01868037125960742,0.017919553630052737,-0.08042940253461725,-0.03010124945797636,3.581016637966089,1.775620995659727,-5.500140163829721,1
0.08835222012518296,0.09301987026626346,0.19275308155569348,0.1379258215432922,0.09294601273641262,0.19673706246279707,0.13225102509931555,0.11946947467780931,-11.219763985248255,1.9884536648048474,-2.5968361554137793,0
0.24664453411592868,0.24507059942662043,0.16846916808611268,-0.07251841399243958,0.09177604918181609,0.1536721693164639,-0.06711386027094103,0.06747900103568016,7.22122022604232,2.2483681071924977,4.52198567407275,1
0.30911187653883204,0.3126976052743243,0.2714487853227005,0.22694162044715932,-0.26843077138056204,0.29034970285464123,0.203671460932188,-0.27349741112300696,10.654425818945612,26.207818947507445,1.6999001207801818,0
0.17234588805447026,0.17071714885138525,0.14181965146256031,-0.05781761236810072,-0.04940430851702565,0.12675656588959627,-0.08662258650246238,-0.06269188967471591,24.63304894068846,-4.151429103461761,-14.501067530311339,0
0.3218707005920765,0.3229746036567901,0.16031210209109517,0.13497481323514907,0.11870565269678426,0.15070178530862227,0.15812135137357453,0.14103936234007136,37.06438358955838,6.607985842416859,6.032625707052279,0
0.3181452289754247,0.32299871088106913,0.030290888878996183,-0.04157472176237107,-0.03261824707669651,0.050600091846806985,-0.02859348408251463,-0.05370033908647054,-1.095196872487918,4.861648789201606,-1.1528778455407132,1
0.33348076778074637,0.3312843587371892,0.16963276514553405,-0.09554623587408001,0.02027455256226958,0.1984930538267604,-0.12300546903415772,0.016970818223889954,6.332257614920593,-5.164617872402654,4.600889357811468,1
0.18711401981102835,0.20122768158125945,0.08259677990464726,-0.06854670025096102,0.07205567405661709,0.06861362660203718,-0.04329129032928769,0.08156812583107148,16.684399436600994,-2.365312844159204,-10.082160158502123,0
0.33037893823818343,0.33707329849780227,0.25693950079915895,-0.1449514027006547,-0.17804576398290628,0.2438985033694127,-0.12017640101556892,-0.17124129758927215,38.908397912128436,11.516524695311627,-8.6523964341416,0
0.13119579963653108,0.14488670154305394,0.009747377882307978,0.0023954229701641083,0.004536219142297463,-0.014834955435448167,0.029924436327582057,0.028049427292376538,26.06279587746534,3.5078292135831664,-6.470134297219065,0
0.29746483469199064,0.31039499405124005,0.2579316417374573,0.2077778951054709,-0.044522485647637305,0.26996815739879093,0.2107992221254033,-0.02829384278976385,9.549508429923744,25.256849859271444,4.268907100273314,0
0.3119748210280209,0.3121900163991702,0.1287126300252267,0.012183782299927073,-0.06383776098800623,0.1532555784588306,0.03035324457816515,-0.09137801479988437,8.329237714862462,7.871346395682821,-2.4050325543957207,1
0.27011923088668377,0.2724285459298715,0.047545319444661845,0.01891724386056262,0.05958682343577379,0.062356776832843776,0.0070578305890996035,0.06327643543198497,6.652307587950688,8.851240540645286,-3.3135561934021265,1
0.2758752358340495,0.27257763927845674,0.09346559936151619,0.09094452076017148,0.07412307886368547,0.07368038841459693,0.10264142488579905,0.06592143247116658,-6.403355824900989,5.679614776807043,-6.334548000652623,1
0.1521732510840159,0.16022917134219847,0.10835752722083117,-0.043122673884312845,0.02660585452394737,0.1352358340241182,-0.041334958586985576,0.05521971794577518,4.2164467452805034,5.63399038737405,11.787647551304175,0
0.2750570057840161,0.28333880370080217,0.4689946537217182,0.27786298473807614,-0.3442787493670603,0.44374362285383195,0.2984447078633002,-0.32756181662952216,-10.888659701138565,30.042300633823015,9.243284790486442,0
0.3059106696209886,0.29939803690795164,0.14339831742106593,-0.007637453107413483,-0.054451692764894546,0.16109337240655588,-0.025147196629136163,-0.046496750121180035,11.843176566728875,-9.226108647511957,7.294222519861245,1
0.2949040970965527,0.28967511399533424,0.05199352565608321,0.08012903661249904,0.012134153783735502,0.05843350300074385,0.06858444347781484,-0.013934188190376486,-3.3483769192790085,-10.934231912932397,-6.225069880828418,1
0.347414218387987,0.34329513174024295,0.17646877828075933,0.0769695184528763,-0.0898085949225175,0.1810239348601253,0.09770219700611657,-0.10818230663127146,10.314395991059719,-1.7239874062371534,2.4259069993053117,1
0.31802722759337904,0.312390692503044,0.009729776091347854,0.09117210683778507,0.09615149358167044,-0.006952981534995203,0.088245024487221,0.09391942985067754,5.737791096393899,-0.8349006824742453,-4.4801049707638185,1
0.3353825190470624,0.3351857529744865,0.1396437799321954,0.07925615425838439,-0.023161998015938462,0.152924157395371,0.10666972092767575,-0.04244428087916392,-2.398680818702836,3.361255420887275,3.804872605029473,1
0.12153726505220026,0.11590295589358554,0.04358301618342211,0.02816539508387035,0.012518998315364814,0.016377606042875827,0.02579386676038819,-0.015450234869263502,17.71551162929309,6.910580685451578,9.896044942553303,0
0.2914097964084808,0.2958418799471447,0.3936516585213292,-0.3534915354322185,0.13125895446922675,0.3953289384937284,-0.3326636713334736,0.14150714909818318,-2.5851313809775753,33.39318890344889,-8.867648122037366,0
0.32855731954429274,0.33330624949937243,0.36200210483034717,0.21450692265054566,-0.06098622965012457,0.38123670453787933,0.22659694192366026,-0.0759934788776211,11.493425589001717,43.88336355641795,-3.667222587997049,0
0.22590685863994492,0.23569280527400735,0.2526851271487365,0.16602126820596086,-0.08018455337680014,0.2805975559032874,0.18119766962957726,-0.10485135014129027,-11.502052707987822,38.1086623705114,1.0777521369856338,0
0.3138347504889658,0.31689435336193833,0.28417925787563847,-0.0077788630255758995,0.244556590290811,0.2986305990876024,0.0033714866704444083,0.25068192306572956,29.75444162271303,12.006473948439936,9.0876678726483,0
0.22301481328840997,0.22800231366806356,0.4052857016924037,0.10661086702855721,0.3794344747833554,0.3833238443111144,0.11983191978895813,0.40835229001673934,4.713856833074402,33.92993687442924,14.865217429709002,0
0.2428999473582036,0.24741459460730716,0.04128131311839105,-0.029259017162461626,-0.0024740574878179544,0.015000171438529941,-0.051059038877562204,0.0011989846250134856,-5.533518930591263,1.455275873001753,6.054634663122744,1
0.33083123750439863,0.34126836378932235,0.2720933908311534,-0.20264045951986087,0.0742608861230909,0.2853285326356101,-0.20900124973952183,0.09948796919853956,3.069281930742015,38.009990241099594,10.927171625094786,0
0.11387929225144552,0.11972363621664418,0.170323591197838,0.13677326991446634,-0.13013914806166096,0.16412310432996585,0.15476472260895807,-0.14934300056702007,-8.142943566377662,-6.561826083417022,-14.269633900344159,0
0.26871245018174506,0.27342950497680546,0.1012810339034743,0.05110790849468547,-0.04851552753092572,0.12801222736478868,0.04465699255058209,-0.02308150349819993,7.842957166169867,10.260116631001189,1.5583124651814515,1
0.15421323858368113,0.1478317704961412,0.2401426722628862,0.10173309760814189,-0.1728595767653685,0.21774908728809975,0.08011332947371291,-0.16186766927345403,-4.198727409463686,6.075194857683492,12.794750781543136,0
0.24265137996322472,0.2475771732216328,0.03990284824005735,-0.01649195281430156,-0.05963630128739095,0.01827340050322973,-0.026276341952175045,-0.07563399936445116,10.884024355876093,11.894340641871587,-2.065025278053353,1
0.3120543215213705,0.32309709599842473,0.318246281214577,-0.285851641859392,-0.061114925174227674,0.3326097012953016,-0.2590261129092516,-0.061219351853224926,-2.1548675238833326,42.74043529350364,8.409559741615073,0
0.2938729165019914,0.2817749828938803,0.40875822371839504,-0.3540385568473522,0.26131273508002045,0.4137954827775942,-0.3594067869932458,0.23157074744211076,-19.61069310125535,21.41538011579413,-7.894436347249933,0
0.3544565327513248,0.35355285019199834,0.17973409701587614,0.043969583977929494,0.022371370954238717,0.2088102471402215,0.029452761336247173,0.020179304881904715,6.648166874382362,9.517302532443882,0.30888095304653085,1
0.2430615701145151,0.24694912914416955,0.14753507488173942,0.01107725031593225,0.08942820798133247,0.16083949002186568,-0.01258741323084767,0.09848939953654284,5.987670752623874,6.450315845987856,0.14493494715224742,1
0.24748196507467124,0.2547968096256428,0.3680474992144157,0.32997371361615,-0.2048219022392676,0.3801428962795503,0.31192983058006163,-0.20813606599330994,-12.000481531298345,38.25559198689298,13.594596231384848,0
0.3313444137867048,0.3371428398245934,0.37813733313242376,-0.016021590065253,0.18254306015985194,0.3821096822987289,-0.03293272111287076,0.21075645067067383,11.325799830978788,40.68154561209791,-4.059170281936174,0
0.24287588551123035,0.23805342049882955,0.3041876676417865,-0.0011192652611112797,0.02798049234844613,0.3208343373286343,0.0076426996377880335,0.02841354688885001,9.764900577001821,22.902809319352144,-4.819363586231534,0
0.3299628199667957,0.3267144524588781,0.3004749516339188,-0.06873538369055132,-0.1396990678240317,0.27862970187103775,-0.05442549633520327,-0.15694816836323966,9.397556813919824,34.79698497469222,-13.276220512007727,0
0.34395545405497957,0.3373268971080945,0.025863045508618003,-0.03286070737011866,-0.046380018681979766,0.03797273113740115,-0.0033216493541638192,-0.029704708232071206,4.748835553590563,6.223901119839589,-0.7039568658150994,1
0.2878356914452993,0.2942736329393063,0.2940118861388342,0.26014550135673686,-0.14394692566854764,0.27689252281220206,0.24576764545872498,-0.1156798537403631,3.2651281107775674,29.06907100794469,10.048835865250481,0
0.2424048016666701,0.24412886455459853,0.042391666407824616,-0.03246928822422526,-0.037275021094667446,0.059804232629690396,-0.003539592269944457,-0.012665389192906336,6.853331915452969,-10.863173699124648,-1.7768208055161487,1
0.25356855680655255,0.247311413535608,0.026525387974454234,0.01981569379086698,0.05575816162532063,0.01998297645254771,-0.0011877755935193399,0.03388197032761809,2.3254488353715264,7.424434872437882,1.4636374571259072,1
0.29197086955291096,0.28664208750263004,0.09667392402002414,-0.09710717707960544,-0.04308328334567544,0.10776077912656487,-0.11224254915862755,-0.04546712269751227,11.750686423004758,-10.622420980306568,-2.8897041894821065,1
0.25948824896200423,0.2568180559646092,0.09330851650985439,-0.08067490180621154,0.026514243957197425,0.07588430340946098,-0.0836179228732093,0.030900012437688397,-10.489679688706882,10.667540551745933,-4.676308234086694,1
0.2575194722828526,0.2600870717325958,0.010384680899959217,-0.08389101065737736,0.045402181192271074,0.013590563093178234,-0.07189568044911851,0.054274830045375304,8.737787297811579,-8.560827857940215,-3.3869029150325005,1
0.2443159374497994,0.244903673470858,0.08666844125873052,0.09186646952712169,0.030503840150532646,0.10927108909460767,0.11596498074110799,0.05957795664557789,-0.10784264091315876,-9.343390223289212,-3.9610193512066036,1
0.30314131736570804,0.2940572090429198,0.22465204209163114,0.04207935929033252,-0.13051081127185432,0.19659040294931063,0.028052985163405268,-0.13167746809512043,39.09373278697809,6.410795469639012,-7.666681443876305,0
0.32828976280136457,0.33418788284621287,0.11991215738070406,-0.059243805810654096,0.08264321170172098,0.12565040246131845,-0.0642436411529012,0.07446725047528596,6.075792456501031,3.786151766015287,2.4151027747486005,1
0.24867600195921719,0.2466446322248259,0.16778042070681093,0.000332368413096612,0.0007512675534276231,0.1719591261655966,-0.0168069053700364,0.01331604245710711,10.127144020877022,0.17577551023366844,-0.985486551517619,1
0.2580498337632601,0.26425425049615947,0.04930311034908814,-0.09343800010045428,-0.04412903756125417,0.024686987013563214,-0.12192570327288454,-0.062002179551866175,-7.369398324156429,-2.913097741571555,-1.8373162023044927,1
0.27269139826153405,0.28080725569904724,0.28996676142480005,0.1455724239195909,0.07913765523422822,0.2902229406104379,0.16181152039718003,0.08755502897174551,-12.85823205258045,35.08711060214585,-5.1214800629108765,0
0.2531314525721258,0.2555094963681571,0.3828890244656351,-0.007827134412728254,0.35387949010008246,0.396858670847871,-0.005241757298964957,0.3397582627463171,13.156167075691975,34.115416850496814,-11.507688175472257,0
0.24224968245980358,0.2648281124803532,0.37885856458716544,0.31812081283516164,0.1658445547935808,0.36764617359713037,0.3194067981330343,0.18745239434496075,7.276316113397723,22.316692431890786,-12.097419505152835,0
0.28651357998143245,0.29177124648291947,0.2781331558931757,0.08424552784007383,-0.12529361676147097,0.300106662928686,0.08337414365678367,-0.12484708668457167,20.274737782374228,7.8767767536854905,5.66834839043246,0
0.24496982126418274,0.23531294680380263,0.09067510208395745,0.00906729182509998,0.04708906715566624,0.11601509158287579,-0.0014271183900313004,0.032620243551099506,3.587634964967801,-3.398478376660762,-7.908305588590059,1
0.2507717323396321,0.24208802352898112,0.1256741506097844,-0.05859589169503761,-0.0395856862432723,0.0957481343604989,-0.0581058503462651,-0.040215565852839814,-2.54098134772566,-2.0013688063404516,-7.9734286772031915,1
0.30022864888350986,0.29993220043806024,0.2796601760084847,-0.23967109258673983,0.27385078671457286,0.2848695606981678,-0.2399776647462895,0.2567698068449222,-1.6813976926991359,41.169552022286226,2.4250748435508918,0
0.23941327822919062,0.24772950740132885,0.1407855163179731,0.009875286837972536,0.05654242054630157,0.14999355934487799,0.015547467275277914,0.08366425089776557,-8.093076924494667,-2.221843901492555,6.706708593247569,1
0.27197664877014965,0.27030151795033547,0.32409952036275697,-0.2813097819680661,0.2193255854172788,0.31265292255608834,-0.3052649602804577,0.19012138830628875,-3.6683802016622877,21.0180307153808,-11.92254647664339,0
0.09608036957885627,0.07745355061785651,0.15744782700566515,-0.045664984130853764,-0.031736080980354936,0.1849040507440417,-0.04594415584332699,-0.049149197929109406,20.093471169216627,8.834368234064407,-10.109831087253166,0
0.24186085951221406,0.2511692806330573,0.059209857085768675,-0.0009017317462635399,-0.02873650326861213,0.04998272440743416,0.004207137552214656,-0.02295055519516162,1.4543874015934115,-0.46538043617309555,2.8470848298230447,1
0.24184615418465427,0.23741547338282287,0.03632077992942997,-0.07501526413887138,0.0009061980385973029,0.017903269381564214,-0.08876973905980337,0.013500479875475535,5.884515079892267,3.1202842698335687,5.61809759619096,1
0.299427167030535,0.30047636657959037,0.472541758211127,-0.3889956970605663,-0.26321198736462453,0.4811257333119141,-0.36986131202690203,-0.2819781946769787,-14.45357712632401,33.668873173735896,-5.726953608139105,0
0.3318176929040066,0.33131429295243575,0.16191543063213026,0.0677765523928576,0.09167056263008366,0.1902855875312125,0.08387558648342455,0.07378989242656649,9.674298111810952,-1.343567561031234,-1.6264286649016544,1
0.33585007151984086,0.332178028551734,0.29780019975867644,0.18366643549818218,-0.16099031939933914,0.28252489393635155,0.18424335434419042,-0.16999696169553308,5.898132307627414,44.779503728821574,-7.280020437566996,0
0.3323892528796758,0.3396417060261665,0.29791373024002643,-0.19123397695664715,0.23853953746514722,0.27657992997174574,-0.16366911262062633,0.2608207067472468,31.13279171670202,9.772973439166883,14.98676947459608,0
0.2780140239384642,0.2846367364666311,0.116819866466829,-0.05472049654985747,-0.09490341271419621,0.11862377007493986,-0.050051697694026696,-0.08294691200033304,-11.962294780361901,-3.707711713208779,-2.2133952128920455,1
0.2379674949488928,0.2425241100322583,0.1073141803618014,-0.04177117547886369,0.01708876526865319,0.08357379197325943,-0.02888092813953276,0.03288743204922252,26.92689876955575,3.0790002993625443,-13.54842743508397,0
0.3321669790143232,0.3369913482716292,0.12714981836607156,0.050397377633672275,-0.05105432545685991,0.10765221165188027,0.03172008551794088,-0.026966101469330303,-2.5537090681577013,-9.125980147026745,-4.177744796248536,1
0.3362032976845965,0.33353498763174494,0.08489523431238816,-0.0027909500878254,-0.012772715470178927,0.11459579935181677,-0.02806635269485037,-0.019691707110498443,-4.208551989351992,0.5211411404601645,-1.101584685742159,1
0.3573834947511444,0.35184030424616264,0.05674090432385859,-0.08342512734873592,0.0040083768705031775,0.06925872021696702,-0.09474526572991568,0.03392881855410744,-6.531226096562151,6.07175557136102,2.5168898932472707,1
0.3211241052341782,0.3192604100118332,0.04268571537439656,-0.035316148407838394,0.07208592986969678,0.022958011909002107,-0.03490653043478541,0.048848893849368386,-5.987783133864117,11.143778085236711,-3.0998470250104493,1
0.3189718905289292,0.3172557542697735,0.162509095362968,0.06005672332908371,0.06485180199095472,0.15191690082787335,0.04701248801154457,0.050409322552323506,-5.798198194384489,-1.9343196168566976,0.8611062664649474,1
0.30289361503097456,0.3011732209784426,0.16459670801387408,-0.007688468287488925,-0.07849133982501211,0.16929521512899448,-0.008214695213287493,-0.0846551027276681,-6.476330513377436,-2.219575774617594,-2.794099632477044,1
0.10784757614429664,0.10259952058907307,0.1463499754965614,0.0680807795156714,-0.09140016577325617,0.14357342697632552,0.05165110880043871,-0.08157451692647838,28.085063793103025,1.3422497416087946,12.425221594459298,0
0.24124635341588244,0.2454834051468444,0.45494608735308684,-0.15940658613737652,-0.2043497327784391,0.46757037571700355,-0.15127931272386863,-0.19142779950279337,-0.3977977204210603,28.451164266481143,11.478593223432245,0
0.24416283872585512,0.251763359860199,0.018522535360254465,0.09370014440588323,0.03584698254969432,0.04050431313677886,0.07794027529066555,0.041604689999723554,6.059258840011665,4.218330184452995,-5.1261183728775475,1
0.2946752264716545,0.29848575995401416,0.04386541576189083,-0.05286840888619329,-0.09815221571629747,0.018113444068310367,-0.0638459151116261,-0.07578388379657361,-3.109209811249249,-4.361986689158322,-7.5015070267732735,1
0.14594618788254543,0.14317155050651265,0.07775893780023821,-0.040425306002575136,0.07357581568638447,0.0818286901807572,-0.010443825344499648,0.08961561024290665,-14.832625871966972,9.946162008913166,4.59098479941381,0
0.3353349184580913,0.3362916768361857,0.12710136066849578,0.08062913709407149,-0.05413215608314406,0.11156564295929716,0.08853371926696665,-0.05120007991955531,6.872750293027401,1.753093836674303,-3.0611262455573147,1
0.09874636532174842,0.09647178161499831,0.2467859305297399,-0.22603248835674025,-0.21397705887140966,0.23064415495851623,-0.1969391494054058,-0.21047454914191494,-4.629330528333057,2.936531345077068,6.502550919600555,0
0.2714234837546456,0.269085319939866,0.08935304480276393,0.04975023954891197,-0.06265481959611355,0.09822639690255353,0.06267981935636588,-0.0846024819937917,11.823643067988876,-8.123473637512497,1.5900474835543594,1
0.2846098735614056,0.29073826937073377,0.1456145284512148,0.09488342462176932,-0.08385294399945219,0.11776846161165634,0.09695946969912583,-0.05424036419224134,3.6400672304398576,8.913818081789135,2.1477509434676527,1
0.3429286404024129,0.34501939111375407,0.11331298285261875,0.02700158317216128,0.02183973674318973,0.13441149243042366,-0.00021297414118138722,0.023327445763194815,-1.5627802938850515,-4.269455974385697,1.472046199181925,1
0.25485381407760777,0.25085168291230153,0.31496692976522755,-0.22777249927556886,-0.18641978155825917,0.33522454567174015,-0.252061564215997,-0.1634925475981017,19.656883661347102,43.134699924164565,-11.795568412769182,0
0.2698481513914201,0.28057216237618277,0.17017101112520092,0.0014092425933835695,-0.027129624000371763,0.19067041693033782,-0.016649850749288757,-0.04100893969463644,-2.296509225271876,-1.1562651976191294,5.885286241823536,1
0.3151831194728932,0.3163707971202798,0.13315949308819078,0.043731685549024346,-0.08282584040192774,0.11016260672874834,0.048187973744199496,-0.10159200283653666,-8.201995657438538,-8.814548465776415,6.919681117485103,1
0.33189954486807133,0.3427478297644021,0.4610912507482056,-0.41699668036128307,0.3097691361471219,0.46120933793527835,-0.44617500451601233,0.29491430453020495,10.561507037269063,36.769826329930034,-0.8643501165967766,0
0.34850574532555895,0.3455225430355647,0.10984093999798425,-0.011211422720804734,0.08718749988714519,0.09988761601550958,-0.026559122674851436,0.11194781000247736,8.4956250275335,-4.266823828249482,0.7127744326614334,1
0.31107785233649937,0.31432327645684593,0.12483359517687766,-0.09999736628875851,-0.0881116053431381,0.1392089907246476,-0.08653471638670435,-0.07383109668183771,4.7630985810133275,7.269603550962493,3.4832251342303113,1
0.31650968449387595,0.31843678950193766,0.22186670970759131,-0.03724218433649637,0.0797064348786054,0.19702304828960707,-0.012626518975170642,0.06981135764354703,35.247758179696945,3.332803931287941,2.2493206803616665,0
0.2591284728202234,0.2555977081748306,0.11516548358316447,0.07349388564909032,-0.02842639892101677,0.08534604731486511,0.07197908025798735,-0.054273181521557884,26.354062456934507,-6.216403220590655,-12.046550013485119,0
0.2704167636393918,0.26334408810802845,0.05790382359468025,0.032791449021488506,0.03537484673456209,0.048039694560783296,0.03079412437587713,0.02701189615777098,5.791606464578372,-8.963121394255056,5.096278244071385,1
0.3351031493854185,0.3419111253819353,0.14739189928963942,-0.008904724311652457,-0.07622840208595401,0.168640737674023,0.008065408925605762,-0.054793971320561116,1.6601622417306316,-8.245708127199235,-7.024666657634304,1
0.27287540107002545,0.27416113011383325,0.2817937549608117,-0.03380381223105197,0.16794503109703707,0.30843639722580396,-0.058066528547951274,0.19470990804994007,5.375390083826165,36.82623545487324,0.27949753231456675,0
0.16198702033766751,0.15791532736597505,0.2177288948484527,0.19324875027217953,0.022161761635969446,0.2308799520739458,0.17632186876280945,-0.002362671674401382,-5.308059020296984,-6.547740659292085,-4.026839430242296,0
0.3139179696035193,0.31971099122250635,0.06243656481627067,0.018183098296283354,-0.0954392257940605,0.06187898447754192,0.044452685594782326,-0.09113554265149598,11.00542111779469,-0.42471751337039443,4.523763636004579,1
0.30917658622906424,0.3154973861127037,0.07152009915717734,-0.0991198156192899,-0.01068376996476246,0.08084958127071545,-0.11060289506272475,0.019175145682528164,-11.854605188873958,-10.200036256823044,-1.1102415603066547,1
0.25677712152654125,0.24498381746238906,0.09515923534135987,-0.08272806509968067,0.07569443107919757,0.08003333673123084,-0.10817116314536822,0.07941088649526823,10.182954225830606,7.718715288273685,1.0004499320956572,1
0.2614648969038083,0.26432533612564973,0.276067115161711,0.20241467495008442,0.23136392621886526,0.299635153706179,0.1995914939826721,0.2438283096323462,7.499841958803515,27.9666033637734,10.471552857628584,0
0.16965581450456302,0.16599611064192754,0.19848381016591596,0.02840264213368829,0.09875634763597865,0.20282378845438706,0.020372876241627876,0.1087220320432746,26.01404771123208,-8.389683410364796,-8.491756299903681,0
0.31221717992172887,0.3033827115308572,0.1408871041402833,-0.08835399764355026,-0.11865437014005427,0.14485341138367275,-0.08457376460869587,-0.11680393649253173,22.91210114244435,-3.5082335838665824,-5.616764263350227,0
0.2711777126000664,0.28171572348410034,0.005596396810891755,-0.038339038650984675,-0.05905561149179135,-0.02221107124433426,-0.03568922819203571,-0.08525353268874762,1.1340459371422256,10.04986610837171,5.9254001606003435,1
0.2936494205841669,0.28882421470545616,0.3300007111653205,-0.17252259261096398,0.06722152572447782,0.3159661145219718,-0.1778603175542234,0.07868818998917215,38.2593918290265,-9.962805755680536,-4.885070007655587,0
0.33534293295098266,0.34361463686925325,0.4525847326793323,0.03987073341831693,-0.35991388970508215,0.44919387650108167,0.02318884213939403,-0.36048684554487176,-14.927909563309818,24.064085334048745,13.930140156002512,0
0.2849016968419376,0.28646797967063975,0.12686262167032947,-0.02137734339816215,-0.05616517206935481,0.11910689445143374,0.006842828084607518,-0.032482854100533726,-0.8638352607815634,6.056364559161249,-6.089070611323104,1
0.28414036155771716,0.275201245245826,0.12448501421950445,-0.038689182504318326,0.07764223758592478,0.09847429935397126,-0.05408884982198673,0.06569370245794752,-2.1419311207838057,-2.97869899429843,6.625099907733334,1
0.2733794270235129,0.2714614990304506,0.11879752396268055,0.0449633644493746,0.01988536171598705,0.10226247752316173,0.017721159409783003,0.011018111329894505,10.875561117900617,-0.14247351211735193,-3.195649405719573,1
0.35224535458199757,0.35816761868034197,0.15641856167746002,0.04755097928992891,-0.07257109218889335,0.18454539715956264,0.026345905464066968,-0.06902206578853114,-11.2746069315656,-7.7900998992697685,7.00369543212032,1
0.22435194443501216,0.22994876019398586,0.26916685395664547,-0.16987269649853878,-0.26467966336699467,0.27391040486272067,-0.1723980256276839,-0.26710598703842436,9.549852593956839,25.680862277233743,-14.313073671792335,0
0.2542453339765301,0.2621785143446847,0.17157667941155674,-0.060916082317875514,0.09187585446304622,0.15277820650843266,-0.03465375636571674,0.07998345486068184,6.260132167708971,3.382696131005364,2.8163033614300534,1
0.27396407746930085,0.28951835452124697,0.1524300795020037,-0.024231488605378243,0.06431104652777853,0.1380179742395821,-0.039742112223489834,0.05021568384227684,-1.3826497463773073,6.08401352269464,-5.835489143820961,1
0.1553455919048036,0.1482215413456333,0.09302297895221906,-0.07941386323302582,-0.022549039309214744,0.07708041953953573,-0.06534208656806323,-0.0281698917257579,0.6538993864681544,-8.352714319538062,12.785956319439308,0
0.29573139322879544,0.28443887898958126,0.27074778155818185,0.1396699579584258,0.1883878459526927,0.27279680605021467,0.13227807485732715,0.19610151621257751,1.8274561083076861,30.784727208838547,-9.011504350576828,0
0.26309784566177463,0.26481563744351766,0.026489498883469968,0.03547092582302169,-0.020846638018845967,0.011350178924879708,0.014794905796946083,-0.01884335796874912,-5.042240922828582,-11.246601121922458,5.536807954855719,1
0.277866762290645,0.2732544167647225,0.27785725054716626,-0.208560013051182,-0.20782327714358745,0.2977777136913475,-0.18429394220135806,-0.22770931356447388,22.53549844270362,-5.216598055749175,-14.359573653683976,0
0.2969105896947832,0.3025488461002056,0.3057278310038619,0.22028315420873135,0.03756179212447547,0.30078869328780156,0.19540829489419467,0.015124772667410274,0.523566865324625,40.564406032425,0.6838153115779253,0
0.2694893963206812,0.2680699059346961,0.06171765826687421,0.040984729937403985,0.05558811975170605,0.057510643680167554,0.07007410657144514,0.03237127851365638,7.809524921631535,-6.976050746471312,0.6282713799106503,1
0.3002659041089178,0.3049934126168389,0.2968888800730512,0.28976784165622377,0.0517405067418053,0.3015150901683834,0.2649700528837229,0.07018394904361434,28.13169760210129,13.598108536295495,-8.33833838225333,0
0.31528329818540735,0.3130488371465036,0.02242928977998858,-0.06749336235661887,-0.03937672932066001,0.05228187867331379,-0.06823793368693329,-0.039654524939354514,-7.891569204934214,4.250369256595601,-7.603706857500075,1
0.134412294143131,0.11953429008578585,0.026612356548685295,-0.010033488908724578,0.02377636343975601,0.00947216979735813,-0.004060659672649274,0.04167432518191418,27.785745694190908,9.229191794970866,-13.944791798271432,0
0.3158598870537912,0.30669620360651795,0.28037351854886944,0.2390703796765919,0.2175073807554842,0.2945477143714841,0.2676365301472673,0.1882062171797108,37.38918683914086,1.778245563797615,10.471724684414713,0
0.13221014242704893,0.13499101731640992,0.09851411393842086,-0.05123820556269065,0.08432707704113745,0.0934571435290823,-0.05799547345469354,0.10934144518398792,11.713690705167952,-3.007508204299471,12.83485439912436,0
0.09408080973213252,0.0943695816226917,0.07088795782877094,0.06909908924626654,-0.006272169034822528,0.08593140895326193,0.08252426817996338,0.022080275538541264,-10.213963174176541,-9.209750619893835,1.010520152988665,0
0.3114189767288006,0.32245033550797986,0.13498598907013654,-0.08813376685500651,0.05395079089284785,0.13526590574096686,-0.06002047820084117,0.0440211364892881,-5.557890768929135,-2.650897003206042,-6.613772923274933,1
0.25708717063413833,0.26222149934095906,0.0512496148208284,-0.06927732096158828,-0.07690198726692901,0.062092486428798783,-0.0756594935516666,-0.08782252144980604,-11.492447607925438,-10.670510180057757,-5.205736465026357,1
0.36072987486065416,0.35111649134257805,0.10885476839320636,-0.08313102111233775,-0.08694455310426803,0.11421203061308405,-0.08114858482515641,-0.07566084911819182,-10.20187928977275,2.157425934982845,4.953267237238164,1
0.3131737174701471,0.310527119434855,0.27666104063930863,0.04916657921906531,0.23969228758268146,0.2791178150350422,0.06732105934366715,0.22260778401891526,0.7730108740885839,20.873782751939974,-3.9537078754362582,0
0.1581848302939821,0.16354081985812782,0.1138651169548319,-0.007149603492016057,0.08593869636341372,0.09635089830861496,0.005348867787245581,0.061036311923910375,9.137870257781906,2.5309371533581526,-12.721962742507156,0
0.12914051721757577,0.11439436372429213,0.05775955723485193,0.04344242681180653,-0.000565991219614502,0.06878540257509283,0.04557842836169382,-0.02896067560721235,7.408682102308422,8.724830943224024,-4.537126025219253,0
0.31676075556712263,0.31273731664367815,0.1119233148840035,0.03735079170829153,0.08103855124269252,0.08765231960155656,0.05007085331821462,0.09471097402404863,-4.919036628083084,3.810215740962615,0.9555655324430745,1
0.31920425900863886,0.3132052350130944,0.12268995270073302,-0.0755182304539066,0.0349854201621119,0.12526240998645188,-0.09007995118660476,0.015314893260294074,9.128517168307564,11.381299988047594,-0.9111680102664472,1
0.2688673264709757,0.27431011553944046,0.022300309671904408,0.0801363399524486,0.07081774932644222,0.024478946987401887,0.07500922139786773,0.09504948108500352,-10.710831236514581,7.7681877557895405,-6.444597795440968,1
0.307723091144124,0.3049790167318016,0.03554676933539007,0.07217723370419879,0.06461352331368297,0.039819560816509926,0.06752693873928792,0.06823595707175537,9.65159204181603,9.059447549382227,7.353540192951916,1
0.29812807125229374,0.2932840625493356,0.10408322429363916,-0.03243265277384537,-0.04557633987227037,0.13401552567949648,-0.04683766266050195,-0.02181344094658244,-8.375385440845154,-8.650952011052166,3.383377851425882,1
0.3295748432332167,0.3179112847426409,0.35066519590216794,-0.10656986554236142,0.10062122120773881,0.35921606751129387,-0.12103819299095933,0.09504603839944746,-16.37218201315905,29.336720685773834,4.564548863890014,0
0.16531813678172752,0.17246267012730254,0.2348933774715911,-0.09882023140292728,-0.20948584747870755,0.24910267774936734,-0.09504555572860765,-0.22939673272622696,23.497377280073778,5.646749410538803,2.2393338896824915,0
0.2989706588120986,0.2964303305619734,0.1340872380934494,-0.06730571589336658,-0.09497116267121145,0.1495729740989245,-0.04613911729823821,-0.07988609168688043,21.712679050734383,-3.5225548031442546,-10.61616373324296,0
0.23909262448439106,0.24293922366543313,0.2238273308403036,0.041540255801523374,0.0861440149076112,0.2080072054860984,0.06758470518132041,0.07686434829329544,32.897025004608736,9.497399808414787,-0.4806221665659862,0
0.2694954137742224,0.27251838640611903,0.1592728307111449,0.03269065144581734,-0.07763103952386458,0.1704426056480539,0.04185185553797265,-0.04810851919218129,7.980702838176171,-7.7674468798061795,-1.2240736851255392,1
0.14132130018129185,0.1431352578407423,0.17644674899298746,0.07596439468173405,-0.1341110347184026,0.15675204879743646,0.08911985363490625,-0.15988665948027586,-10.323772580901348,6.90418992794741,14.420678553563324,0
0.2894917102886054,0.28719140222516537,0.23784199053851465,0.11528645597906143,0.23412620241853113,0.2536381273168658,0.10616738604648511,0.24473042647349016,31.460523975071855,-0.7904371035017128,-6.726562608289331,0
0.2606785457641699,0.27740362520405837,0.20507617496970199,0.014955634906126142,0.16559766755838345,0.1984676872620195,0.034670091598145436,0.14685353627664127,27.83508881435029,11.75850366633789,6.802272219640528,0
0.29111570405701054,0.304465229899596,0.23882437955023714,0.22919303673552374,-0.026453245303391104,0.23773471394500773,0.24051038531722388,-0.002610574926856256,24.52341721644814,0.5756670506694377,11.234750590350796,0
0.22589465122292143,0.2299002019698741,0.4044988237601541,0.2609878973334716,0.14979751796124796,0.40431701168262885,0.23566443307035487,0.1771312313893791,4.835876055622734,41.56940123728654,-3.5835722873720393,0
0.27851649514869253,0.28052029524852173,0.030940523167864366,-0.02282944753117369,0.0946708145148073,0.027803111423037596,-0.010745379768271175,0.06832256950714938,1.9855429603435137,-1.6948435219068898,1.0549903235793412,1
0.1305201543734066,0.12500573469929133,0.2131196544144218,-0.029390775447446504,-0.09305916043877752,0.20798473718030852,-0.05683065431396374,-0.07022387883688389,25.311593496765802,3.728161214368191,-5.24461581157302,0
0.3664827319315548,0.3559443464503213,0.03145927081050871,-0.04893830500479124,-0.05281684750107645,0.05507949368380784,-0.07531266486350169,-0.059349005745002625,9.790593760456876,6.32852142536473,-0.6827232089706143,1
0.34332457454228776,0.35531432980789596,0.03012569993595227,0.025327843539496298,-0.03475232756718864,0.030138278894753394,0.04069343240226747,-0.013768516083115016,3.3974718231444534,-2.1057936848621956,4.154288836902316,1
0.14374270375656872,0.14099381817516288,0.16373582104772147,-0.07964459171419314,-0.02129519869663371,0.1730834519937237,-0.056018725882205425,0.006683947092358873,-6.257788920303032,-9.779347571193002,-8.15842239414738,0
0.29869376039585227,0.3035320942377587,0.10364589142657774,0.028054908019103403,0.08096833923724228,0.07824343115629653,0.006648613445838537,0.07197105869107143,23.244085352897553,-9.335372471696191,-13.090807755560004,0
0.15929428642078816,0.1566005685835759,0.011654164736160266,-0.006971567931968623,0.006109530391059437,0.008388940157722954,-0.023028830451000296,-0.018718605093929853,11.783520463518744,3.220332691999328,3.806801088876849,0
0.2592035495250182,0.26655211628957215,0.10428238698922972,0.025107669916990316,0.014081063329022217,0.08929958257721414,0.04355100925855864,-0.005365382670646748,-7.5321007853837125,5.3534543297930135,-6.828109409335823,1
0.25222727505241804,0.2482971522795349,0.023029568555713396,-0.048469501730445265,0.08139104464851249,0.04486113218617237,-0.03394651653119003,0.09598013125281564,0.447184208320472,7.125401732178929,5.4129880337153295,1
0.30267309490165933,0.3141439532133156,0.09404615683569499,-0.02783362377634964,-0.010376318203930784,0.1116610775456131,-0.03087604026804111,-0.023557685621822796,7.244926388724508,-2.003679151778691,-7.59104373383313,1
0.33276232438614234,0.32970704441780013,0.14625196403980198,0.009110805380540793,0.07065118148886992,0.1297807517878043,0.022483278644282574,0.07738547792451961,33.181760605307275,-13.632325762442779,-13.97874656429571,0
0.2523412990388688,0.2586431791102376,0.3246403370435694,0.006945490261373033,-0.0737108216648027,0.32302955756997315,0.020138908483938053,-0.04619142016702847,19.740004840113606,29.64531389560497,-6.294266602668738,0
0.2891725245241601,0.29105458394220124,0.2592566479250994,0.21549784975915054,0.04336303196685476,0.23009791203882454,0.1919190955551226,0.04089154103107676,-10.466692773088244,27.514390829974307,6.246291670791706,0
0.11846016286662489,0.12448504286370939,0.019070378348208877,-0.008567299681676214,-0.01521797232731257,0.030036385365817805,-0.038332405333111816,-0.011277495627350857,26.661110791346303,-3.69992558904676,2.3205962728974114,0
0.2705616625087615,0.28211537281097737,0.1487273247229577,0.04310879942349641,-0.07434053541514443,0.12866435555538172,0.041776253832599336,-0.0678974082093746,-7.316538707080439,3.2906019162777262,-3.369341863103582,1
0.3145485927606031,0.30282151323387174,0.1426520716770172,-0.03362117202981932,0.01971395845943158,0.1493054583206422,-0.03206925817206852,0.017041756469820105,-3.3090592596612414,-10.545240599819955,-7.8646156945707055,1
0.20060969638185486,0.20040370230956245,0.22752149694344,-0.1841754104914005,0.0808645799626547,0.19806348593295936,-0.20029881724852344,0.05340775393415366,-1.316772656162458,6.923149516967989,-4.735613010399403,0
0.18068318610741102,0.17934543795772961,0.24605801551041973,-0.10876753272447559,-0.16986462534215402,0.27169694698096264,-0.1316611876074208,-0.16809319426952507,-1.636057114360435,-3.4877607919641225,8.62332650216078,0
0.2591299312273318,0.2675025184776216,0.08238340432058645,0.0699439631797317,0.060191048443759804,0.05526897474135341,0.09581412855815666,0.05394415539464352,-8.086835172208097,4.1621034750974815,5.709396239446805,1
0.2994979057890579,0.28421325651170853,0.06222546551715444,0.03970942278434236,0.09619618820316286,0.07463216096771488,0.03126048973697786,0.08848633063276622,-1.8058153555058372,-2.5870751036591813,-1.1501844421593201,1
0.35996093025995896,0.3593918103658706,0.1623412458916849,-0.09021326089483138,0.06766234437845575,0.13249596252088006,-0.09039796895974458,0.09461627230591735,0.212980178160608,4.847109320965199,6.190898708770996,1
0.25945192657376837,0.24578487558586806,0.2675691258677878,-0.1487145076829067,0.20589481602483956,0.25363241248242274,-0.12604217718215477,0.21186772374801477,35.27991963058507,12.858865643556427,10.378544555676427,0
0.14262317058802293,0.14451481320145806,0.17064294731719493,0.08868665988415225,-0.08663644531885163,0.14967874233982884,0.05942806461188849,-0.08331335771149723,2.659632843360555,0.7471996145184647,-9.120963052087191,0
0.2298080089793426,0.23363010107812957,0.47541310493375777,0.37942705340888494,0.46555983637232023,0.462815887264881,0.4004732190230406,0.4594544705914606,-3.4080485498897595,38.44599552746796,2.517751920938693,0
0.2617427584418455,0.2678278031059052,0.4629849011824787,0.3638791857744845,0.2491542723882727,0.43647480594958726,0.38136209015317557,0.26763481930217264,-6.918209553808001,37.315626159524136,-4.721755724521461,0
0.35131015925806713,0.3511893708451666,0.15922170509781366,-0.027882490567583407,-0.03896941382828134,0.1343696419675769,-0.0234574494704129,-0.03843171072903259,-8.700319597946349,9.99186758241494,2.040509741172352,1
0.3479909503197323,0.351774121873922,0.10214066043887819,-0.020553339705435186,-0.010996789029201565,0.13000305213236693,-0.044896176496154766,0.011041393400869313,-10.485187903107096,11.250055712678371,-3.0295330387026755,1
0.29764382849907356,0.29221114977678925,0.047509850304256536,0.00706945968348234,-0.05610875324609073,0.03817920366280033,0.0034875285722896533,-0.05792084279334889,8.82062923459382,5.936809686391236,-1.4355361853730546,1
0.30486327706965777,0.3089035819198851,0.26961467749551243,0.2654280631162023,-0.26333672604644226,0.24123000940897163,0.26780064456252284,-0.2543728095040624,-3.706286658958227,39.24640950734597,-7.055753176747952,0
0.32461540091359253,0.31514281794230475,0.45684471364016055,0.1471203227177863,-0.32368922012212414,0.47885937906272763,0.14662203299137416,-0.30678727406748146,-17.65186411198656,35.634230711557976,1.5757365855774346,0
0.28372375416111717,0.28601878975649403,0.08656339917895844,0.04414567733342567,0.04224755229493407,0.11532416632811471,0.02500995958773893,0.03137998890031221,-7.135319254000219,-11.120270515962309,-3.139207651086892,1
0.2648154546668608,0.25728287708061537,0.03704756274234136,0.09514720487793213,-0.056259154769673025,0.016263672694606872,0.06894691360008562,-0.07455170030413284,0.37813623091323123,10.468246359364706,7.635083678629718,1
0.34643936611363374,0.34688654926788687,0.11928388303858896,0.09095466590954082,-0.06248177623590421,0.09774312346238859,0.08561043756126022,-0.0400793510822646,2.851438295350439,7.893093405030836,0.14439149207755442,1
0.32476886263018695,0.33405966555134803,0.2352134808105154,-0.1931077623527429,-0.06883109644887289,0.22157321852157572,-0.16422312981327294,-0.08247138125223359,33.927438978870164,-11.07248682585676,0.6130361781342266,0
0.33934442001942483,0.34025592233661683,0.04004017513050144,0.005646213955288457,-0.09187833052236767,0.043102258778606475,0.0010087188218914321,-0.06238915271466224,-6.857860249596914,6.282278527729993,4.694373127825159,1
0.2970026740102531,0.29756253998399584,0.06864280228577505,-0.002128160675322427,0.010943904811735433,0.07032159375561756,-0.012071755972459523,-0.010117425737493302,-11.513789759574095,8.213813950107859,7.578625170773416,1
0.29897221156823317,0.30389871531892754,0.017987725615025454,-0.06714932254914668,-0.07349073714504746,0.021765680295118762,-0.041999728613147984,-0.08549524279537372,10.898598697680182,-5.163247429346638,-2.3167308224638763,1
0.29844696085749484,0.3014413850986016,0.16393943514268755,-0.07937222945394551,-0.07006215510437384,0.15224332413037103,-0.08783387262695988,-0.06264436716176844,-2.797207698734086,3.7411692447096137,1.3452686759265937,1
0.3191576671413816,0.3298179078321818,0.008940229839732701,-0.06289003405730367,-0.036183745864685896,-0.012993251898486529,-0.08529511614915633,-0.041736706197658194,-4.325445386867943,11.001768340271063,-4.739670432921239,1
0.3186630462297503,0.33235311677858764,0.09025106410502441,0.019832234066974014,0.0417084938382454,0.09829130272269562,0.04324018451858187,0.026870141512347682,1.1382767280000614,6.90464274398871,-2.8981223050263605,1
0.2619790587051454,0.27288505492789583,0.16431472826806617,0.08359332636598338,-0.015799869413126458,0.13646980114843182,0.10446390818980492,-0.040771542064694515,-4.70392522743945,-2.8551468744290123,7.829425398268768,1
0.23692554992074297,0.2412267433450937,0.04191341128986712,-0.04158813393709433,-0.001960491519682722,0.05016873331857467,-0.03263919092903787,0.008251703801398572,2.0746841523551023,-0.16104057958400197,-6.654154647089888,1
0.332709826348762,0.3386279193842976,0.42520521493555485,0.2696918486826271,0.1918800529868342,0.39972251899106637,0.27464565982222516,0.16805016208204068,18.634795102579638,41.15575777132979,4.382377264358006,0
0.31615225782882656,0.3143381692678092,0.24662277930214122,0.18608419846655266,0.02300990968660932,0.21986467479115498,0.21510633323083408,0.04798764140901587,38.99349963937648,8.099321371459347,0.519252760363413,0
0.27358289408759334,0.2785633098341036,0.03329501161679478,0.026296701299788283,-0.07158938067137939,0.00826493719465294,0.05582867377014712,-0.05089036520776663,-1.6467247243907828,0.5599977425326585,-0.9882483649764833,1
0.289295022468412,0.2871095901569138,0.013152093659148108,0.06093350629874203,0.06857297113834701,0.008989933230097256,0.04139845143399784,0.08845938357340458,-3.929822688277117,0.446238856461747,4.951505088162392,1
0.2630810675472485,0.26932122266794,0.10083835277724763,-0.0491944547693622,0.014271301725490584,0.0765686006211793,-0.034772800247036766,0.001218849502252834,-7.878669184962457,10.589581362257839,6.190679622516667,1
0.29161441970634333,0.29288458221132274,0.11450130095147815,-0.09863938793400692,0.024409138796566837,0.11911426516803435,-0.1282428434149293,0.04999363687439391,33.537365580179454,-6.506968923086946,6.966259623877306,0
0.2715208342748323,0.2867179040973585,0.26955776477297044,0.16004335357051186,0.09298048117071916,0.26366575385824054,0.1484426837573679,0.06895758305858049,2.6319443670349685,42.52176413115745,4.8519508363212935,0
0.32030110439521053,0.31954759720553305,0.025155447049675764,-0.06001835950497834,-0.09852754604979891,0.02927991880684939,-0.08163053961731889,-0.12165574163764051,6.8861850600513215,3.9564205582087713,3.2826460580213617,1
0.29341650888160725,0.2888200521042341,0.375068916422277,-0.08094949103027266,-0.0033599782818138912,0.3970043415175976,-0.074400246123587,-0.02459384720569318,-10.478533610740627,27.319244873975617,-3.2922309273476245,0
0.28198091617976756,0.2802924218545921,0.3572266830960331,-0.049502398855051366,-0.12791044964189394,0.3362016736245566,-0.02420361061280868,-0.15113948024631116,-18.537217256848177,40.54170624097047,3.1990313983284473,0
0.32028456656033066,0.32086143592377026,0.12793707630394732,0.09691700830865621,0.03560231083435922,0.15415797635652315,0.0823568495403552,0.035093101217529614,-11.035642256916713,8.808134420558343,-2.1651473539392594,1
0.1416313402151981,0.13728002770799416,0.034309630903150645,-0.008670998690905186,0.017009264223474374,0.02764648483413373,0.00853853154640987,-0.012805934101514111,12.376776819547597,4.817645238581299,0.9315402792687344,0
0.23087579735380193,0.23665547619749364,0.23678722521815443,-0.045617953998716765,-0.16233300622455407,0.23524519695762236,-0.05086889018884702,-0.16278966301526598,21.80383040886426,-6.529013213403985,6.124400642945748,0
0.3390548994581272,0.3374933457607597,0.1251114101846961,0.03317074127124103,0.06588571203264079,0.1129987476977177,0.007335733158202969,0.07929028222238838,-5.34887250380655,-3.8475905887317587,-7.322568790253184,1
0.33731880641101225,0.3400419194171359,0.2815563559522406,0.2121220142383039,-0.0993378249885363,0.28926492776821566,0.19127655111190525,-0.1249576634343025,-4.301826269288171,42.54912425121179,5.358317513049947,0
0.30843341627719245,0.3077198144585212,0.36227365935460193,0.28339826259185746,-0.041173824960002714,0.33631493185444167,0.2754390274421551,-0.04280062882848802,-4.45574639702901,25.102259353721717,3.230799344589869,0
0.35715249674207195,0.3510339698479678,0.11804625688664794,0.061848296714676815,0.03939410581004832,0.09704367384635243,0.0698872523697336,0.06151645406527752,7.907367964614934,-8.100220326025838,-0.04879640724728951,1
0.1520785465432606,0.1533595662933374,0.05730334014273694,-0.008158694039385572,-0.04165719733020008,0.07106458515840758,-0.028149530149551964,-0.06668292417853942,4.263796388541085,-6.409711984239745,-4.860808268224661,0
0.2637385876829291,0.2698728611583981,0.07556590099004143,-0.057755801112406996,-0.07428229817495935,0.06631693265568885,-0.04031538561373042,-0.05158341432132787,-2.880038531666603,1.8197185216884044,-2.2410771925631163,1
0.280523795799951,0.2654698141361215,0.3451870306476633,-0.057446444379138595,-0.04765597152456158,0.35364041358724246,-0.06602049453112539,-0.035353234135650224,36.17388720434404,-10.596727365341087,-4.13649663146143,0
0.3257073639928509,0.3191333594863835,0.3941296952795518,0.056490700177539654,-0.06075620082638977,0.36413622305655785,0.05870285914314261,-0.056126512033435765,-8.662080084548403,28.21510835797297,-10.184426455967966,0
0.311988289944831,0.3150706211003477,0.14720686690395032,0.05848502006703571,-0.0017392934600200388,0.1673738139794616,0.08446382166599198,-0.018167960071896312,4.906998912802006,-10.121783815594316,4.128337330404911,1
0.33400639531385296,0.317514589134695,0.16376339209198207,-0.040996158257520926,0.01376676107686381,0.1418681796250335,-0.029383730082317754,0.024251782459677206,-5.043981267612203,1.3028540574342706,1.9497924904694486,1
0.30662510143604715,0.2970570191256338,0.10347942395596232,0.10342016648552685,0.026507833371944428,0.13066201734353633,0.11874842677243994,0.02692871349085061,37.47016658621358,-11.926829241913191,-13.01260577685948,0
0.23039628751368751,0.23861246018825524,0.4354268784954578,0.3913367748178401,-0.006999897118936782,0.44990528506325295,0.40176622553134306,-0.02055343585670323,1.2832397212879059,22.80064501815708,7.352425044090094,0
0.3144260888397351,0.3214168966107325,0.05045227768743405,0.01891374102339502,0.05023502803438559,0.03608332199898598,0.04364196131738449,0.03877320057894455,6.98402606787937,-1.9170119282610543,0.13952357122175663,1
0.3425162710385398,0.3442120276152604,0.1297252704093033,0.09264224470987592,0.05640103414763545,0.1389714149782447,0.1208311517122101,0.08547571903353293,8.803234518286235,-9.261502291592707,3.7186160479006034,1
0.28902034225479917,0.2903944495069642,0.25583885362425207,-0.012566211706402208,-0.21935268387101434,0.25861913061090436,-0.010841168516166358,-0.21318257389036077,-19.999230419336847,40.431213600473114,-4.696316904283551,0
0.28575997977966516,0.2990848002961736,0.12493195725730652,0.07131865717375604,0.05574874277241465,0.10316958746989044,0.055600538749392824,0.041948067013364156,1.0891026377257802,5.344663686228714,-1.3773671297159424,1
0.3517076321301812,0.3565739640253326,0.16954015076077114,0.07931839257238324,0.024457826788481365,0.15946851866384992,0.07759533358999621,0.032636463188235834,0.5469919519755386,0.8706860131600394,-7.761008892348281,1
0.12521452319387524,0.11956444845987987,0.006983619998635199,0.002019345873806309,0.0008261167276879108,0.011318279075392915,0.005470871799967246,-0.0030092184608868896,18.462004299742752,-5.14149763509714,-2.074857526202239,0
0.12833734974465374,0.1385234160560473,0.06558173413499296,0.027145081647440103,0.043178099758810706,0.04322936114536167,0.03696219555416969,0.02122455554928545,4.175346003256212,-8.094197267398568,-5.778001998885516,0
0.3342224337381375,0.3359360461920717,0.31278013903888624,-0.20213525743752364,0.08979003266747093,0.30473225588410546,-0.17730915949827708,0.09868923866665057,11.701884901625764,32.65582874387008,8.772807196052298,0
0.3293897319824712,0.33043922937475695,0.07533553986659758,-0.09692066900788604,0.005673464075244411,0.08476572537204777,-0.0769836599132375,0.012584836375055454,-8.878885437963213,-6.961576485753728,3.136655382785488,1
0.2907183180619183,0.29075026383648245,0.1406587117477356,-0.058751445599668495,0.0006457699911018577,0.14975894432534356,-0.051906151514984226,-0.02609299673543472,-9.16219847067191,-1.7569323458098083,0.32585231627504996,1
0.23275329694099703,0.23834456010528154,0.0331685997600279,0.017753339924043626,0.03884341193759827,0.01059071867742873,0.026646500018128974,0.05547693109605349,-11.197720494914295,-10.960037916947993,-3.8190381526981927,1
0.29083709763342724,0.2926130708138334,0.10704648094516805,-0.012750695810756468,0.01580322195803556,0.07800145912755072,-0.028568283686217395,0.015839633444434918,0.42012586544517916,4.343198403003814,0.12334149652998327,1
0.2440875298315235,0.2569659955680989,0.08123049028187047,-0.09137180338095204,-0.09921080799456111,0.10472503686217038,-0.08222899534432015,-0.09306188811735086,10.355974547392627,4.5440846541094295,0.989551153055503,1
0.3419673838608953,0.331833417529976,0.07875654421887082,0.041248822336649366,-0.08371150375183643,0.06820399709495599,0.045077176217712976,-0.09826824921015956,-0.7208305410151947,-11.322731227744121,2.8145598690490363,1
0.31464009659398434,0.3087598033925452,0.019061532675135592,-0.07193208058721748,-0.01617713613673924,0.03614733963026684,-0.10086187354859821,-0.03962849633079514,11.18956589143636,2.305021277624949,6.92837154560338,1
0.2866166477218041,0.2891560447846695,0.010645257961048715,0.09159448826836583,0.0989196658216964,0.00412142241609776,0.06473262327926178,0.0925990971984702,-3.2508756297493697,10.652830314047513,-5.3163793446149725,1
0.24439874959408275,0.23922715976353118,0.009298425062591806,0.021185035529545537,0.060296362171883056,0.025624929008854637,0.03307228256826377,0.08057517529120603,-6.274732304942677,8.38581223015375,-7.084288957547834,1
0.3280728355650964,0.3160708543552267,0.17516625227857316,-0.009062323274784997,-0.07058777488305318,0.1749265384500338,-0.01893944696500608,-0.05381945580543631,7.633997052704473,-5.725538472630724,7.930023385662089,1
0.2425902378898064,0.24313242931254708,0.4501935087810872,-0.4206925353388896,0.047898121533807014,0.4318230358885196,-0.4470337048153003,0.018378334250238073,-12.489018369538138,44.761152430575024,-9.959495573360723,0
0.25469896118697316,0.2620164533702716,0.17576794272762522,-0.09690157144237439,-0.09798541103652024,0.1514115792700343,-0.06783622696141839,-0.10778337217216258,-3.0374083551922126,2.8890323843236203,-5.125548370961148,1
0.2920549167531229,0.2849988774224956,0.18958953579569493,-0.03346989484569146,0.09465059031632211,0.1809761360175088,-0.0237421342572399,0.11366267292579074,37.51150634936444,0.8508882136939047,12.15303871409295,0
0.2529582016385802,0.24603393543870664,0.15810891789364118,0.04203338809973928,0.014432660629491695,0.15604542849405717,0.0352769638856005,0.04090307718900282,9.106431502888043,-9.079433103021852,2.919828576033092,1
0.32527224838267316,0.3317621750619399,0.1062740713335323,0.07342355584310961,0.01786233994388542,0.0793864613324568,0.08376156321354117,-0.002734406567019669,1.2659968026128006,-6.304425532670891,2.8497919252068,1
0.3079026532999138,0.30555060011859003,0.020704968437465984,-0.09091384904424782,0.05806290194880567,0.04281493798901858,-0.07681831371758585,0.08650375097553117,-1.8329201903556935,-6.076490624899334,-2.4372475094248482,1
0.2512302311445009,0.2488234493240259,0.13215384393643034,-0.016036034280931435,0.017461435735287356,0.11090305434171521,-0.019910297761162914,0.04410018301246915,-11.379302339436045,4.690594925047879,-0.06413833383610523,1
0.28601715998756483,0.2868984658684087,0.35944092387866006,-0.07865666419744521,-0.10879754850099738,0.3509342243907637,-0.08676369885602678,-0.09524397761800835,4.809133560526085,29.533692317845237,11.61811406798656,0
0.23822919852926766,0.24049173073591434,0.3434287529364527,-0.23575442101296235,-0.15721062469530586,0.3434990528069875,-0.2059623667374212,-0.15321206407943122,0.6214628623688476,21.2367478521769,-11.17373011097432,0
0.2243527115163698,0.21592383800056206,0.32350375112161156,0.20234927445792283,0.07364874003731325,0.302275173884591,0.19050832701987205,0.07465637373331643,-17.859550819348943,30.57899211902004,5.213697368899041,0
0.3462898640342683,0.3462945086908292,0.09321814362034411,-0.032723782388658654,-0.06859490053316145,0.0692638348876265,-0.027193057778318486,-0.08316587209131485,-11.716581883703888,-6.049272200138766,6.624321012500991,1
0.2618814435440844,0.2694260608521484,0.3343391044149395,0.28858309079329225,0.3179577230387908,0.3380206275343253,0.2992715462050172,0.30950124567242554,-18.86905942512488,21.434876473885787,-14.830748986902398,0
0.3100873747526952,0.3157160703178794,0.2558171975145049,-0.02143528989849386,0.15200977687784412,0.24581999594483173,-0.04030692316556164,0.17924647239921962,35.21857545132997,-12.066802830358869,-7.026217473947069,0
0.27820310820602845,0.27588850456757924,0.12795717155271447,-0.04347873779956422,0.008537767508252372,0.14601879417057362,-0.03343650299883582,0.010495515459798245,0.638298330901268,-6.062618906116712,-2.4339008019229116,1
0.1799328894871219,0.17886181836487322,0.08336468459078208,0.08164337259957877,0.009153266068850072,0.07768874508179349,0.09012511697111303,0.038434272174070666,-0.49964906488272476,-1.491463406561099,1.4070340514063844,0
0.23313891810962614,0.262238698690183,0.17396572332390908,0.0177027553249252,0.003547957414832645,0.1757162964781808,-0.008629480533469291,0.023542659742912107,8.336414938060482,-11.338857089005053,4.434443990512154,1
0.3645226275295322,0.3622793447843342,0.04031021980691248,-0.042621517287309035,-0.04991338265362236,0.04865185242279291,-0.02102328466521268,-0.023937375146412046,-5.6910880281652165,1.978673796945058,7.896360370333488,1
0.31125771704212113,0.29037841094362216,0.13744147748536395,-0.033338260837603315,-0.02344954088934688,0.11999378635131207,-0.03797257893622953,-0.03924771922448858,8.775214757410783,11.333004222240156,4.421717452285316,1
0.2925208245965229,0.2988964008721359,0.008337519210126173,0.09676790138852406,0.034260636597798017,0.031757603296347706,0.12027092522886776,0.03420180572774055,8.260381234247454,-1.4834718883917262,7.287017932928398,1
0.09329744744073429,0.10208431014628812,0.1882372460749836,0.17886804562695102,-0.05710330454982601,0.1614105459941791,0.18582869914628866,-0.06924633636717162,10.555067304650542,2.4552033964847446,9.022425876124615,0
0.24269081891240166,0.2535946442748841,0.01568327616849118,-0.021744149820125583,-0.09089151333577612,0.0017680031130734714,0.005048636852514943,-0.0978783995197347,-3.9927591089679595,11.076797820987295,0.12007384976061886,1
0.25757439287294087,0.25183798124113477,0.13149500320313232,0.06667252986728162,0.03756308555925761,0.12349775418060491,0.041682072548245075,0.057213656147679155,-7.188140341532259,6.404356629790936,-4.0079968474676,1
0.2680186501086064,0.2756703881904583,0.2171347201767782,-0.09884471038444145,-0.19510185483307074,0.19100760039634973,-0.12171136408654512,-0.18541144811329852,29.729738571005573,-14.069579810220182,-2.5512989213732524,0
0.2768784243317185,0.2739332098409486,0.03870390391158897,-0.07753097618835073,-0.05651431412751742,0.0397603296127222,-0.10492577257428949,-0.04760013612565476,9.738168763916228,-9.95467978136331,-2.803893699916248,1
0.2618019532641608,0.2660105143385238,0.32596782859524914,0.06724581565072801,0.12927224676237775,0.30899698697170636,0.056185715884108284,0.12661302962692605,-3.1305919597680365,35.59284340932105,-10.29944788157754,0
0.23557828922286603,0.2372815926903404,0.041338085399793945,-0.0736355564426958,0.035531734722571484,0.05958555697072971,-0.0607111286657477,0.049870774957503985,-9.076019888915253,0.15191835889519112,3.1081989702861836,1
0.27442555157566695,0.2670611367844389,0.05549997671151196,-0.07454476033419216,0.010047938381651522,0.07440436248463721,-0.07765032234395575,0.029281363340043165,4.92067671658063,-10.321640844555331,-0.3020303717896038,1
0.1433747062985252,0.14871545704312528,0.14199419094551843,0.08998278250582892,0.01647148351549746,0.13530298323221165,0.1057934117918104,0.015075456771033724,25.331282517388402,-4.44869616093388,-0.2852855123192626,0
0.3423136531798922,0.334319152141007,0.26518343165596714,0.22208602470133487,0.034449412412287994,0.2569828470531843,0.1922575659426354,0.019503728886450612,16.118226231678186,35.307123423855586,9.630261764784215,0
0.3316112567075857,0.34096168813440986,0.24060396708056522,-0.2285486299729474,0.21818676891850022,0.22482828423009754,-0.224933310749295,0.2407483190814052,29.603999777593003,-13.042264251889582,-0.7844675248517436,0
0.3298533335710906,0.32869380974922674,0.14482610525234585,0.09132707123141096,0.01609409455648711,0.12846312374284624,0.06238150824996156,0.023240881652538764,0.19300444798251704,-1.7904770404341175,3.2206028954343005,1
0.26652258318825267,0.26538321136348697,0.15170460964593302,0.09285283449751908,-0.006703186879966738,0.13594049860597784,0.0656782011227782,-0.009501868209499328,10.39773014123174,11.9518689053588,-0.22086539862687005,1
0.127035838883096,0.11167723143565074,0.013794509584269588,-0.005415261722958099,-0.010218288487108422,0.030539257284848124,-0.019069829919963067,-0.02314009037960307,28.549832805588636,6.878071377634814,7.056785197959421,0
0.26716655013096435,0.27135426842940613,0.17497263188355944,0.041636897351823465,0.02210440084276495,0.14526407215019618,0.055406602623482216,0.04903682627171247,-4.616916349820872,-4.820996540003466,-7.3676221009563125,1
0.29253263600939555,0.29220714655219965,0.11208616055392834,0.02374746981764722,-0.041084497713103546,0.11770683233042763,-0.0049262841991488185,-0.06892535506207363,27.834148536287692,-9.819431524027458,8.145978530302479,0
0.3189809373046434,0.3128494913659246,0.13613825174554933,-0.07436186004903118,0.05318295882063495,0.1213307568550509,-0.09780851908861324,0.06641934623846725,-7.014025398909717,-0.2645728902245814,-5.152275370811463,1
0.32417650450101315,0.3123631479851354,0.46387046180141595,-0.13172258892616567,0.17090132202743052,0.49229651144054853,-0.15759566365059008,0.15995216359470452,-10.350128133813712,29.000807537481663,-9.382922383402406,0
0.2750872129709002,0.2724152976173736,0.30563704743760306,-0.25632559343296896,-0.26479237706936226,0.33563333066974366,-0.2777051625859581,-0.23822628267159904,32.59964008022051,-3.6394930409542727,-7.457950966848536,0
0.3462251119838404,0.3445317202676759,0.08588290102474487,0.006264296562445842,-0.009510520156409297,0.07268534854994915,0.0004147241161109455,-0.002429973533463581,-10.257805768232036,6.889683046256604,-5.977412101730577,1
0.3021491423132439,0.2884976518848357,0.05900538972491748,0.0005024098670292076,-0.016451342727432067,0.05380988438830899,0.019937151530076996,-0.031048037035322093,-5.823064486676494,0.06430379510560513,-5.5711722707387,1
0.3112041444766198,0.32229661490192635,0.03415826469793826,-0.07872226339751845,0.09302842341147982,0.017156996831798423,-0.060449503018441625,0.09509113000729646,2.372600882408465,-2.0235981804857026,1.424333134563481,1
0.35867768654284216,0.3634743993826607,0.03978399490995028,0.05113930188485047,-0.031009633635986814,0.029976615463195664,0.06116498745819025,-0.0390381456182293,-8.153460475605804,3.981952814459838,0.013899672428303589,1
0.32171229861373957,0.32870165293603004,0.34450511431866826,0.049778775188674906,-0.2814140787206435,0.35384143507498195,0.026090228650722042,-0.2863909004626647,30.715849199477994,6.899867102910459,13.572541578520624,0
0.19433317627298896,0.1959314772313599,0.015591015874098946,-0.012800860867132065,-0.0015143705853026598,0.003013466806513175,-0.011342790319851546,-0.024767598248572574,-2.881436464047802,8.030847583880359,-4.761259406646749,0
0.2963512057147852,0.2925831524393152,0.15732573784950832,0.062386406622766094,-0.06744547155291084,0.1482673556748802,0.04983177520035886,-0.06853266332135051,26.610660758558975,10.738691287998769,-11.032634945842714,0
0.22060475113927,0.22344776153222334,0.40349504351242904,-0.09463167437074954,0.1458835644781178,0.3986656694640639,-0.1101124363405771,0.15648100490539063,-16.159028106679656,31.471252117013208,7.363344398435878,0
0.2959366984468702,0.2956072413910186,0.1634279621073467,-0.002012880008707446,0.06369978077537489,0.18371798415391047,0.0019420146992418647,0.0721041409509596,-6.584342570118834,-3.5500129287777877,-6.798569909868945,1
0.23656226064289004,0.23581119577343426,0.27803526219106967,-0.11068131358634137,-0.22925846543426381,0.271171097553312,-0.09455395884216561,-0.22136304963391545,26.601472746851112,-13.086806054686754,10.12817266833419,0
0.29009379397125756,0.27200374318590875,0.30956981901523417,0.035036118844921194,0.2626180390669569,0.28544769626240046,0.04311706698756098,0.2362518858598721,25.671751428838206,4.017619922542053,-9.62104719472737,0
0.3482603849995975,0.34592825504822666,0.12254806664877742,0.07913441694184856,-0.06881974214920553,0.13572256633052915,0.08755485420931759,-0.051554579017247915,10.855123146375153,2.7058117608078494,2.688560705494842,1
0.3344815035781687,0.33349657233942653,0.09971660264703469,-0.0957687977153413,-0.03672770853265697,0.1046202405245576,-0.12446539037309592,-0.015800181744491652,-7.751966133087815,3.740948663588174,-3.5995033499159543,1
0.27907134780676957,0.26231188949806555,0.4129254754582298,-0.029442204401421257,0.28883684895335116,0.43769450559165674,-0.057404103873821916,0.290656767009472,-1.5744265423135886,25.949289892843773,-8.794829481056036,0
0.18868244953020666,0.19341611846080217,0.02576991038164908,0.020257251795666335,0.006255460759806028,0.03343601072402745,0.04569348648197786,0.03362288419740344,26.771245390028774,-0.2368881087644752,5.143066410692349,0
0.2502573167945992,0.25794758586282357,0.1496002809824831,-0.0693431366751012,-0.06414633836845218,0.17790986654614113,-0.06929866550296065,-0.08551248821537713,2.385186996500245,8.989488980099146,-4.857045348566828,1
0.29891930513024606,0.3011872844287115,0.4675740855174166,-0.2458106463015902,0.041932381771696836,0.45396035325515277,-0.2749555557305482,0.031080707840771687,-0.9819757894306136,30.811511449735242,2.7949071995371995,0
0.337442332580006,0.33077076003226136,0.17514037464369492,0.16384538913870517,0.12092380623907184,0.19122099512590918,0.16317611864398213,0.13483368937951437,25.287724081986234,-2.8032049556959393,-10.509961467759254,0
0.32566201141896783,0.32903762375992573,0.26799303279270786,-0.23847924319780886,-0.12204452989694564,0.2698527520690801,-0.21980351106952922,-0.11799524003672124,25.0886880514062,10.417908617980302,-11.75544647943711,0
0.29884812973604125,0.3132357642654061,0.1348797578527333,-0.06439034094848912,-0.00419630853721549,0.1201288951398737,-0.05281182833653492,-0.00810824346421984,-5.824685640207256,-11.916120453375669,7.467801194753216,1
0.2972514143255205,0.29910425102209603,0.44997022730023617,0.3063507292730028,0.021478839149914053,0.44414139363427974,0.3171277267446586,0.017478812831217713,-9.005528547772048,35.81233087541784,-9.17438397463723,0
0.2643965083126614,0.24985532074773006,0.07926782428526165,-0.0990496910075039,0.03857059097925161,0.06760758191192423,-0.11616637445236587,0.022301381027717688,-4.8947105326077365,1.3751843091467961,-6.87994303262645,1
0.12380665486871131,0.12004873135421239,0.07995378936143166,-0.04655303911087941,0.006644945203220412,0.10756524526811811,-0.0563754789676504,-0.020482812220861724,2.775506292033562,9.017854066086258,14.73654320082661,0
0.305032086691098,0.29753669910986286,0.42910677858679486,0.13338465745434697,0.22663369459178123,0.4078114845019793,0.11265070059958912,0.22388861422909914,-11.154047953410352,35.725803287334806,14.99841772363601,0
0.253945909705065,0.25014232421960436,0.3066287204282621,0.285763712262105,-0.05838716241595285,0.30422756591785755,0.2962729053078317,-0.07079228774835736,22.427833729041453,-13.404504276828474,4.73613809334346,0
0.23807221512670917,0.22192700622194775,0.32807724935769755,-0.14983740742812887,0.2959916531407034,0.30398335049333813,-0.16588423269727776,0.27890314361771806,4.325306490707458,35.039882857883484,-5.780048498533979,0
0.26561763732972393,0.2632706235909732,0.1729924727264759,0.04392955700288512,0.018598724665599226,0.16891063170878678,0.04128803174453606,0.03259747497944286,8.37281234542468,1.0528749571716638,-0.9364702026735383,1
0.14730729562697775,0.13679752975826248,0.005974839299862589,-0.005291427698070865,-0.0019864028521819795,-0.015601412449472517,0.021521110161339292,0.02054218138695996,-10.942372606717605,-8.378976938292244,-4.269611974404874,0
0.30977852069751993,0.30525139669556045,0.0097887553500272,-0.04009750194507083,-0.05358390786604244,0.0003248998073085655,-0.0305572579868515,-0.05942712596383547,2.880757025080092,6.882881088540209,-7.083152727351582,1
0.30197546493530614,0.31691062436686185,0.03514426101820429,0.038072462390736805,-0.021593219787729948,0.027128629248433893,0.06465370346448378,-0.009897698119601152,-7.613919877475181,10.650834038311903,0.10877994984968176,1
0.2553091069620773,0.2411826304534332,0.3047159432738363,-0.28267217242868015,0.2615421538849872,0.32707095942734166,-0.2627922501696971,0.2672075841414318,24.399116684945106,9.59562066713438,-13.734194196449593,0
0.25584016131604626,0.25898893838824544,0.1549014399492538,-0.054720491917733184,0.0006357053449775607,0.1462183323224204,-0.06010001038379069,-0.01928801581909062,11.78093947205291,-11.708618377870955,0.9037774481727059,1
0.28701469342375385,0.29276297524086503,0.06595064096872454,-0.034500887117490914,-0.024107184054614206,0.05565231326900587,-0.03237479972769072,-0.0031935547281967333,4.457840290942691,-4.874964610289153,7.181726827445447,1
0.2510720948747241,0.2380617259691779,0.3505966900393004,0.2787689472370195,-0.06229050510088635,0.3212636674838259,0.299758208324293,-0.0350237588547969,-1.6913263487860384,32.633628819792484,-6.455675488769412,0
0.2665100354423867,0.2547806646064079,0.15941932560816746,-0.0263063593378806,-0.09005224689578631,0.18193383416088602,-0.00679251631192708,-0.06846964301485395,-4.1308579012851885,8.87656115307782,6.671305373788552,1
0.22559583806413055,0.22581608280117998,0.40250918991943674,-0.08827768010451925,0.3741473386519445,0.4066355222618662,-0.08111268891044059,0.36022153593727557,-18.6337178218845,22.898092424355927,1.3754264923928652,0
0.32913983629525156,0.3378398459969571,0.49064943483024764,-0.3402180472230112,0.38820837879913356,0.4974564650512389,-0.3344740889541187,0.405392842127529,-9.246112194830536,23.62751873870892,-11.929594561326475,0
0.35229470928954093,0.33598556789748923,0.018093960255007514,-0.03684710443078176,-0.08550900528082564,-0.00219909227745654,-0.018876348087688045,-0.062263631392621456,10.675324126656925,-1.3136288160146883,2.8055115308190146,1
0.3622660591456842,0.3545995706237981,0.11007784907587252,-0.08909993700174089,0.023261793985506568,0.09108984280869166,-0.06029830622848934,0.020775432533015958,-10.98358676207599,9.219497072803613,3.3532525616099313,1
0.34158968675087986,0.3527735711415225,0.08739025926172607,0.044565983155079036,0.00480177892375637,0.11244707721966704,0.03846239814368242,0.028052511835871825,6.262333252728631,7.847572893071554,-7.62843911748732,1
0.1495879826108846,0.15066781754765615,0.11921676561569744,0.052972088777873766,0.06629969730060226,0.12424605581865805,0.05417482388412273,0.05272232384597429,-2.601193383536117,9.676911898497195,8.061327829960145,0
0.2764293034006756,0.2825911404390074,0.16971355178120495,-0.006211474098670761,-0.10163626944218006,0.16664635373528391,0.022749546294021157,-0.12310934083870026,33.8680628304036,-6.365081326947241,9.84305274130681,0
0.25314377765018586,0.25295327511203136,0.07822877114134981,-0.06345446369237817,0.07667623641830454,0.10294106610137099,-0.04548651674676101,0.05467190508416639,-1.3223803687960363,2.1785699673008363,-2.2338902347198335,1
0.2554364636803462,0.25738792002477123,0.37106795977940393,-0.26139309348022904,-0.2655372061480524,0.3866377572676974,-0.25976941515225926,-0.23657705899799528,19.606068233191614,24.466891791324983,14.943278155037152,0
0.15910851635882683,0.15972789613996075,0.23224050597523394,-0.12317551027019118,-0.07275900699397769,0.25547706922974467,-0.10092307456788238,-0.10222457176457872,-9.020106594999493,5.365219071153195,11.969741293039107,0
0.2835927628760763,0.2842483700958661,0.0760469268291812,0.049506744828768046,0.0851394533539169,0.05238938457038732,0.029567208091978013,0.0792055287871256,-4.285436808370281,-0.6599978812699305,1.4913211653552185,1
0.2781133395161771,0.2832465218895685,0.453523655412626,0.03884506530166598,-0.24149736232665017,0.4726175936395261,0.0597846789367765,-0.24732465383182675,-8.351389977499046,27.814385858082304,-4.866410175076009,0
0.2525051121323775,0.255538175455772,0.10397609038350784,-0.06799105457217954,0.005648125384131758,0.10175701136768762,-0.0756092312265221,0.01561599166339634,1.2611012868076479,3.415144476617499,-1.1612008436337007,1
0.24668489305058564,0.247685709695315,0.3204647225358076,-0.08165713957659038,0.10480566448463441,0.3061336667420082,-0.08995666335896738,0.11877318571701394,22.894639652614526,9.340447554066362,12.309791149272154,0
0.3271776700338898,0.32731607919626954,0.37458610080969135,0.20947633469237692,0.2907397215581169,0.37358021628139537,0.18655402267758484,0.31004057675842067,2.3186757548031913,39.097711012247515,10.31572197549129,0
0.3074564634075393,0.29571998068742467,0.3279989979385626,-0.12390211215167202,0.03405247485432039,0.346891869489545,-0.1373212764355998,0.06362867515702905,26.095372730795816,10.358577439348789,9.842995422743979,0
0.31585599757038285,0.31568456569878395,0.23965544755362742,0.13352611263884548,0.11625599737785161,0.24879233013108393,0.11102491504274534,0.12354091135078782,20.073013469132825,-6.5305346257859185,-14.687692423755218,0
0.2924861134896585,0.2919485625443782,0.38781847403397396,-0.17077707384046215,0.1099489272765028,0.36722857168716094,-0.1517895031764788,0.11838999905497821,17.774297035108404,36.62328809150273,13.848703699596644,0
0.26209838929503126,0.2601694689828035,0.14597237672408075,-0.12806397614723172,0.01052459327495503,0.13601630763854874,-0.10805126272078602,0.02838417060802937,22.22909070821292,10.098772359690344,5.780115351277235,0
0.2785763865961674,0.27649800144865744,0.40161053080871556,-0.0529105332671419,0.30367367069656537,0.3918608686924161,-0.026776427945221393,0.3098759474832486,-5.294190285455205,35.38955015398404,6.55539680071843,0
0.291216540838222,0.2951773100727497,0.4719727364938777,-0.02400750448641714,-0.20650685290060666,0.4926515900272375,-0.02827313724180212,-0.19959032400214238,-15.287263064079157,23.29996150014956,-6.692132657586026,0
0.3122910867710375,0.30270467970575166,0.14556390831260976,0.02208867476482504,-0.04092134322077783,0.14543247397678372,0.01780749497409315,-0.04088163758625195,5.3784980000654805,-8.495241007681306,6.316375508456268,1
0.1770717060876842,0.18246413205564943,0.025308428642229847,0.0104672248857237,0.02199284936841124,0.053992123399385035,0.008714809775105813,0.0019572274056248763,-14.910506634743488,-8.988675176876917,-5.0668385395089945,0
0.32808341284755704,0.33049168510230253,0.0033188045175348855,-0.012164297358813053,0.028801880289973686,0.0018201511577965257,-0.005959939909556539,0.013535842618540782,2.649698620183372,6.639562461329181,4.96831545055676,1
0.2898954565121219,0.28969994568226504,0.009892869865536677,0.07218392249086511,-0.09686249454333923,0.016031294271257747,0.07684417050023251,-0.12388127296846078,9.56360725789144,7.004608886443254,-6.786828637721422,1
0.2653596969341536,0.25893577135870566,0.183498160469793,-0.028821125428116573,-0.02008642813411149,0.19292815026109997,-0.05088580631789711,-0.0384425960629829,21.036148880862513,5.4166848724199355,11.803345542356752,0
0.3050957805277939,0.31373462977436467,0.09068450484321337,-0.09788293079444377,0.07953244208682095,0.11594233898336298,-0.11435387961407079,0.06165844837079538,1.053371291664014,7.803683096172847,2.4881753718126998,1
0.18940506610296692,0.1972611636722102,0.000175942079422009,3.756869026507641e-05,-1.7573808526936052e-05,0.007608514455906171,0.0224458129379737,-0.012569076825234147,25.542295016338898,-0.0461596068592236,-7.172441119430292,0
0.28166402078413155,0.2776847678047199,0.16819670081790292,0.0137867739639604,0.002901996276947677,0.16346175039457544,-0.0005269925538754737,-0.021886090611361403,-1.840657338735383,-2.3838986434486706,5.087460397393663,1
0.34519767189953293,0.33926901000402054,0.17434195523612817,0.048431240525020736,-0.0760172938305864,0.1955176310972923,0.0586380654400753,-0.08870632760829071,7.377021356090886,3.5397370229660616,-2.5787789196483164,1
0.35396017569993055,0.3462031893471582,0.08110376344815867,-0.06382311393558193,-0.05661677543884234,0.05303270871632969,-0.059624139719939954,-0.07735978791403378,-9.715499079912622,-11.986364897785332,-1.0888694239922891,1
0.08166569078297883,0.0793019103596611,0.11127621958287467,0.03271518872826648,-0.08325587530713398,0.10492147964969542,0.008529624526864843,-0.11193207804720223,-13.696630471811323,-1.9027844848820692,12.50318222172639,0
0.2809268624773011,0.27211562168419723,0.29114869278686495,-0.19501158179165734,0.1946659762524453,0.29434209632066577,-0.18112364817204477,0.21150477126574918,39.83388627205082,-2.2220340494602624,6.312756254399403,0
0.31537306735295045,0.3121118527663275,0.1305208239881359,-0.047308874628795496,-0.03416126578695321,0.11187920554017003,-0.06790636725165901,-0.058408493524888076,-6.074178284940834,10.965326407588606,-4.951684368201555,1
0.32353055343566933,0.3335920351943307,0.46492855356842905,0.07127886025270685,0.11227050276598766,0.4521736638585411,0.09322625103206397,0.13863530154731998,-2.3096902138865048,24.213402803138415,0.7013872186120569,0
0.29913248363136585,0.29813987976217377,0.28788554233202646,-0.20130003152655818,0.05172871973367166,0.29796467617784717,-0.19254785157572538,0.07330568730917053,38.755334372946784,-12.178497639595573,-12.05593218368219,0
0.08524729662184843,0.08766085167243955,0.24344374635120952,-0.07813297776312592,0.017016434653967794,0.2550724245834987,-0.09762964326965795,-0.006668478281431845,18.58058828099343,8.96493797204445,-5.341442427400519,0
0.26262415125669736,0.2655703911727933,0.024244564486202515,0.07205637724378819,-0.03592055928053843,0.00656798234654692,0.09535830442755862,-0.010140562025365125,-3.3417915235619127,-10.673510171970538,-2.2820860239671337,1
0.30619934819988714,0.3059572016422703,0.3372798134038528,-0.22744780316313834,-0.21396375818052854,0.35517163258188483,-0.25424335490660277,-0.20071312812371475,30.068075057367825,11.632392090070933,0.37029136981169763,0
0.1654896615255005,0.16252042588313617,0.22962584073275724,-0.13579665312448952,-0.19715909720067124,0.2578758899284431,-0.12320701449899368,-0.2024012212984732,-3.9954947063343393,8.796809379753952,-9.218970378357607,0
0.2345721831142293,0.24618724948635642,0.049201794628182034,-0.08763420786039962,-0.024646305740652963,0.05912229795430325,-0.10461142967090405,-0.03643135542669346,7.445036536784297,5.272446261062697,7.158139387228271,1
0.27645753966064,0.28315563690734685,0.4538059598526397,0.2108402640041892,-0.22966874551214805,0.43346910441796555,0.22652201357389196,-0.22773989864859034,14.38171835862537,32.213642640695824,-8.083588742703691,0
0.2338673934544503,0.2428067681420365,0.4403522365835443,-0.22464013417751325,-0.007052343503235081,0.4214880415280798,-0.22043409233000028,0.017729338016773726,-11.674395865260943,41.92067057098832,-0.3820111003009732,0
0.33064321982234646,0.33300702030004986,0.1557821786500193,0.04788629369530198,0.06017431842132642,0.1566599391770003,0.05852353765716581,0.031950755769043215,-10.824870964241299,-6.371156389408834,1.9503643740039323,1
0.3148435219179955,0.3021844484093202,0.16703470946984836,-0.001637483717418009,0.005731507621658194,0.1923358085241026,-0.002027088891237542,0.0038307397033180528,2.4479271246607084,5.700363295145419,-6.850394632220251,1
0.25001762705393166,0.2494694966869765,0.17092309871765876,-0.0073906386494838605,0.026047098994597673,0.18743457790918194,0.0023421370460382507,0.0029633450629423727,-11.441749437077574,-5.310955666647843,0.08636247295017974,1
0.34082620276025805,0.32935840466834904,0.1517010661285549,0.10259519184137153,0.09623716365555127,0.1296546606182634,0.0987367073955975,0.11453416274347225,28.56798243991042,11.005199263175069,3.6118085734449252,0
0.30650180302294894,0.3067524945096409,0.09940556166192173,-0.05765177944477502,0.06389015110892746,0.08603745007455411,-0.08445227434877459,0.09031123586121828,-0.033599078588967046,-11.186932916578645,2.9282393031839646,1
0.2279604302830664,0.21229104870948445,0.4625762399941471,0.02305046303863567,-0.2864684897659427,0.44672349439053527,0.026312962624871837,-0.2915109354286391,12.032857881323082,38.968809856350475,10.886381063203142,0
0.2980734910228909,0.2936252359904634,0.23062646837817924,0.13086778754671097,0.07292183708457955,0.23918217343475276,0.10836022722226385,0.0906767356062195,39.31680749145662,-0.8317413546693082,0.545548204340049,0
0.23740105152956817,0.23654888750245592,0.48929358721383664,-0.4510176386614557,-0.25877260310815187,0.46981216976643136,-0.47059930081613915,-0.24727210690554444,-13.15739361295761,39.28659522340443,-7.195340669101062,0
0.2899136547553372,0.28163619341109974,0.01577698547689818,-0.07639881957589695,0.09237953290990292,0.028790396826437914,-0.07943712944726963,0.07871402662061246,9.805936576982567,4.7929712114579885,-3.7460806166476868,1
0.3271651872510324,0.3241489692412907,0.2523886336738321,-0.16545664429358756,-0.21473007486963244,0.23714738339959518,-0.1372708028113253,-0.19880929376140283,30.004150556154187,12.7789754283192,12.51917209229153,0
0.23349084642071635,0.228259424500455,0.252123784542146,0.22792767008276738,-0.1273297683935795,0.22817279766590068,0.24446627638254367,-0.15301062073044347,7.028133989674362,32.51998594795417,-11.302316474981648,0
0.2951886137829678,0.2990016163414677,0.3039049191908082,0.272697445851121,-0.1258454419830059,0.289838823771585,0.2551034496318891,-0.1335969258787055,17.132218995091527,43.01718001964716,6.508497238809493,0
0.32875962124104924,0.33679040022921997,0.17289548350284684,-0.0458920742629168,0.06532974779805753,0.187745836768684,-0.06541893124840052,0.09122909951163977,-3.5510272789579,0.897567013664176,-0.8703995247787404,1
0.25963538396755725,0.25281527870113923,0.11672067070577637,0.05656763101115689,0.022921243850485218,0.12258743114357865,0.053081695435861116,0.007589794399635591,-0.10716470033896641,2.816330398216465,-5.573380659528887,1
0.09746377368642094,0.10084977874032267,0.06143778655884283,-0.05091701652265598,-0.05238219939330309,0.08744981978639013,-0.033400886048712934,-0.0777345750713988,13.072452481083321,-7.182167335898222,3.184489039987465,0
0.26471302099528127,0.26336451966265795,0.05515714886477506,0.08802700379264514,0.0736557033097367,0.0602266350124157,0.07548503467247271,0.0612430821172441,-9.556829144865933,-6.010948666537477,1.5121195133128094,1
0.31868235327965355,0.3218296976770882,0.20094962724019227,-0.1784562208064956,0.1954365624545606,0.19341792373203678,-0.20261587720504548,0.17725140988845878,31.139555332669495,-11.413499427787645,-9.633129236761697,0
0.30023362707404616,0.2920399231888415,0.021354552274580933,-0.02532704400380946,0.08681694287594446,-0.0001304923447515774,-0.020278795363860104,0.07951204381268853,10.778171789553113,6.428900772571094,-4.7291106708578,1
0.2349777942969435,0.23332475259808724,0.4914204526892356,0.2993754387603639,0.26814377111253485,0.5019370256581916,0.28534172769802807,0.286787834394442,-18.9152852785223,32.10415966600158,-9.323482035125418,0
0.22811637336611593,0.22620048092669082,0.1780322644732038,-0.09414612014266434,-0.014644374691448026,0.19886348157151973,-0.08910127503669887,-0.015701188353296112,24.37771866606125,9.461549888356764,5.182147270874378,0
0.3505481905638448,0.3614681683224214,0.15268959864077247,0.024303684045990037,0.016728134966961863,0.15343842037679412,0.046526940370142614,0.027074343132362573,2.476480633744096,1.0842874238345708,-7.050193915857223,1
0.3485496956075441,0.34845351455346674,0.012795731450114626,-0.009815050536801095,-0.05852542495212372,-0.002271484861012637,-0.03865068150716004,-0.06427615281532716,0.5707768648770077,-5.274477388868692,5.760103969001662,1
0.24609972473875819,0.2603572153687261,0.3005517845119059,0.298324373991554,-0.09828858278308014,0.30413049659114866,0.2923637247756038,-0.07447810368631319,-19.441555341056244,26.912557839608866,-8.66222904078532,0
0.28213921475704173,0.27353161845509144,0.17680152554524528,0.09287340166607999,-0.07148574353457725,0.15139984523229816,0.09912145397910427,-0.04229027898363178,5.158183269508584,2.4193173390496607,3.0503531696824577,1
0.2671756132522194,0.26315285331274396,0.3759472013175613,-0.027327510646687703,-0.07596530034957849,0.39723344341940536,-0.04285432020070913,-0.10490697660754623,-19.13685494825467,25.604347377107462,6.43964630730429,0
0.2825581441168292,0.28729277434554185,0.3281530220023152,-0.13801250594284378,-0.16401081363210973,0.3551164457138422,-0.14965210261945772,-0.1704056105948707,-19.76754019328997,36.178437032194864,14.244766223226193,0
0.2650913314786556,0.26555285887749713,0.12802760290634907,0.09925931137572552,-0.12736726848300875,0.15080134643557416,0.10625622069793908,-0.12057794105083222,21.19666852372084,11.448056707725918,4.236122892724094,0
0.3359584195165079,0.31965365241120397,0.01333269949296714,-0.01063223151716948,-0.01819297359085406,0.02895800060404419,-0.012278872516958052,-0.01824132006552066,-9.91892439256322,-6.663169730476543,-0.9445978912314121,1
0.3113171931060731,0.312554416220905,0.07570224180671624,-0.0969619790635991,-0.08603228150129937,0.077767378941227,-0.07562565142778241,-0.07106362375394398,-7.31334767504184,6.4639190284356545,6.272632256539973,1
0.30077230761832385,0.29059345872062914,0.14028149717643965,-0.014801580285261573,-0.05284576540520827,0.13654886515674794,-0.033034358976590836,-0.03103669880736111,-5.43147074499397,-10.913154597800723,0.6387009696145611,1
0.31161640141047176,0.31460680224746257,0.13170808781639282,-0.11057439409756341,0.014695515361153239,0.12310583646019164,-0.1009950737539647,-0.01316868730438293,28.20638894297027,0.46524914253510197,-0.5950799235006485,0
0.25814134669807515,0.26744283196398433,0.1420211627462429,-0.11415166063313381,0.06443329396920955,0.13692229659574648,-0.12808966052683496,0.051766556459784556,39.18222854865935,-4.320672236863162,6.351525485561876,0
0.3369612822617829,0.33127989656782914,0.12190583586210223,-0.08790728521492702,0.07616930616211451,0.13953879703741195,-0.09474527319776954,0.04759084268109318,1.905920710315332,7.019205144926644,-3.7933748459384926,1
0.3107902705316903,0.31260286733378434,0.21336513318654265,0.07067086148731183,-0.10059178915864021,0.2348121498467164,0.07606487845136096,-0.07186822021594842,20.911843703562447,13.169094566516147,-1.8391455863970414,0
0.3457511249859542,0.347423448004646,0.011875549963213687,-0.020485758207730825,0.08800938521618057,0.021523084594118357,-0.014955898462182239,0.09687275788811521,0.040247900563326056,-6.7042024850737665,-2.341497411698425,1
0.2536629758144222,0.2574882334815809,0.1282493898653798,-0.043797478499694315,-0.037688372321207836,0.11388354885090834,-0.06431446103256355,-0.017122635230086766,-6.6360330942214185,6.844947262636584,7.357021326990033,1
0.2212582772402374,0.22342330589052414,0.48105869234760856,0.34533704538473375,0.11367755314731531,0.45944037501267887,0.3468310030474341,0.09064415679169384,10.29947305852179,30.07394255283589,2.106886847983443,0
0.15210703162236222,0.14604108957018988,0.13469018359732193,0.061282997315735666,0.1029712660554965,0.1076287911342062,0.044665736423173716,0.12060936938742163,26.20692480197993,7.483971481993294,-11.584950684135482,0
0.34969311893643973,0.35336804271025546,0.16252068377345102,0.08437950129984009,-0.033567390459309676,0.19191006792574344,0.05882296230198451,-0.05561486560222486,-7.940767022811462,-6.917468076808552,-6.559977743278562,1
0.14504827219685243,0.15141751073237825,0.06102231142370912,-0.0009389281397013532,0.014490385439080974,0.031924743628973365,0.0010566188562751572,0.014616863573324958,-13.036306733356772,7.120436197061409,-0.3450218260812683,0
0.317393509068835,0.3062141521424537,0.4133700468957344,-0.20600804218464686,0.06212574021321515,0.39591798142667406,-0.22611542267397763,0.08306579858276644,-5.350297461017405,27.962219241330775,-6.003367225808994,0
0.2715329344406804,0.2842009920365007,0.07723352087762748,-0.021031821459873548,-0.039707666402396605,0.09111579930562619,-0.002696655118145534,-0.06218810581592956,-8.690410022112832,3.741971087373134,-5.814329555525514,1
0.2328029334246484,0.24263682791184005,0.17784407364783153,0.006675680646398632,-0.02122395697773649,0.16594689517245673,0.005893798017156365,-0.051005317205930364,0.45239748117195333,0.4793018366051971,-0.4762147665121006,1
0.1559663186190468,0.14916629888507807,0.11263839263793221,0.07707458890117683,-0.02465824866647133,0.09453267126030537,0.08418527083758764,-0.02491438331017845,5.263211095930679,-7.446017286264574,2.4547318189374785,0
0.2657122058878167,0.2673354706360598,0.11211317089749867,-0.06646175710610858,-0.027458728164021937,0.10694592579647881,-0.0792439209093685,-0.0031991571205136,4.509284774242854,0.3281053763436148,1.5564939324077418,1
0.2471442902050492,0.24151657013166478,0.3022022448175725,-0.1853098553232575,0.22746777147139252,0.31142321642635934,-0.1855809236396222,0.22088355652254865,28.63517423881229,12.452110191679306,9.477299120972074,0
0.254381123481621,0.2510277373891981,0.1768015493218148,0.035347725897882654,0.0701381263896313,0.1898043298124486,0.06238302894082825,0.07425771546053064,6.051318535894168,4.757814575740564,-1.8469749259052755,1
0.3008117435800198,0.30925262385691726,0.3650764321225152,-0.08844057874867522,-0.14999886675596555,0.3467276789771915,-0.07983676749346574,-0.15293492837251377,16.758446296242035,32.11042984504131,12.108643206844722,0
0.24619994323387295,0.2432087370009952,0.06639810853274472,-0.04909013707454357,-0.022815741707357035,0.0684324464960871,-0.03277850462390803,-0.0300836643264796,-7.27297097711937,-5.714487010446349,2.0312374469163004,1
0.25857008746501703,0.26310391464829724,0.34769550313981934,0.1320690847952254,0.10272579897363332,0.34239728012704274,0.12903627645237864,0.10008774970822326,2.3628222986324943,28.337970768603974,0.2658784148070108,0
0.11412534487305385,0.11397315078296383,0.03797903849033729,-0.004576468139951696,-0.037748123175420534,0.06410456329683228,0.01756638847105732,-0.0331623327791132,-8.177376580193739,-7.455444425776787,1.2711686490759249,0
0.36041800703785687,0.3572254837707054,0.07717642258603152,-0.04464145120507086,-0.014729351055128556,0.10128030766386928,-0.03609860610213305,-0.015434237638250588,-6.922962552388014,9.255330484819098,-2.2212270333169553,1
0.26765868474253535,0.2657119694275569,0.12814520590594417,0.012704647393907462,-0.0008789843597713787,0.15485410316619053,-0.014242508533391658,0.014103360702906825,-10.674961039008469,-3.64137879692505,5.841603710570373,1
0.27578816043885573,0.2782543903131458,0.07356269716192983,0.09845398573446582,-0.021402619049812263,0.09925660492806965,0.1066465959375981,0.008292744789397656,-9.859309950061345,1.9467555473744014,6.714241162020635,1
0.14144360236074874,0.14259448930408467,0.074219658761774,0.003777909663058923,-0.07162494891926499,0.07584279063229751,-0.013540514173282135,-0.04860279007384287,-3.3041823127652403,-5.506508209627603,7.16653129406874,0
0.34020319488807854,0.3322098433874355,0.05852423928414544,0.05688774423863688,0.030960336392591103,0.03613064366191793,0.03951855299638707,0.03577438907514132,4.692992443622096,-5.1422186789426405,-0.4792418745112492,1
0.2655917913077094,0.26233980963211434,0.06570850443925652,-0.07001170441318788,0.07442086040071477,0.04474454009949236,-0.09949466898516275,0.04725588073210388,2.450865404002256,-8.78912578574747,3.101749347344022,1
0.23758035180611264,0.2381115724452533,0.2851931886572972,-0.14549447958682346,0.05574999138651865,0.30247255673126777,-0.1712403043783787,0.05218695558222555,39.91612931344169,-13.770680737267238,-2.544166400242089,0
0.3184420463152263,0.3224163290385658,0.15000739100493643,0.05722428196465071,0.09540947440957578,0.13389188630157592,0.07071435678423896,0.09207512000050043,3.2845295680066204,-4.290589642587233,-0.03315819090346217,1
0.2748490202181357,0.28086585160611277,0.059457219439576534,0.03880900263722942,0.02948216457521391,0.03924790886342515,0.03924392058493237,0.024942350310594597,-8.758780687685407,-1.4149948877905576,6.283297259369444,1
0.2921012486174723,0.2956782205114125,0.029588170666399863,0.04102518919984438,0.05906469250555027,0.03223405615533851,0.06417851090849638,0.04257956075632069,-6.520878997029466,2.2122466771627387,-5.528885704233824,1
0.1272929549453592,0.12444821965965454,0.06400587429243135,0.057964889873075895,-0.058608025175982265,0.08375613572777277,0.04452200979255887,-0.036113308418513214,6.209944790553902,4.409608521819383,0.9548084304293614,0
0.30312568739686446,0.30083489096941146,0.09942926207616962,0.04291041965401643,-0.045070371476494425,0.09426850465149204,0.060119397156437174,-0.02053199114350139,3.957688296995453,4.896774554861107,-1.419507958066779,1
0.2580648264708772,0.2454866708718004,0.1686005445357228,-0.06241928419270466,-0.07853752743349592,0.1677773812959577,-0.06374248934831481,-0.08323156367062223,-0.0564551432309095,0.4691903546326568,0.13108663645191676,1
0.3060127598330013,0.30260144135196676,0.24957519052218627,0.05572733713858444,-0.20871011196658468,0.2405591397596561,0.04081908617457796,-0.19994892579692805,22.18096422343162,-1.9133632176111508,-11.65613965567368,0
0.2688913702374657,0.2822254469633074,0.12550925912938724,0.0913943169261559,0.01750435610577486,0.10765357589961297,0.09376058244601927,0.016386879941474353,3.9442768424220933,-1.5089269872047826,4.09793295588919,1
0.3039969360358856,0.3105765796018927,0.17294130017616827,-0.14411988770271583,0.07302606880336529,0.1753241345444857,-0.11931965499631053,0.07894960925531527,34.54583470320004,4.221209552387393,11.385461238177765,0
0.3556507300050274,0.3544557381929471,0.15905769828318997,-0.0031850776125722235,0.06256345663927332,0.1422988040869363,-0.026847049040568612,0.06404919680417538,-10.312069011177263,1.7345363420371989,6.788774608231522,1
0.3053589047944348,0.3108659508066395,0.05768187940142192,-0.0433068899513285,0.014769060404919501,0.05802536136866941,-0.02413521163826797,0.024003386242183303,-7.600364115131033,-0.7407975126691966,2.4129962407045564,1
0.26921917081286906,0.26244558211427577,0.31236724234071545,0.10759483094024658,-0.01868774800017331,0.3176952100407433,0.10937451563963924,0.0021753006876752898,-0.02916683387014274,23.34293058691385,-9.671954819072077,0
0.17007809300548374,0.17268165255407186,0.0923902475361418,0.024108444158000814,0.048011915316899384,0.11520269412519449,0.009833125215538772,0.051591018182421275,-10.275657748594526,-2.934459855281064,11.389777159079522,0
0.15686283183784255,0.15302193062562466,0.1278100651384483,0.11680498580914,0.07294331953287575,0.15566059045058483,0.1140236592059364,0.09735709593814863,1.8820976175581166,-4.008748710891805,12.681977959976944,0
0.282876705744674,0.28492312554948207,0.3656974796232143,0.28173020835096674,0.22780508752445505,0.3457979759225008,0.3103386956217824,0.23263833051689323,-15.259119871535729,39.82782469367801,13.427897230562252,0
0.26885006250622967,0.26679077419840747,0.13281344685809224,-0.05645396839386249,0.02972957362384096,0.14841984545674758,-0.0399706039299173,0.008682808777430908,37.07398925862897,10.20882193424723,-4.087208449282182,0
0.08462928866465894,0.0897973549708809,0.10780131294495615,-0.051508054191748795,0.09566133116145936,0.0938469931841111,-0.033072549301766646,0.10775705403394023,-7.3499759589654605,6.371021605377461,14.154268832306677,0
0.28142166454352796,0.2742077066924587,0.3366134697754555,-0.27554071131596375,-0.21298037769035744,0.307778296599422,-0.2862318076500717,-0.18860883171119475,-17.790686740363956,21.615611970526214,14.112027726706678,0
0.27575200937187544,0.28553719328056226,0.3113034845999433,-0.15795289804695456,-0.10873477345659263,0.33865966992724406,-0.18760525685876697,-0.12406562285423356,-8.475983366085913,35.30687313679976,12.925152934509217,0
0.3407545167261361,0.34287897305435544,0.059565740366603996,-0.06097136617280272,-0.04699573883887607,0.03274768266691706,-0.07054953948441893,-0.035610620882447576,-5.449590558004824,-1.267224841835155,-2.784582355530695,1
0.2925090268983456,0.29115086614223035,0.2715685322367857,0.03735009529080113,-0.053616056468122564,0.25836757097297797,0.03617294079786097,-0.03926445737368589,32.92925449677497,11.228122193708518,7.982679815875439,0
0.256812373954276,0.25109182713949907,0.05493896247658894,0.050830467606893553,0.06919838160026068,0.08418125232803395,0.035530383568473115,0.07357704322821573,-3.65628605412439,-10.530391636395173,2.6516269051644894,1
0.28370994691556306,0.28239165032007874,0.3158300303029488,0.3109943843999892,0.1967233228039575,0.31998330912620226,0.33461720215253454,0.1895350607086063,-9.841555002305524,43.69860518515949,-13.36824057799795,0
0.27085676557029303,0.26535301979258297,0.12899209621091634,0.051997002299230516,0.014973808405546851,0.1388668787825552,0.07277758331862869,0.044559740168605005,8.710232998915885,-5.014791541184399,6.105875539885812,1
0.24483438211249434,0.24480077607163517,0.07186009053644891,0.07132302847679023,-0.02136466251916072,0.06814980640840365,0.06138639852602154,-0.036909133687770886,-9.170988701832961,-5.617211991700893,1.6004710678871739,1
0.3170141848547485,0.3163395025919535,0.14809709038874938,-0.011317160234533774,-0.054552255643044625,0.13936864847654148,0.016924721229160423,-0.030964988363712767,1.3100348883800343,-10.468385853499793,5.242098751881313,1
0.2890996054001086,0.2919945369665985,0.021311834972160375,0.058950111683514356,0.06754337163740823,0.01913237785305044,0.07035771785822194,0.0473468736463755,-5.174468770238187,-4.708881158161342,5.989348101357011,1
0.32048436652591833,0.3190633354452772,0.1584278905474518,0.036203393325395045,0.037150408185643025,0.18501654899094272,0.057612733448011696,0.027185221412491207,0.0038948700258885083,3.287429331012122,-3.289908492431662,1
0.2663025401900924,0.2829765022532762,0.4393498645649095,-0.41777251500423845,-0.4391832160697997,0.42689880820700765,-0.40049441984133094,-0.4210918914427415,15.301585994751328,39.738613655247505,11.48879029944722,0
0.29407827143327125,0.29336014109922515,0.07631984288861642,0.0305489329096279,-0.04205118228615004,0.09174346080076265,0.02448893639107075,-0.05156887052954241,8.968689611267003,5.624297797953439,-1.0832891841242738,1
0.2766515590765748,0.28363127076999084,0.1849774005525368,0.030666535754848817,0.010517321023158666,0.18722467116401023,0.04407386888947901,-0.0015330845198773257,33.676423149917106,4.826363253206818,6.172196973670143,0
0.1308049740336354,0.1261218913545847,0.036395241329864964,-0.02895846158568364,0.03335987930222174,0.05666572554635388,-0.0503434925012434,0.011826012745727657,-0.03148049178476242,7.585030612549637,-11.775104175365463,0
0.3262244146208337,0.3239168641725819,0.2542304985596694,-0.1149013270498544,-0.1170272192076009,0.24225237170055394,-0.12853469828230396,-0.12539072704845095,-0.9043428808002716,26.485845670440973,-3.320589844621031,0
0.1896855856322564,0.18850421305732754,0.017276672778301944,-0.009989946976373398,0.012584590789229109,0.03478559243705057,-0.00955595067209367,0.039399049368521205,14.43450622258663,-6.940576580605525,11.85570952427874,0
0.33392297083209865,0.33967656742905705,0.27673078779217186,0.007914071400910772,-0.13035839413348888,0.28090192018055327,-0.007395854029859329,-0.1367531486709283,-14.54411065860311,36.10648995470688,-5.871846106276745,0
0.32688071555419285,0.34071760064408857,0.2100582065910212,-0.06440968193506774,-0.16494492872568417,0.23525311704398036,-0.09309387678986794,-0.18904954409286412,38.23774570805613,-2.729872622123386,-4.257272729184024,0
0.21016476742876933,0.21838126444839498,0.34419791930079474,0.14636129664360348,0.07185846612103752,0.3432005498815789,0.15670975426240674,0.09348874812818625,28.279668349010063,-2.0720169646985145,-5.940401630640331,0
0.24133928761259185,0.25288798766863657,0.2521478171829675,0.2044382809247025,0.06135547895257243,0.2708101929295474,0.23008105933755915,0.040911887827840804,-17.02731008037391,20.01069712568189,-10.846941738894156,0
0.2729605559938682,0.2771725909774889,0.06245280456615538,0.02764134771587251,-0.030994402631477055,0.03764185634087845,0.03569234063958353,-0.00916490561565176,-2.494585325192288,-11.039249692817666,6.6870800259659156,1
0.1671308989968321,0.17293426211978186,0.05780547177312956,-0.023512444008732404,-0.0506300701655621,0.04743087053748597,-0.03488518000268405,-0.05482456543924674,29.8096330440477,-1.5901491687311413,-13.745874679085397,0
0.2505971076200212,0.24518672276898404,0.35508237412748367,-0.1602464880063833,-0.13306541025476226,0.34771947311933854,-0.17005907769638978,-0.14197308987638593,-1.7533421830345617,32.989234454063755,4.667628940382759,0
0.2878113580425471,0.29161255111042905,0.29945278701034894,0.1861792894573186,-0.2594460159869088,0.30578214072143456,0.20122750549137097,-0.2776143451922455,34.877078894981665,14.553569518038845,8.387378866323761,0
0.31884641355824317,0.3031625774898679,0.11674656279213158,0.0891920870170152,-0.0737868611170922,0.13525952427328108,0.06661817906616621,-0.04695912050728636,33.573478475131644,3.616275864037391,8.828031170369222,0
0.2712765944548451,0.27237955596761865,0.4877577169075306,-0.41184141095109383,0.022065966160121853,0.47747353188802644,-0.4070780000293898,-0.0016552954530122954,-5.526408553464313,25.92416493493006,-9.009325708809858,0
0.10094886564942632,0.09589461642181496,0.09013857824712895,0.03786414004257338,-0.02953683917833254,0.09117031948409447,0.04637617794053077,-0.033253778092072694,16.90191631138888,-3.5334991348357514,-9.668116369463746,0
0.16764393340008757,0.1721054636765406,0.086046582122356,0.012877742435720888,0.08472169203805907,0.07167726249691347,0.002699671293724417,0.11344883811541553,20.33463310482069,3.5948181484897432,-0.9066142537547641,0
0.0963098088153778,0.0941314624916819,0.03630600093609054,0.021436437539957637,-0.02606207328027462,0.011993893553832579,0.04329671090698583,-0.03294468883386974,18.06312087573911,-0.9116717966744368,-13.804273675733697,0
0.34904745410901333,0.35620599555691734,0.17048546402691953,0.033226272782594296,0.07145605326989696,0.16083188716000074,0.011345811339510015,0.0702041588176717,1.4682341079348546,10.659046689881343,-6.497017654526541,1
0.3106328312945837,0.31069553864481775,0.43858758302602247,0.2676706960809017,-0.05339523584959671,0.4675244891546545,0.2528830211228609,-0.03634337742458395,10.155013252604249,20.380367935673878,5.80984354030101,0
0.17123940103038718,0.18443797074211965,0.05308129611366924,-0.03655192636003403,0.029418013709999885,0.0665847933779774,-0.0358372437208892,0.05344071683033075,-7.566116975416717,8.728283008007626,-2.842222372105253,0
0.21920013180758605,0.2207624600304839,0.4143547113122795,-0.012386197234244334,-0.02312334147885503,0.3993957585455351,-0.03792232759545715,-0.006807904322083655,16.466463169365817,42.48188323715685,9.315403038697188,0
0.2809470923603947,0.2763102785034031,0.12228179205577547,-0.023041708960621382,0.04524656052754361,0.10943670981920284,-0.030370011367872648,0.06471163992343897,24.62528219284147,4.728481311404728,5.002055584583669,0
0.32428457499322083,0.32843398048916606,0.11299537724235845,0.007668959866602654,-0.09378316399839393,0.12045711194939207,0.006223705946054352,-0.08652785961588946,5.350415968606107,1.0795905498839389,-3.66814318937781,1
0.33374653423383743,0.33526657572935714,0.06109654481160148,0.08901587707428041,-0.09387787808795278,0.05019971963417025,0.09226123181157582,-0.08431821742209764,-8.809365521423032,2.13088875745178,3.2225097927740745,1
0.23909145766935577,0.22976531995207025,0.24199309213553238,0.07197200138715759,-0.12555013652723157,0.22471110365030203,0.07734675929665676,-0.13471155291306536,26.825750263491166,4.390210251976718,8.574282009181985,0
0.19516263423905897,0.18767667633319535,0.06576215752046999,-0.01833038916340523,-0.014778904232896517,0.06493691488091251,-0.034991339777188595,0.014521799688234922,17.176253160069066,9.161020785877415,-1.4231247237427933,0
0.26472248447901403,0.2679174023827749,0.032874118739902286,-0.09850723591764642,-0.037173045180391204,0.04748960918464068,-0.0888090838262155,-0.030659263800450316,11.380292918370301,-3.794320660575444,0.06887807148437908,1
0.3120255208173997,0.31122852163830794,0.3854044837422287,0.2276231015146618,-0.08211597387061881,0.4043399452071727,0.2458786764073138,-0.05883681802896635,-17.868948884513465,35.62716874209946,-7.649621958835004,0
0.2576022065131624,0.26322199225254306,0.27213452404037175,-0.15453564723998076,0.09966959456580848,0.25647973311648437,-0.15331776188003288,0.08269965396317666,33.33116185177391,-6.65209262369236,-14.186617915985922,0
0.26183083752714914,0.24712437584793734,0.06324412427192538,0.06853714458322113,0.07395121063347251,0.06611696880634067,0.07408940351549637,0.06241132489053948,-4.569291127009776,5.253410045794954,1.2382494776262902,1
0.3166465070151536,0.31260831343458073,0.16551577166135084,-0.04017218178957787,-0.035688178122643646,0.16191562598126336,-0.05242628988110701,-0.012656178113933499,8.50177740465055,9.441019581210053,6.624585069276456,1
0.2774574922132295,0.2937831330126639,0.1456078477663442,-0.04124394164698582,0.03696637454019469,0.12389155150345849,-0.04620377923658173,0.010279921121509529,5.42900456217496,8.26934374467669,-2.8818305486877485,1
0.09804177439726698,0.10189987519883269,0.0130785069822274,-0.004744961029481444,0.008904745243472869,0.017159961462553726,-0.02474535325546517,0.0014495599158783345,7.088332750807183,-7.249327623080319,13.459768281530508,0
0.284000630381219,0.2812401413915714,0.2671415049663566,-0.15325342928778446,0.15943976782885133,0.29065576842395763,-0.16074678649635513,0.1587263861722075,11.617156788190641,40.637531704926445,-4.157192776762301,0
0.2552614123260475,0.26987363991015856,0.25175495142614557,-0.2366535394219228,0.1140709526420865,0.2548254220365296,-0.233733124036682,0.1036616403726002,34.87696599437727,10.852579045510915,-5.574419451325191,0
0.3014501370389165,0.3026503391643344,0.3501754630872266,0.24235796732361814,-0.31126664852233854,0.3539197284001575,0.22581922114648392,-0.31371446113129137,6.850836544705025,29.543236925387216,11.798919354365307,0
0.31820010343053795,0.31145745973468275,0.3846424631967831,-0.15290900022152248,-0.15153946014227296,0.4027772533524266,-0.12450198929555542,-0.1616217757699354,-12.495296551765627,24.370963348932758,-10.899763617565979,0
0.18756280579825924,0.1811012749404376,0.07357777310983007,0.03740204422918428,-0.05096884413965142,0.04783203493128843,0.05008395191223297,-0.06979661752535002,11.169996043559447,-7.596751555232027,11.00471804772696,0
0.26099834377008846,0.26238238009451004,0.3353104358401305,-0.02568213848029821,-0.03379950363962575,0.33442294293614167,-0.03461450736925466,-0.009389406582091697,27.602179653666745,8.320149121395978,9.719128320102438,0
0.0987651166225444,0.09955246923941834,0.122822162985951,-0.09563669780574643,-0.08510909632771305,0.11518724594670061,-0.11239261294582029,-0.07572540902807334,5.727587659785371,0.9147449610728202,0.9073253432384067,0
0.2727847437668551,0.2778283975716196,0.2217975816402713,0.07655243347687007,-0.0587509389898169,0.24850929729423377,0.06269310323036645,-0.08252622581129238,36.132073991891545,-6.647487044956106,-2.44889857360187,0
0.1839804238942866,0.20026660904410282,0.19528600090581352,0.04668997022059371,0.09048114666524262,0.22140664029438661,0.07402251398744061,0.06232415592632773,9.820105088634246,-0.8157763312070472,-10.951491141278403,0
0.34238771549832575,0.3398907582475553,0.31330592147268777,-0.23129596893021087,0.14362167841013557,0.29609755409866967,-0.22836804430082785,0.12054030689039141,13.657578866583236,24.302574127854164,-1.62382885676538,0
0.29276240123839276,0.2874357059069968,0.49384109096007694,-0.0672680360071986,-0.4598149296265773,0.5003139559565919,-0.07924601450107846,-0.47655304552552874,9.927330228697691,37.098177245864065,1.1605401709652519,0
0.33135336943994215,0.3255903001937199,0.2830489563316798,-0.1482896715456207,0.10769570740655893,0.30263776087987687,-0.17603263350186782,0.11565008835020865,18.43128688088192,21.769264527354746,-10.882760565693316,0
0.3118593413844375,0.3174820483996139,0.48693779535068643,-0.44727592844175607,-0.38881136859953946,0.4723220474990948,-0.43233129562349965,-0.40535389915265646,-10.442609367333397,34.18227424230668,-4.002392400936364,0
0.07972659136793739,0.08118825820867653,0.18553056301302623,-0.16665370385234107,-0.11562964941928615,0.1668827741647011,-0.1587222569238041,-0.1011875968708765,7.485792365680474,0.48372379399980225,12.330207226894792,0
0.31040647173112135,0.31329222207605983,0.02607802179841433,0.03647632632209474,-0.07600887373766352,0.044659320266907915,0.057723871788941304,-0.0864428803623407,-10.23400024915378,5.1149471564067,-6.983489046907483,1
0.25614773829403714,0.2414808792756906,0.016673005573555253,-0.0823663786151683,0.09052445197838874,0.029073758562104302,-0.06656691692244754,0.07820381730971324,4.417236989222104,-1.7374558250655419,-4.792276961919503,1
0.3275187780754729,0.32680298375629935,0.37993420068356265,-0.13116529132745633,-0.12787690110969557,0.39041531530943385,-0.10929767975723417,-0.12803120029057355,5.334273634147657,30.29051375829671,-10.550481548631218,0
0.08892149922849943,0.08095360965030544,0.2175679772277583,-0.20904202317248757,0.011404027646615744,0.21580970283177636,-0.23420038851943326,0.011182846337367835,27.64074210876001,6.3833899827853955,9.863888482543434,0
0.30696858225073836,0.31801005851678554,0.17626143856589543,-0.07552097290476417,-0.00830299787493445,0.155544872506428,-0.05414004996673881,-0.019619751674731758,-0.14018829786895992,-7.996866868228742,0.5052833759570365,1
0.3069247918920608,0.31694665758046603,0.054045069036815344,-0.025875675957913027,-0.02044768828354504,0.06411290327750233,-0.01944750425665249,-0.03622145717560966,-3.958878448205816,3.297594224158459,7.374980327817697,1
0.308561886578614,0.3127209730086496,0.12904677826844319,-0.0045559178091280905,-0.04235832270861271,0.13363012667837035,-0.01079636232630593,-0.06660443402056224,1.200898865066378,-3.246055673023136,6.545985137085063,1
0.2619315326168292,0.270611154300023,0.44754937994291577,-0.0431895018740589,-0.1404988203152145,0.47570233426599634,-0.015536574314097482,-0.1443553171751099,19.617824732521107,33.16436106664584,14.200161968104133,0
0.10987599073124292,0.11285792589241128,0.24026272695102796,-0.05479751093416457,-0.16106962358666854,0.22471524048981995,-0.0745836577382126,-0.16955222002589676,-2.9517487286079245,-4.1471375590604715,5.610484161383038,0
0.24459366346755002,0.24380752194792138,0.36541348060190715,0.19710721732837677,-0.3567118221528321,0.39182340021708084,0.21772666620381143,-0.34161566452153663,-7.677479624416588,25.993102030654114,-6.933514241246252,0
0.32139719192972316,0.328009877065149,0.2514355685135604,-0.2040777239356651,0.2176723653294791,0.22900749368219883,-0.2067969312251081,0.19721090928902946,10.035421867784876,34.327504314667834,8.286513876679106,0
0.24498865582980875,0.2579892998258292,0.12453470531501978,0.0011662193113051583,0.006299866366475726,0.1464491263193099,-0.022239629989791704,0.012154382022494116,4.955753246416517,-0.2702280159255057,1.6052222722834681,1
0.24067312431915827,0.2374737805577821,0.3738549033990668,0.09849889029792053,0.2799137687280904,0.39979836227003157,0.10780751797661792,0.2560957308763347,-19.894829597619296,24.83966897520853,-13.52915104241927,0
0.31939442748237284,0.30614433459943863,0.14155024152641688,-0.07031138963020447,-0.06412592158745925,0.12418649269320259,-0.08207377410903934,-0.03598742739299679,6.05056638572065,-8.411885942120998,-0.48887796694976693,1
0.31619882498233864,0.31869862408969346,0.32786751269774317,0.13443747014608137,0.25159225276370567,0.3578148924680627,0.1190658630537457,0.24996485287722275,-16.26770784337221,39.14253226704901,11.762242363113721,0
0.17297128879432067,0.17018083675007242,0.034494320034153675,0.010551479401942024,0.030407197854069173,0.05176198324906225,0.0020680058895550316,0.002033492209325683,11.597727188524217,1.6171527336589904,-0.23904260082471396,0
0.29253208452024193,0.2956036332797553,0.12314734865745115,0.07794619757097002,-0.04015397987966871,0.14211894480167236,0.06614419006416346,-0.010584175985246955,11.381196712423925,8.268995991832739,2.4101611533096694,1
0.23317755651569527,0.23242867859346727,0.46302240245133336,0.43118529191808014,0.07352307512888018,0.44949766325258816,0.43279657949876316,0.07261655124764368,-12.7770164957902,29.854486703373155,-7.0801219222465015,0
0.18411682643783858,0.19528069281148328,0.015148561080135015,0.007130373022062361,0.00236741119304645,0.0001549667870911972,0.03450321169479459,-0.013750112579312423,-2.810781676007723,8.428392546813924,4.824417395861186,0
0.32578460029740897,0.3336266023193311,0.12076906948589071,-0.04032520186697346,-0.03342664987673183,0.11917073027773864,-0.05841884166903773,-0.040807020738499594,3.6807428784727634,1.1872259841586583,-6.45770420047929,1
0.24152588289387708,0.23823505862164654,0.13815003064769693,-0.10332163752783133,0.047104689244502396,0.11446508136693267,-0.11336714357267905,0.061436747872720084,32.57326769670873,-10.44210217941535,3.5597240215365034,0
0.33865222304848663,0.34036456552004124,0.14782154158761218,-0.016666800392023978,-0.03569086355182009,0.1705656683671498,-0.040901086413711096,-0.05647933222854326,5.971698712009317,7.233346412225352,-0.13988085773814163,1
0.27209507990851145,0.2879623793444664,0.26712009945860327,0.1785618716281968,0.0830997327467407,0.26611341120666415,0.18904383790420537,0.07512648810211045,27.529982850604384,-5.410100540666546,-4.47314135752392,0
0.30255916074405054,0.29705904957902274,0.08154470057159549,0.04385059814159026,0.051651156400972204,0.08945279335270448,0.04718197256794038,0.06801273779320346,8.310260721899024,-3.0047251003812647,-2.7673969239459026,1
0.3422344071497093,0.3350365533074011,0.3317649500480444,0.3007790255112973,-0.3075633404620504,0.31830211864364094,0.3247041344754143,-0.2877284052716953,9.554842392536216,28.250743815936207,-4.400433700790506,0
0.2881302332184992,0.2964235401619939,0.16804961333848462,-0.07233493222564823,-0.07656289543308033,0.18144691348739683,-0.075417203717947,-0.09708923011688403,-10.34513317809979,6.360431974367394,4.574824541336623,1
0.34321569577681765,0.345672810106638,0.14489042407047872,0.08548471371541308,-0.06943368297351789,0.13090967154945962,0.08589087917024549,-0.09804948576415821,0.14298616893190896,2.033475715510649,-4.641191840112409,1
0.32109959441197455,0.31280661713322366,0.10782161191660805,-0.10635452905241327,-0.0066851741903066475,0.12975032455276475,-0.0772032309637864,0.009286143825844466,21.139721759989335,8.486305424300834,-11.78108237117076,0
0.256475984422623,0.26111928646376537,0.3602451128576654,-0.1507467878910742,0.12151561148970291,0.36186243613197855,-0.156109738472552,0.13650713647217189,14.04934312475612,28.100476883475178,14.99029087241928,0
0.21796143977631088,0.21775639558422163,0.29546019540886254,-0.19190628129637854,-0.11624012066059489,0.30352173063807175,-0.19212814422539193,-0.08879317516210741,-5.735121527199087,44.14951856296922,14.704709813549378,0
0.28085778185109944,0.28172871214929446,0.0702841489613754,0.04427999877507138,-0.024319122048789985,0.07127377266424942,0.0440890425798562,-0.004187507840772785,10.58601901100944,6.95180289032545,-7.557647598596878,1
0.2571279844368848,0.2508373840908465,0.1657678969284535,0.12671848531928237,0.07274250080671421,0.19456858394577936,0.11542027160285012,0.05532333703793381,30.96781978442538,-3.0166913043940475,12.321977079302386,0
0.23746040812582406,0.2443339078009671,0.14508111159520584,-0.00832616131028352,-0.055453226713880074,0.16634244492765654,0.0015246874253657464,-0.06608660989497683,31.178152666291545,-3.7376536227386286,13.604011485849757,0
0.2632653099528164,0.2695628914123765,0.01903502474307253,-0.032338895079407196,0.06314612711021136,-0.007908329916746129,-0.006940733663934481,0.08616610400456035,-2.799772958147809,6.5401393445379234,4.843279618030062,1
0.26996651081064704,0.2687498466651067,0.11024019276117335,-0.08596798010295803,-0.03267859328689664,0.13520809403577497,-0.09537227701813503,-0.048478039197675536,7.302643986661785,-5.77716477820427,1.682829600049251,1
0.3099088761682928,0.31285911881826745,0.11758037489554367,0.011340747028340897,-0.05084750673518586,0.11264392216495345,0.02442693035460118,-0.07771597458656977,7.458365207574094,-10.18353562808983,2.1169886291417495,1
0.2645148452726882,0.27473118706284627,0.11432810129090633,-0.07427136166330511,-0.08611869834050055,0.11065160539411491,-0.05024468974316446,-0.06399014646179285,11.84373780125425,3.272876603007843,-3.9484380074682637,1
0.3477256160280333,0.35274733694753546,0.10535578282539426,0.09338942772698608,0.07360345888650441,0.07636533918056375,0.07984321707040833,0.10092639193075932,-4.346435547828311,5.990309903647425,-5.810691455936842,1
0.3606021307677017,0.3703336997113222,0.13951256005618512,0.05633529824146663,-0.021937265886689802,0.12781994384183162,0.04797466746486982,-0.010940483374008318,-10.417886663624234,7.02401842162616,1.5545293904768087,1
0.14246708721394866,0.15947312579727901,0.051396825325469075,-0.02735952919008927,0.014353337083574155,0.06746833550242942,-0.015153157637757077,0.012589537642211455,26.284026231242187,0.19135357684503518,-12.290411895268239,0
0.23180821996276538,0.22956495852620865,0.34169198775186005,0.17790595500572937,-0.1244457834340309,0.32269991419897137,0.1795868718304591,-0.13521432105619555,1.863737437386071,28.129935647454428,9.860525229091188,0
0.19421402435237148,0.19483894577357644,0.18158300400699762,0.05410265122692934,0.033309776948414166,0.20852639948848636,0.06191378135446511,0.06126713909361477,8.745656062204901,-5.862991833288156,5.499899968126396,0
0.23354877183595518,0.23126673180030777,0.26735341126830336,-0.06374439823884992,-0.0873778529493281,0.266532964117162,-0.07336036419389275,-0.09805740770592217,20.387162498162198,14.088783005821874,-0.7556149809641131,0
0.3421507055877631,0.34256515980719404,0.07140131054341228,0.047695853121245524,-0.01192896147252312,0.09605239148599404,0.06490257363390756,-0.0069620473398655375,-9.795187514717295,-1.4278565959857499,0.12300447577222329,1
0.19557873363559153,0.1979425824947842,0.09732108960788854,0.06307646843337664,0.043482459664519135,0.09071253417757316,0.07702835511662162,0.05701631215717557,19.79078952682977,-9.37928214988819,11.898469555663873,0
0.30617172664069753,0.3031818977509102,0.02626077956024127,-0.08415608978538053,0.09144382984186791,2.3054804431824755e-05,-0.10701241254244258,0.10882292077077886,-1.7807386456421064,-3.5875045224643713,-2.2991506437070335,1
0.07455006346640683,0.08562161636039625,0.11877735688472896,0.0656902831956101,-0.08408155715991389,0.1131700117950433,0.06088619647848425,-0.063019422372074,14.082149201420318,-3.235326070730677,-12.26124793733694,0
0.2902559913697845,0.2875340673799775,0.1067686561017752,0.06650370481524923,0.09866693910210836,0.0899112336918382,0.0763667611606291,0.10198488727516966,-4.259392436369221,9.646907129480851,4.896813949657583,1
0.11399207867616411,0.11814774901044574,0.23990664086999514,0.22973419564529846,-0.0002012375304409897,0.25171959112299314,0.25844117401903366,-0.01046901895519602,19.162419043096357,-5.179194304684218,0.6877139179379306,0
0.29815560116360046,0.29477396020324603,0.13737376369368026,-0.04519580509162957,0.007494944927945085,0.1175834841776752,-0.031727377679447215,0.011535264938672567,-3.9561300161114783,6.839060738895874,2.232586118523141,1
0.2609251804557969,0.267751321247041,0.1708853490520174,0.031111022477773198,-0.05382786774309481,0.196408880786768,0.0323139811974185,-0.04372255276321378,-6.98834557714971,10.17300093889012,1.725726605598254,1
0.27145368299319955,0.2672229951337937,0.0375082814583027,0.050298162114279205,-0.0762179303932079,0.06693158889993164,0.02853083758171595,-0.0670055408515893,-9.936423597337317,-7.769007239468876,-5.19445581673725,1
0.23240457122253294,0.24392689126407904,0.1542404774494284,0.07264147515993383,-0.08093867909645798,0.15722303739258037,0.06560896906676808,-0.08304189007492288,-8.346208730668776,-1.25034644981357,-5.0287332309389505,1
0.20026919667956788,0.2036739832696884,0.02306672492185996,-0.011164766186570765,-0.011310599287217305,0.027884364182775505,-0.03069675974834484,0.014138009192039154,15.840172021712267,5.540776683297654,2.884411548000603,0
0.32184117558548364,0.33035954433644804,0.398980308001193,-0.33283967714874485,0.19185930030927312,0.381442424339173,-0.3488444221062745,0.16271763861858063,0.5956780029643909,34.189793988551365,-13.17673248332868,0
0.2666456085469202,0.2671606638986078,0.05049435697460809,-0.01157874108885451,-0.046256970263867374,0.06803809578561126,-0.011649005623245248,-0.05894741407535051,4.607840793276342,-0.4582053076444659,-4.465938642407357,1
0.29525271641632816,0.288147049810023,0.017293883790978123,-0.04676763632719765,0.0004265577269262355,-0.010412589492057433,-0.06871750800878615,0.004655536815190389,-1.6356479727672628,1.0808338978346441,5.585050378198506,1
0.13387261289376642,0.13000163140099355,0.15195116675575313,-0.007544922196307674,-0.07081696780983882,0.14528300836744815,-0.02979846428621044,-0.08641891613425721,22.305691776220463,0.2811737510841148,0.47713745459351387,0
0.33509980426839614,0.3348281265032126,0.44948282838390485,-0.10651365101495014,-0.08502626164666416,0.462649507800086,-0.10904175843432175,-0.10733186063357673,-10.647229029556886,27.444456702203837,9.520285758961656,0
0.31212961244602744,0.31503403165248545,0.0030009722919011406,-0.06510743008673608,-0.0668855996108279,-0.01990041701322328,-0.08535562716977133,-0.0663813922185467,-9.649164328848254,5.651418556758635,-6.077804568344133,1
0.35104894705213624,0.35731226322794196,0.08609838945016052,0.0029252652427288195,0.07733642118369363,0.08926939620678452,-0.01440411955650047,0.09181772662421203,7.626191856355973,-6.246671250589339,-7.793184716338397,1
0.35743031011759147,0.3498943845298531,0.12274126291207323,0.09491808265022117,-0.016617492656251093,0.0967837212200536,0.12080579840875452,-0.03918687173964884,0.8985017604954386,-0.30922992200587984,-6.283407079620369,1
0.2913462717332925,0.2846330323258232,0.15032264239453205,-0.05738501312019953,-0.09913884486646428,0.1689190865812243,-0.08204249281569634,-0.10542476564093062,1.7080166893377857,11.857866538857085,-7.381691042769846,1
0.15004320405789923,0.14556100796240012,0.23344663991818798,0.14324842064815346,0.0895118983480569,0.23561036639232388,0.15638179547506031,0.10137079455487023,-1.8893870283063219,0.2498322897253722,7.544345243375574,0
0.31233529207133576,0.30856135862732936,0.057067364037102816,-0.09278803314452727,-0.016319991168627923,0.06594427296917542,-0.08364204975326538,-0.027347142059185335,-0.6208157978359132,-6.585771163098936,1.159326929953851,1
0.23085450379795824,0.23163388167309357,0.22681277638666775,-0.16183369012292123,0.16753976464291853,0.24094548248613326,-0.16510674008753115,0.1941578669616228,23.399116549187234,-13.604015712685321,-9.715570056586165,0
0.2510618904466978,0.24043487245693432,0.1357363008334032,-0.029054935760689946,0.029719358294086395,0.14400370324147788,-0.03797028467671766,0.012717364586438743,0.3371567049327542,-5.766185949920714,-5.836458207936223,1
0.3372222619126162,0.33332496712302273,0.33210050847846506,0.09383264895099003,0.27196459842452425,0.34486403394076065,0.07089420260630622,0.2819066906371224,7.8318167950833555,22.292957360854196,1.6560577619994916,0
0.24546251305281339,0.25768375952293043,0.1737614018296968,-0.14622587113801294,-0.05757363282733187,0.19276398886542742,-0.1570259713525778,-0.06022819221547612,20.423040093997283,10.47431821841569,-7.486296408383063,0
0.2669360119257568,0.26870621901040287,0.13429876177287023,0.05395003347012989,0.04482144776350758,0.1531103547477026,0.03357384177349472,0.05445646829378067,-11.412397404777352,4.889678871450442,7.842329824892211,1
0.31040461947695447,0.3027146946204274,0.07371042063558997,0.010534312919482841,-0.013532915446488422,0.08602482416310024,0.030833728397237234,-0.009753980922505796,7.8411580704524795,9.817224475158817,6.913764157045787,1
0.31211114953832436,0.31793822289119344,0.03567082133203841,0.07914616765302968,-0.061980845650325,0.02954785530825489,0.06389324824296508,-0.03204735272505961,9.22835969680019,6.311766463992843,-4.148112743612897,1
0.204698240711367,0.1965317229679322,0.19991627169577,0.15088531495354482,0.002816833189604351,0.19903727554266154,0.1373847698846112,0.019869013921145803,26.560325054230105,3.500250691954852,-11.275240951734236,0
0.3389423547231692,0.3354500244103207,0.04426697710604448,0.022378924268413786,0.08023628384972256,0.023184167282658708,0.01918670494984792,0.08282028554433746,1.606300488709124,-7.348977293462096,-2.483740896544731,1
0.29295994642968903,0.29797097771656317,0.055693788725092765,0.0353548611729636,-0.07280612198792565,0.07162189179089308,0.011047731893263711,-0.051686385422756956,-6.414444501577503,5.073028890059586,-5.500410084414163,1
0.3133813500831616,0.31909072799642707,0.428835742963444,0.07225735918036774,0.15954515927932583,0.41836882254354674,0.042826848694942694,0.16473214517794582,19.091934469613648,43.45766548905739,-2.7147952803951867,0
0.23118098076495486,0.22994607852917756,0.22424960449255749,0.03328105068307202,0.19439655644652287,0.2418570227394498,0.01891479804246771,0.21989494073653731,23.769910085447414,-0.16132766162301948,4.667397730464597,0
0.08556727921410648,0.09821126227147597,0.16350382971021546,0.0047585179933425925,-0.12546370024935263,0.15141253825821754,0.024305932344263904,-0.11342434501921134,20.958837821589007,-3.095479322937398,12.920661344610831,0
0.09819008807363662,0.09810478706265456,0.16990761408034502,-0.12106339649918729,-0.03976572302274686,0.18300781242360775,-0.14045844010992037,-0.05393433049198647,-11.538386284434306,9.810243217609635,-7.86658101305156,0
0.31355643374124653,0.3084559269878987,0.13235973420280286,-0.051355840821929656,0.07519946786986623,0.13136367587607894,-0.06798665140809712,0.08636493214000213,-2.8907734302077284,-5.492718770574038,-4.878079112740403,1
0.3368233631193044,0.3263731454929153,0.15131972840723287,0.10308509668316532,0.13869836094508173,0.16936687140794518,0.12228063564015176,0.12641310318704949,37.519494763592206,-0.48828165484236585,-2.335576437728257,0
0.08827693168742758,0.10059805074903508,0.24591865726667675,0.08227860940273948,-0.18931341334947377,0.2476184567667976,0.10956631104915912,-0.16465954311333592,-3.9902158390134606,0.2193011095929105,7.182302815822766,0
0.34532539827296144,0.3392819580448031,0.013433333610476116,0.06021522652156849,-0.09253304943116834,-0.014443293847745172,0.07384413629188491,-0.10992313968162964,-11.326319714065033,-0.9284219584552886,-4.459339365109571,1
0.3063592928352716,0.29337953495660735,0.441803353450395,0.35701463149619483,0.2781760783101006,0.42132893088494533,0.38655734062577773,0.2738973943836727,17.93741716276444,33.7877091812513,-4.862272550625816,0
0.27157815690919757,0.2671380855657618,0.10245816907752182,0.01803907655322523,0.06988706661795582,0.12378766158495697,0.00329488557847467,0.09501468747211667,-11.886206570115025,8.480867024216803,1.905905382831584,1
0.2525340119817722,0.2614149569056295,0.3235892609576616,-0.2926582907882255,0.24201907411206336,0.32457670709849423,-0.2764593479170151,0.21394845387624567,9.265506872906283,27.108649464903813,2.6684776112402524,0
0.27578174973702196,0.2719286383198896,0.1715218911125541,-0.04181643237197628,0.0030114258463429106,0.20106442495590432,-0.01831579639668144,0.01792790701375986,-5.856837826377534,10.46504568117512,-5.36627491868771,1
0.3189459636734686,0.31522034333194815,0.22067377615053757,0.05117135450790855,0.09708946506328076,0.23204675163312277,0.0729671671261603,0.0872701437203619,39.097494538503874,-12.483425903292561,3.635493793938103,0
0.19223023913588536,0.18591740188441544,0.15765721137082514,0.09000352560136626,0.021275682530567108,0.13728307028014633,0.0968318824586911,0.04422106838980011,-13.287793526901977,-8.453119954884421,1.962464448566216,0
0.2622761858326217,0.27167932879680073,0.14749191128417913,0.06345444385565555,0.0754905829505911,0.15065159265039793,0.047843076513882324,0.06911686163461539,-10.897512069438651,11.819009034600327,-4.0355293689648875,1
0.34273650409372625,0.326518122046359,0.006688919127484292,0.010752418853045231,0.015175451707176574,-0.011872515476156156,0.030034867032705727,-0.010080397650746083,-4.717370462596939,9.032272065540411,-5.396004491202298,1
0.3144543064915317,0.31540026581248076,0.1739164725662717,0.004396022823610138,0.0819595153035089,0.17141905003596247,-0.020036849928785495,0.08568006578628096,7.048142982154246,-10.590751640396407,-1.1344180564918904,1
0.30210673357922246,0.2924117679935373,0.0526583401209378,0.004035611866870986,-0.0483013052197139,0.0526000286278811,-0.016212812951834167,-0.020558512201558757,-0.31976768538851275,-8.492750257893936,1.046321583520653,1
0.32987409804074613,0.32824712730659006,0.005684639524739732,-0.07116857021572831,0.022839760708719847,0.0052549075288666645,-0.05479486499003684,0.009108033882825273,-6.418745701366474,3.9852551824595643,-2.3804331606192264,1
0.2531205917712705,0.23795784661309044,0.14685490676101912,-0.04753656456674447,0.008296872833339797,0.1683011388600188,-0.06338699094965947,0.020745658579464865,3.336933039132825,11.095308805803995,-0.09901291392246492,1
0.13917264482248143,0.14138926393859394,0.14435474259308054,0.07438971698675834,-0.02895136919421168,0.1299959092539267,0.05830688498144983,-0.04833813320343272,11.33235203275732,-1.490415682906253,-1.4100497135252184,0
0.3261837688723118,0.3322951758161353,0.07474975749318674,0.0018447184193366023,-0.006131352960590933,0.07916091628714975,-0.02436087177652456,0.012343752161901062,-1.6526914471382348,4.413589849628394,1.7397458521377374,1
0.36452234916200954,0.35267669352809444,0.12665845815401,-0.06768985470976126,0.01722739103478617,0.10751904919422034,-0.07411838439369126,0.026054518319200144,-9.149349045706117,6.93940895685423,-3.498957218017873,1
0.165744261942543,0.1670964163720838,0.0004293353369777819,0.00036373518993449534,1.7944062900074787e-05,0.027323986669087877,9.968851745697333e-05,0.023561245961350685,20.69273849589932,-0.35929225373367224,8.664004476721487,0
0.2667179567256254,0.2721736752880636,0.17858306814133154,0.0847354747980501,-0.08482023180212857,0.15260236699866103,0.07571134952151243,-0.055690584255593485,3.757215647907014,-1.034937420363736,3.0210255551865917,1
0.15454673278323738,0.15669111379340409,0.006330474103681344,0.004626816811264742,-0.004333681264529629,-0.01582126627554857,-0.019437646188107595,0.0020201632119457207,20.139210492270962,4.677018750109532,3.077556328724313,0
0.30424023031410136,0.3046672581206725,0.1666515921979411,0.02453826887120876,0.002863866622936667,0.18538302530901263,0.04618227058310093,0.0018383365652009376,5.065664495463654,0.09439114632562351,6.4721016067111545,1
0.31626773950420667,0.3196047262493454,0.1581176549380623,-0.07486550065869013,0.13376780123372145,0.15114921439855675,-0.07811411531756743,0.10912272129157474,30.5613752386015,-9.857736926499658,14.933344042830416,0
0.22672859184858715,0.21402704796298794,0.11307625644940217,-0.11212353880237416,-0.042506863205625384,0.11060420011216548,-0.12999547460683172,-0.02922337693172973,38.09287156172835,6.119913403640545,7.899553817866341,0
0.2554257500940632,0.2542637565032142,0.1214164532943229,-0.03041370130490116,-0.08184803500346038,0.10520570327050127,-0.01537141687263166,-0.10656729751385877,32.03496241831601,14.944464274767938,-6.940794159989245,0
0.16279738721902698,0.17624712934833564,0.21186861043200986,-0.05008476385606209,0.06202934643636185,0.19047976815892026,-0.035248041170735114,0.039680813836535114,24.02383549286241,-8.017214694970562,12.563868500446898,0
0.2235868091686062,0.23105698274432201,0.44763698012941533,0.3113049663761722,0.3126501311155153,0.4207511357393419,0.3017508810030237,0.31235432263218,-8.8365448614806,40.16673327475579,11.00087096665266,0
0.3591944395582268,0.3573554460651424,0.004666721056369945,-0.09993711607118261,-0.029926581057010404,-0.0006069888327656483,-0.08518400633348122,-0.041169916989955924,-3.2122471727419217,9.21209366636716,6.601320763156831,1
0.33179443433580924,0.33007980342922283,0.13698522364660895,-0.10391577794247338,-0.10889638895632503,0.12115936583680878,-0.09787530715463055,-0.08849467632166383,39.585782610742164,9.846663953817984,14.318907895946225,0
0.24042699315406485,0.24392317540105238,0.07191978749989122,0.07685067309507554,0.0639524158435858,0.09649106287820045,0.0766212386321592,0.06125646170667641,9.889099157992682,0.8107756638935761,-0.8200602579973708,1
0.2191870984505333,0.21825079235847838,0.43673198930668267,0.22843030187477964,0.00946412862990692,0.4277037194771221,0.25404155143274043,0.029709918412160807,-6.441249920302408,34.405994331271145,4.414537455929221,0
0.25809559852206065,0.25466576008185904,0.10011932149035142,-0.030892601641996503,0.06038136669814967,0.0994578524110079,-0.05865398409782085,0.07862143631393373,9.106161813879808,-0.6582357382302781,7.541744385368133,1
0.2803850562509017,0.2612380249411009,0.15426240044416628,-0.027545438629203223,-0.07116100377550288,0.15534634216814786,-0.03632740333898837,-0.09665765395222167,7.312970400100724,-10.568396835293996,-1.5223545770405398,1
0.26397084469221754,0.2633241660658182,0.1377578203089546,-0.08061309164213726,0.08005561992308188,0.15744969145831472,-0.06751205785174796,0.0852261976393402,5.416823297340855,-10.353099429387386,3.069552980570446,1
0.2504627408122613,0.2481209028363893,0.04024625775768844,-0.009021119653472229,-0.01721393618907982,0.01131791530819929,0.016476628708944493,0.009901791215774655,-7.759992448148121,7.785973024403827,6.810986699787593,1
0.10962422858833604,0.10371686734669083,0.11026284498874239,0.10223645991192953,-0.1089622647571391,0.14004391848001613,0.1159221824547509,-0.1002923624542986,11.13207601163991,-2.650718688572411,12.385830553430324,0
0.2539073718467121,0.25288654815006306,0.17248983716191527,-0.04955914220150248,0.045327025720779346,0.1956120910567623,-0.02825494638626278,0.035174918888662386,-6.4532893385554955,2.7852946290849996,2.5482289123625037,1
0.31200754418077503,0.29750551363326894,0.05388666180377378,0.036457943731946274,0.048029241739200784,0.03324716267342436,0.05919368570880955,0.04352814387247764,-4.0268933092641035,7.83714867574912,-6.820866685786559,1
0.25084493893135557,0.24170236697928144,0.17139465655126201,0.07852454196189379,0.03114509454662623,0.18058939718880726,0.07874515518415444,0.0245283844205331,1.2343422549012786,10.061584711266491,2.488321201782764,1
0.17719183491501234,0.1685595227909282,0.08721270674347428,-0.00435144655937908,-0.03392012633098812,0.079228360187847,0.010333632584451698,-0.05243282368714661,28.874961544400605,-4.804823517624164,5.817761247470212,0
0.30470213649545114,0.30929328252093746,0.2659372310899401,0.16149778315215396,0.11383578160619495,0.23927680552549216,0.1837299268690654,0.1154313827199838,-6.462895623793784,33.002467803511195,1.4821185200506157,0
0.322536418432991,0.3218332388454225,0.3842724212814413,0.28398612952288577,-0.05444189156106244,0.407919132470929,0.281451462210729,-0.028633717328223535,11.186261944587876,29.012765255374994,-2.4787779485626835,0
0.317922638968601,0.3203120719220416,0.4813560908271999,0.04859398225782152,0.47703965167937945,0.455219837274142,0.029226388476416364,0.45597487672017006,-11.669004991877316,24.89595079072963,-0.2954303006766015,0
0.33504903700615996,0.3297414679210134,0.030228523164255224,-0.04284150457788061,-0.032382883733209036,0.007638898604611744,-0.014696300921945134,-0.02288846538454266,-9.46030193509144,0.043315561825629345,-4.923837853976069,1
0.22417679413279076,0.21958587322645753,0.30776224519408724,0.09566402018396342,0.19676599956349206,0.2992367811461815,0.11447007534946907,0.20482272274625737,4.227607103175689,22.807664658298904,-5.454649777912454,0
0.3110865354582074,0.32253701087045317,0.2332859951515252,-0.01730151284188991,-0.03993383046642032,0.21412333430499458,-0.012032120739099851,-0.06130330623339946,29.355295598689324,10.761342697911559,-11.888508139995121,0
0.32981627374287037,0.33463509842182304,0.30333745332802486,0.24232094718579156,-0.18736912242277518,0.28472322413929685,0.21697035843732826,-0.16530465621798565,1.692783955572061,25.870775409873765,-10.381232627724007,0
0.24232810938259003,0.24920862457276924,0.22624127687938572,-0.18882064745768753,-0.030009327605653002,0.2119942261670795,-0.17600524101329482,-0.04280236705532315,26.37105159776809,9.672937284075225,8.204329687359884,0
0.29158554878634213,0.2902983409101304,0.2881519233839924,-0.26302111303494313,-0.19756558113938755,0.2986619010987263,-0.2454367253702941,-0.20681660536788954,23.474307368899744,-9.778853036551459,-7.794803111109935,0
0.3028386083971837,0.3064313245961295,0.3549537156696044,-0.053171452432833444,0.1102384399579529,0.35765505110015183,-0.03219959020734904,0.12965637754340129,-16.439851326655173,41.3014905578422,12.896890640708587,0
0.09724581493494325,0.10582668391145882,0.021135619392264576,-0.013978928247247986,-0.020127872562428702,0.005589175755329455,-0.019771959618954095,-0.03204756135002806,3.8569602171854456,-8.16628656627875,-5.993811268904704,0
0.2811356571439734,0.28629991954811773,0.08032500380903569,0.07282167076306909,0.0446640661934313,0.07272801640455617,0.09947028958764556,0.044973269884956216,0.4740878327002349,-3.162422730039097,-7.19392418738313,1
0.3208660488160692,0.3239848107098715,0.11702250280058345,-0.08191185460317346,0.07940667977932506,0.14166079642843657,-0.07253571224352405,0.05157644240900683,-11.304011923092734,-6.220126607012471,-5.71164999733384,1
0.3423688811452704,0.34415707622876274,0.07573181104743855,0.00965155622939376,0.015712075121763452,0.08354709089698668,0.014274404948028938,0.009690059726194591,-4.510913200792344,-10.708190341401322,-7.932385180718326,1
0.35107028499755333,0.3425451873164642,7.504504255869459e-05,-0.08881182520511,-0.02712311882059136,0.002163159833382804,-0.11181307032045883,-0.0398733414927914,4.485558132449675,-3.7990969130213834,-6.938994918064401,1
0.1628019543542255,0.16292813837411294,0.1224428639300437,-0.033705322689559294,0.04946526284723621,0.10875301411249702,-0.022096014828402642,0.032361972610481585,10.325108593601602,-5.5338587059702,-13.830331199461972,0
0.08775743918251376,0.097630345926207,0.10955446660725363,0.053628413625530114,-0.10793100045341798,0.12316958767507734,0.034279675258642284,-0.10700730959835843,23.941747907045382,6.415186537602608,10.971180802686842,0
0.1472952818817627,0.14576502330325272,0.07689037355279796,0.031848232223284326,-0.07309439299462632,0.06748230703718656,0.02841550219663282,-0.06785183227814227,4.1076173354988335,-8.258878859396017,-2.5968874638775894,0
0.1941367183166263,0.1874522998804187,0.20665783722527167,0.05470890698878986,-0.14785055940179279,0.1870543606359368,0.07963995746452102,-0.13682311557258142,29.14222725007218,6.965042029081939,-10.054573849373089,0
0.30495555213007547,0.3125904834932642,0.07379682988050777,-0.05622867824107356,0.06321120335056624,0.09414726185456723,-0.07792893403411061,0.07967135742154931,8.653678063065023,-7.975211527733257,-7.879887475200002,1
0.12379262746526025,0.11770235780062042,0.08574147074373992,-0.02421452799737349,0.055388052014466393,0.10249816452692484,-0.012422170903089981,0.05314359749290637,-9.662072468262753,3.2084411643781667,3.9185491089038784,0
0.27156203135966595,0.2558344137714675,0.1684217466352877,-0.022225771860184512,0.01705381262277808,0.1820218241342087,-0.03632569169174478,0.008356615386259383,-4.762210217915651,4.863936105957702,-6.376939663061719,1
0.2618987894250988,0.2611966648758485,0.10002818389345142,-0.06837964221127404,-0.01854961214180162,0.10160563099347392,-0.041376452870744776,-0.023087694775701988,3.935851761985795,-0.16628140045991024,-1.9265354132450998,1
0.1780162155676533,0.17310630240636227,0.2385777433434783,0.10708916789514555,-0.1629394873207348,0.26067151855172355,0.10269124346669412,-0.18234232656525587,-2.836086950785699,0.20020168488563073,8.877184442321052,0
0.34262291012387425,0.34483985416151924,0.1257122872248082,-0.09545170731216542,0.055338814671336944,0.15469461951468108,-0.08652919810946022,0.06168559741857056,0.16797163204229548,-3.6715370620116765,3.630154504186846,1
0.31474888153822356,0.32178398480989107,0.17422321166700483,-0.08847978992420505,0.08457287258503812,0.17159805011026574,-0.10918067923784164,0.06922001709017273,1.6274732485042378,4.905525095458856,-5.613053057818426,1
0.2689224702495191,0.2701219237380022,0.11869607424454232,0.04539892285737651,0.053729498383531415,0.11095141127628864,0.0651863074453213,0.07222458670738952,-9.414217297058482,9.984284283302589,-4.316576145681907,1
0.3217151572413344,0.3200941300442235,0.140104884740079,-0.01694371725224171,-0.0453018567517689,0.1195517412599905,-0.006977744038187371,-0.03752673176341315,-11.6260631989794,-7.040884174742715,-3.001795004767404,1
0.2764935232896633,0.281665007362079,0.03997153548459247,-0.06064603530015709,-0.02522941903930194,0.06076125625979638,-0.056503528670650977,-0.03783591872655593,2.5403734879578685,6.766686601110777,-2.1667800361109055,1
0.2930387500081876,0.29779305678283113,0.01495489944456927,0.0158508391789091,-0.018296665972829057,0.0033437220836840652,-0.012054213311726108,-0.03142190796037458,7.461570056015045,-3.8317328657666945,5.998355207561428,1
0.13982542135290862,0.13535003112808694,0.0031973160057466032,-0.00012647208512648863,0.0018210515895895228,-0.01545201413627141,-0.0067024813115800115,0.013030071107333004,29.976492631295727,-3.35771117668743,6.383350307802523,0
0.29920617911210146,0.3010541613360239,0.15169175438516497,-0.010722101571258108,0.09059503231202068,0.1308531624156502,0.0005299345353342033,0.06343738271579007,3.6190701532256817,-9.218427232338014,6.161487811628811,1
0.2778691984802103,0.28052407423264775,0.01330427337514269,-0.05510270439449743,-0.08190831801262576,-0.009266581064238836,-0.062113772052922206,-0.059136664429738924,-8.959213686829722,-8.075602940969524,-3.1675290866515446,1
0.33688423664909795,0.3351471298950904,0.1434270758985291,-0.053471851606713264,0.006153918119810697,0.15254293743332756,-0.031422413701573775,0.0033877310443886817,2.544379696800263,8.825734890624268,1.6497145174196106,1
0.2931789159660745,0.3048472090950464,0.0401380708173109,-0.02421406850890037,0.09302687965600176,0.040172148464744886,-0.043603136422476846,0.08777267303309437,4.635312831706326,8.318740948572362,0.6495931434678557,1
0.22113915163320694,0.22326482346482313,0.4000094867082874,-0.29037205521849807,-0.39006032604933777,0.39859307398826344,-0.2941471555789103,-0.4080969737112816,3.0803332516549666,20.13197552389225,-7.404631621235458,0
0.29653158585566897,0.2907131510336058,0.23588664170687781,0.052398339281018474,-0.1434972251392032,0.2657101114507095,0.03520334094820017,-0.16749162361963876,31.783822977718664,10.758905165360083,12.417361211376246,0
0.13084538899985215,0.13454151791134672,0.014691999791930033,-0.00818374688313617,0.006629849117702664,0.007571982266187646,-0.023512558512811622,-0.006879437944296692,29.92738479775258,6.765272788777509,-14.979294748056654,0
0.30051376558495035,0.29584447660224006,0.10430472328941118,-0.05584412215063236,-0.08701175029007102,0.09109963723577662,-0.06623920329204663,-0.0769400616108209,30.207076888016687,12.110041908484657,6.596636076655255,0
0.3281781268509298,0.3279998873453839,0.0916529009151459,-0.09121437128532302,-0.06766199636773568,0.1051575811034673,-0.1110206605435122,-0.08057697987770826,10.445989314556702,-9.524040174263316,2.161484595355292,1
0.24182521429995305,0.2306846280087867,0.3365377570416525,0.166952089316254,-0.17310211615224239,0.3263686767576986,0.13752586584995286,-0.16349847402495415,34.34893393738817,8.885749639474898,-10.780300859392904,0
0.29435877122219384,0.3090818485871117,0.32525295333941684,-0.027282602504910658,-0.27796540991427016,0.3532484240108596,-0.01641302772303642,-0.28993594380455,-16.203312044822404,40.38378211920893,-11.90632928594844,0
0.16326391475959925,0.16656302004041004,0.13204072623096574,0.0860785562593428,-0.11685484160542865,0.10531100611537636,0.10063785148122324,-0.103465007659059,-2.471969331173792,-2.810530358573226,8.056458210187621,0
0.35694819052677546,0.35757285158284663,0.09295009623507144,-0.0229655942167957,-0.021013291374292753,0.09996849119767973,-0.0493147818550351,-0.011691996287383988,1.150558814714799,-3.482111087803311,3.566505631438975,1
0.25267589057553635,0.2593853237271987,0.45336018664406397,0.22811613141137155,0.18420792984189094,0.4447027022473273,0.245095652118317,0.17269127231208264,-10.968460438593187,35.38928379398784,4.700460091907168,0
0.3458482427476814,0.3537450011505171,0.11986520040011475,0.09290831333868776,0.08682228380859822,0.1483519660835739,0.10647655632327227,0.0728367823864563,-7.329398380709913,5.549096366357123,-2.4111228889968874,1
0.2516237024882303,0.24375275544020295,0.13091195697042543,-0.07888696421621805,-0.051631179858704496,0.10388604421690772,-0.08321457454220058,-0.030816119495844348,-0.027921748239389643,-8.060071833295641,4.637432968800409,1
0.26133491827603966,0.26073259681836297,0.154862260340721,0.02967953704067222,-0.015955504193512368,0.17814398583437407,0.04553215801547923,-0.03396780835402441,-7.485498525087569,-3.8634329779241643,3.2604431126435927,1
0.15438215086522025,0.1547547044952936,0.23473633092753501,0.2095381243847879,0.05273185870727773,0.20921076958978013,0.22780170450081622,0.03100924738515058,29.622047248063865,-2.854727768668339,12.19405728192378,0
0.27943122378063745,0.27032403287479684,0.13667610187832238,0.07197080194045322,-0.07711100247552778,0.12746785438392674,0.05995681724459995,-0.07223748532621826,2.921104345795838,1.6148857342738303,2.7007645682138417,1
0.249119393926925,0.25410459160366883,0.05042490977365317,0.06856707516198002,0.031162901526643194,0.07827030825323311,0.07411093551148891,0.0016367553258223866,11.20066185847049,-3.775655557509518,0.8235539246662782,1
0.26091397865707633,0.26443562797082903,0.10164534307979567,0.06452289739999559,-0.013208870141779155,0.10501785896105095,0.05119227008688022,-0.023250145737932652,37.691706228290414,2.994136000104838,-4.374543509581999,0
0.23392598710443066,0.2311818778876816,0.2864704652490764,0.17369218470021391,0.20919892535127516,0.2997394627520147,0.17158141130665253,0.22674791173937311,24.717187390875488,-13.36423956738046,-7.779157310549209,0
0.31954676079513217,0.3118031527254695,0.11017480588234128,0.030032578375593255,0.054660001601879254,0.101682144608295,0.01701452765935135,0.0500110257766201,-4.1674076929781805,10.042169606686116,3.731273777100096,1
0.3437206604661747,0.33961957948130767,0.20948835097529828,0.0524337667299864,-0.005818538715687771,0.23123447810246553,0.07211658324786747,-0.01475852748874312,28.55101213514355,-6.547332988464893,6.862833664250061,0
0.34584855705086653,0.34265390788720274,0.010372224878470188,0.023217448388234474,0.054453480641491664,0.02994696215043791,0.05302284877689248,0.030353836653835047,1.2117739145988509,11.592131977828519,2.9767600743607723,1
0.17015382176832744,0.16888743351622051,0.010006328705193912,-0.0008505221125045554,-0.003931324465555869,0.00783490098693853,-0.0036413408644604423,-0.009215124908151823,25.224293247868417,3.19691179198389,-5.669275726538466,0
0.32613629532561295,0.3226559830035749,0.15274625764096392,-0.030722392193848938,0.0017829365159935107,0.1575713758736169,-0.04763867049162965,-0.02803544409146202,11.382455775884534,-1.9826747485733698,4.916646796838142,1
0.3636601676075397,0.36281363807959305,0.11561011274863157,0.07473174639637825,-0.05078860390263491,0.11847860697528063,0.08649219532897945,-0.07885452872885655,-0.2648622168004131,-11.2867868794456,-7.8579169077368185,1
0.23667690329076083,0.23997297375603732,0.033175800376174326,0.02710825859461566,-0.024056134703666854,0.058295677279852035,0.012028738316786056,-0.0008626598836901575,10.18272920829746,6.353381259402191,-0.8418548351340807,1
0.2714485253088655,0.2783842357761909,0.0425992253395646,0.04920285604868929,0.06331375268478209,0.03121930577500907,0.02783517202695785,0.0885719810340291,-9.473326083501,-10.402587433075723,1.5109386201032287,1
0.16229714062890818,0.16050439606451575,0.11577022470355894,0.00014662171309265393,-0.03698930648440056,0.11152568194683805,-0.004305233781231876,-0.057438087003311836,8.057545531458008,-9.13584639167135,-6.44846398575131,0
0.25716435656492637,0.26380626718378775,0.1718222124371066,0.06211212202363589,-0.0313724750313069,0.15969470299569294,0.06851283293911431,-0.039209061620119064,8.194364427453024,0.4515419796911999,-2.451960027822995,1
0.3376437496456339,0.3356828788875944,0.24303069534808502,0.18239181457592568,0.2029811502752632,0.23357869433650846,0.2079258752222586,0.18033094195528637,25.18349835386005,8.291981125996003,12.98954912900616,0
0.2963939731388895,0.2990896484892746,0.04014650303969315,0.08882912933209319,-0.04500582523257671,0.06313411596184856,0.07636942295867515,-0.04375958875502657,-11.371164379492965,-6.175822969079354,-2.132999019881156,1
0.33913637154102083,0.34123408117044435,0.05506270000436093,-0.04574062033432622,0.09950743384220692,0.050900000679252405,-0.06193258103675768,0.10369129188697596,2.0254305298845097,-9.046962092616234,-3.751600481702864,1
0.3265362537276719,0.3266737421878134,0.14779638440857787,0.1122806283263044,0.126341466663507,0.11976925196501978,0.10764883717973547,0.11899918460341127,25.486076656466977,-4.067384419140838,9.070207224077976,0
0.2555690574447813,0.26455475650509197,0.03976701519832423,-0.05986667491741651,-0.09981477865371902,0.02267156368770428,-0.07126652900258054,-0.10199250371760593,-0.629573956042254,-11.064989054013044,-3.632963011601598,1
0.2879124139425636,0.29075768714519,0.027568652856237656,-0.05594370293828754,-0.08703846021791468,0.04287850512604274,-0.03049513432705063,-0.06965342799391563,-9.23314619282229,11.469475738053958,-3.523411013163969,1
0.33070808851268507,0.3294488672091257,0.14463066353275786,0.03615111675601568,-0.10516996588455443,0.12425383742446536,0.0294570816365092,-0.12710031416465045,26.086595597793785,-4.549806490827786,-9.197127922458215,0
0.297509222718597,0.2992499106601844,0.3282737433121715,0.27819247063317876,-0.24379707636923512,0.3158532785296594,0.2862066115874263,-0.2719219869025832,-4.093921317813006,22.24282310041975,1.3711117222934277,0
0.2905448267164629,0.2904651630517083,0.09185866507363215,0.0018600626449643692,-0.09592630526312447,0.09359705928840964,-0.0261309232152096,-0.10294642873296386,0.07309931586426544,8.543299204178997,3.348384178275971,1
0.3345970138043152,0.32099500213919685,0.15303314286736053,-0.06984129667319652,0.042890647201447474,0.16844445947625897,-0.044549642174046764,0.05017155364170333,-0.7262826717493862,8.469381232191438,6.519237069374498,1
0.31766910899868955,0.31273598282280207,0.358372255667684,0.2827298157917328,-0.18471510213037648,0.339371658271485,0.2782660167256346,-0.1556798042542761,-2.556582569348919,44.61011178187041,12.308792840060015,0
0.13342379786119715,0.12771858235745953,0.23530555648223642,-0.005446655173802439,0.13175969066033053,0.22504651695647107,-0.015911084954897046,0.1290426048259783,13.731997088552149,0.20185226497653375,-5.291092831061752,0
0.30021916567531376,0.289487626446468,0.014607720076301876,-0.09683888891197323,-0.00455987334341508,-0.008872853727962378,-0.1133282289456405,0.013020425394162746,-0.13645119516917426,-2.2233026912886658,1.0906776206618325,1
0.1876620139176746,0.1857217381062904,0.1610340801945275,0.029282886415429726,0.08042090693578552,0.15115672725450316,0.0568717224592721,0.06982757171972319,11.86359598665305,-3.9928140169938553,0.467750368655274,0
0.27429824653981294,0.28413294794084754,0.12528162073387844,0.032099700756518496,0.05424237412396837,0.14064453880601419,0.037120595863420335,0.029327862866861922,-3.2177000575803483,-10.746324036044815,-5.263372142199824,1
0.2733201501670226,0.2688807515990194,0.3310365036012022,0.08067411981527545,0.07806820719397428,0.3130107433152655,0.08997183313290805,0.04875280691111951,12.958375433838633,28.58427398744559,-13.41582052280199,0
0.2178017838515489,0.21892671999522773,0.32811412240916327,0.22240688871562753,0.16137117111974986,0.319118933101791,0.23762066759772862,0.18921151059828104,25.310635254870746,2.4714648988931494,-13.601165375672,0
0.26205302183290063,0.266835691498516,0.14006725605792222,0.07212608027922604,-0.050663924554770534,0.1505514488988789,0.09674569489034118,-0.06851258007931937,4.028379812351673,-8.895292717001414,-3.5975595903725868,1
0.23957528455424876,0.24047881839921237,0.21195570490061072,0.0951898481624539,0.18773472997795554,0.18535064912014113,0.0818451051650519,0.16594565130875757,31.92364114184817,10.010263286347207,5.396352217588362,0
0.23950530626858907,0.23487415230831535,0.025091528961777985,-0.0013031684473566035,0.030363104211514835,-0.0005983788542054946,-0.018095303633370908,0.028368279766651235,-9.903844438277197,-1.4155530262975553,1.2999523656536311,1
0.2665718719015467,0.267884698446284,0.3055870467635131,0.05040598319007611,0.23888876060465114,0.3343828516751178,0.07130244262754752,0.2596784643064045,22.005976690515663,0.3462667930555927,-12.191357809824199,0
0.33485047371982357,0.32178712522228975,0.05164088828981649,0.030341066090621593,0.025425195062424605,0.04821541816906627,0.019047353617296616,0.033923935797122565,-6.555804368826419,-1.429143714809598,5.3701321448531925,1
0.29344755897040753,0.287983769765414,0.1702248573284052,-0.02433803552531695,0.05415464273307399,0.16631044213694796,-0.04061929936559007,0.06746904950383457,0.9714406120981209,-7.612589509656563,-2.8682540967447743,1
0.08464424374640009,0.06997815852283171,0.005199622355566397,-0.00019267904978845403,0.0018420216039083132,0.03475707655184901,-0.009440848787868559,-0.008672034131407923,5.335813196372129,2.467652222353287,-1.5119209766136414,0
0.25162198232556887,0.24455530854052576,0.2887323626974496,-0.1075236088257917,0.2009697421402868,0.3008957788179661,-0.12801591806233562,0.21862948452487568,32.62019771884804,12.153218605648643,5.513275709515796,0
0.2836657158376898,0.2778778724813575,0.48665579855656865,0.29201809469561063,-0.3992791522273695,0.45721506274573775,0.2929286021961957,-0.3707403380024571,16.585990389517036,30.15668163725659,-12.517971921845998,0
0.11782552441707637,0.11619375804679608,0.24794676201231128,0.20863934125434666,0.22975146813991495,0.2636389466903422,0.17941983089318897,0.22414864589437256,-7.923285299081175,-4.029268754030644,-8.134699165454458,0
0.16714793377822323,0.17358779078953326,0.08136863646545589,-0.02873217589280335,-0.017409996232390368,0.05801006518949947,-0.04558363206902519,-0.035990973618560476,-7.4158659941059595,0.24487541051246886,-5.534045488145667,0
0.3070858361660228,0.30251857220058737,0.37854363305264455,0.21643678850934073,-0.0021242052449033655,0.36512604093728745,0.19024683574434018,0.010331735727212597,-5.77968866238141,21.27836404364661,1.1636739164127796,0
0.27009609061825135,0.2658423872641248,0.12233535149142996,-0.08457638330156764,-0.0562089955077632,0.09350851646358603,-0.10789402673049699,-0.07153888392811342,7.011780687955181,-1.5583165360784168,-0.031293317580527,1
0.29976876439303624,0.290355204784235,0.15901678030215538,0.05257780408142346,-0.09652850315843664,0.1827794189416441,0.0365294507188243,-0.10013430296254047,28.92314028405213,-3.9165333579963892,-2.8274421983313403,0
0.09145778388019853,0.08545865985032447,0.1879202167886383,-0.08997100459916241,0.13338946635020532,0.1823017951025166,-0.11106184024708629,0.11718948893913562,-5.324360137565115,-9.865555646619566,-10.76448369648803,0
